timestamp,x,y,theta,vx,wz
1782660233.767017,-1.0692,-2.1255,2.3713,-0.0000,-0.0041
1782673393.450162,0.0000,0.0000,0.0000,0.0000,0.0000
1782675219.109652,4.6895,11.7844,0.6784,0.4000,0.0546
1782675219.159634,4.7051,11.7970,0.6811,0.4000,-0.0159
1782675219.210097,4.7208,11.8097,0.6803,0.4000,-0.0000
1782675219.259830,4.7365,11.8224,0.6803,0.4000,0.0342
1782675219.309890,4.7521,11.8351,0.6820,0.4000,0.0136
1782675219.359782,4.7678,11.8478,0.6827,0.4000,0.0563
1782675219.409731,4.7833,11.8605,0.6856,0.4000,0.0710
1782675219.459828,4.7990,11.8732,0.6891,0.4000,0.0218
1782675219.509734,4.8145,11.8860,0.6902,0.4000,0.0406
1782675219.559842,4.8302,11.8990,0.6923,0.4000,0.0292
1782675219.609683,4.8456,11.9118,0.6938,0.4000,0.0692
1782675219.659697,4.8611,11.9246,0.6973,0.4000,0.0268
1782675219.709953,4.8766,11.9377,0.6986,0.4000,0.0367
1782675219.759717,4.8920,11.9506,0.7005,0.4000,0.0243
1782675219.809842,4.9074,11.9635,0.7017,0.4000,0.0365
1782675219.859869,4.9227,11.9765,0.7035,0.4000,0.0358
1782675219.909692,4.9381,11.9896,0.7053,0.4000,0.0548
1782675219.959694,4.9534,12.0026,0.7081,0.4000,0.0456
1782675220.009707,4.9687,12.0157,0.7104,0.4000,0.0501
1782675220.059696,4.9840,12.0288,0.7129,0.4000,0.0039
1782675220.109722,4.9992,12.0420,0.7131,0.4000,0.0562
1782675220.160212,5.0144,12.0552,0.7159,0.4000,0.0386
1782675220.209880,5.0297,12.0684,0.7179,0.4000,0.0089
1782675220.259838,5.0448,12.0817,0.7183,0.4000,0.0283
1782675220.309822,5.0600,12.0949,0.7198,0.4000,0.0956
1782675220.359967,5.0752,12.1082,0.7246,0.4000,0.0704
1782675220.409882,5.0903,12.1216,0.7282,0.4000,0.2039
1782675220.459933,5.1054,12.1351,0.7384,0.4000,0.2574
1782675220.509970,5.1203,12.1487,0.7515,0.4000,0.3890
1782675220.559930,5.1351,12.1625,0.7711,0.4000,0.5006
1782675220.609678,5.1494,12.1764,0.7961,0.4000,0.4454
1782675220.659815,5.1635,12.1908,0.8184,0.4000,0.3516
1782675220.709700,5.1773,12.2055,0.8362,0.4000,0.3284
1782675220.760157,5.1908,12.2205,0.8527,0.4000,0.2763
1782675220.809710,5.2040,12.2356,0.8665,0.4000,0.2481
1782675220.859748,5.2170,12.2509,0.8790,0.4000,0.2620
1782675220.909829,5.2299,12.2665,0.8922,0.4000,0.2791
1782675220.959837,5.2426,12.2822,0.9063,0.4000,0.1960
1782675221.009825,5.2550,12.2981,0.9162,0.4000,0.1518
1782675221.059849,5.2673,12.3141,0.9238,0.4000,0.1279
1782675221.109803,5.2794,12.3302,0.9303,0.4000,0.1279
1782675221.159780,5.2915,12.3463,0.9367,0.4000,0.1052
1782675221.209736,5.3034,12.3626,0.9420,0.4000,0.1208
1782675221.260198,5.3153,12.3789,0.9481,0.4000,0.1166
1782675221.309913,5.3271,12.3953,0.9540,0.4000,0.1109
1782675221.360054,5.3388,12.4118,0.9596,0.4000,0.0975
1782675221.409894,5.3503,12.4283,0.9645,0.4000,0.1421
1782675221.459802,5.3618,12.4448,0.9717,0.4000,0.1616
1782675221.509790,5.3732,12.4615,0.9799,0.4000,0.1629
1782675221.559719,5.3844,12.4782,0.9880,0.4000,0.1035
1782675221.609842,5.3955,12.4951,0.9933,0.4000,0.1316
1782675221.659691,5.4065,12.5120,0.9999,0.4000,0.1246
1782675221.709842,5.4174,12.5289,1.0062,0.4000,0.1435
1782675221.759825,5.4282,12.5459,1.0134,0.4000,0.1466
1782675221.809724,5.4388,12.5630,1.0208,0.4000,0.1613
1782675221.859765,5.4493,12.5801,1.0289,0.4000,0.1327
1782675221.909663,5.4597,12.5974,1.0356,0.4000,0.1557
1782675221.959728,5.4700,12.6148,1.0435,0.4000,0.1507
1782675222.009859,5.4801,12.6321,1.0511,0.4000,0.1847
1782675222.059860,5.4901,12.6496,1.0604,0.4000,0.1149
1782675222.109777,5.5000,12.6672,1.0662,0.4000,0.1815
1782675222.159712,5.5097,12.6848,1.0753,0.4000,0.1211
1782675222.209700,5.5193,12.7025,1.0814,0.4000,0.1632
1782675222.259759,5.5287,12.7203,1.0896,0.4000,0.1937
1782675222.309780,5.5381,12.7382,1.0994,0.4000,0.2132
1782675222.359684,5.5472,12.7561,1.1101,0.4000,0.2818
1782675222.409707,5.5562,12.7742,1.1243,0.4000,0.3675
1782675222.459773,5.5649,12.7924,1.1429,0.4000,0.5574
1782675222.509913,5.5732,12.8107,1.1710,0.3992,0.5625
1782675222.559779,5.5809,12.8291,1.1994,0.3910,0.7326
1782675222.609707,5.5881,12.8474,1.2361,0.3904,0.6643
1782675222.660091,5.5947,12.8663,1.2700,0.3993,1.6748
1782675222.759737,5.6007,12.8856,1.3000,0.4000,0.5735
1782675222.809915,5.6061,12.9051,1.3290,0.4000,0.5189
1782675222.859703,5.6109,12.9246,1.3552,0.4000,0.5063
1782675222.909833,5.6152,12.9442,1.3806,0.4000,0.4485
1782675222.959879,5.6189,12.9638,1.4031,0.3919,0.1324
1782675223.010051,5.6216,12.9822,1.4098,0.3497,0.0543
1782675223.059753,5.6240,12.9988,1.4126,0.3125,0.0142
1782675223.109879,5.6261,13.0135,1.4133,0.2821,-0.1187
1782675223.159816,5.6280,13.0270,1.4074,0.2580,-0.1736
1782675223.209755,5.6298,13.0390,1.3987,0.2286,-0.2640
1782675223.259807,5.6317,13.0501,1.3855,0.2176,-0.2963
1782675223.309707,5.6337,13.0608,1.3707,0.2160,-0.3206
1782675223.359818,5.6360,13.0715,1.3547,0.2192,-0.3024
1782675223.409825,5.6384,13.0825,1.3395,0.2260,-0.3076
1782675223.459775,5.6413,13.0941,1.3241,0.2477,-0.3626
1782675223.509769,5.6448,13.1072,1.3061,0.2867,-0.2608
1782675223.559797,5.6492,13.1224,1.2930,0.3368,-0.2444
1782675223.609869,5.6543,13.1397,1.2808,0.3762,-0.1452
1782675223.659812,5.6600,13.1585,1.2735,0.3985,-0.1690
1782675223.709855,5.6659,13.1777,1.2650,0.4000,-0.1759
1782675223.760080,5.6719,13.1969,1.2562,0.4001,-0.1749
1782675223.809707,5.6782,13.2162,1.2473,0.4001,-0.2539
1782675223.859849,5.6846,13.2352,1.2345,0.4001,-0.2962
1782675223.909723,5.6913,13.2542,1.2196,0.4001,-0.3400
1782675223.959718,5.6982,13.2732,1.2025,0.4001,-0.3781
1782675224.009810,5.7054,13.2919,1.1834,0.4001,-0.4496
1782675224.059730,5.7130,13.3105,1.1608,0.4001,-0.5925
1782675224.109815,5.7211,13.3291,1.1308,0.4001,-0.6333
1782675224.159817,5.7297,13.3473,1.0988,0.4001,-0.7488
1782675224.209722,5.7389,13.3653,1.0610,0.4001,-0.7385
1782675224.259738,5.7487,13.3829,1.0237,0.4001,-0.8566
1782675224.309725,5.7592,13.4001,0.9806,0.4001,-0.9052
1782675224.359828,5.7704,13.4168,0.9351,0.4001,-0.9253
1782675224.409832,5.7824,13.4331,0.8883,0.4001,-0.9198
1782675224.459804,5.7952,13.4488,0.8415,0.4001,-0.9029
1782675224.509747,5.8087,13.4639,0.7958,0.4001,-0.9086
1782675224.559876,5.8228,13.4783,0.7501,0.4001,-0.7893
1782675224.609845,5.8376,13.4921,0.7104,0.4001,-0.5877
1782675224.659832,5.8529,13.5052,0.6809,0.4001,-0.4060
1782675224.709890,5.8685,13.5178,0.6606,0.4001,-0.1620
1782675224.759815,5.8845,13.5302,0.6525,0.4000,0.0872
1782675224.809792,5.9005,13.5424,0.6568,0.4000,-0.0060
1782675224.859789,5.9164,13.5547,0.6565,0.4000,0.0148
1782675224.909838,5.9325,13.5671,0.6573,0.4000,0.0381
1782675224.959721,5.9484,13.5794,0.6592,0.4000,0.0140
1782675225.009706,5.9643,13.5917,0.6599,0.4000,0.0310
1782675225.059801,5.9803,13.6041,0.6615,0.4000,0.0540
1782675225.109701,5.9961,13.6164,0.6642,0.4000,0.0030
1782675225.159730,6.0120,13.6288,0.6644,0.4000,0.0564
1782675225.209693,6.0279,13.6413,0.6672,0.4000,0.0328
1782675225.259694,6.0437,13.6537,0.6689,0.4000,0.0551
1782675225.309840,6.0595,13.6662,0.6716,0.4000,0.0200
1782675225.359901,6.0752,13.6787,0.6726,0.4000,-0.0020
1782675225.409689,6.0910,13.6912,0.6725,0.4000,0.0191
1782675225.459870,6.1067,13.7038,0.6735,0.4000,-0.0362
1782675225.509752,6.1225,13.7164,0.6717,0.4000,-0.0035
1782675225.559817,6.1383,13.7289,0.6715,0.4000,-0.1088
1782675225.609792,6.1541,13.7415,0.6661,0.4000,0.0201
1782675225.659902,6.1699,13.7539,0.6670,0.4000,-0.1746
1782675225.709717,6.1857,13.7664,0.6583,0.4000,-0.1805
1782675225.759876,6.2017,13.7787,0.6492,0.4000,-0.2421
1782675225.809705,6.2177,13.7909,0.6369,0.4000,-0.3488
1782675225.859762,6.2339,13.8028,0.6194,0.4000,-0.4036
1782675225.909957,6.2504,13.8146,0.5990,0.4000,-0.4328
1782675225.959759,6.2671,13.8260,0.5772,0.4000,-0.3567
1782675226.009922,6.2840,13.8370,0.5593,0.4000,-0.2615
1782675226.059881,6.3011,13.8477,0.5461,0.4000,-0.2410
1782675226.109776,6.3183,13.8581,0.5340,0.4000,-0.1405
1782675226.159683,6.3361,13.8686,0.5267,0.4000,-0.1209
1782675226.209680,6.3533,13.8786,0.5207,0.4000,-0.1565
1782675226.259808,6.3708,13.8887,0.5128,0.4000,-0.1117
1782675226.309685,6.3883,13.8985,0.5072,0.4000,-0.1305
1782675226.359648,6.4059,13.9083,0.5006,0.4000,-0.0497
1782675226.409721,6.4236,13.9180,0.4981,0.4000,-0.0446
1782675226.459675,6.4413,13.9276,0.4959,0.4000,0.0170
1782675226.509701,6.4590,13.9372,0.4968,0.4000,-0.0050
1782675226.559661,6.4767,13.9468,0.4965,0.4000,0.0050
1782675226.609663,6.4944,13.9564,0.4968,0.4000,0.0090
1782675226.659689,6.5121,13.9660,0.4972,0.4000,0.0268
1782675226.709693,6.5298,13.9756,0.4986,0.4000,0.0467
1782675226.759681,6.5476,13.9853,0.5009,0.4000,0.0191
1782675226.809666,6.5652,13.9949,0.5019,0.4000,-0.0060
1782675226.859708,6.5831,14.0047,0.5016,0.4000,0.0498
1782675226.909652,6.6007,14.0144,0.5041,0.4000,0.0247
1782675226.960053,6.6184,14.0241,0.5054,0.4000,0.0328
1782675227.009775,6.6360,14.0339,0.5070,0.4000,0.0566
1782675227.059772,6.6536,14.0436,0.5099,0.4000,0.0860
1782675227.109795,6.6713,14.0535,0.5142,0.4000,0.0392
1782675227.159786,6.6887,14.0634,0.5162,0.4000,0.0396
1782675227.209946,6.7062,14.0733,0.5182,0.4000,0.0592
1782675227.259665,6.7238,14.0833,0.5212,0.4000,0.0228
1782675227.309663,6.7412,14.0933,0.5223,0.4000,0.0419
1782675227.359670,6.7588,14.1034,0.5245,0.4000,0.0667
1782675227.409656,6.7762,14.1135,0.5278,0.4000,0.0249
1782675227.459760,6.7936,14.1237,0.5290,0.4000,0.0029
1782675227.509705,6.8110,14.1338,0.5292,0.4000,0.0020
1782675227.559652,6.8283,14.1440,0.5293,0.4000,0.0199
1782675227.609693,6.8457,14.1541,0.5303,0.4000,0.0209
1782675227.659665,6.8630,14.1643,0.5313,0.4000,-0.0070
1782675227.709664,6.8804,14.1745,0.5310,0.4000,0.0050
1782675227.759648,6.8978,14.1847,0.5312,0.4000,0.0248
1782675227.809860,6.9152,14.1949,0.5325,0.4000,0.0150
1782675227.859651,6.9325,14.2052,0.5333,0.4000,0.0480
1782675227.909654,6.9499,14.2154,0.5357,0.4000,0.0189
1782675227.959753,6.9672,14.2257,0.5366,0.4000,0.0099
1782675228.009796,6.9846,14.2360,0.5371,0.4000,-0.0020
1782675228.059716,7.0020,14.2464,0.5371,0.4000,0.0823
1782675228.109723,7.0192,14.2566,0.5412,0.4000,0.0239
1782675228.159662,7.0365,14.2670,0.5424,0.4000,0.0458
1782675228.209794,7.0537,14.2774,0.5447,0.4000,0.0295
1782675228.259768,7.0710,14.2879,0.5462,0.4000,0.0305
1782675228.309729,7.0883,14.2984,0.5477,0.4000,0.0246
1782675228.359700,7.1054,14.3088,0.5489,0.4000,-0.0089
1782675228.409735,7.1227,14.3194,0.5485,0.4000,0.0288
1782675228.459712,7.1398,14.3299,0.5500,0.4000,0.0268
1782675228.509814,7.1569,14.3404,0.5513,0.4000,0.0592
1782675228.559830,7.1742,14.3510,0.5543,0.4000,0.0169
1782675228.609804,7.1913,14.3616,0.5552,0.4000,0.0606
1782675228.659778,7.2085,14.3722,0.5582,0.4000,0.0472
1782675228.709805,7.2256,14.3829,0.5606,0.4000,0.0280
1782675228.759878,7.2426,14.3936,0.5620,0.4000,0.0498
1782675228.809741,7.2596,14.4043,0.5645,0.4000,0.0220
1782675228.859811,7.2767,14.4151,0.5656,0.4000,-0.0115
1782675228.909677,7.2937,14.4259,0.5650,0.4000,-0.0545
1782675228.959691,7.3107,14.4367,0.5624,0.4000,0.0003
1782675229.009698,7.3277,14.4474,0.5624,0.4000,0.0194
1782675229.059812,7.3448,14.4582,0.5633,0.4000,-0.2503
1782675229.109787,7.3618,14.4689,0.5507,0.4000,-0.3328
1782675229.159857,7.3790,14.4795,0.5338,0.4000,-0.8977
1782675229.259860,7.3964,14.4898,0.5189,0.4000,-0.3075
1782675229.309955,7.4145,14.5001,0.5029,0.4000,-0.2430
1782675229.359731,7.4317,14.5095,0.4910,0.4000,-0.2259
1782675229.409825,7.4494,14.5190,0.4796,0.4000,-0.2099
1782675229.459911,7.4673,14.5283,0.4691,0.4000,-0.1979
1782675229.509931,7.4853,14.5374,0.4591,0.4000,-0.1352
1782675229.559857,7.5034,14.5464,0.4523,0.4000,-0.0638
1782675229.609852,7.5215,14.5552,0.4491,0.4000,-0.0454
1782675229.659731,7.5396,14.5639,0.4468,0.4000,0.0010
1782675229.709725,7.5579,14.5726,0.4469,0.4000,0.0269
1782675229.759705,7.5760,14.5813,0.4483,0.4000,0.0499
1782675229.809801,7.5944,14.5902,0.4507,0.4000,-0.0035
1782675229.859716,7.6126,14.5990,0.4506,0.4000,0.0152
1782675229.909742,7.6308,14.6078,0.4514,0.4000,0.0590
1782675229.959974,7.6490,14.6166,0.4545,0.4000,0.3024
1782675230.009685,7.6671,14.6255,0.4696,0.4000,0.0897
1782675230.059838,7.6850,14.6346,0.4741,0.4000,-0.0360
1782675230.109704,7.7029,14.6438,0.4723,0.4000,0.0931
1782675230.159672,7.7209,14.6529,0.4769,0.4000,-0.0289
1782675230.209818,7.7387,14.6621,0.4755,0.4000,-0.0040
1782675230.259758,7.7566,14.6714,0.4753,0.4000,0.0468
1782675230.309878,7.7746,14.6806,0.4777,0.4000,0.0010
1782675230.359928,7.7926,14.6899,0.4778,0.4000,0.0437
1782675230.409787,7.8104,14.6991,0.4799,0.4000,0.0196
1782675230.459851,7.8282,14.7084,0.4809,0.4000,0.0295
1782675230.509890,7.8461,14.7177,0.4824,0.4000,0.0355
1782675230.559820,7.8639,14.7271,0.4842,0.4000,0.0040
1782675230.609729,7.8817,14.7365,0.4844,0.4000,0.0427
1782675230.659819,7.8996,14.7459,0.4866,0.4000,0.0538
1782675230.709788,7.9174,14.7553,0.4893,0.4000,0.0305
1782675230.759696,7.9352,14.7647,0.4908,0.4000,0.0409
1782675230.809860,7.9529,14.7742,0.4928,0.4000,0.0200
1782675230.859679,7.9707,14.7837,0.4939,0.4000,0.0338
1782675230.910032,7.9884,14.7933,0.4956,0.4000,0.0296
1782675230.959687,8.0061,14.8028,0.4970,0.4000,0.0140
1782675231.009696,8.0238,14.8125,0.4978,0.4000,0.0470
1782675231.059686,8.0415,14.8221,0.5001,0.4000,0.0050
1782675231.109831,8.0592,14.8317,0.5004,0.4000,-0.0079
1782675231.159757,8.0768,14.8414,0.5000,0.4000,0.0577
1782675231.209706,8.0945,14.8510,0.5029,0.4000,0.0378
1782675231.259684,8.1121,14.8607,0.5047,0.4000,-0.0799
1782675231.309692,8.1297,14.8705,0.5007,0.4000,-0.0219
1782675231.359756,8.1474,14.8801,0.4997,0.4000,0.0538
1782675231.409672,8.1651,14.8898,0.5024,0.4000,-0.0150
1782675231.459668,8.1827,14.8995,0.5016,0.4000,0.0140
1782675231.509932,8.2003,14.9091,0.5023,0.4000,0.0313
1782675231.559829,8.2180,14.9189,0.5039,0.4000,0.0099
1782675231.609846,8.2357,14.9286,0.5044,0.4000,0.0079
1782675231.659856,8.2534,14.9384,0.5048,0.4000,0.0010
1782675231.709920,8.2710,14.9481,0.5048,0.4000,0.0030
1782675231.759878,8.2886,14.9578,0.5050,0.4000,0.0059
1782675231.809761,8.3063,14.9676,0.5053,0.4000,0.0258
1782675231.860437,8.3239,14.9774,0.5066,0.4000,0.0305
1782675231.909833,8.3415,14.9871,0.5082,0.4000,0.0634
1782675231.959718,8.3591,14.9969,0.5113,0.4000,-0.0211
1782675232.010036,8.3768,15.0068,0.5103,0.4000,0.0757
1782675232.059720,8.3944,15.0167,0.5141,0.4000,0.0320
1782675232.109911,8.4119,15.0266,0.5157,0.4000,0.0110
1782675232.159788,8.4294,15.0365,0.5162,0.4000,-0.0241
1782675232.209707,8.4470,15.0465,0.5150,0.4000,0.0060
1782675232.259725,8.4645,15.0564,0.5153,0.4000,0.0050
1782675232.309778,8.4820,15.0663,0.5156,0.4000,-0.0180
1782675232.359783,8.4996,15.0763,0.5147,0.4000,0.0179
1782675232.409825,8.5171,15.0862,0.5156,0.4000,0.0493
1782675232.459832,8.5346,15.0961,0.5180,0.4000,0.0644
1782675232.509763,8.5519,15.1060,0.5212,0.3927,0.0785
1782675232.559807,8.5688,15.1156,0.5251,0.3816,0.1127
1782675232.609966,8.5854,15.1253,0.5308,0.3808,0.2221
1782675232.659749,8.6020,15.1350,0.5420,0.3848,0.3437
1782675232.710072,8.6190,15.1452,0.5593,0.3990,0.4013
1782675232.759799,8.6360,15.1559,0.5795,0.3999,0.4110
1782675232.809737,8.6529,15.1670,0.6001,0.4000,0.3677
1782675232.859787,8.6695,15.1783,0.6186,0.4000,0.3469
1782675232.909783,8.6860,15.1901,0.6362,0.4000,0.4036
1782675232.959721,8.7022,15.2021,0.6564,0.4000,0.3441
1782675233.009884,8.7181,15.2143,0.6737,0.4000,0.3555
1782675233.059822,8.7339,15.2269,0.6916,0.4000,0.2772
1782675233.109767,8.7493,15.2397,0.7055,0.4000,0.2362
1782675233.159941,8.7647,15.2527,0.7174,0.4000,0.2782
1782675233.209686,8.7798,15.2660,0.7314,0.4000,0.2352
1782675233.259691,8.7949,15.2795,0.7432,0.4000,0.2092
1782675233.309936,8.8097,15.2931,0.7538,0.4000,0.1638
1782675233.359665,8.8244,15.3069,0.7620,0.4000,0.1456
1782675233.409686,8.8389,15.3208,0.7693,0.4000,0.1185
1782675233.459695,8.8534,15.3348,0.7753,0.4000,0.0855
1782675233.509753,8.8678,15.3489,0.7796,0.4000,0.1140
1782675233.559873,8.8821,15.3630,0.7853,0.4000,0.0768
1782675233.609929,8.8964,15.3773,0.7892,0.4000,0.1298
1782675233.659783,8.9106,15.3916,0.7957,0.4000,0.1061
1782675233.709808,8.9247,15.4060,0.8011,0.4000,0.1346
1782675233.759809,8.9387,15.4205,0.8079,0.4000,0.1619
1782675233.809808,8.9526,15.4350,0.8161,0.4000,0.1719
1782675233.859834,8.9664,15.4497,0.8247,0.4000,0.1612
1782675233.909734,8.9801,15.4646,0.8329,0.4000,0.1360
1782675233.959692,8.9937,15.4795,0.8398,0.4000,0.1815
1782675234.009839,9.0071,15.4945,0.8489,0.4000,0.1391
1782675234.059718,9.0205,15.5096,0.8559,0.4000,0.1209
1782675234.109792,9.0337,15.5248,0.8620,0.4000,0.1112
1782675234.159702,9.0467,15.5400,0.8676,0.4000,0.1793
1782675234.209777,9.0598,15.5554,0.8766,0.4000,0.1468
1782675234.259712,9.0726,15.5709,0.8840,0.4000,0.1899
1782675234.309777,9.0854,15.5865,0.8936,0.4000,0.1667
1782675234.359838,9.0980,15.6021,0.9020,0.4000,0.1590
1782675234.409714,9.1105,15.6179,0.9100,0.4000,0.1743
1782675234.459706,9.1229,15.6339,0.9187,0.4000,0.1571
1782675234.509838,9.1351,15.6499,0.9267,0.4000,0.2745
1782675234.559721,9.1471,15.6659,0.9404,0.4000,0.1245
1782675234.609799,9.1591,15.6823,0.9467,0.4000,0.1519
1782675234.659690,9.1708,15.6986,0.9544,0.4000,0.1892
1782675234.709796,9.1825,15.7151,0.9639,0.4000,0.2410
1782675234.759985,9.1940,15.7317,0.9760,0.4000,0.2117
1782675234.809761,9.2053,15.7484,0.9867,0.4000,0.2424
1782675234.859859,9.2164,15.7652,0.9989,0.4000,0.1401
1782675234.909737,9.2273,15.7821,1.0060,0.4000,0.1864
1782675234.959916,9.2381,15.7991,1.0154,0.4000,0.2021
1782675235.009651,9.2487,15.8163,1.0256,0.4000,0.1234
1782675235.059680,9.2592,15.8335,1.0317,0.4000,0.0918
1782675235.109701,9.2695,15.8508,1.0364,0.4000,0.0665
1782675235.159758,9.2798,15.8681,1.0398,0.4000,0.1356
1782675235.209697,9.2900,15.8855,1.0466,0.4000,0.1045
1782675235.259834,9.3001,15.9030,1.0519,0.4000,0.1168
1782675235.309658,9.3102,15.9206,1.0578,0.4000,0.1095
1782675235.359780,9.3201,15.9382,1.0633,0.4000,0.1642
1782675235.409708,9.3298,15.9558,1.0716,0.4000,0.1346
1782675235.459716,9.3395,15.9735,1.0784,0.4000,0.2061
1782675235.509682,9.3490,15.9912,1.0888,0.4000,0.1705
1782675235.559706,9.3583,16.0090,1.0974,0.4000,0.1601
1782675235.609661,9.3675,16.0270,1.1055,0.4000,0.2237
1782675235.659774,9.3765,16.0449,1.1167,0.4000,0.1406
1782675235.709738,9.3854,16.0630,1.1238,0.4000,0.1753
1782675235.810010,9.3942,16.0814,1.1327,0.4000,0.1627
1782675235.859772,9.4028,16.0998,1.1410,0.4000,0.1549
1782675235.909920,9.4112,16.1181,1.1488,0.4000,0.2006
1782675235.960003,9.4195,16.1365,1.1589,0.4000,0.1471
1782675236.009807,9.4275,16.1550,1.1663,0.4000,0.1213
1782675236.060284,9.4354,16.1735,1.1724,0.4000,0.1039
1782675236.109873,9.4433,16.1921,1.1777,0.4000,0.0696
1782675236.159757,9.4510,16.2106,1.1811,0.4000,-0.1201
1782675236.209736,9.4586,16.2293,1.1750,0.4000,-0.0494
1782675236.259866,9.4664,16.2480,1.1725,0.4000,-0.1337
1782675236.309801,9.4742,16.2665,1.1658,0.4000,-0.0671
1782675236.359677,9.4822,16.2851,1.1625,0.4000,-0.0079
1782675236.409818,9.4902,16.3035,1.1621,0.4000,0.0010
1782675236.459803,9.4982,16.3220,1.1621,0.4000,-0.0239
1782675236.509671,9.5062,16.3405,1.1609,0.4000,-0.0179
1782675236.559709,9.5142,16.3590,1.1600,0.4000,-0.0020
1782675236.609801,9.5222,16.3774,1.1599,0.4000,0.0189
1782675236.659700,9.5303,16.3958,1.1609,0.4000,0.0369
1782675236.709829,9.5383,16.4143,1.1627,0.4000,0.0059
1782675236.759871,9.5463,16.4328,1.1630,0.4000,0.0190
1782675236.809676,9.5542,16.4512,1.1640,0.4000,0.0269
1782675236.859736,9.5622,16.4698,1.1654,0.4000,0.0267
1782675236.909716,9.5702,16.4883,1.1667,0.4000,0.0079
1782675236.959751,9.5781,16.5069,1.1671,0.4000,0.0230
1782675237.009804,9.5860,16.5254,1.1683,0.4000,0.0608
1782675237.059691,9.5939,16.5439,1.1713,0.4000,-0.0131
1782675237.109898,9.6018,16.5625,1.1707,0.4000,0.0339
1782675237.159719,9.6096,16.5811,1.1724,0.4000,0.0601
1782675237.209987,9.6175,16.5997,1.1754,0.4000,0.0562
1782675237.260203,9.6252,16.6182,1.1783,0.4000,0.1038
1782675237.310029,9.6330,16.6370,1.1835,0.4000,0.0150
1782675237.359885,9.6406,16.6557,1.1843,0.4000,0.0812
1782675237.409846,9.6482,16.6744,1.1884,0.4000,0.0648
1782675237.460089,9.6557,16.6930,1.1916,0.4000,0.0475
1782675237.509701,9.6631,16.7117,1.1940,0.4000,0.0538
1782675237.559747,9.6705,16.7304,1.1967,0.4000,0.0852
1782675237.609819,9.6779,16.7492,1.2010,0.4000,0.0242
1782675237.659795,9.6852,16.7680,1.2022,0.4000,0.0280
1782675237.709762,9.6925,16.7870,1.2037,0.4000,0.0306
1782675237.759693,9.6997,16.8057,1.2052,0.4000,0.0120
1782675237.809679,9.7069,16.8245,1.2058,0.4000,0.0506
1782675237.859754,9.7141,16.8433,1.2084,0.4000,0.0151
1782675237.909679,9.7213,16.8622,1.2091,0.4000,0.0259
1782675237.959709,9.7284,16.8810,1.2104,0.4000,0.0600
1782675238.009733,9.7355,16.8998,1.2134,0.4000,0.0241
1782675238.059958,9.7425,16.9187,1.2147,0.4000,0.0890
1782675238.109718,9.7495,16.9376,1.2191,0.4000,0.0358
1782675238.159726,9.7565,16.9565,1.2209,0.4000,-0.0576
1782675238.209724,9.7635,16.9756,1.2180,0.4000,0.0208
1782675238.259711,9.7704,16.9944,1.2191,0.4000,0.0261
1782675238.309801,9.7773,17.0133,1.2204,0.4000,0.0950
1782675238.359881,9.7843,17.0323,1.2252,0.4000,-0.0000
1782675238.409889,9.7911,17.0512,1.2252,0.4000,0.0434
1782675238.459955,9.7979,17.0702,1.2274,0.4000,0.0502
1782675238.509926,9.8047,17.0892,1.2299,0.4000,0.0354
1782675238.559779,9.8114,17.1082,1.2317,0.4000,0.0381
1782675238.609775,9.8181,17.1271,1.2336,0.4000,0.0020
1782675238.659980,9.8248,17.1462,1.2337,0.4000,0.0586
1782675238.709757,9.8314,17.1651,1.2366,0.4000,0.0030
1782675238.759743,9.8380,17.1841,1.2368,0.4000,0.0208
1782675238.809988,9.8447,17.2032,1.2379,0.4000,0.0681
1782675238.859725,9.8512,17.2222,1.2413,0.4000,0.0170
1782675238.909758,9.8577,17.2413,1.2421,0.4000,0.0239
1782675238.959759,9.8642,17.2603,1.2433,0.4000,0.0150
1782675239.010705,9.8707,17.2793,1.2441,0.4000,0.0610
1782675239.059746,9.8771,17.2983,1.2471,0.4000,0.0142
1782675239.109758,9.8836,17.3175,1.2479,0.4000,0.0673
1782675239.159788,9.8899,17.3366,1.2512,0.4000,0.0157
1782675239.209927,9.8963,17.3556,1.2520,0.4000,0.0368
1782675239.259846,9.9026,17.3747,1.2539,0.4000,0.0211
1782675239.309809,9.9088,17.3939,1.2550,0.4000,0.1127
1782675239.359824,9.9151,17.4129,1.2606,0.4000,0.1102
1782675239.409801,9.9212,17.4321,1.2662,0.4000,0.1018
1782675239.459897,9.9272,17.4513,1.2714,0.4000,0.3571
1782675239.509872,9.9332,17.4708,1.2896,0.4000,0.4753
1782675239.559833,9.9388,17.4899,1.3132,0.4000,0.4493
1782675239.609989,9.9439,17.5094,1.3359,0.4000,0.4972
1782675239.659899,9.9486,17.5289,1.3608,0.4000,0.3610
1782675239.709975,9.9527,17.5485,1.3789,0.4000,0.2962
1782675239.759854,9.9566,17.5685,1.3939,0.4000,0.1711
1782675239.809814,9.9601,17.5881,1.4024,0.4000,0.1807
1782675239.860102,9.9635,17.6080,1.4115,0.4000,0.1183
1782675239.909785,9.9667,17.6280,1.4174,0.4000,0.0985
1782675239.959723,9.9698,17.6478,1.4224,0.4000,0.0880
1782675240.009784,9.9728,17.6677,1.4268,0.4000,0.1149
1782675240.059796,9.9757,17.6878,1.4326,0.4000,0.0842
1782675240.109805,9.9784,17.7077,1.4369,0.4000,0.0985
1782675240.159748,9.9811,17.7276,1.4418,0.4000,0.1242
1782675240.209969,9.9837,17.7475,1.4481,0.4000,0.1143
1782675240.259890,9.9862,17.7675,1.4538,0.4000,0.1214
1782675240.309788,9.9885,17.7875,1.4600,0.4000,0.1228
1782675240.359744,9.9907,17.8074,1.4661,0.4000,0.1157
1782675240.409723,9.9928,17.8274,1.4719,0.4000,0.0731
1782675240.460057,9.9948,17.8477,1.4757,0.4000,0.1301
1782675240.509848,9.9967,17.8677,1.4822,0.4000,0.0733
1782675240.559831,9.9985,17.8876,1.4859,0.4000,0.1245
1782675240.609947,10.0002,17.9077,1.4922,0.4000,0.1396
1782675240.659936,10.0018,17.9278,1.4992,0.4000,0.1000
1782675240.709830,10.0032,17.9480,1.5043,0.4000,0.1380
1782675240.759861,10.0046,17.9680,1.5112,0.4000,0.1284
1782675240.809857,10.0058,17.9882,1.5177,0.4000,0.1512
1782675240.859765,10.0068,18.0083,1.5253,0.4000,0.1065
1782675240.909739,10.0078,18.0285,1.5307,0.4000,0.1181
1782675240.959730,10.0086,18.0485,1.5366,0.4000,0.1437
1782675241.009736,10.0093,18.0686,1.5439,0.4000,0.1136
1782675241.059894,10.0098,18.0888,1.5496,0.4000,0.1486
1782675241.109771,10.0102,18.1089,1.5571,0.4000,0.1306
1782675241.160809,10.0105,18.1290,1.5637,0.4000,0.1707
1782675241.209720,10.0106,18.1491,1.5722,0.4000,0.1124
1782675241.259836,10.0106,18.1692,1.5778,0.4000,0.0512
1782675241.309724,10.0105,18.1894,1.5804,0.4000,0.0815
1782675241.359879,10.0103,18.2095,1.5846,0.4000,0.1686
1782675241.409771,10.0100,18.2296,1.5930,0.4000,0.0949
1782675241.459728,10.0096,18.2497,1.5978,0.4000,0.0974
1782675241.510098,10.0090,18.2698,1.6027,0.4000,0.1214
1782675241.559821,10.0084,18.2899,1.6088,0.4000,0.1245
1782675241.609712,10.0076,18.3100,1.6151,0.4000,0.1484
1782675241.659864,10.0067,18.3302,1.6226,0.4000,0.1276
1782675241.709898,10.0057,18.3503,1.6290,0.4000,0.1507
1782675241.761012,10.0045,18.3707,1.6367,0.4000,0.1100
1782675241.809932,10.0031,18.3907,1.6422,0.4000,0.1000
1782675241.859811,10.0017,18.4107,1.6473,0.4000,0.1489
1782675241.909862,10.0002,18.4308,1.6548,0.4000,0.1291
1782675241.959770,9.9985,18.4508,1.6612,0.4000,0.0916
1782675242.009877,9.9967,18.4709,1.6658,0.4000,0.1182
1782675242.059756,9.9948,18.4909,1.6718,0.4000,0.1913
1782675242.109729,9.9927,18.5110,1.6814,0.4000,0.0706
1782675242.159711,9.9905,18.5310,1.6850,0.4000,0.2388
1782675242.209868,9.9882,18.5509,1.6969,0.4000,0.1397
1782675242.259711,9.9856,18.5712,1.7041,0.4000,0.2246
1782675242.309719,9.9830,18.5911,1.7154,0.4000,0.2774
1782675242.359970,9.9801,18.6110,1.7294,0.4000,0.2404
1782675242.409732,9.9769,18.6309,1.7415,0.4000,0.2544
1782675242.459775,9.9735,18.6507,1.7543,0.4000,0.2167
1782675242.509804,9.9698,18.6705,1.7651,0.4000,0.1225
1782675242.559804,9.9659,18.6902,1.7713,0.4000,0.1282
1782675242.609785,9.9619,18.7099,1.7777,0.4000,0.1061
1782675242.659764,9.9578,18.7296,1.7831,0.4000,0.1021
1782675242.709795,9.9535,18.7493,1.7882,0.4000,0.1050
1782675242.759982,9.9492,18.7688,1.7935,0.4000,0.0997
1782675242.860362,9.9447,18.7887,1.7982,0.4000,0.0936
1782675242.909856,9.9401,18.8084,1.8030,0.4000,0.1079
1782675242.959908,9.9356,18.8278,1.8084,0.4000,0.1411
1782675243.009832,9.9308,18.8474,1.8156,0.4000,0.2431
1782675243.059964,9.9259,18.8669,1.8278,0.4000,0.2456
1782675243.109832,9.9208,18.8865,1.8401,0.4000,0.2316
1782675243.159805,9.9155,18.9058,1.8518,0.4000,0.2580
1782675243.209785,9.9099,18.9251,1.8648,0.4000,0.3274
1782675243.259790,9.9041,18.9444,1.8812,0.4000,0.3258
1782675243.310013,9.8979,18.9635,1.8975,0.4000,0.2173
1782675243.359816,9.8914,18.9826,1.9084,0.4000,0.1681
1782675243.410620,9.8848,19.0015,1.9168,0.4000,0.1159
1782675243.459860,9.8780,19.0205,1.9226,0.4000,-0.0016
1782675243.509778,9.8710,19.0394,1.9225,0.4000,0.0287
1782675243.559810,9.8641,19.0582,1.9239,0.4000,0.0552
1782675243.609746,9.8571,19.0772,1.9267,0.4000,0.0855
1782675243.659752,9.8501,19.0960,1.9311,0.4000,0.1837
1782675243.709860,9.8430,19.1148,1.9403,0.4000,0.2098
1782675243.759785,9.8358,19.1336,1.9509,0.4000,0.2081
1782675243.809769,9.8283,19.1522,1.9614,0.4000,0.3816
1782675243.859731,9.8207,19.1708,1.9807,0.4000,0.5248
1782675243.909928,9.8126,19.1893,2.0071,0.4000,0.4743
1782675243.959746,9.8041,19.2076,2.0310,0.4000,0.3678
1782675244.009866,9.7951,19.2257,2.0495,0.4000,0.3340
1782675244.059881,9.7858,19.2436,2.0663,0.4000,0.2243
1782675244.110111,9.7763,19.2612,2.0775,0.4000,0.1687
1782675244.159930,9.7665,19.2788,2.0860,0.4000,0.1706
1782675244.209806,9.7566,19.2963,2.0946,0.4000,0.1765
1782675244.260825,9.7465,19.3138,2.1035,0.4000,0.1161
1782675244.309784,9.7363,19.3311,2.1094,0.4000,0.2071
1782675244.359814,9.7260,19.3483,2.1197,0.4000,0.1457
1782675244.409820,9.7155,19.3655,2.1271,0.4000,0.1694
1782675244.459740,9.7049,19.3826,2.1356,0.4000,0.0896
1782675244.509914,9.6941,19.3996,2.1401,0.4000,0.2103
1782675244.559730,9.6833,19.4165,2.1507,0.4000,0.2638
1782675244.609797,9.6723,19.4333,2.1639,0.4000,0.0802
1782675244.659734,9.6609,19.4502,2.1681,0.4000,0.3286
1782675244.709708,9.6497,19.4667,2.1844,0.4000,0.2857
1782675244.759746,9.6381,19.4831,2.1988,0.4000,0.3679
1782675244.809765,9.6262,19.4995,2.2173,0.4000,0.2758
1782675244.860149,9.6142,19.5155,2.2310,0.4000,0.1919
1782675244.909802,9.6018,19.5314,2.2407,0.4000,0.1785
1782675244.959840,9.5893,19.5471,2.2496,0.4000,0.0599
1782675245.009918,9.5766,19.5629,2.2526,0.4000,0.0351
1782675245.059730,9.5640,19.5784,2.2544,0.4000,0.0517
1782675245.110027,9.5513,19.5940,2.2570,0.4000,0.0486
1782675245.159759,9.5385,19.6096,2.2595,0.4000,0.1078
1782675245.209930,9.5257,19.6252,2.2649,0.4000,0.1207
1782675245.260026,9.5128,19.6406,2.2710,0.4000,0.1365
1782675245.309781,9.4999,19.6560,2.2778,0.4000,0.0903
1782675245.359945,9.4868,19.6713,2.2824,0.4000,0.1035
1782675245.410178,9.4737,19.6866,2.2876,0.4000,0.1071
1782675245.460063,9.4604,19.7018,2.2930,0.4000,0.1224
1782675245.509825,9.4471,19.7168,2.2991,0.4000,0.1082
1782675245.559776,9.4338,19.7318,2.3046,0.4000,0.0923
1782675245.609741,9.4203,19.7468,2.3093,0.4000,0.1507
1782675245.659788,9.4068,19.7616,2.3168,0.4000,0.1474
1782675245.709794,9.3931,19.7764,2.3242,0.4000,0.1504
1782675245.759728,9.3793,19.7911,2.3318,0.4000,0.1775
1782675245.810071,9.3655,19.8056,2.3407,0.4000,0.1323
1782675245.859820,9.3515,19.8201,2.3474,0.4000,0.1668
1782675245.909786,9.3373,19.8345,2.3558,0.4000,0.1955
1782675245.959765,9.3231,19.8487,2.3657,0.4000,0.1966
1782675246.009742,9.3087,19.8628,2.3756,0.4000,0.2212
1782675246.059772,9.2943,19.8767,2.3867,0.4000,0.1717
1782675246.109837,9.2796,19.8905,2.3952,0.4000,0.0658
1782675246.159793,9.2648,19.9042,2.3987,0.4000,0.2871
1782675246.209812,9.2500,19.9178,2.4131,0.4000,0.2449
1782675246.259774,9.2349,19.9312,2.4253,0.4000,0.1802
1782675246.309759,9.2196,19.9445,2.4344,0.4000,0.1566
1782675246.359863,9.2044,19.9576,2.4421,0.4000,0.0416
1782675246.410016,9.1890,19.9705,2.4442,0.4000,0.0353
1782675246.459804,9.1736,19.9834,2.4459,0.4000,-0.0050
1782675246.509770,9.1582,19.9963,2.4456,0.4000,-0.0479
1782675246.559909,9.1426,20.0093,2.4433,0.4000,0.0176
1782675246.609845,9.1273,20.0222,2.4442,0.4000,0.0139
1782675246.659989,9.1118,20.0351,2.4449,0.4000,0.0466
1782675246.709852,9.0964,20.0481,2.4472,0.4000,0.0402
1782675246.760971,9.0809,20.0609,2.4493,0.4000,0.1262
1782675246.809809,9.0654,20.0738,2.4556,0.4000,0.0653
1782675246.859864,9.0498,20.0866,2.4589,0.4000,0.0619
1782675246.909740,9.0342,20.0993,2.4620,0.4000,0.0456
1782675246.959773,9.0185,20.1119,2.4643,0.4000,0.0582
1782675247.010020,9.0029,20.1245,2.4672,0.4000,0.0409
1782675247.059974,8.9871,20.1371,2.4693,0.4000,0.0464
1782675247.109724,8.9714,20.1496,2.4716,0.4000,0.0249
1782675247.159714,8.9556,20.1621,2.4729,0.4000,0.0908
1782675247.209780,8.9398,20.1746,2.4774,0.4000,-0.0149
1782675247.259742,8.9237,20.1872,2.4771,0.4000,0.2449
1782675247.309836,8.9081,20.1994,2.4892,0.4000,0.1973
1782675247.359901,8.8922,20.2116,2.4991,0.4000,0.2440
1782675247.409815,8.8761,20.2237,2.5114,0.4000,0.2236
1782675247.459785,8.8598,20.2355,2.5226,0.4000,0.1884
1782675247.509767,8.8434,20.2472,2.5320,0.4000,0.1195
1782675247.559757,8.8269,20.2587,2.5381,0.4000,0.1619
1782675247.609774,8.8103,20.2702,2.5463,0.4000,0.2086
1782675247.659734,8.7937,20.2814,2.5570,0.4000,0.5423
1782675247.709800,8.7769,20.2925,2.5841,0.4000,0.2325
1782675247.759850,8.7598,20.3032,2.5958,0.4000,0.2718
1782675247.809842,8.7426,20.3136,2.6094,0.4000,0.0290
1782675247.859854,8.7252,20.3238,2.6110,0.4000,0.1958
1782675247.909844,8.7079,20.3340,2.6208,0.4000,0.1599
1782675247.959876,8.6904,20.3440,2.6288,0.4000,0.1293
1782675248.009955,8.6729,20.3539,2.6354,0.4000,0.1919
1782675248.059925,8.6552,20.3637,2.6450,0.4000,0.1256
1782675248.109870,8.6376,20.3732,2.6513,0.4000,0.1159
1782675248.159816,8.6199,20.3827,2.6571,0.4000,0.1738
1782675248.209778,8.6019,20.3921,2.6659,0.4000,0.2100
1782675248.259791,8.5842,20.4013,2.6764,0.4000,0.2142
1782675248.310002,8.5662,20.4103,2.6872,0.4000,0.2610
1782675248.359717,8.5481,20.4192,2.7003,0.4000,0.2370
1782675248.409711,8.5299,20.4278,2.7123,0.4000,0.3597
1782675248.459981,8.5114,20.4362,2.7305,0.4000,0.3185
1782675248.509749,8.4930,20.4442,2.7463,0.4000,0.2169
1782675248.559794,8.4743,20.4520,2.7574,0.4000,0.2450
1782675248.609828,8.4556,20.4596,2.7697,0.4000,0.1301
1782675248.659704,8.4369,20.4669,2.7762,0.4000,0.1921
1782675248.709798,8.4181,20.4741,2.7859,0.4000,0.1547
1782675248.759817,8.3993,20.4811,2.7936,0.4000,0.1163
1782675248.809786,8.3803,20.4879,2.7995,0.4000,0.1263
1782675248.859719,8.3614,20.4947,2.8059,0.4000,0.1325
1782675248.909961,8.3424,20.5013,2.8125,0.4000,0.0825
1782675248.959774,8.3234,20.5078,2.8167,0.4000,0.1090
1782675249.009786,8.3043,20.5142,2.8221,0.4000,0.1090
1782675249.059832,8.2851,20.5206,2.8277,0.4000,0.1157
1782675249.109918,8.2660,20.5268,2.8335,0.4000,0.1043
1782675249.159705,8.2467,20.5329,2.8387,0.4000,0.0985
1782675249.209821,8.2275,20.5389,2.8437,0.4000,0.1503
1782675249.259827,8.2083,20.5448,2.8513,0.4000,0.2242
1782675249.309804,8.1889,20.5506,2.8625,0.4000,0.1497
1782675249.359734,8.1696,20.5561,2.8701,0.4000,0.2969
1782675249.409981,8.1502,20.5615,2.8851,0.4000,0.3162
1782675249.459656,8.1307,20.5666,2.9010,0.4000,0.3146
1782675249.509807,8.1112,20.5714,2.9168,0.4000,0.3404
1782675249.559785,8.0916,20.5759,2.9339,0.4000,0.4024
1782675249.609645,8.0719,20.5801,2.9542,0.4000,0.4706
1782675249.659645,8.0521,20.5838,2.9780,0.4000,0.5064
1782675249.709734,8.0323,20.5871,3.0034,0.4000,0.4877
1782675249.759646,8.0123,20.5899,3.0280,0.4000,0.4575
1782675249.809734,7.9923,20.5921,3.0510,0.4000,0.3031
1782675249.859647,7.9722,20.5940,3.0662,0.4000,0.2363
1782675249.909743,7.9522,20.5955,3.0781,0.4000,0.2035
1782675249.959760,7.9320,20.5968,3.0883,0.4000,0.1310
1782675250.009647,7.9119,20.5978,3.0949,0.4000,0.1548
1782675250.059632,7.8918,20.5988,3.1027,0.4000,0.1425
1782675250.109645,7.8717,20.5995,3.1099,0.4000,0.1635
1782675250.159635,7.8515,20.6002,3.1181,0.4000,0.1249
1782675250.209637,7.8315,20.6007,3.1244,0.4000,0.1358
1782675250.259823,7.8111,20.6010,3.1313,0.4000,0.1486
1782675250.309735,7.7910,20.6012,3.1388,0.4000,0.1642
1782675250.359657,7.7709,20.6013,-3.1361,0.4000,0.1194
1782675250.409824,7.7508,20.6011,-3.1301,0.4000,0.1692
1782675250.509762,7.7304,20.6009,-3.1214,0.4000,0.1583
1782675250.559748,7.7103,20.6005,-3.1135,0.4000,0.1395
1782675250.609679,7.6902,20.5999,-3.1065,0.4000,0.1535
1782675250.659698,7.6701,20.5992,-3.0988,0.4000,0.1197
1782675250.709717,7.6498,20.5984,-3.0927,0.4000,0.1459
1782675250.759661,7.6297,20.5974,-3.0853,0.4000,0.1458
1782675250.809889,7.6095,20.5962,-3.0780,0.4000,0.1007
1782675250.859750,7.5894,20.5950,-3.0729,0.4000,0.1048
1782675250.909657,7.5693,20.5936,-3.0676,0.4000,0.1285
1782675250.959647,7.5491,20.5921,-3.0611,0.4000,0.1050
1782675251.009701,7.5291,20.5905,-3.0558,0.4000,0.1868
1782675251.059675,7.5090,20.5887,-3.0464,0.4000,0.1345
1782675251.109699,7.4889,20.5868,-3.0396,0.4000,0.1361
1782675251.159716,7.4689,20.5848,-3.0328,0.4000,0.1157
1782675251.209704,7.4488,20.5826,-3.0269,0.4000,0.0985
1782675251.259649,7.4288,20.5803,-3.0219,0.4000,0.1423
1782675251.309750,7.4088,20.5779,-3.0148,0.4000,0.0519
1782675251.359665,7.3888,20.5753,-3.0123,0.4000,-0.0861
1782675251.409792,7.3688,20.5727,-3.0166,0.4000,-0.0510
1782675251.459640,7.3489,20.5702,-3.0191,0.4000,0.1010
1782675251.509736,7.3289,20.5677,-3.0140,0.4000,0.0572
1782675251.560006,7.3089,20.5652,-3.0112,0.4000,0.0201
1782675251.609775,7.2889,20.5626,-3.0101,0.4000,0.0741
1782675251.659919,7.2690,20.5599,-3.0063,0.4000,0.1671
1782675251.709784,7.2490,20.5572,-2.9979,0.4000,0.0938
1782675251.760158,7.2290,20.5543,-2.9932,0.4000,0.1179
1782675251.809769,7.2091,20.5513,-2.9873,0.4000,0.0826
1782675251.859732,7.1892,20.5482,-2.9831,0.4000,0.1321
1782675251.909651,7.1691,20.5450,-2.9764,0.4000,0.1006
1782675251.959653,7.1491,20.5417,-2.9713,0.4000,0.1187
1782675252.009783,7.1292,20.5383,-2.9653,0.4000,0.1089
1782675252.059649,7.1094,20.5347,-2.9598,0.4000,0.1625
1782675252.109660,7.0894,20.5311,-2.9515,0.4000,0.1654
1782675252.159646,7.0697,20.5273,-2.9433,0.4000,-0.0167
1782675252.209660,7.0499,20.5233,-2.9440,0.4000,0.2427
1782675252.259740,7.0302,20.5193,-2.9320,0.4000,-0.1239
1782675252.309631,7.0105,20.5151,-2.9381,0.4000,0.1160
1782675252.360493,6.9908,20.5111,-2.9322,0.4000,0.1472
1782675252.409677,6.9711,20.5069,-2.9248,0.4000,0.1042
1782675252.459669,6.9514,20.5026,-2.9196,0.4000,0.0955
1782675252.509661,6.9317,20.4981,-2.9148,0.4000,0.1037
1782675252.559660,6.9121,20.4936,-2.9095,0.4000,0.1303
1782675252.609816,6.8925,20.4890,-2.9030,0.4000,0.1050
1782675252.659654,6.8729,20.4842,-2.8976,0.4000,0.1477
1782675252.709654,6.8534,20.4793,-2.8902,0.4000,0.0930
1782675252.759872,6.8339,20.4743,-2.8855,0.4000,0.1556
1782675252.809874,6.8144,20.4692,-2.8777,0.4000,0.1264
1782675252.859773,6.7950,20.4640,-2.8713,0.4000,0.1149
1782675252.909760,6.7757,20.4586,-2.8656,0.4000,0.1367
1782675252.960299,6.7564,20.4531,-2.8587,0.4000,0.2337
1782675253.009776,6.7369,20.4475,-2.8469,0.4000,0.1831
1782675253.059756,6.7176,20.4416,-2.8377,0.4000,0.2389
1782675253.109831,6.6984,20.4356,-2.8257,0.4000,0.2826
1782675253.159662,6.6793,20.4294,-2.8115,0.4000,0.3747
1782675253.209821,6.6603,20.4228,-2.7927,0.4000,0.3629
1782675253.259669,6.6413,20.4160,-2.7745,0.4000,0.3032
1782675253.309722,6.6226,20.4087,-2.7593,0.4000,0.2782
1782675253.359647,6.6038,20.4012,-2.7453,0.4000,0.2379
1782675253.409653,6.5852,20.3934,-2.7333,0.4000,0.1986
1782675253.459746,6.5667,20.3854,-2.7233,0.4000,0.1815
1782675253.509649,6.5484,20.3772,-2.7142,0.4000,0.1446
1782675253.559749,6.5300,20.3689,-2.7070,0.4000,0.1194
1782675253.609743,6.5118,20.3604,-2.7010,0.4000,0.0672
1782675253.659679,6.4936,20.3518,-2.6976,0.4000,0.1183
1782675253.709664,6.4754,20.3432,-2.6916,0.4000,0.1243
1782675253.759649,6.4573,20.3344,-2.6853,0.4000,0.2296
1782675253.809684,6.4392,20.3256,-2.6737,0.4000,0.2819
1782675253.859665,6.4211,20.3164,-2.6595,0.4000,0.2275
1782675253.909745,6.4034,20.3071,-2.6481,0.4000,0.2107
1782675253.959743,6.3856,20.2976,-2.6375,0.4000,0.1525
1782675254.009804,6.3679,20.2878,-2.6298,0.4000,0.1628
1782675254.059888,6.3503,20.2779,-2.6216,0.4000,0.1330
1782675254.109741,6.3328,20.2679,-2.6148,0.4000,0.1687
1782675254.159818,6.3154,20.2578,-2.6063,0.4000,0.1440
1782675254.209748,6.2980,20.2474,-2.5990,0.4000,0.1458
1782675254.259743,6.2807,20.2370,-2.5917,0.4000,0.1596
1782675254.309693,6.2635,20.2265,-2.5836,0.4000,0.1569
1782675254.359648,6.2464,20.2158,-2.5757,0.4000,0.1359
1782675254.409640,6.2293,20.2050,-2.5688,0.4000,0.1492
1782675254.459681,6.2124,20.1941,-2.5613,0.4000,0.1312
1782675254.509807,6.1956,20.1830,-2.5547,0.4000,0.1583
1782675254.559655,6.1788,20.1719,-2.5468,0.4000,0.0848
1782675254.609654,6.1621,20.1606,-2.5425,0.4000,0.1374
1782675254.659670,6.1455,20.1492,-2.5356,0.4000,0.1273
1782675254.709643,6.1290,20.1378,-2.5291,0.4000,0.1635
1782675254.759683,6.1123,20.1261,-2.5208,0.4000,0.1212
1782675254.809672,6.0959,20.1144,-2.5147,0.4000,0.1748
1782675254.859658,6.0797,20.1026,-2.5059,0.4000,0.1249
1782675254.909649,6.0634,20.0906,-2.4996,0.4000,0.1448
1782675254.959680,6.0473,20.0785,-2.4923,0.4000,0.1313
1782675255.009704,6.0313,20.0664,-2.4857,0.4000,0.1314
1782675255.059660,6.0153,20.0540,-2.4791,0.4000,0.1956
1782675255.109764,5.9994,20.0417,-2.4692,0.4000,0.1795
1782675255.159664,5.9837,20.0291,-2.4602,0.4000,0.1159
1782675255.209924,5.9680,20.0164,-2.4543,0.4000,0.3376
1782675255.259815,5.9524,20.0036,-2.4372,0.4000,0.4455
1782675255.309857,5.9370,19.9906,-2.4146,0.4000,0.7617
1782675255.359833,5.9220,19.9772,-2.3761,0.4000,0.9092
1782675255.409792,5.9075,19.9632,-2.3303,0.4000,1.0988
1782675255.460464,5.8936,19.9486,-2.2749,0.4000,1.0912
1782675255.509802,5.8806,19.9333,-2.2200,0.4000,1.1189
1782675255.559909,5.8684,19.9172,-2.1635,0.4000,1.1220
1782675255.609675,5.8572,19.9005,-2.1071,0.4000,1.1557
1782675255.659791,5.8469,19.8833,-2.0490,0.4000,1.0745
1782675255.709697,5.8377,19.8654,-1.9951,0.4000,0.7635
1782675255.759754,5.8294,19.8470,-1.9568,0.4000,0.5346
1782675255.809704,5.8218,19.8284,-1.9299,0.4000,0.3775
1782675255.859662,5.8148,19.8096,-1.9110,0.4000,0.2388
1782675255.909665,5.8080,19.7905,-1.8989,0.4000,0.2526
1782675255.959758,5.8015,19.7715,-1.8862,0.4000,0.2275
1782675256.009637,5.7953,19.7523,-1.8748,0.4000,0.1071
1782675256.059752,5.7893,19.7331,-1.8694,0.4000,0.1738
1782675256.109675,5.7833,19.7139,-1.8607,0.4000,0.1616
1782675256.159638,5.7776,19.6946,-1.8525,0.4000,0.1661
1782675256.209725,5.7720,19.6753,-1.8442,0.4000,0.1336
1782675256.259721,5.7666,19.6559,-1.8375,0.4000,0.0740
1782675256.309647,5.7612,19.6364,-1.8337,0.4000,0.2079
1782675256.359665,5.7560,19.6170,-1.8233,0.4000,0.1304
1782675256.409827,5.7510,19.5975,-1.8167,0.4000,0.0878
1782675256.459677,5.7461,19.5779,-1.8122,0.4000,0.1436
1782675256.509742,5.7412,19.5583,-1.8050,0.4000,0.1150
1782675256.559750,5.7366,19.5388,-1.7992,0.4000,0.1621
1782675256.609798,5.7320,19.5191,-1.7910,0.4000,0.1483
1782675256.659812,5.7276,19.4994,-1.7836,0.4000,0.1313
1782675256.709857,5.7233,19.4796,-1.7769,0.4000,0.1142
1782675256.759718,5.7192,19.4600,-1.7712,0.4000,0.1449
1782675256.809726,5.7152,19.4403,-1.7639,0.4000,0.1196
1782675256.859735,5.7114,19.4206,-1.7578,0.4000,0.1393
1782675256.909720,5.7076,19.4008,-1.7508,0.4000,0.1194
1782675256.959634,5.7040,19.3810,-1.7448,0.4000,0.1765
1782675257.009769,5.7005,19.3611,-1.7359,0.4000,0.1583
1782675257.059669,5.6972,19.3413,-1.7280,0.4000,0.1314
1782675257.110227,5.6941,19.3216,-1.7214,0.4000,0.1291
1782675257.209677,5.6911,19.3015,-1.7152,0.4000,0.0953
1782675257.259736,5.6882,19.2816,-1.7104,0.4000,0.1528
1782675257.309664,5.6854,19.2617,-1.7027,0.4000,0.0941
1782675257.359666,5.6827,19.2417,-1.6980,0.4000,0.1015
1782675257.409743,5.6802,19.2217,-1.6928,0.4000,0.1020
1782675257.459680,5.6777,19.2018,-1.6877,0.4000,0.1003
1782675257.509648,5.6754,19.1818,-1.6826,0.4000,0.1394
1782675257.559827,5.6731,19.1618,-1.6756,0.4000,0.1321
1782675257.609929,5.6710,19.1417,-1.6690,0.4000,0.1111
1782675257.659794,5.6690,19.1216,-1.6633,0.4000,0.1129
1782675257.709886,5.6672,19.1016,-1.6577,0.4000,0.0769
1782675257.759800,5.6654,19.0814,-1.6538,0.4000,0.1116
1782675257.809722,5.6637,19.0611,-1.6481,0.4000,0.1386
1782675257.859840,5.6622,19.0411,-1.6411,0.4000,0.1447
1782675257.909665,5.6608,19.0211,-1.6338,0.4000,0.1533
1782675257.959698,5.6595,19.0010,-1.6261,0.4000,0.1370
1782675258.009664,5.6584,18.9808,-1.6192,0.4000,0.0919
1782675258.059646,5.6574,18.9606,-1.6146,0.4000,0.0930
1782675258.109697,5.6565,18.9405,-1.6099,0.4000,0.1282
1782675258.159733,5.6558,18.9204,-1.6034,0.4000,0.1138
1782675258.209753,5.6551,18.9002,-1.5976,0.4000,0.1309
1782675258.259662,5.6546,18.8800,-1.5910,0.4000,0.1447
1782675258.309772,5.6542,18.8599,-1.5838,0.4000,0.1233
1782675258.359710,5.6539,18.8398,-1.5775,0.4000,0.1436
1782675258.409695,5.6538,18.8197,-1.5703,0.4000,0.1612
1782675258.459741,5.6538,18.7996,-1.5622,0.4000,0.1690
1782675258.509662,5.6539,18.7795,-1.5537,0.4000,0.1338
1782675258.560089,5.6543,18.7593,-1.5470,0.4000,0.1672
1782675258.609733,5.6548,18.7392,-1.5386,0.4000,0.1535
1782675258.660337,5.6554,18.7191,-1.5308,0.4000,0.1153
1782675258.709739,5.6562,18.6989,-1.5250,0.4000,0.1130
1782675258.759942,5.6571,18.6788,-1.5193,0.4000,0.1868
1782675258.809774,5.6582,18.6586,-1.5099,0.4000,0.1504
1782675258.859822,5.6594,18.6385,-1.5023,0.4000,0.1336
1782675258.909770,5.6608,18.6184,-1.4956,0.4000,0.1239
1782675258.959705,5.6623,18.5983,-1.4893,0.4000,0.1112
1782675259.009835,5.6640,18.5782,-1.4837,0.4000,0.1283
1782675259.059686,5.6657,18.5582,-1.4772,0.4000,0.1331
1782675259.109660,5.6676,18.5382,-1.4705,0.4000,0.1260
1782675259.159769,5.6696,18.5181,-1.4642,0.4000,0.1413
1782675259.209670,5.6717,18.4981,-1.4571,0.4000,0.1296
1782675259.259680,5.6740,18.4780,-1.4505,0.4000,0.1477
1782675259.309660,5.6765,18.4579,-1.4430,0.4000,0.1484
1782675259.359675,5.6790,18.4379,-1.4356,0.4000,0.1066
1782675259.409652,5.6818,18.4180,-1.4302,0.4000,0.1558
1782675259.459677,5.6846,18.3980,-1.4223,0.4000,0.1475
1782675259.510615,5.6876,18.3781,-1.4149,0.4000,0.1213
1782675259.559700,5.6907,18.3581,-1.4088,0.4000,0.1404
1782675259.609674,5.6939,18.3382,-1.4017,0.4000,0.1466
1782675259.659672,5.6973,18.3184,-1.3943,0.4000,0.1786
1782675259.709763,5.7009,18.2986,-1.3853,0.4000,0.1528
1782675259.759839,5.7046,18.2787,-1.3776,0.4000,0.1217
1782675259.809800,5.7085,18.2590,-1.3715,0.4000,0.1451
1782675259.859815,5.7125,18.2392,-1.3641,0.4000,0.1191
1782675259.910012,5.7166,18.2195,-1.3581,0.4000,0.1573
1782675259.959780,5.7208,18.1998,-1.3502,0.4000,0.1432
1782675260.009662,5.7253,18.1801,-1.3430,0.4000,0.1339
1782675260.059763,5.7298,18.1604,-1.3362,0.4000,0.1115
1782675260.110674,5.7345,18.1408,-1.3306,0.4000,0.1470
1782675260.159720,5.7393,18.1212,-1.3232,0.4000,0.1295
1782675260.209694,5.7443,18.1017,-1.3166,0.4000,0.1412
1782675260.259677,5.7493,18.0822,-1.3096,0.4000,0.1062
1782675260.309650,5.7545,18.0628,-1.3042,0.4000,0.1790
1782675260.360040,5.7598,18.0434,-1.2952,0.4000,0.1488
1782675260.409667,5.7653,18.0240,-1.2877,0.4000,0.0988
1782675260.459691,5.7709,18.0046,-1.2827,0.4000,0.0795
1782675260.509764,5.7767,17.9853,-1.2787,0.4000,0.1139
1782675260.559685,5.7824,17.9660,-1.2730,0.4000,0.1091
1782675260.609713,5.7884,17.9467,-1.2674,0.4000,0.0822
1782675260.659698,5.7944,17.9275,-1.2633,0.4000,0.0830
1782675260.709815,5.8005,17.9083,-1.2591,0.4000,-0.0279
1782675260.759695,5.8067,17.8891,-1.2606,0.4000,-0.1918
1782675260.809666,5.8128,17.8699,-1.2703,0.4000,-0.2548
1782675260.860110,5.8188,17.8507,-1.2831,0.4000,-0.3354
1782675260.909771,5.8245,17.8314,-1.3000,0.4000,-0.3394
1782675260.959901,5.8299,17.8120,-1.3171,0.4000,-0.3668
1782675261.009761,5.8349,17.7924,-1.3356,0.4000,-0.3980
1782675261.060713,5.8396,17.7728,-1.3557,0.4000,-0.4368
1782675261.109800,5.8440,17.7530,-1.3778,0.4000,-0.4960
1782675261.159745,5.8478,17.7332,-1.4028,0.4000,-0.4887
1782675261.209987,5.8512,17.7134,-1.4274,0.4000,-0.5432
1782675261.259837,5.8541,17.6934,-1.4548,0.4000,-0.6328
1782675261.309690,5.8564,17.6734,-1.4866,0.4000,-0.6556
1782675261.359689,5.8581,17.6533,-1.5196,0.4000,-0.4865
1782675261.409660,5.8591,17.6333,-1.5440,0.4000,-0.4832
1782675261.459692,5.8597,17.6131,-1.5682,0.4000,-0.3152
1782675261.509686,5.8597,17.5929,-1.5841,0.4000,-0.3091
1782675261.559680,5.8594,17.5727,-1.5997,0.4000,-0.3962
1782675261.609667,5.8589,17.5527,-1.6195,0.4000,-0.3456
1782675261.659738,5.8579,17.5326,-1.6369,0.4000,-0.3812
1782675261.709771,5.8565,17.5125,-1.6559,0.4000,-0.2129
1782675261.759987,5.8548,17.4925,-1.6666,0.4000,-0.1914
1782675261.809740,5.8529,17.4724,-1.6762,0.4000,-0.0849
1782675261.859661,5.8508,17.4524,-1.6805,0.4000,-0.1083
1782675261.910127,5.8485,17.4320,-1.6861,0.4000,-0.2314
1782675261.959733,5.8462,17.4119,-1.6976,0.4000,-0.0815
1782675262.009988,5.8436,17.3918,-1.7017,0.4000,-0.0398
1782675262.059721,5.8410,17.3719,-1.7037,0.4000,-0.0718
1782675262.109839,5.8384,17.3519,-1.7073,0.4000,-0.0892
1782675262.159821,5.8356,17.3320,-1.7118,0.4000,-0.1361
1782675262.209670,5.8328,17.3120,-1.7187,0.4000,-0.0976
1782675262.259811,5.8298,17.2921,-1.7236,0.4000,-0.1022
1782675262.309667,5.8267,17.2722,-1.7287,0.4000,-0.0359
1782675262.359670,5.8236,17.2523,-1.7305,0.4000,0.0309
1782675262.409726,5.8204,17.2324,-1.7289,0.4000,0.0209
1782675262.459689,5.8172,17.2125,-1.7279,0.4000,0.0110
1782675262.509740,5.8140,17.1923,-1.7273,0.4000,0.0164
1782675262.559746,5.8109,17.1725,-1.7265,0.4000,-0.0319
1782675262.609777,5.8077,17.1525,-1.7281,0.4000,0.0524
1782675262.659790,5.8046,17.1326,-1.7255,0.4000,-0.0449
1782675262.709656,5.8015,17.1127,-1.7278,0.4000,0.0459
1782675262.759680,5.7983,17.0928,-1.7254,0.4000,0.1019
1782675262.809681,5.7952,17.0729,-1.7203,0.4000,0.2242
1782675262.859810,5.7922,17.0529,-1.7089,0.4000,0.2892
1782675262.909882,5.7894,17.0330,-1.6943,0.4000,0.2915
1782675262.959748,5.7870,17.0130,-1.6796,0.4000,0.4809
1782675263.009863,5.7848,16.9930,-1.6553,0.4000,0.5426
1782675263.059740,5.7831,16.9728,-1.6278,0.4000,0.5766
1782675263.109732,5.7819,16.9526,-1.5986,0.4000,0.5929
1782675263.160655,5.7814,16.9324,-1.5687,0.4000,0.5125
1782675263.209667,5.7814,16.9123,-1.5429,0.4000,0.3972
1782675263.259795,5.7820,16.8922,-1.5231,0.4000,0.0008
1782675263.309795,5.7829,16.8721,-1.5230,0.4000,0.0551
1782675263.359703,5.7839,16.8520,-1.5203,0.4000,-0.1085
1782675263.409854,5.7849,16.8318,-1.5257,0.4000,-0.1085
1782675263.459764,5.7858,16.8121,-1.5317,0.3853,-1.8233
1782675263.559969,5.7866,16.7932,-1.5346,0.3713,-0.2051
1782675263.609714,5.7873,16.7756,-1.5449,0.3311,-0.4410
1782675263.659673,5.7877,16.7595,-1.5667,0.3169,-0.2204
1782675263.709770,5.7878,16.7437,-1.5777,0.3061,-0.2190
1782675263.759856,5.7877,16.7283,-1.5887,0.3054,-0.2410
1782675263.809682,5.7874,16.7130,-1.6007,0.3054,-0.1811
1782675263.859704,5.7869,16.6976,-1.6097,0.3062,-0.2590
1782675263.909692,5.7863,16.6822,-1.6226,0.3079,-0.1701
1782675263.959703,5.7855,16.6665,-1.6310,0.3145,-0.1552
1782675264.009730,5.7846,16.6496,-1.6388,0.3526,-0.1498
1782675264.059791,5.7833,16.6314,-1.6462,0.3723,-0.1265
1782675264.109836,5.7819,16.6123,-1.6525,0.3851,-0.1473
1782675264.159760,5.7803,16.5927,-1.6598,0.3950,-0.1058
1782675264.209786,5.7786,16.5729,-1.6651,0.3965,-0.1312
1782675264.259774,5.7767,16.5530,-1.6716,0.3998,-0.1119
1782675264.309709,5.7746,16.5329,-1.6772,0.4000,-0.1574
1782675264.359678,5.7725,16.5130,-1.6850,0.4000,-0.0984
1782675264.409892,5.7702,16.4930,-1.6899,0.4000,-0.1205
1782675264.459786,5.7678,16.4729,-1.6959,0.4000,-0.1559
1782675264.509780,5.7653,16.4530,-1.7037,0.4000,-0.1923
1782675264.560669,5.7626,16.4331,-1.7134,0.4000,-0.2082
1782675264.609758,5.7598,16.4131,-1.7238,0.4000,-0.1740
1782675264.659825,5.7567,16.3931,-1.7325,0.4000,-0.2183
1782675264.709696,5.7534,16.3733,-1.7433,0.4000,-0.1081
1782675264.759731,5.7500,16.3535,-1.7487,0.4000,-0.1212
1782675264.809722,5.7464,16.3335,-1.7549,0.4000,-0.2637
1782675264.859654,5.7427,16.3136,-1.7682,0.4000,-0.3678
1782675264.909739,5.7388,16.2940,-1.7866,0.4000,-0.3468
1782675264.959776,5.7345,16.2744,-1.8040,0.4000,-0.4266
1782675265.009745,5.7298,16.2547,-1.8255,0.4000,-0.4745
1782675265.059694,5.7247,16.2353,-1.8494,0.4000,-0.5989
1782675265.109662,5.7192,16.2159,-1.8796,0.4000,-0.6162
1782675265.159704,5.7130,16.1967,-1.9107,0.4000,-0.7616
1782675265.209688,5.7064,16.1782,-1.9489,0.3870,-0.8182
1782675265.259704,5.6993,16.1605,-1.9901,0.3706,-0.9229
1782675265.309672,5.6917,16.1437,-2.0362,0.3654,-0.7746
1782675265.359814,5.6835,16.1276,-2.0751,0.3528,-0.6891
1782675265.409680,5.6750,16.1122,-2.1096,0.3478,-0.5154
1782675265.459811,5.6660,16.0972,-2.1355,0.3467,-0.6156
1782675265.509790,5.6567,16.0825,-2.1661,0.3474,-0.4526
1782675265.559689,5.6469,16.0680,-2.1888,0.3474,-0.3787
1782675265.609738,5.6368,16.0537,-2.2078,0.3499,-0.3444
1782675265.659729,5.6263,16.0395,-2.2251,0.3509,-0.3258
1782675265.709689,5.6155,16.0254,-2.2414,0.3510,-0.3142
1782675265.759699,5.6045,16.0115,-2.2570,0.3534,-0.2603
1782675265.809834,5.5932,15.9977,-2.2701,0.3544,-0.2848
1782675265.859756,5.5818,15.9840,-2.2842,0.3561,-0.2462
1782675265.909878,5.5700,15.9705,-2.2966,0.3571,-0.2698
1782675265.960603,5.5581,15.9569,-2.3101,0.3588,-0.3010
1782675266.010124,5.5459,15.9436,-2.3250,0.3597,-0.2119
1782675266.059747,5.5335,15.9304,-2.3357,0.3597,-0.2700
1782675266.109761,5.5209,15.9172,-2.3491,0.3597,-0.3822
1782675266.159743,5.5083,15.9044,-2.3678,0.3606,-0.1688
1782675266.209737,5.4953,15.8917,-2.3763,0.3598,-0.2182
1782675266.259688,5.4823,15.8792,-2.3871,0.3598,-0.2215
1782675266.309676,5.4691,15.8668,-2.3982,0.3598,-0.2653
1782675266.359728,5.4557,15.8545,-2.4116,0.3598,-0.3923
1782675266.409688,5.4423,15.8425,-2.4311,0.3606,-0.2616
1782675266.459761,5.4285,15.8307,-2.4443,0.3606,-0.3700
1782675266.509688,5.4146,15.8190,-2.4627,0.3615,-0.2656
1782675266.559773,5.4005,15.8076,-2.4760,0.3607,-0.2349
1782675266.609694,5.3862,15.7964,-2.4877,0.3606,-0.2007
1782675266.659694,5.3718,15.7853,-2.4978,0.3606,-0.2238
1782675266.709740,5.3573,15.7745,-2.5090,0.3606,-0.2777
1782675266.759712,5.3427,15.7637,-2.5228,0.3606,-0.1942
1782675266.809817,5.3279,15.7532,-2.5325,0.3606,-0.2173
1782675266.859727,5.3130,15.7428,-2.5434,0.3615,-0.2908
1782675266.909716,5.2980,15.7326,-2.5580,0.3607,-0.2811
1782675266.959839,5.2828,15.7226,-2.5720,0.3607,-0.2743
1782675267.009775,5.2676,15.7128,-2.5857,0.3606,-0.2344
1782675267.060042,5.2521,15.7032,-2.5974,0.3615,-0.2092
1782675267.109772,5.2366,15.6938,-2.6077,0.3607,-0.1360
1782675267.159998,5.2210,15.6846,-2.6145,0.3607,-0.2142
1782675267.209728,5.2053,15.6754,-2.6252,0.3606,-0.1579
1782675267.259855,5.1895,15.6665,-2.6330,0.3598,-0.1633
1782675267.309851,5.1737,15.6577,-2.6412,0.3598,-0.1872
1782675267.359798,5.1578,15.6490,-2.6505,0.3606,-0.1625
1782675267.409811,5.1418,15.6404,-2.6586,0.3598,-0.1881
1782675267.459888,5.1257,15.6320,-2.6680,0.3598,-0.2207
1782675267.511165,5.1098,15.6239,-2.6790,0.3492,-0.1587
1782675267.559753,5.0982,15.6201,-2.6869,0.1353,-0.2007
1782675267.759760,5.1110,15.6302,-2.7000,-0.3708,0.0010
1782675267.809717,5.1285,15.6386,-2.7000,-0.3995,0.0693
1782675267.859838,5.1468,15.6471,-2.6965,-0.4014,0.0144
1782675267.909749,5.1651,15.6556,-2.6958,-0.4015,0.1044
1782675267.959824,5.1833,15.6642,-2.6906,-0.4015,0.0452
1782675268.009775,5.2016,15.6729,-2.6884,-0.4014,0.0879
1782675268.059785,5.2198,15.6816,-2.6840,-0.4014,0.0648
1782675268.109890,5.2379,15.6904,-2.6808,-0.4013,0.0126
1782675268.159743,5.2560,15.6993,-2.6802,-0.4013,-0.0089
1782675268.209701,5.2741,15.7082,-2.6807,-0.4013,-0.0693
1782675268.259788,5.2922,15.7170,-2.6843,-0.4012,-0.1255
1782675268.309739,5.3103,15.7259,-2.6907,-0.4012,-0.2011
1782675268.359759,5.3285,15.7346,-2.7010,-0.4011,-0.3811
1782675268.409735,5.3467,15.7431,-2.7203,-0.4011,-0.4689
1782675268.460162,5.3652,15.7513,-2.7439,-0.4011,-0.4036
1782675268.510041,5.3838,15.7590,-2.7642,-0.4010,-0.3618
1782675268.559793,5.4025,15.7663,-2.7823,-0.4010,-0.2317
1782675268.609823,5.4215,15.7733,-2.7940,-0.4010,-0.0623
1782675268.659787,5.4404,15.7801,-2.7971,-0.4009,-0.0420
1782675268.709977,5.4595,15.7869,-2.7992,-0.4009,0.0195
1782675268.759863,5.4785,15.7936,-2.7982,-0.4009,0.0646
1782675268.809781,5.4974,15.8003,-2.7950,-0.4009,0.0573
1782675268.859799,5.5164,15.8071,-2.7922,-0.4008,0.0178
1782675268.910251,5.5355,15.8140,-2.7914,-0.4008,0.0653
1782675268.959788,5.5543,15.8208,-2.7882,-0.4008,0.0296
1782675269.009768,5.5732,15.8277,-2.7868,-0.4008,0.0400
1782675269.060142,5.5922,15.8346,-2.7849,-0.4007,-0.0935
1782675269.109758,5.6110,15.8416,-2.7896,-0.4007,-0.1333
1782675269.159868,5.6299,15.8485,-2.7964,-0.4007,-0.1415
1782675269.209749,5.6464,15.8539,-2.8036,-0.2961,-0.1315
1782675269.359806,5.6378,15.8478,-2.8185,0.3838,-0.0209
1782675269.409713,5.6192,15.8415,-2.8195,0.3999,0.0113
1782675269.459755,5.6001,15.8352,-2.8189,0.4010,0.0591
1782675269.509770,5.5810,15.8289,-2.8159,0.4011,0.0476
1782675269.559742,5.5619,15.8225,-2.8135,0.4010,0.0080
1782675269.609771,5.5428,15.8161,-2.8131,0.4010,0.0126
1782675269.659818,5.5237,15.8096,-2.8124,0.4010,0.0849
1782675269.709707,5.5046,15.8032,-2.8082,0.4009,-0.1615
1782675269.760069,5.4854,15.7965,-2.8163,0.4009,-0.1411
1782675269.809799,5.4664,15.7902,-2.8233,0.4009,-0.1599
1782675269.859836,5.4473,15.7839,-2.8313,0.4009,-0.1753
1782675269.909878,5.4281,15.7778,-2.8400,0.4008,-0.1916
1782675269.959810,5.4089,15.7719,-2.8496,0.4008,-0.1810
1782675270.009854,5.3895,15.7661,-2.8587,0.4008,-0.2076
1782675270.059900,5.3702,15.7605,-2.8692,0.4008,-0.2705
1782675270.109771,5.3508,15.7552,-2.8828,0.4007,-0.3668
1782675270.159930,5.3312,15.7500,-2.9013,0.4007,-0.3732
1782675270.209716,5.3117,15.7453,-2.9199,0.4007,-0.2685
1782675270.259898,5.2919,15.7409,-2.9335,0.4007,-0.2283
1782675270.309692,5.2722,15.7368,-2.9449,0.4006,-0.1668
1782675270.359696,5.2525,15.7329,-2.9533,0.4006,-0.1567
1782675270.409698,5.2327,15.7292,-2.9612,0.4006,-0.1945
1782675270.459824,5.2129,15.7256,-2.9710,0.4006,-0.2518
1782675270.509784,5.1930,15.7222,-2.9836,0.4006,-0.2825
1782675270.559719,5.1730,15.7191,-2.9979,0.4005,-0.3984
1782675270.609922,5.1531,15.7162,-3.0180,0.4005,-0.4929
1782675270.659714,5.1332,15.7138,-3.0428,0.4005,-0.5407
1782675270.709706,5.1131,15.7119,-3.0700,0.4005,-0.6101
1782675270.759712,5.0931,15.7105,-3.1007,0.4005,-0.7209
1782675270.809699,5.0730,15.7097,-3.1370,0.4005,-0.7389
1782675270.859788,5.0528,15.7097,3.1089,0.4005,-0.8423
1782675270.909705,5.0327,15.7104,3.0666,0.4004,-0.8302
1782675270.959692,5.0126,15.7119,3.0249,0.4004,-0.9037
1782675271.009739,4.9927,15.7143,2.9794,0.4004,-0.9475
1782675271.059922,4.9726,15.7177,2.9314,0.4004,-0.8711
1782675271.109785,4.9530,15.7219,2.8877,0.4004,-0.9351
1782675271.159744,4.9335,15.7271,2.8405,0.4004,-0.9856
1782675271.209883,4.9142,15.7331,2.7908,0.4004,-0.9601
1782675271.259714,4.8954,15.7401,2.7427,0.4004,-0.9598
1782675271.360014,4.8768,15.7480,2.6943,0.4003,-0.9900
1782675271.410343,4.8587,15.7568,2.6447,0.4003,-0.5695
1782675271.460059,4.8409,15.7665,2.6160,0.4003,-0.4729
1782675271.509789,4.8235,15.7767,2.5922,0.4003,-0.3096
1782675271.559761,4.8064,15.7872,2.5768,0.4003,-0.1642
1782675271.609761,4.7894,15.7980,2.5685,0.4003,-0.1011
1782675271.659858,4.7725,15.8090,2.5635,0.4003,0.0245
1782675271.709769,4.7557,15.8200,2.5647,0.4003,0.0080
1782675271.759761,4.7389,15.8310,2.5651,0.4003,0.0282
1782675271.809775,4.7220,15.8421,2.5665,0.4003,0.0520
1782675271.859756,4.7051,15.8531,2.5692,0.4002,0.0054
1782675271.909711,4.6882,15.8640,2.5694,0.4002,-0.0307
1782675271.959942,4.6713,15.8749,2.5679,0.4002,-0.1023
1782675272.009716,4.6544,15.8859,2.5628,0.4002,-0.0469
1782675272.059773,4.6376,15.8969,2.5604,0.4002,-0.0652
1782675272.109737,4.6208,15.9080,2.5572,0.4002,-0.0928
1782675272.159743,4.6040,15.9191,2.5525,0.4002,-0.1552
1782675272.209744,4.5872,15.9304,2.5446,0.4002,-0.2474
1782675272.259802,4.5706,15.9417,2.5322,0.4002,-0.3515
1782675272.309767,4.5541,15.9532,2.5145,0.4002,-0.3762
1782675272.359723,4.5379,15.9650,2.4955,0.4002,-0.5413
1782675272.409786,4.5218,15.9772,2.4683,0.4002,-0.6264
1782675272.459736,4.5061,15.9898,2.4367,0.4002,-0.6889
1782675272.509730,4.4908,16.0028,2.4020,0.4002,-0.7514
1782675272.559990,4.4759,16.0165,2.3640,0.4002,-0.8413
1782675272.609843,4.4614,16.0307,2.3215,0.4002,-0.7022
1782675272.659806,4.4478,16.0454,2.2868,0.4001,-0.4540
1782675272.709785,4.4346,16.0606,2.2638,0.4001,-0.5398
1782675272.761176,4.4217,16.0761,2.2367,0.4001,-0.3879
1782675272.809818,4.4093,16.0920,2.2173,0.4001,-0.2366
1782675272.860046,4.3972,16.1081,2.2054,0.4001,-0.2416
1782675272.909806,4.3853,16.1243,2.1932,0.4001,-0.2039
1782675272.959723,4.3735,16.1407,2.1830,0.4001,-0.1816
1782675273.009831,4.3620,16.1572,2.1739,0.4001,-0.0940
1782675273.059729,4.3506,16.1738,2.1692,0.4001,-0.0743
1782675273.109699,4.3392,16.1905,2.1654,0.4001,-0.0359
1782675273.159794,4.3279,16.2072,2.1636,0.4001,-0.0127
1782675273.209758,4.3167,16.2238,2.1630,0.4001,-0.0010
1782675273.259887,4.3055,16.2406,2.1630,0.4001,0.0050
1782675273.309752,4.2943,16.2573,2.1632,0.4001,0.0254
1782675273.359858,4.2830,16.2740,2.1645,0.4001,0.0206
1782675273.409728,4.2718,16.2907,2.1655,0.4001,0.0296
1782675273.459742,4.2606,16.3073,2.1670,0.4001,0.0479
1782675273.509744,4.2491,16.3242,2.1695,0.4001,0.0334
1782675273.559752,4.2379,16.3406,2.1711,0.4001,0.0320
1782675273.609932,4.2265,16.3573,2.1727,0.4001,0.0168
1782675273.659748,4.2152,16.3738,2.1736,0.4001,0.0249
1782675273.710491,4.2038,16.3904,2.1748,0.4001,0.0322
1782675273.759771,4.1923,16.4070,2.1765,0.4001,0.0177
1782675273.809727,4.1809,16.4236,2.1773,0.4001,-0.0050
1782675273.859753,4.1694,16.4401,2.1771,0.4001,-0.0008
1782675273.909822,4.1579,16.4566,2.1771,0.4001,-0.0085
1782675273.960425,4.1465,16.4732,2.1767,0.4001,-0.0229
1782675274.010064,4.1350,16.4897,2.1755,0.4001,-0.0852
1782675274.059804,4.1236,16.5063,2.1712,0.4001,-0.1863
1782675274.109798,4.1122,16.5229,2.1618,0.4001,-0.2363
1782675274.159807,4.1009,16.5397,2.1499,0.4001,-0.2757
1782675274.209878,4.0900,16.5565,2.1361,0.4001,-0.2465
1782675274.259868,4.0792,16.5735,2.1237,0.4001,-0.2754
1782675274.310238,4.0686,16.5907,2.1098,0.4001,-0.3110
1782675274.359775,4.0583,16.6080,2.0944,0.4001,-0.1436
1782675274.409878,4.0480,16.6257,2.0871,0.4000,-0.2064
1782675274.459827,4.0375,16.6442,2.0768,0.4000,-0.4007
1782675274.509842,4.0282,16.6610,2.0581,0.4000,-0.1308
1782675274.559903,4.0187,16.6790,2.0515,0.4000,-0.2009
1782675274.610655,4.0093,16.6971,2.0413,0.4000,-0.2231
1782675274.659830,4.0001,16.7151,2.0300,0.4000,-0.3011
1782675274.709751,3.9911,16.7333,2.0146,0.4000,-0.4028
1782675274.759868,3.9824,16.7516,1.9942,0.4000,-0.5145
1782675274.810901,3.9741,16.7701,1.9682,0.4000,-0.3872
1782675274.859946,3.9662,16.7890,1.9483,0.4000,-0.5709
1782675274.909703,3.9587,16.8078,1.9197,0.4000,-0.3310
1782675274.959731,3.9518,16.8269,1.9029,0.4000,-0.2968
1782675275.009693,3.9452,16.8460,1.8879,0.4000,-0.2896
1782675275.059767,3.9387,16.8658,1.8728,0.4000,-0.3709
1782675275.109786,3.9327,16.8853,1.8541,0.4000,-0.2913
1782675275.159710,3.9270,16.9049,1.8392,0.4000,-0.2983
1782675275.209771,3.9217,16.9241,1.8244,0.4000,-0.1852
1782675275.259850,3.9166,16.9436,1.8151,0.4000,-0.1791
1782675275.309753,3.9117,16.9634,1.8060,0.4000,-0.1205
1782675275.359875,3.9069,16.9835,1.7998,0.4000,-0.1064
1782675275.409812,3.9024,17.0028,1.7944,0.4000,-0.1410
1782675275.459841,3.8980,17.0223,1.7874,0.4000,-0.1461
1782675275.509807,3.8936,17.0421,1.7800,0.4000,-0.0720
1782675275.559789,3.8894,17.0618,1.7764,0.4000,-0.0243
1782675275.609861,3.8853,17.0815,1.7752,0.4000,0.0206
1782675275.660136,3.8811,17.1021,1.7763,0.4000,0.0014
1782675275.709811,3.8771,17.1209,1.7764,0.4000,0.0030
1782675275.759758,3.8730,17.1406,1.7765,0.4000,-0.0060
1782675275.809711,3.8689,17.1604,1.7762,0.4000,0.0488
1782675275.859721,3.8648,17.1801,1.7787,0.4000,0.0000
1782675275.909691,3.8606,17.1998,1.7787,0.4000,0.0520
1782675275.959667,3.8565,17.2195,1.7813,0.4000,0.0317
1782675276.009737,3.8523,17.2392,1.7829,0.4000,0.0558
1782675276.059870,3.8480,17.2589,1.7857,0.4000,0.0480
1782675276.109695,3.8438,17.2786,1.7881,0.4000,0.0266
1782675276.159773,3.8394,17.2982,1.7895,0.4000,0.0572
1782675276.209687,3.8350,17.3179,1.7924,0.4000,0.0598
1782675276.259686,3.8306,17.3375,1.7953,0.4000,0.0237
1782675276.309693,3.8261,17.3571,1.7966,0.4000,0.0721
1782675276.359718,3.8216,17.3768,1.8002,0.4000,0.0455
1782675276.409674,3.8171,17.3963,1.8025,0.4000,0.0462
1782675276.459653,3.8124,17.4159,1.8048,0.4000,0.0681
1782675276.509675,3.8078,17.4355,1.8082,0.4000,0.0188
1782675276.559694,3.8031,17.4550,1.8092,0.4000,0.0341
1782675276.609680,3.7983,17.4747,1.8109,0.4000,0.0292
1782675276.659925,3.7934,17.4944,1.8124,0.4000,-0.0466
1782675276.709822,3.7886,17.5140,1.8101,0.4000,-0.0473
1782675276.759758,3.7839,17.5335,1.8077,0.4000,-0.1131
1782675276.809779,3.7791,17.5531,1.8019,0.4000,-0.2686
1782675276.859975,3.7745,17.5727,1.7883,0.4000,-0.4159
1782675276.909918,3.7702,17.5924,1.7671,0.4000,-0.6737
1782675276.959951,3.7663,17.6121,1.7331,0.4000,-0.7205
1782675277.009724,3.7630,17.6320,1.6967,0.4000,-0.8808
1782675277.059750,3.7605,17.6520,1.6525,0.4000,-0.7481
1782675277.109883,3.7589,17.6722,1.6147,0.4000,-0.6155
1782675277.159785,3.7580,17.6922,1.5838,0.4000,-0.5738
1782675277.209692,3.7577,17.7124,1.5550,0.4000,-0.3429
1782675277.259713,3.7580,17.7326,1.5377,0.4000,-0.3772
1782675277.309684,3.7587,17.7528,1.5187,0.4000,-0.3041
1782675277.359807,3.7598,17.7729,1.5035,0.4000,-0.1904
1782675277.460149,3.7611,17.7929,1.4940,0.4000,-0.1173
1782675277.509694,3.7627,17.8131,1.4880,0.4000,-0.0986
1782675277.559726,3.7643,17.8332,1.4831,0.4000,-0.0453
1782675277.609681,3.7661,17.8533,1.4808,0.4000,-0.0060
1782675277.659696,3.7679,17.8734,1.4805,0.4000,-0.0118
1782675277.709792,3.7697,17.8935,1.4799,0.4000,0.0175
1782675277.759683,3.7716,17.9135,1.4808,0.4000,0.0117
1782675277.809750,3.7734,17.9335,1.4814,0.4000,0.0280
1782675277.859751,3.7752,17.9538,1.4828,0.4000,-0.0079
1782675277.909799,3.7770,17.9738,1.4825,0.4000,0.0475
1782675277.959699,3.7788,17.9942,1.4849,0.4000,-0.0070
1782675278.009758,3.7805,18.0143,1.4845,0.4000,0.0147
1782675278.059772,3.7822,18.0343,1.4852,0.4000,-0.0169
1782675278.109702,3.7840,18.0544,1.4844,0.4000,-0.0214
1782675278.159786,3.7857,18.0744,1.4833,0.4000,0.0352
1782675278.209769,3.7875,18.0945,1.4851,0.4000,-0.0362
1782675278.259758,3.7892,18.1145,1.4833,0.4000,-0.0010
1782675278.309831,3.7909,18.1348,1.4832,0.4000,0.0111
1782675278.359764,3.7927,18.1547,1.4838,0.4000,0.0099
1782675278.409816,3.7945,18.1749,1.4843,0.4000,-0.0226
1782675278.459830,3.7962,18.1949,1.4832,0.4000,0.0178
1782675278.509749,3.7980,18.2151,1.4841,0.4000,0.0103
1782675278.559749,3.7997,18.2351,1.4846,0.4000,0.0148
1782675278.609799,3.8014,18.2552,1.4853,0.4000,-0.0068
1782675278.659724,3.8032,18.2753,1.4850,0.4000,0.0627
1782675278.709971,3.8049,18.2953,1.4881,0.4000,0.0110
1782675278.759754,3.8066,18.3154,1.4887,0.4000,0.0289
1782675278.809691,3.8082,18.3355,1.4902,0.4000,0.0341
1782675278.859700,3.8098,18.3556,1.4919,0.4000,0.0352
1782675278.909811,3.8114,18.3756,1.4937,0.4000,0.0195
1782675278.959692,3.8130,18.3957,1.4946,0.4000,0.0333
1782675279.009699,3.8145,18.4157,1.4963,0.4000,0.0218
1782675279.059707,3.8160,18.4358,1.4974,0.4000,0.0258
1782675279.109709,3.8175,18.4560,1.4987,0.4000,-0.0009
1782675279.159755,3.8189,18.4759,1.4987,0.4000,0.0308
1782675279.209709,3.8204,18.4962,1.5002,0.4000,0.0198
1782675279.259689,3.8218,18.5164,1.5012,0.4000,0.0114
1782675279.309682,3.8232,18.5364,1.5018,0.4000,0.0632
1782675279.359712,3.8246,18.5565,1.5050,0.4000,-0.0080
1782675279.409689,3.8259,18.5766,1.5046,0.4000,0.0237
1782675279.459829,3.8272,18.5967,1.5058,0.4000,0.0079
1782675279.509732,3.8286,18.6168,1.5062,0.4000,0.0149
1782675279.559860,3.8299,18.6369,1.5070,0.4000,0.0497
1782675279.609716,3.8311,18.6570,1.5094,0.4000,0.0000
1782675279.659911,3.8324,18.6770,1.5095,0.4000,0.0441
1782675279.709811,3.8336,18.6974,1.5117,0.4000,0.0212
1782675279.759882,3.8348,18.7175,1.5128,0.4000,0.0506
1782675279.810016,3.8360,18.7376,1.5153,0.4000,0.0292
1782675279.859775,3.8371,18.7576,1.5167,0.4000,-0.0270
1782675279.909791,3.8382,18.7780,1.5154,0.4000,0.0256
1782675279.959803,3.8393,18.7983,1.5167,0.4000,-0.0066
1782675280.009753,3.8404,18.8183,1.5164,0.4000,0.0109
1782675280.059797,3.8415,18.8385,1.5169,0.4000,0.0184
1782675280.110420,3.8426,18.8586,1.5178,0.4000,-0.0079
1782675280.159714,3.8437,18.8788,1.5175,0.4000,0.0519
1782675280.209723,3.8447,18.8988,1.5201,0.4000,0.0335
1782675280.259687,3.8458,18.9190,1.5217,0.4000,-0.0175
1782675280.309752,3.8467,18.9392,1.5209,0.4000,0.0157
1782675280.359714,3.8477,18.9593,1.5216,0.4000,-0.0135
1782675280.410160,3.8487,18.9793,1.5210,0.4000,0.0180
1782675280.459711,3.8497,18.9994,1.5219,0.4000,0.0210
1782675280.509719,3.8507,19.0196,1.5229,0.4000,0.0039
1782675280.559707,3.8517,19.0397,1.5231,0.4000,-0.0137
1782675280.609694,3.8526,19.0598,1.5224,0.4000,-0.0099
1782675280.659748,3.8536,19.0799,1.5219,0.4000,-0.0168
1782675280.709676,3.8546,19.1001,1.5211,0.4000,0.0515
1782675280.759752,3.8556,19.1201,1.5237,0.4000,-0.0111
1782675280.809680,3.8565,19.1403,1.5231,0.4000,0.0198
1782675280.859695,3.8575,19.1604,1.5241,0.4000,0.0079
1782675280.910043,3.8584,19.1805,1.5245,0.4000,0.0148
1782675280.959899,3.8594,19.2006,1.5253,0.4000,0.0218
1782675281.010576,3.8603,19.2208,1.5264,0.4000,0.0387
1782675281.059806,3.8612,19.2409,1.5283,0.4000,0.0139
1782675281.109860,3.8620,19.2610,1.5290,0.4000,-0.0097
1782675281.159727,3.8629,19.2811,1.5285,0.4000,0.0176
1782675281.209849,3.8637,19.3012,1.5294,0.4000,0.0269
1782675281.259775,3.8646,19.3213,1.5308,0.4000,0.0395
1782675281.309828,3.8654,19.3414,1.5328,0.4000,0.0540
1782675281.359845,3.8661,19.3616,1.5355,0.4000,0.0295
1782675281.409688,3.8669,19.3817,1.5370,0.4000,0.0458
1782675281.459722,3.8675,19.4019,1.5393,0.4000,0.0376
1782675281.510116,3.8682,19.4220,1.5412,0.4000,0.0444
1782675281.559680,3.8688,19.4420,1.5434,0.4000,0.0407
1782675281.609687,3.8693,19.4622,1.5455,0.4000,0.0347
1782675281.659683,3.8698,19.4822,1.5472,0.4000,0.0561
1782675281.709689,3.8703,19.5023,1.5501,0.4000,0.0407
1782675281.759778,3.8707,19.5225,1.5521,0.4000,0.0257
1782675281.809681,3.8711,19.5426,1.5534,0.4000,0.0326
1782675281.859737,3.8714,19.5627,1.5550,0.4000,0.0099
1782675281.909673,3.8718,19.5828,1.5555,0.4000,0.0332
1782675281.959761,3.8721,19.6029,1.5572,0.4000,0.0141
1782675282.009686,3.8723,19.6231,1.5579,0.4000,0.0516
1782675282.059664,3.8726,19.6433,1.5605,0.4000,-0.0196
1782675282.109726,3.8728,19.6634,1.5595,0.4000,0.0278
1782675282.159772,3.8730,19.6836,1.5609,0.4000,0.0386
1782675282.209962,3.8732,19.7039,1.5629,0.4000,0.2898
1782675282.259869,3.8734,19.7240,1.5774,0.4000,0.3211
1782675282.309938,3.8733,19.7442,1.5935,0.4000,0.2308
1782675282.359751,3.8728,19.7644,1.6052,0.4000,0.3894
1782675282.409916,3.8721,19.7845,1.6248,0.4000,0.3681
1782675282.459980,3.8710,19.8046,1.6433,0.4000,0.3606
1782675282.509801,3.8695,19.8247,1.6614,0.4000,0.2986
1782675282.559907,3.8677,19.8447,1.6763,0.4000,0.2554
1782675282.609786,3.8656,19.8648,1.6892,0.4000,0.2192
1782675282.659660,3.8632,19.8848,1.7002,0.4000,0.2339
1782675282.709689,3.8606,19.9048,1.7120,0.4000,0.2948
1782675282.759685,3.8578,19.9247,1.7268,0.4000,0.1967
1782675282.809690,3.8546,19.9446,1.7367,0.4000,0.2781
1782675282.859684,3.8513,19.9645,1.7507,0.4000,0.2198
1782675282.910458,3.8477,19.9844,1.7618,0.4000,0.2534
1782675282.959687,3.8439,20.0041,1.7745,0.4000,0.2932
1782675283.009689,3.8398,20.0238,1.7892,0.4000,0.1552
1782675283.059752,3.8354,20.0435,1.7971,0.4000,0.1443
1782675283.109658,3.8309,20.0631,1.8043,0.4000,0.1220
1782675283.159676,3.8262,20.0828,1.8105,0.4000,0.1157
1782675283.209674,3.8215,20.1023,1.8163,0.4000,0.1047
1782675283.259691,3.8166,20.1219,1.8216,0.4000,0.0950
1782675283.309686,3.8116,20.1413,1.8263,0.4000,0.1006
1782675283.359989,3.8065,20.1608,1.8314,0.4000,0.1124
1782675283.409774,3.8013,20.1804,1.8371,0.4000,0.1028
1782675283.459734,3.7960,20.1997,1.8423,0.4000,0.1090
1782675283.510030,3.7906,20.2191,1.8478,0.4000,0.1093
1782675283.559922,3.7851,20.2384,1.8533,0.4000,0.1378
1782675283.609873,3.7795,20.2578,1.8602,0.4000,0.1510
1782675283.659804,3.7737,20.2771,1.8678,0.4000,0.1785
1782675283.709723,3.7678,20.2964,1.8767,0.4000,0.1112
1782675283.759753,3.7618,20.3155,1.8824,0.4000,0.2903
1782675283.809697,3.7556,20.3347,1.8970,0.4000,0.2496
1782675283.859666,3.7492,20.3537,1.9095,0.4000,0.2981
1782675283.909703,3.7425,20.3728,1.9246,0.4000,0.3445
1782675283.959790,3.7355,20.3916,1.9419,0.4000,0.4186
1782675284.009738,3.7282,20.4103,1.9629,0.4000,0.3422
1782675284.110344,3.7205,20.4290,1.9802,0.4000,0.2770
1782675284.159685,3.7125,20.4475,1.9942,0.4000,0.2733
1782675284.209695,3.7041,20.4660,2.0080,0.4000,0.2024
1782675284.259681,3.6956,20.4843,2.0182,0.4000,0.1942
1782675284.309715,3.6869,20.5024,2.0279,0.4000,0.1357
1782675284.359713,3.6780,20.5205,2.0348,0.4000,0.1437
1782675284.409660,3.6689,20.5385,2.0420,0.4000,0.0805
1782675284.459798,3.6598,20.5565,2.0460,0.4000,0.0740
1782675284.509740,3.6506,20.5743,2.0497,0.4000,0.0674
1782675284.559690,3.6414,20.5922,2.0532,0.4000,0.1488
1782675284.609803,3.6320,20.6100,2.0606,0.4000,0.0951
1782675284.659698,3.6225,20.6278,2.0654,0.4000,0.1007
1782675284.709690,3.6130,20.6455,2.0705,0.4000,0.1489
1782675284.759919,3.6033,20.6631,2.0780,0.4000,0.2006
1782675284.809808,3.5935,20.6808,2.0881,0.4000,0.2550
1782675284.859864,3.5836,20.6983,2.1009,0.4000,0.2468
1782675284.909750,3.5734,20.7156,2.1132,0.4000,0.2998
1782675284.959862,3.5630,20.7329,2.1284,0.4000,0.4081
1782675285.009734,3.5523,20.7500,2.1489,0.4000,0.3419
1782675285.059851,3.5414,20.7668,2.1660,0.4000,0.3421
1782675285.109779,3.5300,20.7835,2.1833,0.4000,0.3559
1782675285.159723,3.5184,20.8000,2.2011,0.4000,0.2042
1782675285.209752,3.5066,20.8163,2.2114,0.4000,0.2050
1782675285.259678,3.4945,20.8325,2.2217,0.4000,0.1056
1782675285.309793,3.4824,20.8484,2.2270,0.4000,0.1124
1782675285.359746,3.4701,20.8644,2.2326,0.4000,0.0915
1782675285.409684,3.4577,20.8803,2.2372,0.4000,0.1029
1782675285.459691,3.4453,20.8961,2.2424,0.4000,0.1225
1782675285.509718,3.4327,20.9119,2.2486,0.4000,0.0725
1782675285.559721,3.4201,20.9275,2.2522,0.4000,0.0881
1782675285.609660,3.4074,20.9431,2.2567,0.4000,0.0979
1782675285.659826,3.3947,20.9588,2.2616,0.4000,0.1069
1782675285.709699,3.3818,20.9743,2.2670,0.4000,0.0990
1782675285.759729,3.3688,20.9898,2.2720,0.4000,0.1077
1782675285.809721,3.3559,21.0051,2.2775,0.4000,0.1501
1782675285.859683,3.3428,21.0205,2.2851,0.4000,0.1297
1782675285.909770,3.3297,21.0356,2.2916,0.4000,0.1306
1782675285.959702,3.3164,21.0508,2.2981,0.4000,0.1402
1782675286.009725,3.3029,21.0659,2.3053,0.4000,0.1573
1782675286.059709,3.2895,21.0807,2.3131,0.4000,0.1605
1782675286.109773,3.2759,21.0956,2.3213,0.4000,0.1948
1782675286.159741,3.2621,21.1103,2.3311,0.4000,0.1489
1782675286.209813,3.2482,21.1249,2.3386,0.4000,0.1442
1782675286.259780,3.2342,21.1394,2.3459,0.4000,0.1581
1782675286.309845,3.2202,21.1538,2.3538,0.4000,0.0990
1782675286.359798,3.2059,21.1681,2.3588,0.4000,0.2001
1782675286.409946,3.1917,21.1823,2.3689,0.4000,0.1862
1782675286.459749,3.1772,21.1964,2.3783,0.4000,0.1634
1782675286.509773,3.1626,21.2103,2.3866,0.4000,0.2347
1782675286.559933,3.1479,21.2241,2.3983,0.4000,0.1962
1782675286.609758,3.1331,21.2378,2.4083,0.4000,0.3003
1782675286.659718,3.1182,21.2512,2.4233,0.4000,0.3008
1782675286.709748,3.1030,21.2645,2.4385,0.4000,0.2890
1782675286.759852,3.0876,21.2775,2.4530,0.4000,0.1876
1782675286.809716,3.0721,21.2903,2.4624,0.4000,0.1753
1782675286.859716,3.0564,21.3029,2.4712,0.4000,0.1595
1782675286.909690,3.0406,21.3154,2.4793,0.4000,0.1206
1782675286.959815,3.0248,21.3278,2.4853,0.4000,0.1358
1782675287.009790,3.0088,21.3401,2.4921,0.4000,0.0728
1782675287.059669,2.9928,21.3523,2.4958,0.4000,0.1203
1782675287.109704,2.9767,21.3644,2.5019,0.4000,0.1208
1782675287.159716,2.9605,21.3764,2.5080,0.4000,0.1146
1782675287.209679,2.9444,21.3883,2.5137,0.4000,0.0568
1782675287.259681,2.9280,21.4002,2.5166,0.4000,0.0976
1782675287.309679,2.9117,21.4120,2.5216,0.4000,0.1288
1782675287.359682,2.8953,21.4236,2.5280,0.4000,0.1159
1782675287.409676,2.8788,21.4352,2.5339,0.4000,0.1315
1782675287.459811,2.8623,21.4467,2.5405,0.4000,0.1333
1782675287.509726,2.8456,21.4582,2.5473,0.4000,0.1439
1782675287.559846,2.8289,21.4695,2.5545,0.4000,0.1644
1782675287.609913,2.8122,21.4806,2.5628,0.4000,0.1358
1782675287.659725,2.7953,21.4916,2.5697,0.4000,0.1610
1782675287.709835,2.7784,21.5025,2.5777,0.4000,0.1332
1782675287.759776,2.7614,21.5133,2.5845,0.4000,0.1754
1782675287.809987,2.7442,21.5240,2.5933,0.4000,0.1267
1782675287.859839,2.7269,21.5345,2.5997,0.4000,0.1161
1782675287.909819,2.7098,21.5448,2.6056,0.4000,0.1046
1782675287.959793,2.6925,21.5551,2.6108,0.4000,0.1314
1782675288.009749,2.6752,21.5653,2.6174,0.4000,0.1456
1782675288.059747,2.6578,21.5753,2.6248,0.4000,0.1710
1782675288.109816,2.6402,21.5853,2.6334,0.4000,0.1832
1782675288.159906,2.6226,21.5951,2.6426,0.4000,0.1742
1782675288.209709,2.6050,21.6047,2.6514,0.4000,0.1382
1782675288.259772,2.5872,21.6142,2.6583,0.4000,0.1744
1782675288.309770,2.5694,21.6235,2.6671,0.4000,0.0844
1782675288.359748,2.5515,21.6327,2.6714,0.4000,0.1270
1782675288.409900,2.5336,21.6418,2.6777,0.4000,0.1149
1782675288.459870,2.5156,21.6508,2.6835,0.4000,0.0447
1782675288.509732,2.4976,21.6597,2.6858,0.4000,0.0413
1782675288.559711,2.4795,21.6686,2.6879,0.4000,0.0155
1782675288.609713,2.4614,21.6774,2.6886,0.4000,-0.2613
1782675288.659740,2.4433,21.6862,2.6754,0.4000,-0.3777
1782675288.709727,2.4254,21.6953,2.6566,0.4000,-0.2312
1782675288.759857,2.4075,21.7047,2.6448,0.4000,-0.3785
1782675288.810195,2.3898,21.7142,2.6258,0.4000,-0.3221
1782675288.860023,2.3723,21.7242,2.6096,0.4000,-0.2709
1782675288.909945,2.3548,21.7345,2.5958,0.4000,-0.2844
1782675288.959805,2.3376,21.7449,2.5816,0.4000,-0.2146
1782675289.009790,2.3205,21.7557,2.5707,0.4000,-0.2278
1782675289.059839,2.3035,21.7666,2.5592,0.4000,-0.1256
1782675289.109817,2.2867,21.7777,2.5529,0.4000,-0.1048
1782675289.159878,2.2698,21.7889,2.5477,0.4000,-0.0414
1782675289.209835,2.2531,21.8002,2.5456,0.4000,-0.0257
1782675289.259833,2.2365,21.8114,2.5443,0.4000,-0.0050
1782675289.309881,2.2197,21.8229,2.5441,0.4000,0.0464
1782675289.359867,2.2030,21.8343,2.5465,0.4000,0.0471
1782675289.409717,2.1863,21.8456,2.5488,0.4000,0.0178
1782675289.459747,2.1696,21.8568,2.5498,0.4000,0.0626
1782675289.509784,2.1529,21.8681,2.5529,0.4000,0.0263
1782675289.559742,2.1362,21.8792,2.5542,0.4000,-0.0129
1782675289.609724,2.1194,21.8904,2.5535,0.4000,0.0089
1782675289.659831,2.1025,21.9016,2.5540,0.4000,0.0219
1782675289.709756,2.0858,21.9127,2.5551,0.4000,0.0391
1782675289.759730,2.0690,21.9239,2.5571,0.4000,0.0339
1782675289.809817,2.0522,21.9350,2.5588,0.4000,0.0726
1782675289.859749,2.0354,21.9461,2.5624,0.4000,0.0327
1782675289.909742,2.0186,21.9571,2.5641,0.4000,0.0080
1782675289.959759,2.0017,21.9681,2.5645,0.4000,0.0431
1782675290.010043,1.9848,21.9791,2.5666,0.4000,-0.0235
1782675290.059945,1.9679,21.9901,2.5655,0.4000,0.0176
1782675290.110016,1.9510,22.0010,2.5663,0.4000,-0.0010
1782675290.159984,1.9341,22.0120,2.5664,0.4000,0.0825
1782675290.210091,1.9172,22.0229,2.5705,0.4000,0.0486
1782675290.259826,1.9003,22.0338,2.5729,0.4000,0.0492
1782675290.309737,1.8831,22.0448,2.5754,0.4000,0.0210
1782675290.359848,1.8662,22.0556,2.5765,0.4000,0.0108
1782675290.409755,1.8492,22.0664,2.5770,0.4000,0.0432
1782675290.459848,1.8321,22.0771,2.5792,0.4000,0.0396
1782675290.509935,1.8151,22.0879,2.5812,0.4000,0.0232
1782675290.559703,1.7981,22.0986,2.5823,0.4000,0.0080
1782675290.609710,1.7810,22.1093,2.5828,0.4000,0.0278
1782675290.659786,1.7639,22.1200,2.5841,0.4000,-0.0242
1782675290.709742,1.7468,22.1306,2.5830,0.4000,0.0248
1782675290.760061,1.7298,22.1412,2.5842,0.4000,0.0580
1782675290.809757,1.7126,22.1519,2.5871,0.4000,0.0429
1782675290.859797,1.6956,22.1625,2.5893,0.4000,0.0199
1782675290.909751,1.6784,22.1731,2.5903,0.4000,0.0185
1782675290.959743,1.6613,22.1836,2.5912,0.4000,-0.0010
1782675291.009954,1.6442,22.1941,2.5912,0.4000,0.0221
1782675291.110130,1.6269,22.2047,2.5922,0.4000,0.0394
1782675291.159794,1.6097,22.2152,2.5942,0.4000,0.0327
1782675291.209764,1.5925,22.2257,2.5958,0.4000,0.0180
1782675291.259801,1.5752,22.2362,2.5967,0.4000,0.0239
1782675291.309715,1.5580,22.2466,2.5979,0.4000,0.0087
1782675291.359941,1.5408,22.2570,2.5984,0.4000,0.0000
1782675291.409844,1.5235,22.2675,2.5984,0.4000,0.0819
1782675291.459771,1.5063,22.2779,2.6025,0.4000,0.0223
1782675291.509863,1.4890,22.2882,2.6036,0.4000,0.0393
1782675291.559877,1.4717,22.2985,2.6056,0.4000,0.0627
1782675291.609832,1.4544,22.3088,2.6088,0.4000,0.0482
1782675291.660116,1.4371,22.3190,2.6112,0.4000,0.0556
1782675291.709924,1.4197,22.3292,2.6140,0.4000,0.0664
1782675291.759770,1.4023,22.3394,2.6174,0.4000,0.0510
1782675291.809924,1.3848,22.3495,2.6199,0.4000,0.0360
1782675291.859766,1.3673,22.3595,2.6217,0.4000,0.0377
1782675291.909750,1.3498,22.3696,2.6236,0.4000,0.0262
1782675291.959752,1.3324,22.3795,2.6250,0.4000,0.0653
1782675292.009748,1.3148,22.3895,2.6283,0.4000,0.0238
1782675292.059702,1.2973,22.3993,2.6295,0.4000,0.0880
1782675292.109800,1.2797,22.4092,2.6339,0.4000,0.0400
1782675292.159783,1.2622,22.4190,2.6359,0.4000,0.1382
1782675292.209718,1.2445,22.4287,2.6431,0.4000,0.4604
1782675292.259749,1.2268,22.4384,2.6663,0.4000,0.5388
1782675292.309734,1.2089,22.4476,2.6935,0.4000,0.7330
1782675292.359668,1.1907,22.4563,2.7308,0.4000,1.0566
1782675292.409761,1.1722,22.4644,2.7842,0.4000,1.0375
1782675292.459772,1.1534,22.4714,2.8363,0.4000,1.0077
1782675292.509806,1.1342,22.4774,2.8869,0.4000,0.9366
1782675292.559860,1.1147,22.4825,2.9341,0.4000,0.9857
1782675292.609798,1.0950,22.4867,2.9838,0.4000,0.7776
1782675292.659761,1.0750,22.4898,3.0228,0.4000,0.4125
1782675292.709882,1.0550,22.4922,3.0435,0.4000,0.3664
1782675292.759857,1.0350,22.4942,3.0618,0.4000,0.2397
1782675292.809772,1.0149,22.4958,3.0739,0.4000,0.2260
1782675292.859699,0.9948,22.4971,3.0852,0.4000,0.1432
1782675292.909862,0.9746,22.4983,3.0925,0.4000,0.1340
1782675292.959753,0.9547,22.4993,3.0992,0.4000,0.1441
1782675293.009825,0.9344,22.5001,3.1065,0.4000,0.1394
1782675293.059823,0.9142,22.5008,3.1135,0.4000,0.1123
1782675293.109704,0.8941,22.5014,3.1192,0.4000,0.1243
1782675293.159800,0.8740,22.5018,3.1255,0.4000,0.1248
1782675293.209832,0.8538,22.5022,3.1317,0.4000,0.1137
1782675293.259702,0.8337,22.5024,3.1375,0.4000,0.1136
1782675293.309738,0.8136,22.5024,-3.1400,0.4000,0.1876
1782675293.359738,0.7935,22.5024,-3.1305,0.4000,0.1409
1782675293.409700,0.7733,22.5022,-3.1234,0.4000,0.1548
1782675293.459730,0.7532,22.5018,-3.1157,0.4000,0.0952
1782675293.510367,0.7330,22.5013,-3.1108,0.4000,0.1429
1782675293.559691,0.7130,22.5007,-3.1036,0.4000,0.1339
1782675293.609752,0.6929,22.4999,-3.0969,0.4000,0.1373
1782675293.659728,0.6728,22.4990,-3.0900,0.4000,0.0882
1782675293.709823,0.6526,22.4980,-3.0856,0.4000,0.1288
1782675293.759850,0.6325,22.4968,-3.0791,0.4000,0.0975
1782675293.809734,0.6124,22.4956,-3.0742,0.4000,0.1273
1782675293.859817,0.5921,22.4942,-3.0677,0.4000,0.0805
1782675293.909855,0.5722,22.4927,-3.0637,0.4000,0.1122
1782675293.959826,0.5520,22.4912,-3.0580,0.4000,0.1145
1782675294.009811,0.5319,22.4895,-3.0522,0.4000,0.1290
1782675294.059906,0.5119,22.4877,-3.0457,0.4000,0.1121
1782675294.110184,0.4918,22.4857,-3.0400,0.4000,0.1059
1782675294.159887,0.4718,22.4837,-3.0347,0.4000,0.1125
1782675294.209854,0.4518,22.4816,-3.0290,0.4000,0.1110
1782675294.259830,0.4317,22.4793,-3.0234,0.4000,0.1366
1782675294.309812,0.4118,22.4769,-3.0166,0.4000,0.0820
1782675294.359788,0.3917,22.4744,-3.0124,0.4000,0.1209
1782675294.409726,0.3719,22.4718,-3.0063,0.4000,0.1330
1782675294.459773,0.3519,22.4691,-2.9996,0.4000,0.1227
1782675294.509712,0.3320,22.4662,-2.9934,0.4000,0.1056
1782675294.559774,0.3121,22.4633,-2.9881,0.4000,0.1257
1782675294.609788,0.2922,22.4602,-2.9818,0.4000,0.1449
1782675294.659742,0.2724,22.4570,-2.9745,0.4000,0.1151
1782675294.709783,0.2525,22.4537,-2.9687,0.4000,0.1469
1782675294.759741,0.2327,22.4502,-2.9613,0.4000,0.1695
1782675294.809787,0.2129,22.4466,-2.9528,0.4000,0.1849
1782675294.859728,0.1931,22.4428,-2.9435,0.4000,0.1616
1782675294.909747,0.1734,22.4388,-2.9354,0.4000,0.1826
1782675294.959771,0.1537,22.4347,-2.9262,0.4000,0.3091
1782675295.009712,0.1340,22.4304,-2.9106,0.4000,0.3936
1782675295.059823,0.1144,22.4258,-2.8909,0.4000,0.2784
1782675295.109739,0.0950,22.4208,-2.8769,0.4000,0.2112
1782675295.159675,0.0756,22.4156,-2.8663,0.4000,0.2063
1782675295.209762,0.0562,22.4101,-2.8559,0.4000,0.2123
1782675295.259795,0.0368,22.4044,-2.8452,0.4000,0.1559
1782675295.309764,0.0176,22.3985,-2.8373,0.4000,0.1661
1782675295.359854,-0.0016,22.3925,-2.8290,0.4000,0.1463
1782675295.409830,-0.0208,22.3863,-2.8216,0.4000,0.1225
1782675295.459895,-0.0399,22.3799,-2.8154,0.4000,0.1089
1782675295.509813,-0.0589,22.3735,-2.8100,0.4000,0.1038
1782675295.559947,-0.0780,22.3670,-2.8048,0.4000,0.1075
1782675295.609923,-0.0970,22.3603,-2.7993,0.4000,0.0937
1782675295.659878,-0.1162,22.3535,-2.7945,0.4000,0.1070
1782675295.709797,-0.1349,22.3467,-2.7892,0.4000,0.0917
1782675295.759718,-0.1539,22.3397,-2.7846,0.4000,0.1194
1782675295.809796,-0.1727,22.3327,-2.7786,0.4000,0.1058
1782675295.859743,-0.1915,22.3255,-2.7732,0.4000,0.1368
1782675295.909708,-0.2103,22.3183,-2.7663,0.4000,0.1386
1782675295.959768,-0.2291,22.3109,-2.7593,0.4000,0.1240
1782675296.009791,-0.2478,22.3034,-2.7531,0.4000,0.1491
1782675296.059708,-0.2664,22.2958,-2.7456,0.4000,0.1621
1782675296.109773,-0.2849,22.2880,-2.7374,0.4000,0.1321
1782675296.159745,-0.3034,22.2801,-2.7308,0.4000,0.1334
1782675296.209701,-0.3218,22.2721,-2.7241,0.4000,0.1427
1782675296.259800,-0.3402,22.2639,-2.7169,0.4000,0.1481
1782675296.309719,-0.3586,22.2556,-2.7094,0.4000,0.1399
1782675296.359663,-0.3769,22.2472,-2.7024,0.4000,0.1465
1782675296.409742,-0.3951,22.2386,-2.6950,0.4000,0.1338
1782675296.459731,-0.4132,22.2299,-2.6883,0.4000,0.1417
1782675296.509721,-0.4314,22.2210,-2.6811,0.4000,0.1233
1782675296.559756,-0.4494,22.2121,-2.6749,0.4000,0.1025
1782675296.609822,-0.4674,22.2031,-2.6697,0.4000,0.1688
1782675296.659868,-0.4853,22.1939,-2.6612,0.4000,0.0994
1782675296.709879,-0.5032,22.1846,-2.6562,0.4000,0.1261
1782675296.759845,-0.5210,22.1752,-2.6499,0.4000,0.0673
1782675296.809823,-0.5388,22.1657,-2.6465,0.4000,0.1289
1782675296.859855,-0.5565,22.1561,-2.6400,0.4000,0.0951
1782675296.909827,-0.5742,22.1464,-2.6351,0.4000,0.1565
1782675296.959828,-0.5918,22.1367,-2.6273,0.4000,0.1466
1782675297.009855,-0.6092,22.1268,-2.6199,0.4000,0.1002
1782675297.060583,-0.6268,22.1167,-2.6149,0.4000,0.1261
1782675297.109747,-0.6441,22.1066,-2.6086,0.4000,0.0822
1782675297.159773,-0.6615,22.0964,-2.6044,0.4000,0.1296
1782675297.209870,-0.6788,22.0860,-2.5978,0.4000,0.1096
1782675297.259760,-0.6960,22.0756,-2.5924,0.4000,0.0524
1782675297.309783,-0.7132,22.0651,-2.5897,0.4000,0.0889
1782675297.359720,-0.7304,22.0546,-2.5852,0.4000,0.1041
1782675297.409739,-0.7474,22.0440,-2.5800,0.4000,0.0957
1782675297.459717,-0.7644,22.0332,-2.5752,0.4000,0.0916
1782675297.509699,-0.7814,22.0225,-2.5705,0.4000,0.1205
1782675297.559913,-0.7984,22.0116,-2.5645,0.4000,0.0964
1782675297.609720,-0.8152,22.0006,-2.5596,0.4000,0.0676
1782675297.659718,-0.8320,21.9895,-2.5563,0.4000,-0.0167
1782675297.709721,-0.8488,21.9784,-2.5571,0.4000,-0.0228
1782675297.759754,-0.8656,21.9673,-2.5582,0.4000,0.0822
1782675297.809665,-0.8824,21.9562,-2.5540,0.4000,0.1352
1782675297.859726,-0.8991,21.9451,-2.5472,0.4000,0.1515
1782675297.909737,-0.9158,21.9338,-2.5396,0.4000,0.1056
1782675297.959704,-0.9324,21.9224,-2.5343,0.4000,0.1656
1782675298.009744,-0.9489,21.9109,-2.5260,0.4000,0.2001
1782675298.059904,-0.9654,21.8992,-2.5159,0.4000,0.2417
1782675298.109725,-0.9817,21.8874,-2.5037,0.4000,0.3178
1782675298.159745,-0.9979,21.8754,-2.4877,0.4000,0.3928
1782675298.209809,-1.0139,21.8632,-2.4680,0.4000,0.3646
1782675298.310297,-1.0297,21.8506,-2.4496,0.4000,0.4142
1782675298.359984,-1.0452,21.8377,-2.4288,0.4000,0.4297
1782675298.409792,-1.0606,21.8245,-2.4072,0.4000,0.3377
1782675298.459973,-1.0755,21.8110,-2.3903,0.4000,0.2953
1782675298.509757,-1.0902,21.7972,-2.3755,0.4000,0.1834
1782675298.559733,-1.1047,21.7832,-2.3664,0.4000,0.1405
1782675298.609730,-1.1191,21.7691,-2.3593,0.4000,0.1405
1782675298.659758,-1.1334,21.7549,-2.3523,0.4000,0.1112
1782675298.709715,-1.1476,21.7406,-2.3468,0.4000,0.1594
1782675298.759821,-1.1617,21.7263,-2.3388,0.4000,0.2604
1782675298.809725,-1.1757,21.7118,-2.3257,0.4000,0.3141
1782675298.859712,-1.1895,21.6971,-2.3099,0.4000,0.3674
1782675298.909785,-1.2031,21.6822,-2.2913,0.4000,0.4480
1782675298.959751,-1.2164,21.6671,-2.2689,0.4000,0.3021
1782675299.009718,-1.2293,21.6516,-2.2538,0.4000,0.1481
1782675299.059791,-1.2420,21.6361,-2.2464,0.4000,0.0320
1782675299.109740,-1.2546,21.6203,-2.2448,0.4000,0.0474
1782675299.159669,-1.2672,21.6045,-2.2423,0.4000,0.0820
1782675299.209743,-1.2798,21.5887,-2.2382,0.4000,0.1133
1782675299.259736,-1.2923,21.5728,-2.2324,0.4000,0.1562
1782675299.309687,-1.3047,21.5570,-2.2246,0.4000,0.1585
1782675299.359791,-1.3169,21.5409,-2.2166,0.4000,0.1503
1782675299.409983,-1.3290,21.5249,-2.2090,0.4000,0.1641
1782675299.459929,-1.3410,21.5087,-2.2007,0.4000,0.1287
1782675299.510110,-1.3530,21.4923,-2.1942,0.4000,0.1428
1782675299.559818,-1.3647,21.4761,-2.1871,0.4000,0.1038
1782675299.609925,-1.3763,21.4596,-2.1818,0.4000,0.1313
1782675299.659896,-1.3879,21.4430,-2.1752,0.4000,0.1104
1782675299.709790,-1.3994,21.4264,-2.1696,0.4000,0.1441
1782675299.759860,-1.4107,21.4098,-2.1623,0.4000,0.1516
1782675299.809836,-1.4220,21.3930,-2.1546,0.4000,0.1797
1782675299.860119,-1.4331,21.3762,-2.1456,0.4000,0.1107
1782675299.909791,-1.4440,21.3594,-2.1400,0.4000,0.1334
1782675299.959812,-1.4549,21.3424,-2.1333,0.4000,0.1022
1782675300.009737,-1.4656,21.3254,-2.1282,0.4000,0.0824
1782675300.059779,-1.4762,21.3083,-2.1241,0.4000,0.1245
1782675300.109790,-1.4869,21.2910,-2.1178,0.4000,0.1470
1782675300.159746,-1.4976,21.2734,-2.1103,0.4000,0.1544
1782675300.209762,-1.5079,21.2563,-2.1026,0.4000,0.1937
1782675300.259743,-1.5181,21.2388,-2.0929,0.4000,0.2445
1782675300.309912,-1.5282,21.2214,-2.0807,0.4000,0.2591
1782675300.359891,-1.5380,21.2039,-2.0677,0.4000,0.2320
1782675300.409728,-1.5476,21.1862,-2.0560,0.4000,0.2079
1782675300.459713,-1.5570,21.1682,-2.0456,0.4000,0.1147
1782675300.509756,-1.5662,21.1504,-2.0399,0.4000,0.0649
1782675300.559780,-1.5753,21.1325,-2.0366,0.4000,0.0543
1782675300.609750,-1.5843,21.1145,-2.0338,0.4000,0.1163
1782675300.660226,-1.5933,21.0965,-2.0280,0.4000,0.1030
1782675300.709759,-1.6022,21.0784,-2.0228,0.4000,0.1138
1782675300.759725,-1.6111,21.0602,-2.0170,0.4000,0.1351
1782675300.809774,-1.6197,21.0420,-2.0103,0.4000,0.1301
1782675300.859733,-1.6283,21.0238,-2.0037,0.4000,0.2342
1782675300.909778,-1.6368,21.0055,-1.9918,0.4000,0.2925
1782675300.959852,-1.6450,20.9871,-1.9769,0.4000,0.5519
1782675301.009811,-1.6530,20.9685,-1.9489,0.4000,0.7528
1782675301.059749,-1.6604,20.9498,-1.9109,0.4000,0.8790
1782675301.110004,-1.6671,20.9308,-1.8663,0.4000,0.9535
1782675301.159822,-1.6730,20.9115,-1.8182,0.4000,1.0298
1782675301.209830,-1.6780,20.8915,-1.7651,0.4000,0.9170
1782675301.260455,-1.6819,20.8716,-1.7186,0.4000,0.7389
1782675301.309792,-1.6849,20.8517,-1.6815,0.4000,0.5629
1782675301.359799,-1.6871,20.8316,-1.6533,0.4000,0.2901
1782675301.409972,-1.6888,20.8113,-1.6386,0.4000,0.1819
1782675301.459839,-1.6902,20.7914,-1.6295,0.4000,0.1726
1782675301.509817,-1.6913,20.7713,-1.6209,0.4000,0.1017
1782675301.559905,-1.6923,20.7512,-1.6157,0.4000,0.1063
1782675301.609799,-1.6932,20.7310,-1.6104,0.4000,0.0775
1782675301.659768,-1.6940,20.7110,-1.6065,0.4000,0.0627
1782675301.709805,-1.6948,20.6908,-1.6034,0.4000,0.0563
1782675301.759754,-1.6954,20.6707,-1.6006,0.4000,0.0229
1782675301.809695,-1.6960,20.6507,-1.5994,0.4000,0.0243
1782675301.859880,-1.6966,20.6304,-1.5982,0.4000,0.0535
1782675301.909738,-1.6971,20.6103,-1.5955,0.4000,0.0280
1782675301.959717,-1.6976,20.5902,-1.5941,0.4000,0.0482
1782675302.009779,-1.6981,20.5700,-1.5916,0.4000,0.0802
1782675302.059722,-1.6985,20.5499,-1.5876,0.4000,0.0713
1782675302.110099,-1.6989,20.5297,-1.5840,0.4000,0.0803
1782675302.159744,-1.6991,20.5095,-1.5799,0.4000,0.0851
1782675302.209699,-1.6993,20.4895,-1.5757,0.4000,0.0691
1782675302.259726,-1.6994,20.4694,-1.5722,0.4000,0.1039
1782675302.309759,-1.6994,20.4492,-1.5670,0.4000,0.0686
1782675302.359727,-1.6994,20.4291,-1.5635,0.4000,0.1090
1782675302.409907,-1.6992,20.4090,-1.5580,0.4000,0.1187
1782675302.459886,-1.6990,20.3888,-1.5520,0.4000,0.0832
1782675302.509864,-1.6986,20.3687,-1.5478,0.4000,0.1522
1782675302.559838,-1.6981,20.3486,-1.5402,0.4000,0.0528
1782675302.609939,-1.6975,20.3285,-1.5375,0.4000,0.1445
1782675302.659921,-1.6968,20.3083,-1.5302,0.4000,0.0965
1782675302.709854,-1.6960,20.2881,-1.5253,0.4000,0.1504
1782675302.759869,-1.6951,20.2680,-1.5177,0.4000,0.1073
1782675302.810061,-1.6940,20.2479,-1.5123,0.4000,0.0882
1782675302.859796,-1.6928,20.2278,-1.5078,0.4000,0.0640
1782675302.909853,-1.6916,20.2077,-1.5048,0.4000,-0.2443
1782675302.959786,-1.6902,20.1875,-1.5173,0.4000,-0.3305
1782675303.009849,-1.6892,20.1675,-1.5340,0.4000,-0.3885
1782675303.059955,-1.6884,20.1470,-1.5540,0.4000,-0.4555
1782675303.109751,-1.6881,20.1270,-1.5768,0.4000,-0.4428
1782675303.159765,-1.6882,20.1070,-1.5989,0.4000,-0.2578
1782675303.209860,-1.6888,20.0868,-1.6118,0.4000,-0.0708
1782675303.259723,-1.6896,20.0667,-1.6153,0.4000,-0.0040
1782675303.309829,-1.6905,20.0465,-1.6155,0.4000,0.0040
1782675303.359786,-1.6914,20.0264,-1.6153,0.4000,0.0177
1782675303.409732,-1.6923,20.0064,-1.6144,0.4000,0.0367
1782675303.459774,-1.6932,19.9863,-1.6126,0.4000,-0.0331
1782675303.509762,-1.6940,19.9662,-1.6142,0.4000,0.0069
1782675303.559800,-1.6949,19.9461,-1.6139,0.4000,0.0318
1782675303.609905,-1.6958,19.9259,-1.6123,0.4000,0.0480
1782675303.659931,-1.6966,19.9055,-1.6099,0.4000,-0.0034
1782675303.709736,-1.6974,19.8853,-1.6100,0.4000,0.0244
1782675303.759709,-1.6982,19.8652,-1.6088,0.4000,0.0119
1782675303.809747,-1.6989,19.8452,-1.6082,0.4000,0.0100
1782675303.859708,-1.6997,19.8250,-1.6077,0.4000,0.0564
1782675303.909762,-1.7004,19.8049,-1.6048,0.4000,0.0457
1782675303.959711,-1.7011,19.7848,-1.6025,0.4000,0.0079
1782675304.009819,-1.7018,19.7646,-1.6021,0.4000,0.0216
1782675304.059896,-1.7024,19.7445,-1.6010,0.4000,0.0492
1782675304.109868,-1.7030,19.7243,-1.5986,0.4000,0.0262
1782675304.159859,-1.7036,19.7042,-1.5972,0.4000,0.0350
1782675304.209814,-1.7041,19.6841,-1.5954,0.4000,0.0965
1782675304.259856,-1.7046,19.6640,-1.5906,0.4000,0.0308
1782675304.309828,-1.7050,19.6438,-1.5891,0.4000,0.0010
1782675304.359748,-1.7054,19.6237,-1.5890,0.4000,0.0542
1782675304.410114,-1.7057,19.6035,-1.5863,0.4000,0.1442
1782675304.460017,-1.7060,19.5833,-1.5789,0.4000,0.2687
1782675304.509775,-1.7062,19.5632,-1.5653,0.4000,0.4084
1782675304.610105,-1.7061,19.5430,-1.5445,0.4000,0.6614
1782675304.659727,-1.7055,19.5227,-1.5110,0.4000,0.7617
1782675304.709735,-1.7043,19.5026,-1.4727,0.4000,0.7003
1782675304.759727,-1.7024,19.4826,-1.4376,0.4000,0.6336
1782675304.809728,-1.6997,19.4626,-1.4058,0.4000,0.5462
1782675304.859803,-1.6964,19.4428,-1.3784,0.4000,0.4752
1782675304.909743,-1.6925,19.4230,-1.3545,0.4000,0.4005
1782675304.959716,-1.6882,19.4032,-1.3344,0.4000,0.3853
1782675305.009729,-1.6835,19.3837,-1.3151,0.4000,0.3889
1782675305.059744,-1.6784,19.3642,-1.2955,0.4000,0.4173
1782675305.109739,-1.6729,19.3448,-1.2746,0.4000,0.2304
1782675305.159716,-1.6670,19.3255,-1.2631,0.4000,0.0880
1782675305.209896,-1.6609,19.3064,-1.2586,0.4000,0.1234
1782675305.259815,-1.6547,19.2871,-1.2524,0.4000,0.0560
1782675305.309726,-1.6484,19.2679,-1.2495,0.4000,0.0991
1782675305.359818,-1.6421,19.2490,-1.2445,0.4000,0.1641
1782675305.409812,-1.6356,19.2299,-1.2363,0.4000,0.1000
1782675305.459880,-1.6290,19.2108,-1.2313,0.4000,0.1110
1782675305.509820,-1.6223,19.1918,-1.2257,0.4000,0.0925
1782675305.559888,-1.6155,19.1729,-1.2210,0.4000,0.0999
1782675305.609880,-1.6085,19.1540,-1.2160,0.4000,0.0989
1782675305.659867,-1.6016,19.1351,-1.2110,0.4000,0.0953
1782675305.709815,-1.5945,19.1163,-1.2062,0.4000,0.1475
1782675305.759769,-1.5873,19.0974,-1.1987,0.4000,0.2056
1782675305.809838,-1.5799,19.0786,-1.1884,0.4000,0.1773
1782675305.859849,-1.5724,19.0599,-1.1795,0.4000,0.2340
1782675305.909763,-1.5647,19.0413,-1.1678,0.4000,0.2604
1782675305.959741,-1.5568,19.0227,-1.1546,0.4000,0.2875
1782675306.009776,-1.5486,19.0042,-1.1403,0.4000,0.2122
1782675306.059738,-1.5402,18.9859,-1.1296,0.4000,0.2124
1782675306.109746,-1.5317,18.9678,-1.1190,0.4000,0.1822
1782675306.159923,-1.5228,18.9495,-1.1098,0.4000,0.1911
1782675306.209717,-1.5139,18.9315,-1.1003,0.4000,0.1595
1782675306.259768,-1.5047,18.9136,-1.0923,0.4000,0.1173
1782675306.309777,-1.4954,18.8956,-1.0865,0.4000,0.0260
1782675306.359749,-1.4860,18.8778,-1.0852,0.4000,0.0519
1782675306.409750,-1.4766,18.8599,-1.0826,0.4000,0.0807
1782675306.459887,-1.4671,18.8421,-1.0785,0.4000,0.0891
1782675306.510265,-1.4576,18.8244,-1.0740,0.4000,0.1236
1782675306.559721,-1.4480,18.8066,-1.0678,0.4000,0.1864
1782675306.609741,-1.4383,18.7890,-1.0584,0.4000,0.2879
1782675306.659727,-1.4285,18.7715,-1.0438,0.4000,0.4746
1782675306.709746,-1.4183,18.7541,-1.0198,0.4000,0.5522
1782675306.759873,-1.4077,18.7368,-0.9918,0.4000,0.6882
1782675306.809836,-1.3967,18.7200,-0.9572,0.4000,0.7540
1782675306.859904,-1.3851,18.7035,-0.9192,0.4000,0.8458
1782675306.909808,-1.3729,18.6875,-0.8763,0.4000,1.0618
1782675306.959826,-1.3599,18.6720,-0.8227,0.4000,0.9777
1782675307.009810,-1.3461,18.6571,-0.7734,0.4000,0.7849
1782675307.059871,-1.3317,18.6430,-0.7338,0.4000,0.6623
1782675307.109754,-1.3168,18.6296,-0.7006,0.4000,0.5557
1782675307.159802,-1.3014,18.6166,-0.6727,0.4000,0.4351
1782675307.209782,-1.2856,18.6040,-0.6508,0.4000,0.3961
1782675307.259801,-1.2694,18.5917,-0.6307,0.4000,0.3195
1782675307.309788,-1.2533,18.5799,-0.6148,0.4000,0.1749
1782675307.359793,-1.2369,18.5684,-0.6061,0.4000,0.1598
1782675307.409700,-1.2203,18.5569,-0.5980,0.4000,0.1224
1782675307.459750,-1.2036,18.5455,-0.5918,0.4000,0.1217
1782675307.509728,-1.1869,18.5343,-0.5857,0.4000,0.0766
1782675307.559770,-1.1701,18.5231,-0.5819,0.4000,0.0805
1782675307.609754,-1.1533,18.5121,-0.5778,0.4000,0.1010
1782675307.659670,-1.1364,18.5010,-0.5727,0.4000,0.1065
1782675307.709821,-1.1195,18.4902,-0.5673,0.4000,0.1163
1782675307.759734,-1.1025,18.4793,-0.5615,0.4000,0.1353
1782675307.809681,-1.0855,18.4686,-0.5547,0.4000,0.0843
1782675307.859857,-1.0683,18.4580,-0.5504,0.4000,0.1053
1782675307.909746,-1.0513,18.4475,-0.5451,0.4000,0.1236
1782675307.959760,-1.0339,18.4370,-0.5389,0.4000,0.0622
1782675308.009797,-1.0167,18.4267,-0.5358,0.4000,0.0852
1782675308.059739,-0.9994,18.4165,-0.5315,0.4000,0.0633
1782675308.109738,-0.9821,18.4063,-0.5283,0.4000,0.0667
1782675308.159976,-0.9646,18.3961,-0.5249,0.4000,0.0458
1782675308.209854,-0.9472,18.3860,-0.5226,0.4000,0.0829
1782675308.259831,-0.9298,18.3759,-0.5184,0.4000,0.0975
1782675308.309936,-0.9122,18.3659,-0.5135,0.4000,0.0078
1782675308.359781,-0.8947,18.3561,-0.5131,0.4000,0.0670
1782675308.409806,-0.8771,18.3462,-0.5097,0.4000,0.0555
1782675308.459795,-0.8595,18.3363,-0.5069,0.4000,0.1196
1782675308.509827,-0.8419,18.3266,-0.5009,0.4000,0.1013
1782675308.559866,-0.8243,18.3169,-0.4958,0.4000,0.1026
1782675308.609803,-0.8066,18.3073,-0.4906,0.4000,0.1154
1782675308.660337,-0.7888,18.2978,-0.4848,0.4000,0.1393
1782675308.709840,-0.7709,18.2884,-0.4777,0.4000,0.1604
1782675308.759787,-0.7531,18.2792,-0.4696,0.4000,0.1206
1782675308.809743,-0.7351,18.2700,-0.4635,0.4000,0.1774
1782675308.859731,-0.7171,18.2611,-0.4546,0.4000,0.1514
1782675308.909832,-0.6990,18.2522,-0.4470,0.4000,0.1469
1782675308.959726,-0.6809,18.2435,-0.4396,0.4000,0.1354
1782675309.009763,-0.6626,18.2349,-0.4328,0.4000,0.1468
1782675309.059745,-0.6444,18.2265,-0.4254,0.4000,0.0814
1782675309.109770,-0.6259,18.2182,-0.4213,0.4000,0.0853
1782675309.159729,-0.6075,18.2099,-0.4169,0.4000,0.1594
1782675309.209722,-0.5892,18.2018,-0.4090,0.4000,0.1130
1782675309.259823,-0.5707,18.1938,-0.4033,0.4000,0.1361
1782675309.309700,-0.5522,18.1859,-0.3964,0.4000,0.1459
1782675309.359749,-0.5336,18.1781,-0.3890,0.4000,0.1534
1782675309.409728,-0.5150,18.1705,-0.3813,0.4000,0.1601
1782675309.459722,-0.4963,18.1630,-0.3732,0.4000,0.1693
1782675309.509760,-0.4776,18.1556,-0.3647,0.4000,0.1658
1782675309.559822,-0.4587,18.1484,-0.3564,0.4000,0.1394
1782675309.610231,-0.4399,18.1414,-0.3494,0.4000,0.1200
1782675309.659883,-0.4208,18.1345,-0.3432,0.4000,0.1370
1782675309.709818,-0.4016,18.1276,-0.3362,0.4000,0.1434
1782675309.759797,-0.3827,18.1210,-0.3290,0.4000,0.1759
1782675309.809858,-0.3636,18.1145,-0.3201,0.4000,0.1574
1782675309.859860,-0.3444,18.1081,-0.3122,0.4000,0.1436
1782675309.909839,-0.3252,18.1019,-0.3049,0.4000,0.1388
1782675309.959793,-0.3061,18.0959,-0.2980,0.4000,0.1529
1782675310.009759,-0.2868,18.0900,-0.2902,0.4000,0.1522
1782675310.060046,-0.2675,18.0842,-0.2826,0.4000,0.1470
1782675310.109732,-0.2482,18.0786,-0.2752,0.4000,0.1228
1782675310.159759,-0.2287,18.0731,-0.2690,0.4000,0.1612
1782675310.210297,-0.2092,18.0678,-0.2608,0.4000,0.1100
1782675310.259805,-0.1898,18.0626,-0.2553,0.4000,0.1514
1782675310.309803,-0.1702,18.0575,-0.2476,0.4000,0.1869
1782675310.359744,-0.1508,18.0526,-0.2383,0.4000,0.1061
1782675310.409745,-0.1312,18.0478,-0.2329,0.4000,0.1374
1782675310.459833,-0.1116,18.0431,-0.2260,0.4000,0.1546
1782675310.509787,-0.0920,18.0386,-0.2182,0.4000,0.1340
1782675310.559760,-0.0723,18.0343,-0.2114,0.4000,0.1196
1782675310.609749,-0.0526,18.0301,-0.2054,0.4000,0.1218
1782675310.659775,-0.0329,18.0259,-0.1993,0.4000,0.0948
1782675310.709754,-0.0131,18.0220,-0.1945,0.4000,0.1504
1782675310.759764,0.0066,18.0181,-0.1870,0.4000,0.0743
1782675310.809791,0.0265,18.0143,-0.1832,0.4000,0.0380
1782675310.859867,0.0462,18.0107,-0.1812,0.4000,0.1529
1782675310.909884,0.0660,18.0070,-0.1736,0.4000,0.1013
1782675310.959811,0.0860,18.0035,-0.1684,0.4000,0.0957
1782675311.009780,0.1058,18.0002,-0.1636,0.4000,0.1211
1782675311.059835,0.1257,17.9969,-0.1575,0.4000,0.1117
1782675311.109734,0.1457,17.9937,-0.1518,0.4000,0.1134
1782675311.159703,0.1655,17.9907,-0.1462,0.4000,0.0102
1782675311.260096,0.1856,17.9877,-0.1384,0.4000,0.0942
1782675311.309808,0.2055,17.9849,-0.1336,0.4000,0.0813
1782675311.359867,0.2256,17.9822,-0.1295,0.4000,0.1165
1782675311.410036,0.2457,17.9796,-0.1236,0.4000,0.1175
1782675311.459741,0.2657,17.9771,-0.1177,0.4000,0.0758
1782675311.509774,0.2856,17.9748,-0.1139,0.4000,0.1111
1782675311.559815,0.3056,17.9725,-0.1083,0.4000,0.1139
1782675311.609798,0.3256,17.9703,-0.1025,0.4000,0.1048
1782675311.659766,0.3457,17.9683,-0.0972,0.4000,0.1184
1782675311.709720,0.3657,17.9663,-0.0913,0.4000,0.1441
1782675311.759878,0.3858,17.9645,-0.0840,0.4000,0.1859
1782675311.809709,0.4059,17.9628,-0.0747,0.4000,0.0943
1782675311.859817,0.4259,17.9613,-0.0699,0.4000,0.0915
1782675311.909747,0.4460,17.9599,-0.0653,0.4000,0.1100
1782675311.959800,0.4660,17.9586,-0.0597,0.4000,0.1460
1782675312.009826,0.4862,17.9574,-0.0524,0.4000,0.0645
1782675312.059849,0.5063,17.9563,-0.0491,0.4000,0.1600
1782675312.109760,0.5263,17.9553,-0.0411,0.4000,0.1016
1782675312.159817,0.5464,17.9545,-0.0360,0.4000,0.0853
1782675312.209847,0.5669,17.9538,-0.0316,0.4000,-0.0513
1782675312.259809,0.5869,17.9531,-0.0341,0.4000,-0.0545
1782675312.309934,0.6070,17.9525,-0.0368,0.4000,-0.1644
1782675312.359861,0.6271,17.9517,-0.0451,0.4000,-0.2382
1782675312.409833,0.6473,17.9508,-0.0572,0.4000,-0.3484
1782675312.459909,0.6675,17.9496,-0.0748,0.4000,-0.3442
1782675312.509714,0.6877,17.9481,-0.0922,0.4000,-0.4287
1782675312.559842,0.7078,17.9463,-0.1136,0.4000,-0.2254
1782675312.609902,0.7278,17.9440,-0.1249,0.4000,-0.1501
1782675312.659921,0.7478,17.9415,-0.1325,0.4000,-0.1042
1782675312.709743,0.7677,17.9388,-0.1377,0.4000,-0.1026
1782675312.759777,0.7877,17.9360,-0.1429,0.4000,-0.1049
1782675312.809809,0.8076,17.9332,-0.1482,0.4000,-0.1040
1782675312.859702,0.8275,17.9302,-0.1534,0.4000,-0.0304
1782675312.909785,0.8474,17.9271,-0.1549,0.4000,-0.0303
1782675312.959844,0.8673,17.9240,-0.1564,0.4000,-0.0294
1782675313.009924,0.8873,17.9209,-0.1579,0.4000,-0.0010
1782675313.059760,0.9072,17.9177,-0.1580,0.4000,-0.0110
1782675313.109706,0.9271,17.9145,-0.1585,0.4000,0.0079
1782675313.159830,0.9471,17.9113,-0.1581,0.4000,-0.0049
1782675313.209939,0.9669,17.9082,-0.1583,0.4000,0.0245
1782675313.259711,0.9868,17.9050,-0.1571,0.4000,0.0400
1782675313.309827,1.0067,17.9018,-0.1551,0.4000,0.0235
1782675313.359855,1.0266,17.8987,-0.1539,0.4000,0.0332
1782675313.409758,1.0464,17.8957,-0.1522,0.4000,0.0177
1782675313.459821,1.0664,17.8926,-0.1513,0.4000,-0.0039
1782675313.509778,1.0862,17.8896,-0.1515,0.4000,0.0375
1782675313.559781,1.1061,17.8865,-0.1496,0.4000,0.0543
1782675313.609709,1.1260,17.8835,-0.1469,0.4000,0.0360
1782675313.660066,1.1460,17.8806,-0.1451,0.4000,0.0057
1782675313.709996,1.1659,17.8777,-0.1447,0.4000,0.1016
1782675313.759784,1.1858,17.8748,-0.1397,0.4000,-0.0502
1782675313.809892,1.2058,17.8720,-0.1422,0.4000,0.0466
1782675313.859931,1.2257,17.8691,-0.1399,0.4000,-0.0522
1782675313.910014,1.2457,17.8663,-0.1425,0.4000,0.0443
1782675313.959939,1.2656,17.8634,-0.1403,0.4000,-0.0019
1782675314.009813,1.2855,17.8606,-0.1403,0.4000,0.0290
1782675314.059968,1.3055,17.8578,-0.1389,0.4000,0.0451
1782675314.109967,1.3255,17.8550,-0.1366,0.4000,0.0560
1782675314.159831,1.3455,17.8523,-0.1339,0.4000,-0.0574
1782675314.210081,1.3654,17.8496,-0.1366,0.4000,0.0553
1782675314.259819,1.3853,17.8468,-0.1339,0.4000,0.0388
1782675314.309943,1.4053,17.8441,-0.1319,0.4000,0.0058
1782675314.359749,1.4252,17.8415,-0.1316,0.4000,0.1167
1782675314.409844,1.4452,17.8389,-0.1258,0.4000,0.0305
1782675314.459757,1.4652,17.8363,-0.1242,0.4000,0.1966
1782675314.509934,1.4852,17.8338,-0.1142,0.4000,0.3546
1782675314.559855,1.5052,17.8315,-0.0963,0.4000,0.4699
1782675314.609758,1.5253,17.8296,-0.0725,0.4000,0.6195
1782675314.659752,1.5453,17.8282,-0.0414,0.4000,0.5994
1782675314.709819,1.5655,17.8273,-0.0112,0.4000,0.6488
1782675314.759814,1.5857,17.8271,0.0215,0.4000,0.6554
1782675314.809809,1.6057,17.8275,0.0543,0.4000,0.3814
1782675314.859928,1.6258,17.8286,0.0734,0.4000,0.3046
1782675314.909792,1.6459,17.8301,0.0887,0.4000,0.1637
1782675314.959852,1.6659,17.8319,0.0969,0.4000,0.1624
1782675315.009770,1.6861,17.8339,0.1051,0.4000,0.1362
1782675315.059717,1.7061,17.8360,0.1119,0.4000,0.0952
1782675315.109961,1.7261,17.8382,0.1167,0.4000,0.1091
1782675315.159884,1.7462,17.8406,0.1223,0.4000,0.1130
1782675315.209958,1.7662,17.8430,0.1280,0.4000,0.0889
1782675315.259820,1.7861,17.8456,0.1324,0.4000,0.0897
1782675315.309903,1.8061,17.8483,0.1370,0.4000,0.1265
1782675315.359734,1.8261,17.8510,0.1433,0.4000,0.0945
1782675315.409763,1.8460,17.8539,0.1481,0.4000,0.1321
1782675315.459893,1.8660,17.8569,0.1548,0.4000,0.1392
1782675315.509888,1.8858,17.8600,0.1618,0.4000,0.1070
1782675315.559930,1.9058,17.8632,0.1673,0.4000,0.1680
1782675315.609807,1.9256,17.8666,0.1756,0.4000,0.1050
1782675315.659825,1.9453,17.8701,0.1809,0.4000,0.1596
1782675315.709849,1.9652,17.8737,0.1890,0.4000,0.1611
1782675315.759868,1.9852,17.8775,0.1972,0.4000,0.1546
1782675315.809745,2.0047,17.8814,0.2050,0.4000,0.2026
1782675315.859728,2.0244,17.8855,0.2151,0.4000,0.1165
1782675315.909713,2.0441,17.8898,0.2210,0.4000,0.1057
1782675315.959903,2.0638,17.8943,0.2263,0.4000,0.1163
1782675316.009794,2.0835,17.8988,0.2323,0.4000,0.2069
1782675316.059844,2.1031,17.9034,0.2426,0.4000,0.0775
1782675316.109724,2.1225,17.9083,0.2465,0.4000,0.1198
1782675316.159750,2.1421,17.9132,0.2526,0.4000,0.1613
1782675316.209743,2.1616,17.9182,0.2607,0.4000,0.1339
1782675316.259768,2.1811,17.9234,0.2674,0.4000,0.0857
1782675316.309773,2.2005,17.9287,0.2718,0.4000,0.1555
1782675316.359950,2.2200,17.9342,0.2797,0.4000,0.2131
1782675316.410930,2.2394,17.9397,0.2904,0.4000,0.0959
1782675316.459772,2.2586,17.9455,0.2952,0.4000,0.1286
1782675316.509834,2.2779,17.9513,0.3017,0.4000,0.1118
1782675316.559919,2.2971,17.9573,0.3073,0.4000,0.1201
1782675316.609731,2.3163,17.9634,0.3134,0.4000,0.1312
1782675316.660073,2.3355,17.9696,0.3200,0.4000,0.1063
1782675316.710057,2.3546,17.9760,0.3253,0.4000,0.0854
1782675316.759986,2.3737,17.9824,0.3296,0.4000,0.0719
1782675316.809842,2.3927,17.9889,0.3333,0.4000,0.1307
1782675316.859843,2.4118,17.9955,0.3399,0.4000,0.0855
1782675316.909923,2.4308,18.0023,0.3442,0.4000,0.1402
1782675316.959830,2.4498,18.0091,0.3513,0.4000,0.0813
1782675317.009853,2.4688,18.0160,0.3554,0.4000,0.1109
1782675317.059932,2.4876,18.0230,0.3609,0.4000,0.0685
1782675317.109873,2.5065,18.0301,0.3644,0.4000,0.1327
1782675317.160090,2.5253,18.0373,0.3711,0.4000,0.1007
1782675317.210059,2.5443,18.0447,0.3763,0.4000,0.1277
1782675317.259991,2.5629,18.0520,0.3826,0.4000,0.0846
1782675317.309772,2.5815,18.0595,0.3869,0.4000,0.1350
1782675317.359885,2.6002,18.0672,0.3937,0.4000,0.0576
1782675317.409792,2.6188,18.0749,0.3967,0.4000,0.1564
1782675317.459781,2.6374,18.0827,0.4045,0.4000,0.1322
1782675317.509757,2.6560,18.0906,0.4112,0.4000,0.1442
1782675317.559773,2.6744,18.0987,0.4185,0.4000,0.2198
1782675317.609880,2.6930,18.1069,0.4295,0.4000,0.1651
1782675317.659786,2.7111,18.1152,0.4378,0.4000,0.2345
1782675317.709708,2.7294,18.1238,0.4497,0.4000,0.4023
1782675317.759688,2.7475,18.1326,0.4700,0.4000,0.3885
1782675317.809775,2.7656,18.1417,0.4896,0.4000,0.4415
1782675317.859735,2.7833,18.1512,0.5117,0.4000,0.3244
1782675317.909905,2.8007,18.1610,0.5279,0.4000,0.1260
1782675318.009869,2.8184,18.1713,0.5360,0.4000,0.1953
1782675318.059734,2.8358,18.1816,0.5457,0.4000,0.0736
1782675318.109844,2.8530,18.1921,0.5495,0.4000,0.0906
1782675318.159746,2.8701,18.2025,0.5540,0.4000,0.1586
1782675318.210061,2.8873,18.2132,0.5621,0.4000,0.1364
1782675318.259822,2.9044,18.2239,0.5689,0.4000,0.1207
1782675318.309893,2.9214,18.2348,0.5751,0.4000,0.1624
1782675318.359931,2.9383,18.2457,0.5832,0.4000,0.1380
1782675318.409898,2.9551,18.2568,0.5902,0.4000,0.1421
1782675318.460095,2.9718,18.2680,0.5973,0.4000,0.1523
1782675318.509935,2.9884,18.2793,0.6050,0.4000,0.1397
1782675318.560218,3.0051,18.2908,0.6120,0.4000,0.0711
1782675318.609994,3.0216,18.3025,0.6157,0.4000,0.1288
1782675318.659892,3.0380,18.3141,0.6221,0.4000,0.1225
1782675318.709888,3.0544,18.3258,0.6283,0.4000,0.1483
1782675318.760009,3.0707,18.3376,0.6358,0.4000,0.1228
1782675318.809860,3.0869,18.3496,0.6420,0.4000,0.1191
1782675318.859742,3.1030,18.3617,0.6480,0.4000,0.1166
1782675318.909767,3.1191,18.3738,0.6539,0.4000,0.1534
1782675318.959796,3.1351,18.3861,0.6616,0.4000,0.1435
1782675319.009804,3.1509,18.3984,0.6688,0.4000,0.1402
1782675319.059762,3.1667,18.4109,0.6759,0.4000,0.1744
1782675319.109830,3.1824,18.4235,0.6846,0.4000,0.1537
1782675319.159978,3.1980,18.4362,0.6924,0.4000,0.2037
1782675319.210037,3.2135,18.4491,0.7026,0.4000,0.2077
1782675319.259770,3.2290,18.4622,0.7132,0.4000,0.3182
1782675319.309753,3.2442,18.4753,0.7293,0.4000,0.5076
1782675319.359727,3.2592,18.4887,0.7548,0.4000,0.5455
1782675319.409826,3.2739,18.5026,0.7824,0.4000,0.5676
1782675319.459774,3.2882,18.5168,0.8110,0.4000,0.5094
1782675319.509852,3.3021,18.5315,0.8367,0.4000,0.4803
1782675319.559764,3.3157,18.5465,0.8609,0.4000,0.4263
1782675319.609912,3.3287,18.5616,0.8821,0.4000,0.2827
1782675319.659802,3.3415,18.5772,0.8963,0.4000,0.1363
1782675319.709780,3.3541,18.5930,0.9032,0.4000,0.1472
1782675319.759816,3.3665,18.6087,0.9106,0.4000,0.1484
1782675319.810237,3.3789,18.6247,0.9180,0.4000,0.0876
1782675319.860013,3.3913,18.6408,0.9225,0.4000,0.1136
1782675319.909759,3.4034,18.6569,0.9282,0.4000,0.0994
1782675319.959860,3.4156,18.6732,0.9333,0.4000,0.0786
1782675320.009883,3.4275,18.6892,0.9372,0.4000,0.0888
1782675320.059883,3.4395,18.7055,0.9417,0.4000,0.0955
1782675320.110021,3.4514,18.7219,0.9465,0.4000,0.0945
1782675320.159833,3.4631,18.7382,0.9513,0.4000,0.1006
1782675320.209812,3.4749,18.7547,0.9564,0.4000,0.0960
1782675320.259889,3.4865,18.7711,0.9612,0.4000,0.1033
1782675320.309777,3.4980,18.7877,0.9664,0.4000,0.0897
1782675320.359868,3.5095,18.8042,0.9710,0.4000,0.1213
1782675320.409800,3.5209,18.8209,0.9771,0.4000,0.1057
1782675320.459830,3.5321,18.8376,0.9824,0.4000,0.1406
1782675320.509797,3.5433,18.8544,0.9896,0.4000,0.2327
1782675320.559803,3.5544,18.8712,1.0012,0.4000,0.1956
1782675320.609795,3.5653,18.8882,1.0111,0.4000,0.2506
1782675320.659770,3.5759,18.9052,1.0237,0.4000,0.2407
1782675320.709873,3.5864,18.9224,1.0358,0.4000,0.2698
1782675320.759791,3.5966,18.9397,1.0493,0.4000,0.2783
1782675320.809965,3.6066,18.9571,1.0633,0.4000,0.2636
1782675320.859750,3.6165,18.9748,1.0766,0.4000,0.2247
1782675320.909705,3.6260,18.9925,1.0879,0.4000,0.2085
1782675320.959820,3.6354,19.0104,1.0984,0.4000,0.1304
1782675321.009926,3.6446,19.0284,1.1050,0.4000,0.1318
1782675321.059732,3.6536,19.0464,1.1116,0.4000,0.1348
1782675321.109806,3.6625,19.0644,1.1184,0.4000,0.1356
1782675321.159793,3.6713,19.0825,1.1253,0.4000,0.1292
1782675321.210118,3.6800,19.1007,1.1318,0.4000,0.1173
1782675321.259895,3.6885,19.1188,1.1376,0.4000,0.1007
1782675321.309785,3.6970,19.1371,1.1427,0.4000,0.1033
1782675321.360151,3.7053,19.1554,1.1479,0.4000,0.0700
1782675321.409895,3.7136,19.1738,1.1515,0.4000,0.1031
1782675321.459806,3.7218,19.1923,1.1566,0.4000,0.0912
1782675321.509904,3.7299,19.2106,1.1613,0.4000,0.1631
1782675321.560006,3.7381,19.2294,1.1696,0.4000,0.2254
1782675321.609898,3.7458,19.2478,1.1807,0.4000,0.1865
1782675321.661057,3.7535,19.2664,1.1902,0.4000,0.3969
1782675321.709844,3.7609,19.2850,1.2104,0.4000,0.6801
1782675321.759909,3.7681,19.3039,1.2448,0.4000,0.7803
1782675321.809860,3.7745,19.3230,1.2843,0.4000,0.9813
1782675321.859941,3.7802,19.3424,1.3339,0.4000,0.9522
1782675321.909840,3.7849,19.3620,1.3818,0.4000,0.7905
1782675321.960011,3.7887,19.3817,1.4216,0.4000,0.7753
1782675322.009767,3.7917,19.4017,1.4605,0.4000,0.5344
1782675322.059743,3.7939,19.4216,1.4872,0.4000,0.2756
1782675322.109722,3.7956,19.4417,1.5010,0.4000,0.1632
1782675322.159761,3.7970,19.4618,1.5092,0.4000,0.1015
1782675322.209736,3.7982,19.4819,1.5143,0.4000,0.0920
1782675322.259812,3.7994,19.5021,1.5189,0.4000,0.0762
1782675322.309751,3.8004,19.5221,1.5228,0.4000,0.0470
1782675322.359750,3.8014,19.5423,1.5251,0.4000,0.0558
1782675322.409751,3.8023,19.5624,1.5279,0.4000,0.0330
1782675322.459808,3.8032,19.5825,1.5296,0.4000,0.0773
1782675322.509812,3.8040,19.6026,1.5335,0.4000,0.0903
1782675322.559711,3.8047,19.6228,1.5381,0.4000,0.0995
1782675322.610017,3.8054,19.6429,1.5431,0.4000,0.1356
1782675322.659796,3.8060,19.6630,1.5499,0.4000,0.0891
1782675322.709801,3.8064,19.6831,1.5544,0.4000,0.1176
1782675322.759770,3.8067,19.7032,1.5604,0.4000,0.1728
1782675322.809693,3.8069,19.7233,1.5690,0.4000,0.0854
1782675322.859783,3.8069,19.7436,1.5734,0.4000,0.1618
1782675322.909796,3.8069,19.7637,1.5815,0.4000,0.0945
1782675322.959721,3.8067,19.7838,1.5862,0.4000,0.0969
1782675323.009735,3.8064,19.8039,1.5912,0.4000,0.1680
1782675323.059752,3.8060,19.8240,1.5996,0.4000,0.1052
1782675323.109938,3.8054,19.8444,1.6050,0.4000,0.1255
1782675323.159759,3.8047,19.8645,1.6113,0.4000,0.1448
1782675323.210076,3.8039,19.8846,1.6186,0.4000,0.0859
1782675323.259813,3.8029,19.9048,1.6230,0.4000,0.1255
1782675323.309854,3.8018,19.9250,1.6293,0.4000,0.1206
1782675323.360048,3.8007,19.9452,1.6354,0.4000,0.1352
1782675323.409841,3.7994,19.9652,1.6422,0.4000,0.0872
1782675323.460104,3.7979,19.9853,1.6466,0.4000,0.1301
1782675323.509996,3.7964,20.0054,1.6531,0.4000,0.0869
1782675323.559916,3.7947,20.0254,1.6576,0.4000,0.1478
1782675323.609844,3.7930,20.0454,1.6650,0.4000,0.0974
1782675323.659853,3.7911,20.0655,1.6699,0.4000,0.0881
1782675323.709786,3.7891,20.0855,1.6743,0.4000,0.1498
1782675323.759746,3.7870,20.1055,1.6819,0.4000,0.1273
1782675323.809759,3.7848,20.1256,1.6883,0.4000,0.0934
1782675323.859794,3.7824,20.1456,1.6930,0.4000,0.1155
1782675323.909768,3.7800,20.1656,1.6988,0.4000,0.1065
1782675323.959707,3.7774,20.1855,1.7042,0.4000,0.1335
1782675324.009791,3.7747,20.2056,1.7109,0.4000,0.1223
1782675324.059726,3.7719,20.2254,1.7171,0.4000,0.1047
1782675324.109697,3.7690,20.2453,1.7223,0.4000,0.0774
1782675324.159923,3.7659,20.2653,1.7262,0.4000,0.1067
1782675324.209783,3.7628,20.2851,1.7316,0.4000,0.1487
1782675324.259743,3.7596,20.3050,1.7391,0.4000,0.1256
1782675324.309737,3.7562,20.3248,1.7454,0.4000,0.0929
1782675324.359719,3.7527,20.3447,1.7501,0.4000,0.1091
1782675324.409793,3.7491,20.3645,1.7556,0.4000,0.0914
1782675324.459730,3.7454,20.3842,1.7602,0.4000,0.0962
1782675324.510161,3.7417,20.4040,1.7650,0.4000,0.1120
1782675324.559800,3.7378,20.4238,1.7707,0.4000,0.0941
1782675324.609755,3.7338,20.4435,1.7754,0.4000,0.1177
1782675324.710146,3.7297,20.4633,1.7814,0.4000,0.1166
1782675324.760413,3.7254,20.4830,1.7873,0.4000,0.1058
1782675324.809829,3.7211,20.5028,1.7926,0.4000,0.1012
1782675324.859824,3.7167,20.5225,1.7978,0.4000,0.1583
1782675324.909837,3.7121,20.5421,1.8057,0.4000,0.1053
1782675324.959784,3.7074,20.5617,1.8110,0.4000,0.0833
1782675325.009837,3.7026,20.5813,1.8153,0.4000,0.1496
1782675325.059825,3.6977,20.6009,1.8228,0.4000,0.1159
1782675325.110492,3.6927,20.6203,1.8287,0.4000,0.1557
1782675325.159914,3.6876,20.6399,1.8365,0.4000,0.1330
1782675325.209760,3.6823,20.6594,1.8433,0.4000,0.1552
1782675325.259819,3.6769,20.6787,1.8510,0.4000,0.1135
1782675325.309751,3.6713,20.6981,1.8567,0.4000,0.0823
1782675325.359823,3.6656,20.7173,1.8609,0.4000,0.1683
1782675325.409718,3.6599,20.7366,1.8694,0.4000,0.1492
1782675325.459731,3.6539,20.7559,1.8769,0.4000,0.1212
1782675325.509749,3.6478,20.7752,1.8830,0.4000,0.1289
1782675325.559735,3.6417,20.7943,1.8895,0.4000,0.1438
1782675325.609743,3.6354,20.8134,1.8968,0.4000,0.1153
1782675325.659712,3.6289,20.8324,1.9026,0.4000,0.1590
1782675325.710003,3.6223,20.8515,1.9106,0.4000,0.1518
1782675325.759764,3.6156,20.8706,1.9182,0.4000,0.0347
1782675325.809700,3.6088,20.8894,1.9200,0.4000,0.1216
1782675325.859711,3.6018,20.9085,1.9262,0.4000,0.0898
1782675325.909776,3.5948,20.9274,1.9307,0.4000,0.1781
1782675325.959706,3.5877,20.9464,1.9397,0.4000,0.0741
1782675326.009754,3.5804,20.9651,1.9434,0.4000,0.0568
1782675326.060970,3.5731,20.9839,1.9463,0.4000,0.0519
1782675326.110004,3.5657,21.0027,1.9489,0.4000,0.0852
1782675326.159978,3.5583,21.0213,1.9533,0.4000,0.1133
1782675326.209920,3.5507,21.0402,1.9590,0.4000,0.0918
1782675326.259815,3.5430,21.0590,1.9638,0.4000,0.1537
1782675326.309979,3.5354,21.0774,1.9714,0.4000,0.0678
1782675326.359832,3.5275,21.0960,1.9748,0.4000,0.1026
1782675326.409853,3.5195,21.1146,1.9800,0.4000,0.1568
1782675326.459775,3.5115,21.1331,1.9879,0.4000,0.1190
1782675326.510114,3.5033,21.1515,1.9939,0.4000,0.1658
1782675326.559832,3.4950,21.1700,2.0023,0.4000,0.1443
1782675326.609888,3.4866,21.1882,2.0095,0.4000,0.0949
1782675326.659891,3.4780,21.2065,2.0144,0.4000,0.1490
1782675326.709800,3.4694,21.2247,2.0219,0.4000,0.1461
1782675326.759726,3.4607,21.2428,2.0292,0.4000,0.1005
1782675326.809806,3.4517,21.2608,2.0343,0.4000,0.1460
1782675326.859734,3.4428,21.2788,2.0416,0.4000,0.1448
1782675326.909811,3.4336,21.2968,2.0489,0.4000,0.1398
1782675326.959726,3.4243,21.3147,2.0559,0.4000,0.2148
1782675327.009819,3.4149,21.3325,2.0668,0.4000,0.2769
1782675327.059834,3.4052,21.3504,2.0808,0.4000,0.3160
1782675327.109809,3.3954,21.3680,2.0967,0.4000,0.2806
1782675327.159764,3.3853,21.3854,2.1107,0.4000,0.2238
1782675327.209807,3.3749,21.4027,2.1220,0.4000,0.2225
1782675327.259835,3.3644,21.4198,2.1331,0.4000,0.1584
1782675327.309734,3.3537,21.4368,2.1410,0.4000,0.1042
1782675327.359716,3.3428,21.4538,2.1462,0.4000,0.0075
1782675327.409714,3.3318,21.4707,2.1466,0.4000,0.1278
1782675327.459755,3.3209,21.4876,2.1531,0.4000,0.1860
1782675327.510676,3.3098,21.5044,2.1624,0.4000,0.2369
1782675327.559833,3.2986,21.5211,2.1744,0.4000,0.3212
1782675327.609923,3.2871,21.5377,2.1907,0.4000,0.5132
1782675327.659886,3.2754,21.5542,2.2167,0.4000,0.6211
1782675327.709722,3.2633,21.5702,2.2480,0.4000,0.7108
1782675327.759933,3.2506,21.5859,2.2839,0.4000,0.7645
1782675327.809853,3.2374,21.6012,2.3226,0.4000,0.9364
1782675327.859843,3.2236,21.6160,2.3700,0.4000,1.0631
1782675327.910055,3.2091,21.6301,2.4238,0.4000,1.0702
1782675327.960145,3.1940,21.6433,2.4775,0.4000,1.0502
1782675328.009783,3.1781,21.6557,2.5304,0.4000,0.8662
1782675328.059814,3.1616,21.6672,2.5740,0.4000,0.7659
1782675328.109936,3.1445,21.6781,2.6127,0.4000,0.6305
1782675328.159695,3.1272,21.6882,2.6442,0.4000,0.5015
1782675328.209852,3.1095,21.6978,2.6694,0.4000,0.2987
1782675328.259798,3.0916,21.7070,2.6843,0.4000,0.1683
1782675328.309764,3.0735,21.7159,2.6928,0.4000,0.0420
1782675328.359773,3.0553,21.7247,2.6949,0.4000,-0.0115
1782675328.409727,3.0372,21.7333,2.6944,0.4000,-0.0116
1782675328.459807,3.0191,21.7420,2.6937,0.4000,-0.0737
1782675328.509699,3.0009,21.7507,2.6901,0.4000,-0.0020
1782675328.559786,2.9826,21.7596,2.6899,0.4000,-0.1217
1782675328.609956,2.9645,21.7684,2.6838,0.4000,-0.0278
1782675328.659714,2.9464,21.7773,2.6824,0.4000,-0.0169
1782675328.709892,2.9280,21.7864,2.6815,0.4000,-0.0109
1782675328.759729,2.9103,21.7952,2.6810,0.4000,0.0010
1782675328.810081,2.8923,21.8041,2.6811,0.4000,0.0020
1782675328.859740,2.8742,21.8131,2.6812,0.4000,0.0040
1782675328.909928,2.8561,21.8221,2.6814,0.4000,0.0328
1782675328.959999,2.8380,21.8310,2.6831,0.4000,0.0421
1782675329.009779,2.8200,21.8399,2.6852,0.4000,0.0205
1782675329.059989,2.8014,21.8490,2.6863,0.4000,0.0598
1782675329.109801,2.7837,21.8577,2.6893,0.4000,0.0496
1782675329.159928,2.7656,21.8665,2.6918,0.4000,0.0564
1782675329.209877,2.7473,21.8753,2.6946,0.4000,0.0269
1782675329.259843,2.7291,21.8841,2.6960,0.4000,0.0378
1782675329.309953,2.7108,21.8928,2.6979,0.4000,0.0784
1782675329.359930,2.6925,21.9015,2.7019,0.4000,0.0314
1782675329.409982,2.6744,21.9101,2.7034,0.4000,0.0215
1782675329.459897,2.6561,21.9186,2.7045,0.4000,0.0764
1782675329.509912,2.6379,21.9271,2.7083,0.4000,-0.0079
1782675329.560012,2.6195,21.9356,2.7080,0.4000,0.0172
1782675329.609747,2.6013,21.9441,2.7088,0.4000,0.0406
1782675329.659799,2.5830,21.9525,2.7109,0.4000,0.0520
1782675329.709692,2.5647,21.9609,2.7135,0.4000,0.0271
1782675329.759908,2.5463,21.9693,2.7149,0.4000,-0.0039
1782675329.809772,2.5280,21.9776,2.7147,0.4000,0.0257
1782675329.859763,2.5097,21.9859,2.7160,0.4000,0.0329
1782675329.909766,2.4914,21.9943,2.7176,0.4000,0.0069
1782675329.959773,2.4730,22.0025,2.7180,0.4000,0.0378
1782675330.009768,2.4546,22.0108,2.7199,0.4000,0.0098
1782675330.059810,2.4362,22.0191,2.7203,0.4000,-0.0138
1782675330.109838,2.4178,22.0273,2.7197,0.4000,0.0372
1782675330.159722,2.3995,22.0356,2.7216,0.4000,0.0294
1782675330.209743,2.3811,22.0438,2.7230,0.4000,0.0373
1782675330.259755,2.3628,22.0519,2.7249,0.4000,0.0320
1782675330.309703,2.3443,22.0601,2.7265,0.4000,0.0347
1782675330.359706,2.3259,22.0682,2.7283,0.4000,0.0491
1782675330.409757,2.3075,22.0763,2.7308,0.4000,0.0623
1782675330.459686,2.2890,22.0843,2.7339,0.4000,0.0079
1782675330.509934,2.2705,22.0923,2.7343,0.4000,0.0312
1782675330.559912,2.2520,22.1003,2.7359,0.4000,0.0157
1782675330.609757,2.2335,22.1082,2.7367,0.4000,0.0225
1782675330.659783,2.2150,22.1162,2.7378,0.4000,0.0139
1782675330.709898,2.1964,22.1241,2.7385,0.4000,0.0350
1782675330.759898,2.1779,22.1320,2.7402,0.4000,-0.0205
1782675330.809827,2.1593,22.1399,2.7393,0.4000,0.0426
1782675330.859807,2.1409,22.1478,2.7414,0.4000,0.0474
1782675330.909784,2.1223,22.1556,2.7438,0.4000,0.0386
1782675330.959726,2.1036,22.1635,2.7458,0.4000,0.0645
1782675331.009954,2.0852,22.1712,2.7489,0.4000,-0.0378
1782675331.110000,2.0665,22.1789,2.7472,0.4000,0.0270
1782675331.159796,2.0479,22.1867,2.7485,0.4000,0.0167
1782675331.209776,2.0292,22.1944,2.7494,0.4000,0.0675
1782675331.259686,2.0106,22.2021,2.7528,0.4000,0.0149
1782675331.309874,1.9919,22.2097,2.7535,0.4000,0.0323
1782675331.359740,1.9733,22.2174,2.7552,0.4000,0.0326
1782675331.409906,1.9547,22.2249,2.7568,0.4000,0.0120
1782675331.459717,1.9359,22.2325,2.7574,0.4000,0.0544
1782675331.509731,1.9173,22.2401,2.7601,0.4000,0.0079
1782675331.559832,1.8986,22.2475,2.7606,0.4000,0.0700
1782675331.609795,1.8800,22.2550,2.7641,0.4000,0.0472
1782675331.660005,1.8612,22.2625,2.7665,0.4000,0.0479
1782675331.709762,1.8423,22.2699,2.7689,0.4000,0.0110
1782675331.759711,1.8236,22.2772,2.7695,0.4000,0.0548
1782675331.809726,1.8048,22.2845,2.7722,0.4000,0.0549
1782675331.859782,1.7860,22.2918,2.7749,0.4000,-0.0150
1782675331.909858,1.7672,22.2990,2.7742,0.4000,0.0681
1782675331.959792,1.7484,22.3063,2.7776,0.4000,0.0039
1782675332.010056,1.7296,22.3135,2.7778,0.4000,0.0379
1782675332.059820,1.7105,22.3207,2.7798,0.4000,0.0408
1782675332.109904,1.6918,22.3278,2.7818,0.4000,0.0038
1782675332.159857,1.6731,22.3349,2.7820,0.4000,0.0764
1782675332.209875,1.6541,22.3420,2.7859,0.4000,0.0177
1782675332.259800,1.6353,22.3490,2.7868,0.4000,0.0454
1782675332.309914,1.6164,22.3560,2.7891,0.4000,0.0516
1782675332.359818,1.5975,22.3629,2.7917,0.4000,0.0536
1782675332.409790,1.5786,22.3698,2.7944,0.4000,0.0431
1782675332.459908,1.5596,22.3767,2.7965,0.4000,0.0545
1782675332.509912,1.5407,22.3835,2.7993,0.4000,0.0315
1782675332.559801,1.5216,22.3903,2.8009,0.4000,0.0408
1782675332.609974,1.5027,22.3970,2.8029,0.4000,0.0089
1782675332.659739,1.4837,22.4037,2.8033,0.4000,0.0135
1782675332.709730,1.4647,22.4104,2.8040,0.4000,0.0196
1782675332.759743,1.4457,22.4170,2.8050,0.4000,0.0338
1782675332.809804,1.4267,22.4237,2.8067,0.4000,0.0312
1782675332.860057,1.4077,22.4303,2.8083,0.4000,0.0386
1782675332.909748,1.3886,22.4369,2.8102,0.4000,0.0186
1782675332.959838,1.3696,22.4434,2.8112,0.4000,0.0010
1782675333.009732,1.3506,22.4500,2.8112,0.4000,-0.0291
1782675333.059754,1.3315,22.4565,2.8097,0.4000,0.0211
1782675333.109757,1.3123,22.4631,2.8108,0.4000,0.0225
1782675333.159749,1.2933,22.4696,2.8119,0.4000,0.0010
1782675333.210807,1.2743,22.4762,2.8120,0.4000,0.0088
1782675333.259726,1.2552,22.4827,2.8124,0.4000,-0.0148
1782675333.309695,1.2362,22.4892,2.8117,0.4000,0.0391
1782675333.359739,1.2171,22.4957,2.8137,0.4000,0.0909
1782675333.409811,1.1980,22.5022,2.8183,0.4000,0.0261
1782675333.460155,1.1788,22.5087,2.8196,0.4000,0.0759
1782675333.509831,1.1598,22.5150,2.8234,0.4000,0.0553
1782675333.559932,1.1405,22.5213,2.8262,0.4000,0.0530
1782675333.609724,1.1212,22.5276,2.8289,0.4000,0.0000
1782675333.659916,1.1020,22.5338,2.8289,0.4000,0.0338
1782675333.709801,1.0828,22.5400,2.8306,0.4000,0.0168
1782675333.759719,1.0636,22.5462,2.8314,0.4000,0.0244
1782675333.810210,1.0445,22.5524,2.8327,0.4000,0.0595
1782675333.859937,1.0252,22.5585,2.8356,0.4000,-0.0643
1782675333.910092,1.0059,22.5646,2.8325,0.4000,0.0651
1782675333.959841,0.9867,22.5707,2.8357,0.4000,0.0200
1782675334.009807,0.9675,22.5768,2.8367,0.4000,0.0374
1782675334.060143,0.9483,22.5828,2.8386,0.4000,-0.0247
1782675334.109820,0.9290,22.5889,2.8374,0.4000,0.0168
1782675334.159745,0.9097,22.5949,2.8382,0.4000,0.0285
1782675334.209837,0.8906,22.6009,2.8397,0.4000,0.0298
1782675334.259777,0.8713,22.6069,2.8412,0.4000,0.0226
1782675334.309747,0.8520,22.6129,2.8423,0.4000,0.0509
1782675334.359841,0.8328,22.6188,2.8449,0.4000,0.0333
1782675334.409844,0.8136,22.6247,2.8465,0.4000,-0.0089
1782675334.459730,0.7943,22.6305,2.8461,0.4000,0.0853
1782675334.509743,0.7751,22.6364,2.8504,0.4000,0.0491
1782675334.559765,0.7557,22.6422,2.8529,0.4000,0.0549
1782675334.609801,0.7364,22.6480,2.8556,0.4000,0.0105
1782675334.659866,0.7171,22.6536,2.8562,0.4000,0.0258
1782675334.709731,0.6978,22.6593,2.8575,0.4000,0.0488
1782675334.759746,0.6785,22.6649,2.8599,0.4000,0.0229
1782675334.809809,0.6592,22.6705,2.8611,0.4000,0.0301
1782675334.860209,0.6397,22.6761,2.8626,0.4000,0.0242
1782675334.909910,0.6203,22.6817,2.8638,0.4000,0.0216
1782675334.959867,0.6010,22.6872,2.8649,0.4000,0.0502
1782675335.009888,0.5816,22.6927,2.8675,0.4000,0.0401
1782675335.059792,0.5622,22.6981,2.8695,0.4000,0.0194
1782675335.109931,0.5429,22.7035,2.8705,0.4000,0.0849
1782675335.159815,0.5234,22.7089,2.8747,0.4000,0.0218
1782675335.209860,0.5040,22.7143,2.8759,0.4000,0.0830
1782675335.259998,0.4843,22.7196,2.8800,0.4000,0.0164
1782675335.309838,0.4648,22.7248,2.8809,0.4000,0.0487
1782675335.359718,0.4454,22.7300,2.8834,0.4000,0.0550
1782675335.409858,0.4259,22.7352,2.8861,0.4000,0.0506
1782675335.459984,0.4063,22.7403,2.8887,0.4000,0.0458
1782675335.509709,0.3869,22.7453,2.8910,0.4000,0.0974
1782675335.559816,0.3673,22.7503,2.8959,0.4000,0.0585
1782675335.609879,0.3478,22.7552,2.8988,0.4000,-0.0069
1782675335.659760,0.3283,22.7600,2.8985,0.4000,0.0107
1782675335.709797,0.3088,22.7649,2.8991,0.4000,0.0491
1782675335.759803,0.2892,22.7697,2.9015,0.4000,0.0109
1782675335.809761,0.2696,22.7745,2.9021,0.4000,0.0176
1782675335.859782,0.2500,22.7793,2.9030,0.4000,0.0249
1782675335.909789,0.2305,22.7840,2.9042,0.4000,0.0570
1782675335.959774,0.2109,22.7888,2.9071,0.4000,0.0519
1782675336.009836,0.1914,22.7934,2.9097,0.4000,-0.0010
1782675336.059754,0.1718,22.7981,2.9097,0.4000,0.0366
1782675336.109870,0.1521,22.8027,2.9115,0.4000,-0.0417
1782675336.159953,0.1323,22.8073,2.9094,0.4000,0.0080
1782675336.209881,0.1125,22.8120,2.9098,0.4000,0.0688
1782675336.259926,0.0931,22.8166,2.9132,0.4000,0.0168
1782675336.309967,0.0735,22.8212,2.9141,0.4000,0.0641
1782675336.359757,0.0539,22.8257,2.9173,0.4000,0.0319
1782675336.410069,0.0340,22.8302,2.9190,0.4000,0.0538
1782675336.459920,0.0143,22.8347,2.9217,0.4000,0.0529
1782675336.509877,-0.0054,22.8391,2.9244,0.4000,0.0726
1782675336.559835,-0.0250,22.8434,2.9280,0.4000,0.0040
1782675336.609908,-0.0449,22.8477,2.9283,0.4000,0.0800
1782675336.660112,-0.0647,22.8520,2.9323,0.4000,0.0204
1782675336.709791,-0.0842,22.8562,2.9333,0.4000,0.0141
1782675336.759831,-0.1040,22.8604,2.9340,0.4000,-0.0177
1782675336.809880,-0.1237,22.8645,2.9331,0.4000,-0.0291
1782675336.859942,-0.1436,22.8687,2.9316,0.4000,0.0312
1782675336.909863,-0.1634,22.8729,2.9332,0.4000,0.0782
1782675336.959751,-0.1831,22.8771,2.9372,0.4000,0.0240
1782675337.009757,-0.2029,22.8812,2.9384,0.4000,0.0250
1782675337.060735,-0.2228,22.8853,2.9396,0.4000,0.0397
1782675337.109741,-0.2426,22.8894,2.9416,0.4000,0.0179
1782675337.159976,-0.2623,22.8934,2.9425,0.4000,0.0016
1782675337.259742,-0.2823,22.8974,2.9438,0.4000,0.0527
1782675337.309764,-0.3021,22.9014,2.9465,0.4000,-0.0171
1782675337.359793,-0.3218,22.9053,2.9456,0.4000,0.0356
1782675337.410026,-0.3415,22.9092,2.9474,0.4000,-0.0096
1782675337.459769,-0.3615,22.9131,2.9468,0.4000,-0.2372
1782675337.509744,-0.3811,22.9170,2.9349,0.4000,-0.3285
1782675337.559758,-0.4009,22.9211,2.9183,0.4000,-0.3103
1782675337.609938,-0.4205,22.9256,2.9026,0.4000,-0.3962
1782675337.659786,-0.4402,22.9304,2.8826,0.4000,-0.4334
1782675337.709751,-0.4595,22.9355,2.8609,0.4000,-0.4061
1782675337.761393,-0.4789,22.9411,2.8405,0.4000,-0.4193
1782675337.809896,-0.4982,22.9471,2.8193,0.4000,-0.3653
1782675337.859962,-0.5175,22.9535,2.8008,0.4000,-0.3152
1782675337.909951,-0.5363,22.9602,2.7850,0.4000,-0.3117
1782675337.959852,-0.5552,22.9672,2.7693,0.4000,-0.2767
1782675338.009912,-0.5740,22.9746,2.7554,0.4000,-0.1719
1782675338.059932,-0.5928,22.9822,2.7466,0.4000,-0.1945
1782675338.109843,-0.6113,22.9899,2.7370,0.4000,-0.0795
1782675338.160003,-0.6299,22.9979,2.7330,0.4000,-0.0206
1782675338.209928,-0.6485,23.0060,2.7319,0.4000,0.0060
1782675338.259938,-0.6670,23.0140,2.7322,0.4000,-0.0138
1782675338.309928,-0.6855,23.0220,2.7316,0.4000,0.0333
1782675338.360008,-0.7039,23.0300,2.7332,0.4000,0.0312
1782675338.409832,-0.7225,23.0381,2.7348,0.4000,0.0387
1782675338.459812,-0.7411,23.0461,2.7368,0.4000,0.0225
1782675338.509968,-0.7595,23.0540,2.7379,0.4000,0.0139
1782675338.559767,-0.7780,23.0619,2.7386,0.4000,0.0679
1782675338.609828,-0.7965,23.0697,2.7420,0.4000,0.0314
1782675338.659734,-0.8151,23.0776,2.7436,0.4000,0.0747
1782675338.709703,-0.8337,23.0854,2.7474,0.4000,0.0210
1782675338.759742,-0.8523,23.0932,2.7484,0.4000,0.0584
1782675338.809738,-0.8709,23.1009,2.7514,0.4000,0.0413
1782675338.859819,-0.8896,23.1086,2.7535,0.4000,0.0140
1782675338.909735,-0.9082,23.1162,2.7542,0.4000,0.0219
1782675338.959810,-0.9268,23.1238,2.7553,0.4000,0.0698
1782675339.009721,-0.9454,23.1314,2.7588,0.4000,0.0122
1782675339.059762,-0.9642,23.1389,2.7594,0.4000,0.0701
1782675339.109715,-0.9829,23.1464,2.7629,0.4000,-0.0140
1782675339.159735,-1.0016,23.1539,2.7622,0.4000,-0.0099
1782675339.209707,-1.0203,23.1613,2.7617,0.4000,0.0365
1782675339.259770,-1.0390,23.1688,2.7636,0.4000,0.0648
1782675339.309865,-1.0577,23.1762,2.7668,0.4000,0.0230
1782675339.359810,-1.0764,23.1836,2.7680,0.4000,0.0212
1782675339.410207,-1.0952,23.1909,2.7691,0.4000,0.0299
1782675339.459802,-1.1145,23.1985,2.7706,0.4000,0.0274
1782675339.509844,-1.1332,23.2057,2.7720,0.4000,0.0271
1782675339.560308,-1.1520,23.2130,2.7734,0.4000,0.0228
1782675339.609788,-1.1708,23.2203,2.7745,0.4000,-0.0080
1782675339.659786,-1.1896,23.2275,2.7741,0.4000,0.0327
1782675339.709876,-1.2085,23.2348,2.7758,0.4000,0.0302
1782675339.759907,-1.2273,23.2420,2.7773,0.4000,-0.0010
1782675339.810062,-1.2462,23.2492,2.7772,0.4000,0.0217
1782675339.859867,-1.2650,23.2564,2.7783,0.4000,-0.0079
1782675339.909997,-1.2838,23.2635,2.7779,0.4000,0.0367
1782675339.959835,-1.3027,23.2707,2.7797,0.4000,-0.0130
1782675340.009862,-1.3215,23.2778,2.7791,0.4000,0.0461
1782675340.059765,-1.3405,23.2850,2.7814,0.4000,0.0095
1782675340.109743,-1.3593,23.2921,2.7819,0.4000,0.0278
1782675340.160816,-1.3781,23.2992,2.7833,0.4000,0.0599
1782675340.209742,-1.3971,23.3063,2.7864,0.4000,0.0231
1782675340.259751,-1.4159,23.3133,2.7876,0.4000,0.0915
1782675340.309762,-1.4347,23.3202,2.7921,0.4000,0.0463
1782675340.359688,-1.4537,23.3271,2.7945,0.4000,-0.0010
1782675340.409750,-1.4726,23.3340,2.7944,0.4000,0.0540
1782675340.459712,-1.4915,23.3408,2.7971,0.4000,0.0421
1782675340.509711,-1.5105,23.3476,2.7992,0.4000,-0.0060
1782675340.559760,-1.5295,23.3544,2.7990,0.4000,0.0268
1782675340.609769,-1.5484,23.3611,2.8003,0.4000,0.0426
1782675340.659768,-1.5679,23.3681,2.8026,0.4000,0.0562
1782675340.709715,-1.5867,23.3747,2.8054,0.4000,0.1021
1782675340.759835,-1.6057,23.3814,2.8105,0.4000,0.0080
1782675340.809682,-1.6248,23.3879,2.8109,0.4000,-0.1380
1782675340.859717,-1.6439,23.3945,2.8040,0.4000,0.0687
1782675340.909705,-1.6628,23.4011,2.8075,0.4000,0.1216
1782675340.959683,-1.6819,23.4077,2.8136,0.4000,0.0311
1782675341.010097,-1.7013,23.4143,2.8152,0.4000,0.0369
1782675341.059777,-1.7202,23.4207,2.8171,0.4000,0.0516
1782675341.110317,-1.7393,23.4271,2.8196,0.4000,0.0091
1782675341.159878,-1.7585,23.4335,2.8201,0.4000,0.0568
1782675341.209733,-1.7775,23.4399,2.8230,0.4000,0.0371
1782675341.259840,-1.7971,23.4463,2.8249,0.4000,0.0200
1782675341.309816,-1.8158,23.4525,2.8259,0.4000,0.0402
1782675341.359891,-1.8351,23.4588,2.8279,0.4000,0.0630
1782675341.410532,-1.8543,23.4650,2.8310,0.4000,-0.0632
1782675341.459833,-1.8735,23.4711,2.8278,0.4000,-0.0674
1782675341.510011,-1.8927,23.4774,2.8245,0.4000,-0.0089
1782675341.559735,-1.9118,23.4837,2.8239,0.4000,-0.2764
1782675341.609809,-1.9309,23.4900,2.8101,0.4000,-0.0139
1782675341.659805,-1.9500,23.4965,2.8094,0.4000,-0.0140
1782675341.710500,-1.9692,23.5031,2.8087,0.4000,0.0611
1782675341.759701,-1.9883,23.5097,2.8117,0.4000,-0.0010
1782675341.809788,-2.0073,23.5162,2.8117,0.4000,0.0305
1782675341.859781,-2.0264,23.5228,2.8132,0.4000,0.0388
1782675341.909716,-2.0455,23.5293,2.8152,0.4000,0.0270
1782675341.959807,-2.0646,23.5358,2.8166,0.4000,0.0651
1782675342.009721,-2.0837,23.5422,2.8199,0.4000,0.0426
1782675342.059766,-2.1027,23.5485,2.8220,0.4000,0.0082
1782675342.109704,-2.1218,23.5549,2.8224,0.4000,0.0489
1782675342.159778,-2.1410,23.5612,2.8249,0.4000,0.0177
1782675342.209718,-2.1601,23.5675,2.8258,0.4000,0.0516
1782675342.259681,-2.1793,23.5737,2.8283,0.4000,-0.0328
1782675342.309827,-2.1984,23.5799,2.8267,0.4000,0.0435
1782675342.359759,-2.2176,23.5862,2.8289,0.4000,0.0551
1782675342.409708,-2.2367,23.5924,2.8317,0.4000,0.0326
1782675342.459760,-2.2559,23.5985,2.8333,0.4000,0.0432
1782675342.509676,-2.2751,23.6046,2.8355,0.4000,0.0644
1782675342.559793,-2.2943,23.6107,2.8388,0.4000,0.0541
1782675342.609898,-2.3136,23.6167,2.8415,0.4000,0.0100
1782675342.659877,-2.3328,23.6227,2.8420,0.4000,0.0756
1782675342.709706,-2.3521,23.6286,2.8458,0.4000,0.0490
1782675342.759819,-2.3713,23.6345,2.8483,0.4000,0.0356
1782675342.810631,-2.3907,23.6403,2.8501,0.4000,0.0517
1782675342.859717,-2.4100,23.6461,2.8527,0.4000,0.0247
1782675342.909920,-2.4292,23.6518,2.8539,0.4000,0.1059
1782675342.959845,-2.4486,23.6576,2.8593,0.4000,0.0618
1782675343.009788,-2.4679,23.6632,2.8623,0.4000,0.0079
1782675343.059721,-2.4872,23.6687,2.8628,0.4000,0.0805
1782675343.109723,-2.5067,23.6743,2.8668,0.4000,0.0274
1782675343.159902,-2.5261,23.6797,2.8682,0.4000,0.0408
1782675343.209705,-2.5456,23.6852,2.8703,0.4000,0.0569
1782675343.260121,-2.5649,23.6906,2.8731,0.4000,0.0357
1782675343.309750,-2.5843,23.6959,2.8747,0.4000,0.0029
1782675343.409743,-2.6039,23.7013,2.8778,0.4000,0.0219
1782675343.459772,-2.6233,23.7065,2.8789,0.4000,0.0373
1782675343.509741,-2.6427,23.7117,2.8808,0.4000,0.0039
1782675343.559738,-2.6621,23.7169,2.8810,0.4000,0.0650
1782675343.609751,-2.6816,23.7221,2.8843,0.4000,0.0211
1782675343.659692,-2.7014,23.7273,2.8854,0.4000,0.0221
1782675343.709730,-2.7206,23.7323,2.8865,0.4000,0.0300
1782675343.759815,-2.7401,23.7374,2.8880,0.4000,0.0180
1782675343.809727,-2.7596,23.7425,2.8889,0.4000,-0.0002
1782675343.859760,-2.7791,23.7475,2.8889,0.4000,0.0007
1782675343.910041,-2.7986,23.7525,2.8889,0.4000,-0.0180
1782675343.959891,-2.8182,23.7576,2.8880,0.4000,-0.0967
1782675344.009777,-2.8376,23.7626,2.8831,0.4000,-0.1879
1782675344.059787,-2.8571,23.7678,2.8735,0.4000,-0.4342
1782675344.109804,-2.8765,23.7731,2.8516,0.4000,-0.5186
1782675344.159765,-2.8959,23.7789,2.8254,0.4000,-0.5889
1782675344.211665,-2.9150,23.7852,2.7957,0.4000,-0.7546
1782675344.259852,-2.9340,23.7920,2.7575,0.4000,-0.6836
1782675344.309723,-2.9527,23.7996,2.7231,0.4000,-0.7500
1782675344.359885,-2.9711,23.8078,2.6853,0.4000,-0.8005
1782675344.409791,-2.9891,23.8166,2.6450,0.4000,-0.6957
1782675344.459719,-3.0069,23.8262,2.6100,0.4000,-0.5360
1782675344.509771,-3.0247,23.8368,2.5827,0.4000,-0.2086
1782675344.559801,-3.0414,23.8472,2.5725,0.4000,-0.1595
1782675344.609789,-3.0583,23.8580,2.5645,0.4000,-0.0490
1782675344.659695,-3.0752,23.8690,2.5621,0.4000,0.0724
1782675344.709948,-3.0921,23.8800,2.5658,0.4000,0.1541
1782675344.759964,-3.1090,23.8910,2.5736,0.4000,0.2335
1782675344.810023,-3.1260,23.9019,2.5854,0.4000,0.3159
1782675344.859923,-3.1431,23.9125,2.6013,0.4000,0.3404
1782675344.909773,-3.1604,23.9229,2.6185,0.4000,0.3333
1782675344.959707,-3.1779,23.9330,2.6353,0.4000,0.3833
1782675345.009752,-3.1956,23.9428,2.6547,0.4000,0.3499
1782675345.059829,-3.2132,23.9521,2.6721,0.4000,0.2337
1782675345.109738,-3.2312,23.9612,2.6839,0.4000,0.1956
1782675345.159817,-3.2493,23.9701,2.6937,0.4000,0.1115
1782675345.209738,-3.2674,23.9789,2.6993,0.4000,0.1171
1782675345.259764,-3.2855,23.9875,2.7052,0.4000,0.1017
1782675345.309882,-3.3038,23.9960,2.7103,0.4000,0.0838
1782675345.359915,-3.3221,24.0044,2.7145,0.4000,0.1053
1782675345.410865,-3.3405,24.0127,2.7198,0.4000,0.1087
1782675345.459841,-3.3589,24.0210,2.7253,0.4000,0.1036
1782675345.509951,-3.3773,24.0291,2.7305,0.4000,0.0961
1782675345.559804,-3.3957,24.0372,2.7354,0.4000,0.0932
1782675345.609755,-3.4143,24.0452,2.7401,0.4000,0.0805
1782675345.659822,-3.4329,24.0530,2.7442,0.4000,0.1395
1782675345.709758,-3.4514,24.0608,2.7511,0.4000,0.1045
1782675345.759781,-3.4700,24.0685,2.7564,0.4000,0.1141
1782675345.809884,-3.4887,24.0761,2.7622,0.4000,0.1551
1782675345.859820,-3.5074,24.0835,2.7700,0.4000,0.0814
1782675345.909834,-3.5262,24.0909,2.7741,0.4000,0.1191
1782675345.959791,-3.5451,24.0981,2.7801,0.4000,0.1125
1782675346.010464,-3.5638,24.1052,2.7858,0.4000,0.1247
1782675346.059735,-3.5827,24.1122,2.7921,0.4000,0.0851
1782675346.109751,-3.6016,24.1191,2.7963,0.4000,0.0976
1782675346.159721,-3.6207,24.1260,2.8013,0.4000,0.1484
1782675346.209710,-3.6396,24.1327,2.8087,0.4000,0.1167
1782675346.259746,-3.6586,24.1392,2.8146,0.4000,0.1216
1782675346.309700,-3.6777,24.1457,2.8207,0.4000,0.0844
1782675346.359746,-3.6968,24.1521,2.8250,0.4000,0.0936
1782675346.409682,-3.7160,24.1583,2.8297,0.4000,0.1182
1782675346.459748,-3.7351,24.1645,2.8357,0.4000,0.0896
1782675346.509678,-3.7544,24.1706,2.8402,0.4000,0.0939
1782675346.559680,-3.7736,24.1766,2.8450,0.4000,0.1737
1782675346.609793,-3.7928,24.1824,2.8536,0.4000,0.0854
1782675346.659700,-3.8121,24.1882,2.8579,0.4000,0.0728
1782675346.709675,-3.8314,24.1938,2.8616,0.4000,0.0761
1782675346.760371,-3.8509,24.1994,2.8655,0.4000,0.1026
1782675346.810018,-3.8703,24.2049,2.8706,0.4000,0.0798
1782675346.859749,-3.8897,24.2103,2.8747,0.4000,0.1135
1782675346.909826,-3.9092,24.2156,2.8804,0.4000,0.0820
1782675346.959876,-3.9286,24.2208,2.8845,0.4000,0.0350
1782675347.009834,-3.9482,24.2259,2.8863,0.4000,0.1216
1782675347.059795,-3.9676,24.2310,2.8924,0.4000,0.0668
1782675347.109944,-3.9872,24.2360,2.8958,0.4000,0.0867
1782675347.159777,-4.0068,24.2409,2.9002,0.4000,0.0034
1782675347.210082,-4.0263,24.2457,2.9003,0.4000,-0.0984
1782675347.259737,-4.0459,24.2505,2.8955,0.4000,-0.0079
1782675347.309794,-4.0653,24.2554,2.8949,0.4000,-0.3806
1782675347.359772,-4.0849,24.2603,2.8758,0.4000,-0.3331
1782675347.409762,-4.1044,24.2656,2.8590,0.4000,-0.3109
1782675347.459702,-4.1239,24.2713,2.8434,0.4000,-0.2369
1782675347.509824,-4.1431,24.2772,2.8314,0.4000,-0.4129
1782675347.559731,-4.1622,24.2834,2.8107,0.4000,-0.1464
1782675347.609684,-4.1813,24.2899,2.8033,0.4000,-0.1012
1782675347.659688,-4.2003,24.2966,2.7982,0.4000,-0.1428
1782675347.709739,-4.2193,24.3034,2.7910,0.4000,-0.2217
1782675347.759764,-4.2382,24.3103,2.7799,0.4000,-0.0914
1782675347.809714,-4.2572,24.3175,2.7752,0.4000,-0.1011
1782675347.859720,-4.2759,24.3246,2.7702,0.4000,-0.0879
1782675347.909794,-4.2946,24.3319,2.7657,0.4000,-0.1267
1782675347.959723,-4.3133,24.3393,2.7594,0.4000,-0.0051
1782675348.009752,-4.3321,24.3469,2.7591,0.4000,-0.0242
1782675348.059740,-4.3508,24.3544,2.7579,0.4000,0.0090
1782675348.109693,-4.3695,24.3620,2.7584,0.4000,-0.0316
1782675348.159808,-4.3883,24.3695,2.7568,0.4000,0.0154
1782675348.209828,-4.4069,24.3771,2.7576,0.4000,0.0219
1782675348.259965,-4.4257,24.3847,2.7587,0.4000,-0.0107
1782675348.309752,-4.4445,24.3922,2.7582,0.4000,0.0356
1782675348.359895,-4.4632,24.3998,2.7600,0.4000,0.0737
1782675348.410077,-4.4819,24.4073,2.7637,0.4000,0.0156
1782675348.459754,-4.5006,24.4147,2.7645,0.4000,-0.0250
1782675348.509768,-4.5194,24.4221,2.7632,0.4000,0.0798
1782675348.559829,-4.5382,24.4296,2.7673,0.4000,0.0109
1782675348.609720,-4.5570,24.4370,2.7679,0.4000,0.0960
1782675348.659729,-4.5758,24.4444,2.7727,0.4000,0.0471
1782675348.709860,-4.5945,24.4516,2.7750,0.4000,0.0565
1782675348.759773,-4.6134,24.4589,2.7779,0.4000,0.0943
1782675348.809792,-4.6322,24.4660,2.7826,0.4000,0.0180
1782675348.859773,-4.6511,24.4731,2.7835,0.4000,-0.0236
1782675348.909659,-4.6699,24.4801,2.7823,0.4000,0.0010
1782675348.959682,-4.6888,24.4873,2.7824,0.4000,0.1221
1782675349.009726,-4.7077,24.4944,2.7886,0.4000,0.1775
1782675349.059721,-4.7266,24.5013,2.7975,0.4000,0.0428
1782675349.109834,-4.7455,24.5081,2.7997,0.4000,0.1285
1782675349.159791,-4.7645,24.5149,2.8062,0.4000,0.1490
1782675349.209657,-4.7836,24.5215,2.8137,0.4000,0.1378
1782675349.259722,-4.8026,24.5280,2.8206,0.4000,0.0720
1782675349.309748,-4.8217,24.5343,2.8242,0.4000,0.0758
1782675349.359653,-4.8409,24.5406,2.8281,0.4000,0.1277
1782675349.409698,-4.8600,24.5468,2.8345,0.4000,0.1341
1782675349.460380,-4.8793,24.5529,2.8413,0.4000,0.1583
1782675349.509661,-4.8985,24.5589,2.8492,0.4000,0.0120
1782675349.559651,-4.9178,24.5647,2.8498,0.4000,0.1195
1782675349.609831,-4.9371,24.5705,2.8559,0.4000,0.1230
1782675349.659831,-4.9564,24.5762,2.8620,0.4000,0.0961
1782675349.709771,-4.9761,24.5818,2.8670,0.4000,0.1076
1782675349.810078,-4.9955,24.5873,2.8723,0.4000,0.0332
1782675349.859781,-5.0151,24.5927,2.8740,0.4000,0.0490
1782675349.911243,-5.0346,24.5980,2.8765,0.4000,0.0427
1782675349.959827,-5.0540,24.6033,2.8787,0.4000,0.0612
1782675350.009786,-5.0735,24.6085,2.8818,0.4000,0.0666
1782675350.060129,-5.0930,24.6137,2.8851,0.4000,0.0525
1782675350.109895,-5.1126,24.6188,2.8878,0.4000,0.0728
1782675350.159793,-5.1320,24.6239,2.8914,0.4000,0.0484
1782675350.209858,-5.1515,24.6289,2.8939,0.4000,0.0567
1782675350.259765,-5.1710,24.6338,2.8968,0.4000,0.0813
1782675350.309830,-5.1906,24.6387,2.9008,0.4000,0.0650
1782675350.359769,-5.2102,24.6435,2.9041,0.4000,0.0827
1782675350.409718,-5.2298,24.6483,2.9083,0.4000,0.0460
1782675350.459719,-5.2494,24.6529,2.9106,0.4000,0.0371
1782675350.509712,-5.2690,24.6575,2.9125,0.4000,0.0390
1782675350.559766,-5.2886,24.6621,2.9144,0.4000,0.0336
1782675350.609803,-5.3083,24.6666,2.9161,0.4000,0.0656
1782675350.659736,-5.3278,24.6711,2.9194,0.4000,0.0392
1782675350.709678,-5.3475,24.6756,2.9214,0.4000,0.0664
1782675350.759702,-5.3671,24.6800,2.9248,0.4000,0.0740
1782675350.809717,-5.3868,24.6843,2.9285,0.4000,0.0756
1782675350.859706,-5.4065,24.6885,2.9323,0.4000,0.0809
1782675350.910049,-5.4261,24.6927,2.9364,0.4000,0.0945
1782675350.959719,-5.4459,24.6968,2.9411,0.4000,0.1032
1782675351.009776,-5.4657,24.7009,2.9464,0.4000,0.1350
1782675351.059840,-5.4855,24.7048,2.9532,0.4000,0.0653
1782675351.109694,-5.5054,24.7086,2.9565,0.4000,0.0975
1782675351.159892,-5.5252,24.7123,2.9614,0.4000,0.0632
1782675351.209919,-5.5451,24.7159,2.9646,0.4000,0.1020
1782675351.260981,-5.5648,24.7194,2.9697,0.4000,0.0824
1782675351.309833,-5.5848,24.7229,2.9739,0.4000,0.0701
1782675351.359812,-5.6046,24.7262,2.9774,0.4000,0.0477
1782675351.409875,-5.6248,24.7296,2.9799,0.4000,0.0773
1782675351.459873,-5.6444,24.7328,2.9840,0.4000,0.2711
1782675351.509915,-5.6643,24.7359,2.9976,0.4000,0.2055
1782675351.559774,-5.6843,24.7388,3.0079,0.4000,0.1010
1782675351.609787,-5.7042,24.7415,3.0130,0.4000,0.0800
1782675351.659802,-5.7243,24.7441,3.0170,0.4000,0.0716
1782675351.709734,-5.7442,24.7466,3.0206,0.4000,0.0502
1782675351.759809,-5.7642,24.7491,3.0231,0.4000,0.0898
1782675351.809721,-5.7842,24.7514,3.0277,0.4000,0.1046
1782675351.859822,-5.8041,24.7537,3.0329,0.4000,0.0607
1782675351.909813,-5.8242,24.7559,3.0360,0.4000,0.0673
1782675351.959789,-5.8442,24.7580,3.0394,0.4000,0.0685
1782675352.009863,-5.8642,24.7601,3.0428,0.4000,0.0210
1782675352.059803,-5.8842,24.7621,3.0439,0.4000,0.0547
1782675352.109806,-5.9043,24.7640,3.0466,0.4000,0.0260
1782675352.159801,-5.9243,24.7659,3.0479,0.4000,0.0531
1782675352.209934,-5.9443,24.7678,3.0506,0.4000,0.0040
1782675352.259796,-5.9644,24.7696,3.0508,0.4000,0.0472
1782675352.310190,-5.9844,24.7715,3.0531,0.4000,0.0201
1782675352.359993,-6.0045,24.7733,3.0542,0.4000,0.0329
1782675352.409942,-6.0246,24.7750,3.0558,0.4000,0.0191
1782675352.460017,-6.0447,24.7767,3.0568,0.4000,0.0100
1782675352.509820,-6.0648,24.7785,3.0573,0.4000,0.0268
1782675352.560548,-6.0849,24.7801,3.0587,0.4000,0.0412
1782675352.609897,-6.1050,24.7818,3.0608,0.4000,0.0798
1782675352.659832,-6.1251,24.7834,3.0648,0.4000,0.0521
1782675352.709920,-6.1452,24.7850,3.0674,0.4000,0.0553
1782675352.759781,-6.1652,24.7865,3.0702,0.4000,0.0702
1782675352.809873,-6.1853,24.7879,3.0737,0.4000,0.0643
1782675352.859935,-6.2054,24.7893,3.0770,0.4000,0.0410
1782675352.909910,-6.2258,24.7906,3.0791,0.4000,0.0363
1782675352.959769,-6.2456,24.7918,3.0809,0.4000,0.0424
1782675353.010020,-6.2657,24.7931,3.0830,0.4000,0.0435
1782675353.059791,-6.2857,24.7942,3.0852,0.4000,0.0386
1782675353.109727,-6.3058,24.7954,3.0871,0.4000,0.0403
1782675353.160026,-6.3259,24.7965,3.0891,0.4000,0.0531
1782675353.209773,-6.3460,24.7975,3.0918,0.4000,0.0413
1782675353.259735,-6.3660,24.7985,3.0939,0.4000,0.0463
1782675353.309735,-6.3861,24.7995,3.0962,0.4000,0.0149
1782675353.359732,-6.4063,24.8004,3.0970,0.4000,0.0651
1782675353.409792,-6.4263,24.8013,3.1002,0.4000,0.0282
1782675353.459775,-6.4464,24.8021,3.1017,0.4000,0.0479
1782675353.509756,-6.4665,24.8029,3.1041,0.4000,0.0081
1782675353.559811,-6.4866,24.8037,3.1045,0.4000,0.0231
1782675353.609759,-6.5067,24.8044,3.1056,0.4000,-0.0000
1782675353.659809,-6.5269,24.8051,3.1057,0.4000,0.0517
1782675353.709751,-6.5470,24.8059,3.1082,0.4000,0.0232
1782675353.761413,-6.5671,24.8065,3.1094,0.4000,0.0198
1782675353.809797,-6.5872,24.8072,3.1104,0.4000,0.0633
1782675353.859816,-6.6073,24.8078,3.1136,0.4000,0.0711
1782675353.909869,-6.6274,24.8084,3.1172,0.4000,0.0328
1782675353.959941,-6.6476,24.8089,3.1188,0.4000,0.0564
1782675354.009933,-6.6676,24.8093,3.1216,0.4000,-0.0050
1782675354.059745,-6.6877,24.8097,3.1214,0.4000,0.0558
1782675354.109934,-6.7079,24.8101,3.1242,0.4000,0.0198
1782675354.160078,-6.7280,24.8105,3.1252,0.4000,-0.0020
1782675354.209717,-6.7481,24.8108,3.1251,0.4000,0.0353
1782675354.259876,-6.7683,24.8111,3.1269,0.4000,0.0304
1782675354.309817,-6.7885,24.8114,3.1284,0.4000,0.0098
1782675354.360212,-6.8085,24.8117,3.1289,0.4000,0.0241
1782675354.409899,-6.8287,24.8120,3.1301,0.4000,0.0340
1782675354.459964,-6.8488,24.8122,3.1319,0.4000,0.1104
1782675354.509706,-6.8689,24.8124,3.1374,0.4000,0.0604
1782675354.559862,-6.8890,24.8125,3.1405,0.4000,0.2171
1782675354.609921,-6.9091,24.8125,-3.1317,0.4000,0.4454
1782675354.659870,-6.9292,24.8123,-3.1093,0.4000,0.5132
1782675354.709766,-6.9493,24.8116,-3.0835,0.4000,0.4817
1782675354.759812,-6.9694,24.8105,-3.0593,0.4000,0.4099
1782675354.809975,-6.9895,24.8088,-3.0387,0.4000,0.3902
1782675354.859827,-7.0094,24.8067,-3.0192,0.4000,0.2681
1782675354.909702,-7.0294,24.8043,-3.0058,0.4000,0.2111
1782675354.959897,-7.0493,24.8016,-2.9953,0.4000,0.1462
1782675355.009815,-7.0692,24.7986,-2.9880,0.3992,0.1366
1782675355.059789,-7.0888,24.7956,-2.9811,0.3934,0.0849
1782675355.109755,-7.1084,24.7924,-2.9769,0.3930,0.1190
1782675355.159706,-7.1280,24.7891,-2.9709,0.3930,0.1760
1782675355.209764,-7.1476,24.7858,-2.9622,0.3995,0.1348
1782675355.259724,-7.1674,24.7822,-2.9556,0.4000,0.0595
1782675355.309918,-7.1871,24.7785,-2.9526,0.4000,0.0606
1782675355.359809,-7.2069,24.7747,-2.9496,0.4000,0.0449
1782675355.409893,-7.2267,24.7709,-2.9474,0.4000,0.0818
1782675355.460016,-7.2464,24.7670,-2.9433,0.4000,0.0564
1782675355.509830,-7.2661,24.7630,-2.9405,0.4000,0.0704
1782675355.559789,-7.2859,24.7590,-2.9370,0.4000,0.0881
1782675355.609843,-7.3055,24.7549,-2.9326,0.4000,0.0424
1782675355.659893,-7.3252,24.7507,-2.9305,0.4000,0.0595
1782675355.709934,-7.3448,24.7465,-2.9275,0.4000,0.0763
1782675355.759996,-7.3645,24.7423,-2.9237,0.4000,-0.0139
1782675355.809940,-7.3842,24.7379,-2.9244,0.4000,0.0040
1782675355.859839,-7.4038,24.7336,-2.9242,0.4000,0.0356
1782675355.909850,-7.4234,24.7292,-2.9224,0.4000,0.0919
1782675355.959886,-7.4431,24.7249,-2.9177,0.4000,0.1330
1782675356.009873,-7.4627,24.7204,-2.9110,0.4000,0.1475
1782675356.059761,-7.4823,24.7158,-2.9036,0.4000,0.1348
1782675356.109710,-7.5018,24.7110,-2.8968,0.4000,0.1187
1782675356.159717,-7.5214,24.7062,-2.8909,0.4000,0.1115
1782675356.209749,-7.5408,24.7012,-2.8852,0.4000,0.1141
1782675356.259738,-7.5603,24.6961,-2.8795,0.4000,0.1045
1782675356.309722,-7.5797,24.6909,-2.8743,0.4000,0.1202
1782675356.359742,-7.5991,24.6856,-2.8682,0.4000,0.1657
1782675356.409740,-7.6185,24.6801,-2.8599,0.4000,0.1302
1782675356.459764,-7.6378,24.6745,-2.8533,0.4000,0.1155
1782675356.509811,-7.6571,24.6688,-2.8475,0.4000,0.1768
1782675356.560021,-7.6764,24.6630,-2.8386,0.4000,0.1250
1782675356.609744,-7.6956,24.6570,-2.8323,0.4000,0.1350
1782675356.659750,-7.7147,24.6508,-2.8255,0.4000,0.1004
1782675356.709761,-7.7338,24.6446,-2.8204,0.4000,0.2016
1782675356.759735,-7.7530,24.6382,-2.8103,0.4000,0.0879
1782675356.809753,-7.7720,24.6317,-2.8059,0.4000,0.1244
1782675356.859856,-7.7911,24.6250,-2.7996,0.4000,0.1175
1782675356.909943,-7.8100,24.6183,-2.7937,0.4000,0.2003
1782675356.959884,-7.8290,24.6114,-2.7836,0.4000,0.2592
1782675357.009810,-7.8478,24.6043,-2.7706,0.4000,0.2149
1782675357.059762,-7.8666,24.5970,-2.7598,0.4000,0.2838
1782675357.109749,-7.8854,24.5895,-2.7455,0.4000,0.3125
1782675357.159844,-7.9039,24.5818,-2.7298,0.4000,0.3489
1782675357.209957,-7.9223,24.5737,-2.7120,0.4000,1.6952
1782675357.309987,-7.9408,24.5652,-2.7014,0.4000,0.4735
1782675357.360025,-7.9590,24.5567,-2.6778,0.3992,0.4967
1782675357.409969,-7.9768,24.5477,-2.6528,0.3934,0.5600
1782675357.460007,-7.9942,24.5384,-2.6247,0.3930,0.6109
1782675357.509861,-8.0114,24.5287,-2.5939,0.3930,0.6512
1782675357.559939,-8.0283,24.5184,-2.5612,0.3946,0.7030
1782675357.610360,-8.0451,24.5074,-2.5259,0.3996,0.7319
1782675357.659844,-8.0615,24.4958,-2.4889,0.4000,0.8880
1782675357.709853,-8.0775,24.4836,-2.4445,0.4000,0.5775
1782675357.759730,-8.0929,24.4706,-2.4155,0.4000,0.4783
1782675357.810805,-8.1080,24.4573,-2.3915,0.4000,0.5313
1782675357.859877,-8.1227,24.4436,-2.3648,0.4000,0.4055
1782675357.909763,-8.1370,24.4295,-2.3445,0.4000,0.4025
1782675357.959795,-8.1511,24.4151,-2.3243,0.4000,0.2461
1782675358.009909,-8.1648,24.4004,-2.3120,0.4000,0.1526
1782675358.059771,-8.1785,24.3855,-2.3043,0.4000,0.1462
1782675358.109787,-8.1919,24.3706,-2.2969,0.4000,0.1383
1782675358.159730,-8.2053,24.3556,-2.2900,0.4000,0.1392
1782675358.209884,-8.2185,24.3404,-2.2830,0.4000,0.1287
1782675358.259747,-8.2317,24.3252,-2.2765,0.4000,0.1012
1782675358.309828,-8.2447,24.3099,-2.2714,0.4000,0.1066
1782675358.359756,-8.2577,24.2945,-2.2660,0.4000,0.0975
1782675358.409850,-8.2706,24.2790,-2.2611,0.4000,0.0962
1782675358.459779,-8.2834,24.2635,-2.2563,0.4000,0.1182
1782675358.509691,-8.2962,24.2479,-2.2503,0.4000,0.0981
1782675358.559732,-8.3088,24.2323,-2.2454,0.4000,0.0160
1782675358.609717,-8.3214,24.2165,-2.2446,0.4000,0.1487
1782675358.659775,-8.3339,24.2008,-2.2371,0.4000,0.1489
1782675358.709808,-8.3464,24.1849,-2.2296,0.4000,0.1356
1782675358.759843,-8.3588,24.1690,-2.2227,0.4000,0.1363
1782675358.809862,-8.3710,24.1530,-2.2159,0.4000,0.1266
1782675358.859847,-8.3831,24.1369,-2.2095,0.4000,0.1110
1782675358.909956,-8.3951,24.1208,-2.2039,0.4000,0.1538
1782675358.959791,-8.4070,24.1045,-2.1962,0.4000,0.1313
1782675359.011024,-8.4187,24.0882,-2.1896,0.4000,0.1457
1782675359.059889,-8.4304,24.0718,-2.1822,0.4000,0.1429
1782675359.110143,-8.4420,24.0554,-2.1750,0.4000,0.1081
1782675359.159927,-8.4535,24.0386,-2.1695,0.4000,0.1330
1782675359.209845,-8.4648,24.0221,-2.1628,0.4000,0.1370
1782675359.259804,-8.4760,24.0055,-2.1559,0.4000,0.1417
1782675359.309994,-8.4871,23.9887,-2.1488,0.4000,0.1516
1782675359.360020,-8.4981,23.9719,-2.1412,0.4000,0.1324
1782675359.409829,-8.5091,23.9547,-2.1345,0.4000,0.1327
1782675359.459797,-8.5197,23.9378,-2.1278,0.4000,0.1748
1782675359.509759,-8.5304,23.9208,-2.1190,0.4000,0.1257
1782675359.559811,-8.5408,23.9036,-2.1127,0.4000,0.1343
1782675359.609818,-8.5512,23.8864,-2.1059,0.4000,0.1300
1782675359.659796,-8.5615,23.8691,-2.0994,0.4000,0.1184
1782675359.709751,-8.5716,23.8517,-2.0934,0.4000,0.1326
1782675359.759822,-8.5817,23.8342,-2.0868,0.4000,0.1401
1782675359.809779,-8.5916,23.8167,-2.0797,0.4000,0.1167
1782675359.859783,-8.6014,23.7992,-2.0739,0.4000,0.1107
1782675359.909811,-8.6111,23.7816,-2.0683,0.4000,0.1368
1782675359.959771,-8.6207,23.7639,-2.0614,0.4000,0.1253
1782675360.009804,-8.6302,23.7461,-2.0551,0.4000,0.1373
1782675360.059763,-8.6395,23.7283,-2.0482,0.4000,0.1366
1782675360.110089,-8.6488,23.7105,-2.0413,0.4000,0.1197
1782675360.159801,-8.6579,23.6925,-2.0353,0.4000,0.1171
1782675360.209838,-8.6669,23.6745,-2.0294,0.4000,0.1678
1782675360.259782,-8.6759,23.6564,-2.0209,0.4000,0.1925
1782675360.310322,-8.6846,23.6382,-2.0112,0.4000,0.2626
1782675360.360321,-8.6932,23.6201,-1.9980,0.4000,0.3956
1782675360.410837,-8.7015,23.6018,-1.9780,0.4000,0.7381
1782675360.459931,-8.7095,23.5833,-1.9407,0.4000,0.9070
1782675360.509965,-8.7167,23.5645,-1.8951,0.4000,1.0081
1782675360.559731,-8.7232,23.5455,-1.8443,0.4000,1.1294
1782675360.609941,-8.7286,23.5261,-1.7877,0.4000,0.9572
1782675360.659883,-8.7329,23.5065,-1.7396,0.4000,0.8102
1782675360.709833,-8.7363,23.4867,-1.6989,0.4000,0.7063
1782675360.759877,-8.7388,23.4667,-1.6634,0.4000,0.5394
1782675360.809983,-8.7407,23.4466,-1.6363,0.4000,0.4732
1782675360.859769,-8.7420,23.4266,-1.6126,0.4000,0.3559
1782675360.910944,-8.7429,23.4064,-1.5947,0.4000,0.2070
1782675360.959750,-8.7433,23.3863,-1.5843,0.4000,0.1623
1782675361.009709,-8.7436,23.3663,-1.5762,0.4000,0.1150
1782675361.059743,-8.7437,23.3461,-1.5704,0.4000,0.0775
1782675361.109708,-8.7437,23.3260,-1.5665,0.4000,0.0895
1782675361.159793,-8.7436,23.3059,-1.5620,0.4000,0.0873
1782675361.209734,-8.7434,23.2858,-1.5576,0.4000,0.1022
1782675361.259768,-8.7432,23.2657,-1.5525,0.4000,0.0680
1782675361.309937,-8.7428,23.2456,-1.5491,0.4000,0.0250
1782675361.359777,-8.7424,23.2255,-1.5479,0.4000,0.0221
1782675361.409761,-8.7419,23.2054,-1.5467,0.4000,0.0171
1782675361.459857,-8.7414,23.1853,-1.5459,0.4000,0.0060
1782675361.509995,-8.7409,23.1652,-1.5456,0.4000,0.0501
1782675361.559830,-8.7404,23.1451,-1.5431,0.4000,0.0360
1782675361.609763,-8.7399,23.1250,-1.5412,0.4000,0.0902
1782675361.659765,-8.7393,23.1049,-1.5367,0.4000,0.0828
1782675361.709735,-8.7386,23.0848,-1.5325,0.4000,0.1003
1782675361.759773,-8.7378,23.0647,-1.5274,0.4000,0.1315
1782675361.809721,-8.7369,23.0446,-1.5208,0.4000,0.1166
1782675361.860128,-8.7359,23.0246,-1.5150,0.4000,0.1135
1782675361.909922,-8.7348,23.0043,-1.5092,0.4000,0.1487
1782675361.959907,-8.7336,22.9843,-1.5017,0.4000,0.1768
1782675362.009902,-8.7322,22.9642,-1.4928,0.4000,0.1580
1782675362.059935,-8.7306,22.9441,-1.4849,0.4000,0.1429
1782675362.110135,-8.7289,22.9241,-1.4777,0.4000,0.1383
1782675362.159843,-8.7270,22.9041,-1.4707,0.4000,0.1199
1782675362.209953,-8.7250,22.8840,-1.4647,0.4000,0.1533
1782675362.259962,-8.7229,22.8640,-1.4569,0.4000,0.1639
1782675362.309824,-8.7206,22.8440,-1.4486,0.4000,0.1791
1782675362.359919,-8.7181,22.8240,-1.4397,0.4000,0.1220
1782675362.409977,-8.7155,22.8041,-1.4335,0.4000,0.1717
1782675362.460135,-8.7127,22.7842,-1.4249,0.4000,0.1352
1782675362.509831,-8.7098,22.7642,-1.4180,0.4000,0.1595
1782675362.559901,-8.7067,22.7444,-1.4100,0.4000,0.1424
1782675362.609814,-8.7035,22.7244,-1.4028,0.4000,0.1498
1782675362.659719,-8.7002,22.7047,-1.3954,0.4000,0.0916
1782675362.709763,-8.6967,22.6849,-1.3907,0.4000,0.1476
1782675362.759707,-8.6930,22.6651,-1.3833,0.4000,0.0809
1782675362.809918,-8.6893,22.6454,-1.3793,0.4000,0.0893
1782675362.859731,-8.6855,22.6256,-1.3748,0.4000,0.0921
1782675362.909727,-8.6815,22.6058,-1.3701,0.4000,0.1286
1782675362.959860,-8.6775,22.5861,-1.3636,0.4000,0.2024
1782675363.009722,-8.6734,22.5664,-1.3535,0.4000,0.1902
1782675363.059839,-8.6691,22.5468,-1.3440,0.4000,0.1509
1782675363.109774,-8.6645,22.5271,-1.3363,0.4000,0.2759
1782675363.159795,-8.6598,22.5076,-1.3225,0.4000,0.3332
1782675363.209744,-8.6549,22.4881,-1.3057,0.4000,0.3026
1782675363.259800,-8.6496,22.4686,-1.2906,0.4000,0.2683
1782675363.309912,-8.6440,22.4492,-1.2772,0.4000,0.3513
1782675363.359777,-8.6382,22.4300,-1.2597,0.4000,0.2415
1782675363.409895,-8.6320,22.4108,-1.2476,0.4000,0.3469
1782675363.460002,-8.6257,22.3917,-1.2301,0.4000,0.4582
1782675363.509818,-8.6189,22.3728,-1.2071,0.4000,0.3530
1782675363.559833,-8.6118,22.3540,-1.1894,0.4000,0.2976
1782675363.609891,-8.6042,22.3352,-1.1744,0.4000,0.1672
1782675363.659982,-8.5965,22.3167,-1.1661,0.4000,0.1304
1782675363.710177,-8.5886,22.2982,-1.1596,0.4000,-0.0272
1782675363.759889,-8.5805,22.2797,-1.1609,0.4000,0.0218
1782675363.809780,-8.5725,22.2612,-1.1599,0.4000,0.0138
1782675363.859883,-8.5644,22.2428,-1.1591,0.4000,0.0527
1782675363.909901,-8.5564,22.2243,-1.1565,0.4000,0.1062
1782675363.959756,-8.5482,22.2057,-1.1511,0.4000,0.0743
1782675364.009800,-8.5400,22.1873,-1.1473,0.4000,0.0789
1782675364.059846,-8.5317,22.1690,-1.1434,0.4000,0.0707
1782675364.109764,-8.5234,22.1507,-1.1398,0.4000,0.1181
1782675364.159852,-8.5150,22.1324,-1.1339,0.4000,0.0800
1782675364.209753,-8.5064,22.1141,-1.1298,0.4000,0.1032
1782675364.259748,-8.4979,22.0960,-1.1246,0.4000,0.1105
1782675364.309716,-8.4892,22.0778,-1.1191,0.4000,0.1293
1782675364.359744,-8.4804,22.0598,-1.1126,0.4000,0.1064
1782675364.409730,-8.4715,22.0417,-1.1072,0.4000,0.1254
1782675364.459769,-8.4625,22.0237,-1.1009,0.4000,0.1104
1782675364.509736,-8.4534,22.0058,-1.0953,0.4000,0.1575
1782675364.559695,-8.4442,21.9879,-1.0874,0.4000,0.1497
1782675364.609842,-8.4349,21.9701,-1.0799,0.4000,0.1317
1782675364.659738,-8.4254,21.9524,-1.0733,0.4000,0.1294
1782675364.709826,-8.4158,21.9347,-1.0668,0.4000,0.1590
1782675364.759777,-8.4061,21.9171,-1.0588,0.4000,0.1832
1782675364.809723,-8.3962,21.8996,-1.0495,0.4000,0.2037
1782675364.859848,-8.3862,21.8821,-1.0393,0.4000,0.1472
1782675364.909738,-8.3760,21.8647,-1.0319,0.4000,0.1942
1782675364.959799,-8.3657,21.8475,-1.0222,0.4000,0.2570
1782675365.009805,-8.3552,21.8303,-1.0093,0.4000,0.2362
1782675365.059789,-8.3444,21.8132,-0.9974,0.4000,0.2337
1782675365.109765,-8.3335,21.7963,-0.9856,0.4000,0.2984
1782675365.159746,-8.3224,21.7795,-0.9707,0.4000,0.2524
1782675365.209868,-8.3110,21.7630,-0.9581,0.4000,0.2781
1782675365.309963,-8.2993,21.7463,-0.9440,0.4000,0.4185
1782675365.359845,-8.2876,21.7301,-0.9230,0.4000,0.4331
1782675365.410023,-8.2755,21.7141,-0.9012,0.4000,0.4746
1782675365.459872,-8.2630,21.6983,-0.8773,0.4000,0.4314
1782675365.509881,-8.2501,21.6828,-0.8557,0.4000,0.3379
1782675365.560235,-8.2368,21.6676,-0.8386,0.4000,0.2671
1782675365.609934,-8.2234,21.6526,-0.8252,0.4000,0.1792
1782675365.659808,-8.2097,21.6378,-0.8162,0.4000,0.1565
1782675365.709875,-8.1958,21.6230,-0.8083,0.4000,0.1021
1782675365.759823,-8.1821,21.6086,-0.8032,0.4000,0.1008
1782675365.809935,-8.1681,21.5941,-0.7982,0.4000,0.0866
1782675365.859753,-8.1540,21.5797,-0.7938,0.4000,0.0908
1782675365.909733,-8.1399,21.5654,-0.7892,0.4000,0.0976
1782675365.959771,-8.1257,21.5511,-0.7843,0.4000,0.0871
1782675366.009724,-8.1115,21.5369,-0.7799,0.4000,0.1465
1782675366.059816,-8.0972,21.5227,-0.7726,0.4000,0.1142
1782675366.109719,-8.0828,21.5087,-0.7668,0.4000,0.1143
1782675366.159749,-8.0683,21.4947,-0.7611,0.4000,0.1017
1782675366.209794,-8.0537,21.4808,-0.7559,0.4000,0.1307
1782675366.259766,-8.0391,21.4670,-0.7494,0.4000,0.1294
1782675366.309750,-8.0244,21.4533,-0.7428,0.4000,0.1365
1782675366.359721,-8.0096,21.4397,-0.7360,0.4000,0.0992
1782675366.409774,-7.9947,21.4262,-0.7310,0.4000,0.1138
1782675366.459707,-7.9797,21.4128,-0.7253,0.4000,0.1358
1782675366.509787,-7.9646,21.3995,-0.7184,0.4000,0.1281
1782675366.559778,-7.9495,21.3862,-0.7120,0.4000,0.1277
1782675366.609719,-7.9342,21.3731,-0.7055,0.4000,0.1594
1782675366.659920,-7.9189,21.3600,-0.6975,0.4000,0.1171
1782675366.709827,-7.9034,21.3470,-0.6916,0.4000,0.1499
1782675366.759767,-7.8879,21.3342,-0.6840,0.4000,0.1586
1782675366.809835,-7.8723,21.3215,-0.6760,0.4000,0.1494
1782675366.859820,-7.8566,21.3089,-0.6686,0.4000,0.0900
1782675366.909906,-7.8405,21.2962,-0.6639,0.4000,0.1214
1782675366.959844,-7.8247,21.2838,-0.6578,0.4000,0.1354
1782675367.009939,-7.8087,21.2715,-0.6510,0.4000,0.1327
1782675367.059767,-7.7928,21.2593,-0.6443,0.4000,0.1198
1782675367.109923,-7.7767,21.2472,-0.6383,0.4000,0.1511
1782675367.159891,-7.7605,21.2352,-0.6307,0.4000,0.1412
1782675367.209984,-7.7442,21.2233,-0.6236,0.4000,0.0794
1782675367.260064,-7.7278,21.2115,-0.6195,0.4000,0.1185
1782675367.309793,-7.7114,21.1998,-0.6136,0.4000,0.0945
1782675367.359890,-7.6950,21.1883,-0.6088,0.4000,0.1839
1782675367.410257,-7.6785,21.1768,-0.5996,0.4000,0.1687
1782675367.459721,-7.6618,21.1653,-0.5910,0.4000,0.2795
1782675367.509821,-7.6449,21.1540,-0.5766,0.4000,0.4796
1782675367.559775,-7.6283,21.1432,-0.5530,0.4000,0.4606
1782675367.609808,-7.6112,21.1327,-0.5298,0.4000,0.5730
1782675367.659730,-7.5938,21.1225,-0.5011,0.4000,0.5167
1782675367.710085,-7.5762,21.1129,-0.4751,0.4000,0.5353
1782675367.759805,-7.5583,21.1037,-0.4482,0.4000,0.5116
1782675367.809754,-7.5402,21.0949,-0.4225,0.4000,0.4286
1782675367.859745,-7.5216,21.0866,-0.4007,0.4000,0.4385
1782675367.909729,-7.5033,21.0788,-0.3790,0.4000,0.2688
1782675367.959901,-7.4846,21.0714,-0.3655,0.4000,0.3361
1782675368.009794,-7.4658,21.0642,-0.3486,0.4000,0.2843
1782675368.059751,-7.4470,21.0574,-0.3343,0.4000,0.2073
1782675368.109735,-7.4280,21.0508,-0.3239,0.4000,0.1695
1782675368.159771,-7.4089,21.0444,-0.3154,0.4000,0.1165
1782675368.209773,-7.3898,21.0381,-0.3096,0.4000,0.1183
1782675368.259715,-7.3706,21.0320,-0.3036,0.4000,0.0976
1782675368.309853,-7.3514,21.0260,-0.2987,0.4000,0.0994
1782675368.359718,-7.3322,21.0201,-0.2937,0.4000,0.1186
1782675368.410061,-7.3130,21.0143,-0.2878,0.4000,0.1127
1782675368.459868,-7.2937,21.0085,-0.2821,0.4000,0.0966
1782675368.509937,-7.2743,21.0029,-0.2772,0.4000,0.0932
1782675368.559925,-7.2550,20.9974,-0.2725,0.4000,0.1200
1782675368.609924,-7.2356,20.9920,-0.2665,0.4000,0.1028
1782675368.660201,-7.2162,20.9867,-0.2613,0.4000,0.0763
1782675368.709945,-7.1967,20.9815,-0.2574,0.4000,0.1310
1782675368.759957,-7.1772,20.9764,-0.2508,0.4000,0.1310
1782675368.809845,-7.1576,20.9714,-0.2442,0.4000,0.0840
1782675368.859903,-7.1380,20.9665,-0.2399,0.4000,0.1708
1782675368.909817,-7.1185,20.9617,-0.2313,0.4000,0.1518
1782675368.959808,-7.0989,20.9571,-0.2237,0.4000,0.1450
1782675369.009941,-7.0793,20.9526,-0.2164,0.4000,0.1432
1782675369.059910,-7.0596,20.9483,-0.2092,0.4000,0.1662
1782675369.109823,-7.0400,20.9441,-0.2008,0.4000,0.1472
1782675369.159978,-7.0200,20.9401,-0.1933,0.4000,0.1526
1782675369.209757,-7.0003,20.9362,-0.1857,0.4000,0.1179
1782675369.259985,-6.9806,20.9325,-0.1797,0.4000,0.0991
1782675369.309831,-6.9609,20.9289,-0.1748,0.4000,0.0580
1782675369.359711,-6.9413,20.9255,-0.1719,0.3886,-0.0712
1782675369.409724,-6.9223,20.9223,-0.1754,0.3788,-0.1233
1782675369.459728,-6.9036,20.9190,-0.1816,0.3773,-0.2334
1782675369.509939,-6.8849,20.9156,-0.1933,0.3772,-0.2820
1782675369.559780,-6.8662,20.9119,-0.2075,0.3821,-0.3273
1782675369.609750,-6.8469,20.9077,-0.2239,0.3988,-0.2869
1782675369.659806,-6.8273,20.9032,-0.2383,0.3999,-0.2438
1782675369.709755,-6.8077,20.8985,-0.2505,0.4000,-0.1237
1782675369.759816,-6.7883,20.8935,-0.2567,0.4000,-0.0883
1782675369.809820,-6.7688,20.8884,-0.2611,0.4000,-0.0495
1782675369.859774,-6.7494,20.8832,-0.2636,0.4000,-0.0715
1782675369.909764,-6.7300,20.8780,-0.2672,0.4000,-0.0602
1782675369.959747,-6.7106,20.8727,-0.2702,0.4000,-0.0181
1782675370.009703,-6.6912,20.8673,-0.2712,0.4000,-0.0642
1782675370.059765,-6.6719,20.8619,-0.2744,0.4000,-0.0834
1782675370.109784,-6.6524,20.8565,-0.2785,0.4000,0.0089
1782675370.159859,-6.6331,20.8509,-0.2781,0.4000,-0.0020
1782675370.209982,-6.6137,20.8454,-0.2782,0.4000,0.0423
1782675370.259898,-6.5944,20.8399,-0.2761,0.4000,0.0343
1782675370.309758,-6.5750,20.8344,-0.2743,0.4000,0.0267
1782675370.360020,-6.5556,20.8289,-0.2730,0.4000,0.0404
1782675370.409911,-6.5363,20.8235,-0.2710,0.4000,-0.0040
1782675370.460127,-6.5168,20.8181,-0.2712,0.4000,0.0172
1782675370.509831,-6.4975,20.8127,-0.2703,0.4000,0.0208
1782675370.559869,-6.4781,20.8074,-0.2693,0.4000,0.0119
1782675370.609872,-6.4587,20.8020,-0.2686,0.4000,0.0279
1782675370.659800,-6.4393,20.7967,-0.2672,0.4000,-0.0146
1782675370.709929,-6.4199,20.7913,-0.2679,0.4000,-0.0258
1782675370.759991,-6.4005,20.7860,-0.2692,0.4000,-0.0468
1782675370.809901,-6.3810,20.7807,-0.2716,0.4000,-0.2098
1782675370.860103,-6.3616,20.7752,-0.2823,0.4000,-0.3635
1782675370.909712,-6.3422,20.7696,-0.3007,0.4000,-0.4826
1782675370.959776,-6.3231,20.7637,-0.3248,0.4000,-0.4177
1782675371.009783,-6.3039,20.7572,-0.3459,0.4000,-0.4551
1782675371.059879,-6.2849,20.7504,-0.3688,0.4000,-0.3250
1782675371.109735,-6.2661,20.7431,-0.3851,0.4000,-0.2503
1782675371.159884,-6.2475,20.7356,-0.3977,0.4000,-0.2600
1782675371.209793,-6.2289,20.7277,-0.4107,0.4000,-0.1175
1782675371.259751,-6.2105,20.7197,-0.4166,0.4000,-0.0749
1782675371.309716,-6.1921,20.7116,-0.4204,0.4000,-0.1251
1782675371.359754,-6.1737,20.7034,-0.4266,0.4000,-0.0772
1782675371.409836,-6.1553,20.6950,-0.4305,0.4000,-0.0590
1782675371.459743,-6.1371,20.6866,-0.4335,0.4000,-0.0732
1782675371.509700,-6.1188,20.6782,-0.4372,0.4000,-0.0242
1782675371.559771,-6.1005,20.6696,-0.4384,0.4000,-0.0119
1782675371.609702,-6.0823,20.6611,-0.4390,0.4000,-0.0060
1782675371.659845,-6.0641,20.6525,-0.4393,0.4000,0.0216
1782675371.709704,-6.0458,20.6439,-0.4382,0.4000,0.0209
1782675371.759808,-6.0276,20.6354,-0.4371,0.4000,0.0200
1782675371.809719,-6.0093,20.6269,-0.4361,0.4000,0.0136
1782675371.859727,-5.9911,20.6184,-0.4354,0.4000,0.0270
1782675371.909736,-5.9729,20.6099,-0.4341,0.4000,0.0210
1782675371.959790,-5.9546,20.6014,-0.4330,0.4000,0.0099
1782675372.009984,-5.9363,20.5930,-0.4325,0.4000,0.0262
1782675372.059920,-5.9179,20.5845,-0.4312,0.4000,0.0308
1782675372.109769,-5.8997,20.5761,-0.4296,0.4000,0.0547
1782675372.159922,-5.8813,20.5677,-0.4269,0.4000,0.0432
1782675372.209852,-5.8630,20.5594,-0.4247,0.4000,0.0805
1782675372.259929,-5.8446,20.5510,-0.4207,0.4000,-0.0108
1782675372.309831,-5.8262,20.5428,-0.4212,0.4000,-0.0010
1782675372.359833,-5.8077,20.5345,-0.4212,0.4000,0.0649
1782675372.409765,-5.7893,20.5263,-0.4179,0.4000,0.0548
1782675372.459866,-5.7710,20.5181,-0.4152,0.4000,0.0518
1782675372.509871,-5.7525,20.5100,-0.4126,0.4000,0.0185
1782675372.559744,-5.7340,20.5019,-0.4116,0.4000,0.0329
1782675372.609740,-5.7156,20.4938,-0.4100,0.4000,0.0333
1782675372.659703,-5.6971,20.4858,-0.4083,0.4000,0.0205
1782675372.759669,-5.6783,20.4777,-0.4072,0.4000,0.0515
1782675372.809695,-5.6599,20.4698,-0.4046,0.4000,0.0642
1782675372.859713,-5.6415,20.4618,-0.4014,0.4000,0.0591
1782675372.909665,-5.6229,20.4540,-0.3984,0.4000,0.0661
1782675372.959734,-5.6043,20.4462,-0.3951,0.4000,0.0402
1782675373.009675,-5.5857,20.4384,-0.3930,0.4000,0.1485
1782675373.059772,-5.5672,20.4307,-0.3856,0.4000,0.0090
1782675373.109700,-5.5486,20.4231,-0.3852,0.4000,0.0772
1782675373.159696,-5.5299,20.4156,-0.3813,0.4000,0.0479
1782675373.209670,-5.5112,20.4081,-0.3789,0.4000,0.0381
1782675373.259690,-5.4925,20.4007,-0.3770,0.4000,0.0565
1782675373.309810,-5.4738,20.3933,-0.3742,0.4000,-0.0371
1782675373.359744,-5.4551,20.3859,-0.3760,0.4000,0.0485
1782675373.409681,-5.4364,20.3785,-0.3735,0.4000,0.0581
1782675373.459763,-5.4176,20.3712,-0.3706,0.4000,0.0348
1782675373.509796,-5.3989,20.3639,-0.3689,0.4000,0.0402
1782675373.559656,-5.3801,20.3566,-0.3669,0.4000,0.0259
1782675373.609762,-5.3613,20.3494,-0.3655,0.4000,0.0865
1782675373.659788,-5.3426,20.3422,-0.3612,0.4000,0.0734
1782675373.709689,-5.3237,20.3351,-0.3575,0.4000,0.0254
1782675373.759761,-5.3048,20.3280,-0.3562,0.4000,0.0205
1782675373.810073,-5.2859,20.3210,-0.3552,0.4000,0.0137
1782675373.859940,-5.2671,20.3140,-0.3545,0.4000,0.0517
1782675373.909809,-5.2481,20.3070,-0.3519,0.4000,0.0186
1782675373.959847,-5.2292,20.3001,-0.3509,0.4000,0.0382
1782675374.009735,-5.2104,20.2932,-0.3490,0.4000,0.0529
1782675374.059777,-5.1907,20.2860,-0.3463,0.4000,0.0145
1782675374.109749,-5.1725,20.2794,-0.3455,0.4000,0.0593
1782675374.159730,-5.1536,20.2726,-0.3425,0.4000,0.0789
1782675374.209892,-5.1346,20.2659,-0.3386,0.4000,0.0656
1782675374.259838,-5.1156,20.2592,-0.3353,0.4000,0.0414
1782675374.309896,-5.0966,20.2525,-0.3333,0.4000,-0.0353
1782675374.359858,-5.0776,20.2460,-0.3350,0.4000,0.0697
1782675374.409802,-5.0584,20.2393,-0.3315,0.4000,0.0284
1782675374.459701,-5.0394,20.2327,-0.3300,0.4000,0.0265
1782675374.509847,-5.0204,20.2262,-0.3287,0.4000,0.0000
1782675374.559661,-5.0013,20.2197,-0.3287,0.4000,0.0060
1782675374.609759,-4.9822,20.2132,-0.3284,0.4000,0.1108
1782675374.659816,-4.9631,20.2067,-0.3229,0.4000,0.1162
1782675374.709749,-4.9440,20.2003,-0.3170,0.4000,0.2025
1782675374.759745,-4.9250,20.1941,-0.3069,0.4000,0.3011
1782675374.809672,-4.9057,20.1880,-0.2917,0.4000,0.3977
1782675374.859761,-4.8865,20.1822,-0.2718,0.4000,0.3802
1782675374.909676,-4.8671,20.1768,-0.2526,0.4000,0.4450
1782675374.959769,-4.8476,20.1718,-0.2303,0.4000,0.4350
1782675375.009668,-4.8277,20.1671,-0.2081,0.4000,0.6482
1782675375.059716,-4.8084,20.1630,-0.1761,0.4000,0.5011
1782675375.109698,-4.7886,20.1595,-0.1509,0.4000,0.4869
1782675375.159792,-4.7686,20.1565,-0.1264,0.4000,0.4446
1782675375.210209,-4.7487,20.1540,-0.1041,0.4000,0.3535
1782675375.259696,-4.7287,20.1519,-0.0864,0.4000,0.2823
1782675375.309755,-4.7086,20.1501,-0.0722,0.4000,0.2139
1782675375.359894,-4.6886,20.1487,-0.0614,0.4000,0.1764
1782675375.409915,-4.6685,20.1474,-0.0526,0.4000,0.0848
1782675375.459834,-4.6483,20.1464,-0.0483,0.4000,0.0916
1782675375.509888,-4.6282,20.1454,-0.0437,0.4000,0.1166
1782675375.559963,-4.6081,20.1445,-0.0378,0.4000,0.1046
1782675375.609883,-4.5880,20.1438,-0.0325,0.4000,0.0948
1782675375.659881,-4.5678,20.1431,-0.0278,0.4000,0.1082
1782675375.709738,-4.5477,20.1426,-0.0223,0.4000,0.1172
1782675375.759719,-4.5276,20.1421,-0.0164,0.4000,0.1239
1782675375.810158,-4.5075,20.1418,-0.0101,0.4000,0.1361
1782675375.859966,-4.4872,20.1416,-0.0033,0.4000,0.1375
1782675375.909726,-4.4672,20.1415,0.0037,0.4000,0.1464
1782675375.959785,-4.4470,20.1416,0.0110,0.4000,0.1358
1782675376.009859,-4.4269,20.1418,0.0179,0.4000,0.1554
1782675376.059787,-4.4067,20.1422,0.0257,0.4000,0.1319
1782675376.109849,-4.3867,20.1427,0.0323,0.4000,0.1443
1782675376.159684,-4.3666,20.1433,0.0396,0.4000,0.1714
1782675376.209657,-4.3464,20.1441,0.0482,0.4000,0.1355
1782675376.259678,-4.3264,20.1451,0.0551,0.4000,0.1777
1782675376.309679,-4.3063,20.1462,0.0640,0.4000,0.1543
1782675376.359654,-4.2862,20.1475,0.0717,0.4000,0.1510
1782675376.409997,-4.2661,20.1490,0.0794,0.4000,0.1514
1782675376.459709,-4.2460,20.1505,0.0870,0.4000,0.1394
1782675376.509656,-4.2260,20.1523,0.0940,0.4000,0.1479
1782675376.559667,-4.2059,20.1542,0.1014,0.4000,0.1112
1782675376.609693,-4.1859,20.1562,0.1070,0.4000,0.1506
1782675376.659735,-4.1660,20.1584,0.1146,0.4000,0.1497
1782675376.709754,-4.1460,20.1607,0.1221,0.4000,0.1556
1782675376.759658,-4.1260,20.1631,0.1300,0.4000,0.1762
1782675376.809640,-4.1061,20.1657,0.1388,0.4000,0.1493
1782675376.859727,-4.0861,20.1685,0.1463,0.4000,0.0846
1782675376.909726,-4.0662,20.1715,0.1506,0.4000,0.1379
1782675376.959699,-4.0463,20.1745,0.1576,0.4000,0.1446
1782675377.009791,-4.0264,20.1776,0.1648,0.4000,0.1378
1782675377.059692,-4.0066,20.1809,0.1718,0.4000,0.1206
1782675377.109668,-3.9868,20.1844,0.1778,0.4000,0.1187
1782675377.159649,-3.9670,20.1879,0.1838,0.4000,0.0880
1782675377.209695,-3.9471,20.1916,0.1882,0.4000,0.0995
1782675377.259911,-3.9273,20.1954,0.1933,0.4000,0.1592
1782675377.309800,-3.9076,20.1993,0.2013,0.4000,0.1071
1782675377.359977,-3.8878,20.2033,0.2067,0.4000,0.1675
1782675377.409854,-3.8681,20.2074,0.2151,0.4000,0.1011
1782675377.459745,-3.8485,20.2117,0.2202,0.4000,0.1344
1782675377.509743,-3.8288,20.2161,0.2270,0.4000,0.1306
1782675377.559809,-3.8091,20.2207,0.2336,0.4000,0.1204
1782675377.609834,-3.7896,20.2253,0.2396,0.4000,0.0711
1782675377.659791,-3.7700,20.2301,0.2432,0.4000,0.1864
1782675377.709840,-3.7505,20.2349,0.2526,0.4000,0.1296
1782675377.759810,-3.7310,20.2400,0.2591,0.4000,0.1233
1782675377.809746,-3.7116,20.2451,0.2653,0.4000,0.1274
1782675377.859872,-3.6920,20.2504,0.2718,0.4000,0.1355
1782675377.909844,-3.6727,20.2558,0.2785,0.4000,0.1020
1782675377.959782,-3.6533,20.2614,0.2837,0.4000,0.1176
1782675378.009788,-3.6340,20.2670,0.2896,0.4000,0.1373
1782675378.059782,-3.6148,20.2727,0.2965,0.4000,0.1206
1782675378.109675,-3.5955,20.2786,0.3026,0.4000,0.1255
1782675378.159658,-3.5763,20.2846,0.3089,0.4000,0.1398
1782675378.209875,-3.5569,20.2908,0.3160,0.4000,0.1154
1782675378.259661,-3.5380,20.2970,0.3218,0.4000,0.1216
1782675378.309663,-3.5190,20.3033,0.3279,0.4000,0.1096
1782675378.359685,-3.4999,20.3098,0.3334,0.4000,0.1476
1782675378.409744,-3.4809,20.3164,0.3408,0.4000,0.1240
1782675378.459657,-3.4619,20.3231,0.3470,0.4000,0.0579
1782675378.509721,-3.4429,20.3300,0.3500,0.4000,0.1319
1782675378.559734,-3.4241,20.3369,0.3566,0.4000,0.1143
1782675378.609643,-3.4052,20.3439,0.3624,0.4000,0.1468
1782675378.659726,-3.3864,20.3510,0.3697,0.4000,0.0644
1782675378.709725,-3.3677,20.3583,0.3730,0.4000,0.1137
1782675378.759718,-3.3489,20.3656,0.3787,0.4000,0.1356
1782675378.809716,-3.3301,20.3731,0.3856,0.4000,0.1189
1782675378.859750,-3.3116,20.3807,0.3915,0.4000,0.0982
1782675378.910043,-3.2930,20.3883,0.3965,0.4000,0.1419
1782675378.959855,-3.2744,20.3961,0.4036,0.4000,0.1152
1782675379.009818,-3.2559,20.4040,0.4094,0.4000,0.1040
1782675379.059859,-3.2374,20.4120,0.4147,0.4000,0.1460
1782675379.109866,-3.2190,20.4201,0.4220,0.4000,0.1380
1782675379.159794,-3.2007,20.4284,0.4290,0.4000,0.1386
1782675379.209954,-3.1824,20.4368,0.4359,0.4000,0.1344
1782675379.259740,-3.1641,20.4453,0.4427,0.4000,0.1931
1782675379.309866,-3.1459,20.4539,0.4524,0.4000,0.1231
1782675379.359879,-3.1278,20.4627,0.4587,0.4000,0.3146
1782675379.409729,-3.1097,20.4716,0.4745,0.4000,0.3322
1782675379.459754,-3.0918,20.4808,0.4913,0.4000,0.4421
1782675379.510031,-3.0740,20.4903,0.5136,0.4000,0.4623
1782675379.559880,-3.0565,20.5002,0.5369,0.4000,0.5203
1782675379.609711,-3.0392,20.5105,0.5629,0.4000,0.2738
1782675379.659752,-3.0222,20.5213,0.5767,0.4000,0.2697
1782675379.709762,-3.0052,20.5323,0.5903,0.4000,0.2301
1782675379.759655,-2.9886,20.5435,0.6018,0.4000,0.2073
1782675379.809697,-2.9720,20.5548,0.6122,0.4000,0.3500
1782675379.859751,-2.9556,20.5664,0.6299,0.4000,0.3871
1782675379.909651,-2.9393,20.5782,0.6494,0.4000,0.4795
1782675379.959635,-2.9233,20.5904,0.6735,0.4000,0.5210
1782675380.009696,-2.9076,20.6030,0.6998,0.4000,0.5667
1782675380.059732,-2.8922,20.6159,0.7282,0.4000,0.3959
1782675380.109675,-2.8771,20.6293,0.7481,0.4000,0.3078
1782675380.159695,-2.8624,20.6430,0.7635,0.4000,0.2381
1782675380.209628,-2.8479,20.6569,0.7755,0.4000,0.2212
1782675380.259643,-2.8335,20.6710,0.7866,0.4000,0.1336
1782675380.309634,-2.8193,20.6852,0.7933,0.4000,0.1244
1782675380.359654,-2.8052,20.6995,0.7996,0.4000,0.1447
1782675380.409648,-2.7912,20.7140,0.8068,0.4000,0.1181
1782675380.509739,-2.7772,20.7286,0.8129,0.4000,0.1555
1782675380.559839,-2.7634,20.7431,0.8207,0.4000,0.1526
1782675380.609746,-2.7496,20.7580,0.8284,0.4000,0.1786
1782675380.659800,-2.7360,20.7728,0.8374,0.4000,0.2858
1782675380.709893,-2.7225,20.7878,0.8516,0.4000,0.1023
1782675380.759872,-2.7092,20.8029,0.8569,0.4000,0.3192
1782675380.809875,-2.6960,20.8182,0.8729,0.4000,0.3527
1782675380.859755,-2.6831,20.8336,0.8906,0.4000,0.3421
1782675380.909787,-2.6705,20.8492,0.9078,0.4000,0.3873
1782675380.959785,-2.6581,20.8651,0.9274,0.4000,0.4397
1782675381.009711,-2.6460,20.8812,0.9494,0.4000,0.3595
1782675381.059980,-2.6343,20.8976,0.9675,0.4000,0.3801
1782675381.109921,-2.6229,20.9141,0.9866,0.4000,0.3585
1782675381.159891,-2.6118,20.9309,1.0047,0.4000,0.3743
1782675381.209777,-2.6010,20.9479,1.0235,0.4000,0.2407
1782675381.259728,-2.5905,20.9651,1.0356,0.4000,0.2173
1782675381.310356,-2.5802,20.9824,1.0465,0.4000,0.1945
1782675381.359701,-2.5701,20.9999,1.0563,0.4000,0.1439
1782675381.409755,-2.5603,21.0174,1.0635,0.4000,0.1185
1782675381.459755,-2.5505,21.0349,1.0695,0.4000,0.0965
1782675381.509649,-2.5408,21.0526,1.0743,0.4000,0.0813
1782675381.559688,-2.5313,21.0702,1.0784,0.4000,0.0843
1782675381.609781,-2.5218,21.0880,1.0826,0.4000,0.1158
1782675381.659715,-2.5123,21.1057,1.0885,0.4000,0.1225
1782675381.709663,-2.5030,21.1236,1.0946,0.4000,0.1344
1782675381.759723,-2.4938,21.1414,1.1014,0.4000,0.1471
1782675381.809669,-2.4847,21.1594,1.1088,0.4000,0.1601
1782675381.859716,-2.4757,21.1774,1.1169,0.4000,0.1457
1782675381.909802,-2.4669,21.1954,1.1242,0.4000,0.1158
1782675381.959680,-2.4582,21.2135,1.1300,0.4000,0.1478
1782675382.009655,-2.4496,21.2317,1.1375,0.4000,0.1852
1782675382.059754,-2.4412,21.2500,1.1468,0.4000,0.1587
1782675382.109922,-2.4329,21.2683,1.1547,0.4000,0.1499
1782675382.159806,-2.4247,21.2869,1.1624,0.4000,0.1666
1782675382.209861,-2.4168,21.3053,1.1707,0.4000,0.1335
1782675382.259799,-2.4089,21.3238,1.1774,0.4000,0.1697
1782675382.309740,-2.4012,21.3424,1.1860,0.4000,0.1742
1782675382.359875,-2.3937,21.3610,1.1947,0.4000,0.1189
1782675382.409780,-2.3863,21.3798,1.2007,0.4000,0.1543
1782675382.459747,-2.3790,21.3985,1.2085,0.4000,0.1466
1782675382.509890,-2.3719,21.4173,1.2159,0.4000,0.1332
1782675382.559915,-2.3649,21.4362,1.2226,0.4000,0.1966
1782675382.609716,-2.3580,21.4551,1.2325,0.4000,0.1790
1782675382.659846,-2.3513,21.4741,1.2415,0.4000,0.0824
1782675382.709772,-2.3448,21.4932,1.2457,0.4000,0.1256
1782675382.759775,-2.3384,21.5122,1.2520,0.4000,0.1296
1782675382.809861,-2.3321,21.5314,1.2585,0.4000,0.1148
1782675382.859916,-2.3259,21.5505,1.2643,0.4000,0.1556
1782675382.909919,-2.3198,21.5696,1.2721,0.4000,0.1257
1782675382.959754,-2.3139,21.5889,1.2784,0.4000,0.1265
1782675383.009727,-2.3081,21.6082,1.2848,0.4000,0.1650
1782675383.059754,-2.3024,21.6275,1.2931,0.4000,0.1014
1782675383.109796,-2.2969,21.6468,1.2982,0.4000,0.1373
1782675383.159710,-2.2915,21.6662,1.3051,0.4000,0.1029
1782675383.209852,-2.2862,21.6856,1.3103,0.4000,0.1807
1782675383.259688,-2.2811,21.7050,1.3194,0.4000,0.1982
1782675383.309716,-2.2761,21.7245,1.3293,0.4000,0.0729
1782675383.359686,-2.2712,21.7440,1.3329,0.4000,0.0849
1782675383.409690,-2.2665,21.7635,1.3373,0.4000,0.3298
1782675383.459692,-2.2619,21.7831,1.3539,0.4000,0.4561
1782675383.509819,-2.2575,21.8027,1.3768,0.4000,0.4626
1782675383.559943,-2.2537,21.8225,1.4001,0.4000,0.4842
1782675383.609686,-2.2502,21.8423,1.4244,0.4000,0.3883
1782675383.659699,-2.2473,21.8622,1.4440,0.4000,0.4063
1782675383.709784,-2.2448,21.8821,1.4644,0.4000,0.3131
1782675383.759867,-2.2426,21.9022,1.4801,0.4000,0.2279
1782675383.809995,-2.2408,21.9222,1.4916,0.4000,0.2254
1782675383.859883,-2.2392,21.9423,1.5029,0.4000,0.1161
1782675383.910032,-2.2379,21.9624,1.5088,0.4000,0.1193
1782675383.959753,-2.2366,21.9825,1.5148,0.4000,0.1289
1782675384.009847,-2.2355,22.0025,1.5212,0.4000,0.1027
1782675384.059803,-2.2345,22.0227,1.5264,0.4000,0.1359
1782675384.109798,-2.2336,22.0428,1.5333,0.4000,0.1201
1782675384.160449,-2.2328,22.0629,1.5393,0.4000,0.1033
1782675384.209877,-2.2322,22.0830,1.5445,0.4000,0.1294
1782675384.259950,-2.2317,22.1031,1.5510,0.4000,0.1407
1782675384.309789,-2.2313,22.1232,1.5581,0.4000,0.0871
1782675384.360095,-2.2310,22.1433,1.5625,0.4000,0.1261
1782675384.409865,-2.2309,22.1635,1.5688,0.4000,0.1285
1782675384.459757,-2.2308,22.1836,1.5753,0.4000,0.1232
1782675384.509786,-2.2309,22.2037,1.5815,0.4000,0.1138
1782675384.559896,-2.2311,22.2239,1.5872,0.4000,0.1234
1782675384.609795,-2.2315,22.2440,1.5935,0.4000,0.1275
1782675384.659720,-2.2319,22.2641,1.5999,0.4000,0.0749
1782675384.709767,-2.2325,22.2842,1.6037,0.4000,0.1283
1782675384.760997,-2.2332,22.3043,1.6101,0.4000,0.1204
1782675384.809695,-2.2340,22.3245,1.6162,0.4000,0.1378
1782675384.859703,-2.2349,22.3446,1.6231,0.4000,0.0992
1782675384.909707,-2.2359,22.3646,1.6281,0.4000,0.1393
1782675384.959673,-2.2371,22.3848,1.6351,0.4000,0.1347
1782675385.009813,-2.2384,22.4049,1.6419,0.4000,0.0875
1782675385.059694,-2.2398,22.4250,1.6463,0.4000,0.1097
1782675385.109727,-2.2413,22.4450,1.6518,0.4000,0.1099
1782675385.159880,-2.2430,22.4651,1.6574,0.4000,0.1378
1782675385.209664,-2.2447,22.4852,1.6643,0.4000,0.1238
1782675385.259712,-2.2466,22.5052,1.6706,0.4000,0.1202
1782675385.309783,-2.2486,22.5253,1.6766,0.4000,0.1286
1782675385.360800,-2.2507,22.5453,1.6831,0.4000,0.1330
1782675385.409804,-2.2530,22.5653,1.6898,0.4000,0.1049
1782675385.459904,-2.2554,22.5853,1.6951,0.4000,0.1139
1782675385.509746,-2.2579,22.6053,1.7008,0.4000,0.0591
1782675385.559820,-2.2605,22.6252,1.7038,0.4000,0.1399
1782675385.609947,-2.2631,22.6452,1.7108,0.4000,0.1078
1782675385.659818,-2.2659,22.6651,1.7163,0.4000,0.1208
1782675385.709933,-2.2689,22.6850,1.7223,0.4000,0.1065
1782675385.759784,-2.2719,22.7049,1.7277,0.4000,0.0500
1782675385.809872,-2.2750,22.7248,1.7302,0.4000,0.1361
1782675385.859926,-2.2782,22.7446,1.7371,0.4000,0.1360
1782675385.909799,-2.2816,22.7645,1.7439,0.4000,0.1386
1782675385.959873,-2.2850,22.7843,1.7509,0.4000,0.1091
1782675386.009870,-2.2886,22.8041,1.7564,0.4000,0.1362
1782675386.059840,-2.2924,22.8239,1.7633,0.4000,0.2020
1782675386.109775,-2.2962,22.8436,1.7734,0.4000,0.1708
1782675386.159991,-2.3002,22.8633,1.7819,0.4000,0.1004
1782675386.209804,-2.3045,22.8830,1.7870,0.4000,0.1749
1782675386.259727,-2.3088,22.9026,1.7958,0.4000,0.3353
1782675386.309754,-2.3133,22.9222,1.8127,0.4000,0.3569
1782675386.359680,-2.3181,22.9417,1.8306,0.4000,0.4148
1782675386.409719,-2.3232,22.9612,1.8515,0.4000,0.4589
1782675386.459686,-2.3288,22.9804,1.8746,0.4000,0.5409
1782675386.509660,-2.3348,22.9996,1.9017,0.4000,0.3939
1782675386.560049,-2.3416,23.0194,1.9225,0.4000,0.3263
1782675386.609787,-2.3483,23.0376,1.9384,0.4000,0.3970
1782675386.659719,-2.3555,23.0563,1.9584,0.4000,0.3749
1782675386.709743,-2.3631,23.0749,1.9772,0.4000,0.2293
1782675386.759761,-2.3711,23.0935,1.9887,0.4000,0.1887
1782675386.809651,-2.3793,23.1118,1.9982,0.4000,0.1641
1782675386.859731,-2.3876,23.1302,2.0065,0.4000,0.1364
1782675386.909783,-2.3961,23.1484,2.0133,0.4000,0.1218
1782675386.959673,-2.4048,23.1666,2.0195,0.4000,0.1007
1782675387.009742,-2.4135,23.1847,2.0245,0.4000,0.1298
1782675387.060035,-2.4223,23.2028,2.0310,0.4000,0.0976
1782675387.109913,-2.4312,23.2209,2.0360,0.4000,0.1616
1782675387.160110,-2.4404,23.2392,2.0443,0.4000,0.1112
1782675387.209774,-2.4495,23.2568,2.0498,0.4000,0.1376
1782675387.259839,-2.4587,23.2747,2.0567,0.4000,0.1302
1782675387.309875,-2.4682,23.2925,2.0633,0.4000,0.1346
1782675387.359723,-2.4777,23.3103,2.0701,0.4000,0.1306
1782675387.410035,-2.4873,23.3279,2.0767,0.4000,0.1326
1782675387.459791,-2.4971,23.3455,2.0833,0.4000,0.1469
1782675387.509780,-2.5069,23.3630,2.0907,0.4000,0.1360
1782675387.559868,-2.5169,23.3805,2.0976,0.4000,0.1511
1782675387.609833,-2.5264,23.3957,2.1052,0.3159,0.1335
1782675388.009748,-2.5329,23.4048,2.1334,0.1007,0.0823
1782675388.109694,-2.5419,23.4203,2.1466,0.2184,0.2458
1782675388.159751,-2.5480,23.4298,2.1588,0.2301,0.2164
1782675388.209774,-2.5546,23.4399,2.1696,0.2505,0.1210
1782675388.259691,-2.5619,23.4508,2.1756,0.2683,0.2142
1782675388.309730,-2.5696,23.4620,2.1863,0.2728,0.1786
1782675388.359686,-2.5776,23.4732,2.1952,0.2739,0.1666
1782675388.409713,-2.5857,23.4845,2.2035,0.2789,0.1675
1782675388.459669,-2.5941,23.4962,2.2119,0.2915,0.1631
1782675388.509641,-2.6031,23.5084,2.2200,0.3095,0.1672
1782675388.559673,-2.6128,23.5213,2.2283,0.3320,0.1685
1782675388.609892,-2.6232,23.5349,2.2368,0.3482,0.1532
1782675388.709759,-2.6343,23.5492,2.2444,0.3681,0.2480
1782675388.759681,-2.6461,23.5643,2.2567,0.3940,0.1934
1782675388.810160,-2.6587,23.5797,2.2664,0.3998,0.1993
1782675388.859914,-2.6716,23.5952,2.2764,0.4002,0.2186
1782675388.909747,-2.6847,23.6105,2.2874,0.4002,0.2665
1782675388.959944,-2.6979,23.6256,2.3007,0.4002,0.1912
1782675389.009788,-2.7113,23.6406,2.3103,0.4002,0.1699
1782675389.059863,-2.7249,23.6555,2.3188,0.4002,0.1707
1782675389.109895,-2.7387,23.6702,2.3274,0.4002,0.1234
1782675389.160332,-2.7525,23.6849,2.3336,0.4002,0.1497
1782675389.209795,-2.7664,23.6994,2.3412,0.4002,0.1581
1782675389.259745,-2.7804,23.7139,2.3491,0.4002,0.1667
1782675389.310074,-2.7946,23.7282,2.3575,0.4002,0.1688
1782675389.359777,-2.8089,23.7424,2.3660,0.4002,0.1742
1782675389.409767,-2.8233,23.7565,2.3748,0.4001,0.1187
1782675389.459830,-2.8378,23.7705,2.3808,0.4001,0.1412
1782675389.509707,-2.8524,23.7844,2.3879,0.4001,0.1212
1782675389.559895,-2.8670,23.7981,2.3940,0.4001,0.1204
1782675389.609933,-2.8818,23.8118,2.4000,0.4001,0.1231
1782675389.659941,-2.8966,23.8253,2.4062,0.4001,0.1345
1782675389.709683,-2.9116,23.8388,2.4130,0.4001,0.1225
1782675389.759805,-2.9266,23.8522,2.4191,0.4001,0.1422
1782675389.809761,-2.9416,23.8655,2.4263,0.4001,0.1527
1782675389.859685,-2.9568,23.8787,2.4339,0.4001,0.1554
1782675389.909918,-2.9721,23.8918,2.4418,0.4001,0.1947
1782675389.959745,-2.9876,23.9047,2.4516,0.4001,0.2295
1782675390.009714,-3.0031,23.9175,2.4632,0.4001,0.3971
1782675390.059680,-3.0188,23.9301,2.4832,0.4001,0.5186
1782675390.109653,-3.0347,23.9424,2.5093,0.4001,0.4996
1782675390.159775,-3.0509,23.9543,2.5344,0.4001,0.5935
1782675390.209783,-3.0674,23.9658,2.5643,0.4001,0.6507
1782675390.259727,-3.0843,23.9768,2.5969,0.4001,0.5024
1782675390.309673,-3.1015,23.9871,2.6222,0.4001,0.5156
1782675390.359659,-3.1190,23.9971,2.6481,0.4001,0.3468
1782675390.409768,-3.1367,24.0066,2.6655,0.4001,0.4429
1782675390.459805,-3.1546,24.0159,2.6878,0.4001,0.3660
1782675390.509671,-3.1727,24.0247,2.7062,0.4001,0.2429
1782675390.559733,-3.1909,24.0331,2.7183,0.4001,0.1854
1782675390.610062,-3.2093,24.0414,2.7277,0.4001,0.1558
1782675390.659768,-3.2277,24.0495,2.7355,0.4001,0.1108
1782675390.709841,-3.2462,24.0575,2.7411,0.4001,0.0852
1782675390.760132,-3.2648,24.0653,2.7454,0.4001,0.1307
1782675390.809825,-3.2833,24.0730,2.7519,0.4001,0.0857
1782675390.859759,-3.3020,24.0807,2.7563,0.4001,0.1392
1782675390.909863,-3.3208,24.0883,2.7633,0.4001,0.1226
1782675390.959838,-3.3393,24.0957,2.7695,0.4001,0.1312
1782675391.009787,-3.3582,24.1030,2.7761,0.4001,0.1200
1782675391.059853,-3.3769,24.1102,2.7821,0.4001,0.1284
1782675391.109927,-3.3957,24.1173,2.7886,0.4001,0.1314
1782675391.159741,-3.4147,24.1243,2.7952,0.4000,0.1093
1782675391.209809,-3.4337,24.1311,2.8008,0.4000,0.1640
1782675391.259865,-3.4526,24.1378,2.8090,0.4000,0.1246
1782675391.309859,-3.4716,24.1444,2.8153,0.4000,0.1493
1782675391.359729,-3.4910,24.1509,2.8229,0.4000,0.1332
1782675391.410170,-3.5098,24.1571,2.8295,0.4000,0.1396
1782675391.459901,-3.5291,24.1633,2.8366,0.4000,0.1258
1782675391.509669,-3.5484,24.1694,2.8429,0.4000,0.1403
1782675391.559765,-3.5676,24.1753,2.8500,0.4000,0.2004
1782675391.609853,-3.5871,24.1812,2.8602,0.4000,0.1522
1782675391.659808,-3.6064,24.1867,2.8679,0.4000,0.1662
1782675391.709669,-3.6257,24.1922,2.8762,0.4000,0.1357
1782675391.759664,-3.6452,24.1974,2.8830,0.4000,0.1177
1782675391.810256,-3.6646,24.2026,2.8889,0.4000,0.1318
1782675391.859699,-3.6841,24.2076,2.8956,0.4000,0.1370
1782675391.909786,-3.7036,24.2125,2.9025,0.4000,0.1310
1782675391.959829,-3.7234,24.2173,2.9092,0.4000,0.1320
1782675392.009652,-3.7428,24.2219,2.9158,0.4000,0.1550
1782675392.059723,-3.7624,24.2264,2.9235,0.4000,0.1230
1782675392.109671,-3.7821,24.2308,2.9297,0.4000,0.1003
1782675392.159676,-3.8017,24.2350,2.9348,0.4000,0.0977
1782675392.209745,-3.8214,24.2391,2.9397,0.4000,0.0994
1782675392.259711,-3.8411,24.2431,2.9447,0.4000,0.0606
1782675392.309706,-3.8609,24.2471,2.9477,0.4000,0.0621
1782675392.359664,-3.8806,24.2510,2.9509,0.4000,0.0340
1782675392.410153,-3.9004,24.2548,2.9526,0.4000,0.0319
1782675392.459731,-3.9202,24.2586,2.9541,0.4000,-0.0376
1782675392.509742,-3.9399,24.2623,2.9521,0.4000,-0.2015
1782675392.559760,-3.9600,24.2661,2.9419,0.4000,-0.1502
1782675392.609702,-3.9797,24.2701,2.9343,0.4000,-0.1714
1782675392.659754,-3.9993,24.2743,2.9258,0.4000,-0.0570
1782675392.709854,-4.0190,24.2786,2.9229,0.4000,0.0120
1782675392.759880,-4.0386,24.2829,2.9235,0.4000,0.0264
1782675392.809871,-4.0583,24.2873,2.9249,0.4000,-0.0010
1782675392.859746,-4.0780,24.2916,2.9248,0.4000,0.0414
1782675392.909877,-4.0976,24.2959,2.9269,0.4000,0.0138
1782675392.959802,-4.1173,24.3002,2.9276,0.4000,0.0186
1782675393.010115,-4.1370,24.3045,2.9286,0.4000,0.0329
1782675393.059704,-4.1566,24.3088,2.9302,0.4000,-0.0020
1782675393.109795,-4.1763,24.3130,2.9301,0.4000,-0.0010
1782675393.159724,-4.1960,24.3172,2.9301,0.4000,0.0306
1782675393.209799,-4.2156,24.3214,2.9316,0.4000,-0.0079
1782675393.259912,-4.2354,24.3256,2.9312,0.4000,0.0318
1782675393.309792,-4.2550,24.3298,2.9328,0.4000,0.0362
1782675393.359724,-4.2746,24.3340,2.9346,0.4000,0.0040
1782675393.409813,-4.2943,24.3381,2.9348,0.4000,-0.0100
1782675393.459783,-4.3140,24.3423,2.9343,0.4000,0.0140
1782675393.509718,-4.3337,24.3464,2.9350,0.4000,0.0248
1782675393.559759,-4.3534,24.3505,2.9362,0.4000,-0.0110
1782675393.609783,-4.3731,24.3546,2.9357,0.4000,0.0308
1782675393.659671,-4.3928,24.3587,2.9373,0.4000,0.1248
1782675393.709749,-4.4125,24.3628,2.9435,0.4000,-0.0552
1782675393.759813,-4.4323,24.3668,2.9407,0.4000,-0.0897
1782675393.809698,-4.4519,24.3708,2.9362,0.4000,-0.0342
1782675393.859778,-4.4715,24.3749,2.9345,0.4000,-0.0071
1782675393.909799,-4.4913,24.3790,2.9342,0.4000,0.0342
1782675393.959779,-4.5109,24.3832,2.9359,0.4000,0.0141
1782675394.009789,-4.5306,24.3873,2.9366,0.4000,-0.0040
1782675394.059756,-4.5504,24.3914,2.9364,0.4000,0.0546
1782675394.109932,-4.5700,24.3955,2.9391,0.4000,-0.0060
1782675394.159773,-4.5898,24.3995,2.9388,0.4000,-0.0257
1782675394.210016,-4.6095,24.4036,2.9375,0.4000,0.0020
1782675394.259901,-4.6292,24.4076,2.9376,0.4000,0.0346
1782675394.309849,-4.6489,24.4117,2.9394,0.4000,0.0020
1782675394.359784,-4.6685,24.4158,2.9395,0.4000,0.0099
1782675394.409750,-4.6883,24.4198,2.9400,0.4000,0.0196
1782675394.459955,-4.7081,24.4238,2.9410,0.4000,0.0239
1782675394.509731,-4.7278,24.4278,2.9421,0.4000,-0.0616
1782675394.559860,-4.7475,24.4318,2.9391,0.4000,0.0519
1782675394.610013,-4.7672,24.4359,2.9417,0.4000,0.0040
1782675394.659821,-4.7869,24.4399,2.9418,0.4000,-0.0290
1782675394.709896,-4.8067,24.4439,2.9404,0.4000,0.0030
1782675394.759881,-4.8264,24.4479,2.9405,0.4000,-0.0629
1782675394.809765,-4.8461,24.4519,2.9374,0.4000,0.0588
1782675394.859907,-4.8658,24.4560,2.9403,0.4000,0.1209
1782675394.909782,-4.8856,24.4600,2.9464,0.4000,0.1943
1782675394.959728,-4.9052,24.4639,2.9561,0.3960,0.2138
1782675395.009781,-4.9247,24.4676,2.9668,0.3949,0.2102
1782675395.059673,-4.9443,24.4710,2.9773,0.3948,0.2182
1782675395.109760,-4.9638,24.4743,2.9883,0.3948,0.3281
1782675395.159803,-4.9836,24.4773,3.0048,0.3996,0.3717
1782675395.209686,-5.0035,24.4801,3.0235,0.4000,0.4554
1782675395.259692,-5.0234,24.4824,3.0464,0.4000,0.5617
1782675395.309761,-5.0435,24.4843,3.0745,0.4000,0.4112
1782675395.359677,-5.0635,24.4857,3.0952,0.4000,0.4823
1782675395.409802,-5.0837,24.4866,3.1195,0.4000,0.3647
1782675395.459758,-5.1038,24.4871,3.1378,0.4000,0.3886
1782675395.509670,-5.1239,24.4871,-3.1259,0.4000,0.4055
1782675395.559760,-5.1440,24.4868,-3.1055,0.4000,0.3313
1782675395.609773,-5.1641,24.4861,-3.0889,0.4000,0.2550
1782675395.659845,-5.1842,24.4850,-3.0761,0.4000,0.2804
1782675395.709790,-5.2042,24.4837,-3.0620,0.4000,0.2694
1782675395.760627,-5.2243,24.4821,-3.0483,0.4000,0.4135
1782675395.809777,-5.2443,24.4802,-3.0276,0.4000,0.2992
1782675395.859714,-5.2643,24.4779,-3.0126,0.4000,0.2658
1782675395.909740,-5.2843,24.4753,-2.9993,0.4000,0.1011
1782675395.959743,-5.3042,24.4725,-2.9942,0.4000,0.1275
1782675396.009797,-5.3240,24.4695,-2.9878,0.4000,0.1087
1782675396.059728,-5.3440,24.4664,-2.9823,0.4000,0.0762
1782675396.109755,-5.3639,24.4632,-2.9784,0.4000,0.0815
1782675396.159700,-5.3837,24.4600,-2.9743,0.4000,0.0843
1782675396.209821,-5.4036,24.4566,-2.9700,0.4000,0.1367
1782675396.259712,-5.4234,24.4532,-2.9632,0.4000,0.0736
1782675396.309708,-5.4432,24.4496,-2.9594,0.4000,0.1952
1782675396.359863,-5.4631,24.4459,-2.9497,0.4000,0.0785
1782675396.409739,-5.4827,24.4421,-2.9456,0.4000,0.1964
1782675396.459857,-5.5026,24.4382,-2.9358,0.4000,0.1188
1782675396.559700,-5.5224,24.4340,-2.9297,0.4000,0.1891
1782675396.609751,-5.5423,24.4298,-2.9201,0.4000,0.1443
1782675396.659686,-5.5618,24.4254,-2.9128,0.4000,0.2259
1782675396.709692,-5.5814,24.4208,-2.9015,0.4000,0.1152
1782675396.759852,-5.6010,24.4160,-2.8957,0.4000,0.1485
1782675396.809660,-5.6205,24.4111,-2.8882,0.4000,0.1703
1782675396.859701,-5.6400,24.4061,-2.8797,0.4000,0.0596
1782675396.909726,-5.6594,24.4009,-2.8767,0.4000,0.0301
1782675396.959962,-5.6788,24.3956,-2.8751,0.4000,0.1187
1782675397.009682,-5.6983,24.3903,-2.8691,0.4000,0.2185
1782675397.059793,-5.7176,24.3849,-2.8582,0.4000,0.1538
1782675397.109714,-5.7370,24.3792,-2.8504,0.4000,0.1919
1782675397.159763,-5.7563,24.3735,-2.8407,0.4000,0.1692
1782675397.209682,-5.7754,24.3675,-2.8323,0.4000,0.1824
1782675397.259756,-5.7947,24.3614,-2.8231,0.4000,0.1475
1782675397.309908,-5.8138,24.3551,-2.8156,0.4000,0.1981
1782675397.359880,-5.8329,24.3486,-2.8056,0.4000,0.2577
1782675397.409709,-5.8519,24.3419,-2.7926,0.4000,0.1331
1782675397.459777,-5.8708,24.3351,-2.7859,0.4000,0.1607
1782675397.509711,-5.8897,24.3281,-2.7778,0.4000,0.1504
1782675397.559903,-5.9085,24.3209,-2.7703,0.4000,0.1132
1782675397.609731,-5.9273,24.3136,-2.7645,0.4000,0.1711
1782675397.659874,-5.9459,24.3062,-2.7560,0.4000,0.1091
1782675397.709870,-5.9647,24.2986,-2.7504,0.4000,0.1593
1782675397.759718,-5.9832,24.2909,-2.7424,0.4000,0.1460
1782675397.809755,-6.0018,24.2831,-2.7351,0.4000,0.1342
1782675397.860349,-6.0202,24.2752,-2.7283,0.4000,0.1397
1782675397.911615,-6.0387,24.2671,-2.7213,0.4000,0.1286
1782675397.959929,-6.0571,24.2589,-2.7148,0.4000,0.1369
1782675398.011449,-6.0754,24.2505,-2.7079,0.4000,0.1184
1782675398.059832,-6.0945,24.2417,-2.7017,0.4000,0.1202
1782675398.109932,-6.1127,24.2331,-2.6956,0.4000,0.1446
1782675398.159921,-6.1311,24.2243,-2.6882,0.4000,0.1819
1782675398.209902,-6.1494,24.2154,-2.6790,0.4000,0.1451
1782675398.259947,-6.1677,24.2063,-2.6716,0.4000,0.1233
1782675398.310072,-6.1857,24.1971,-2.6653,0.4000,0.1222
1782675398.362724,-6.2038,24.1878,-2.6591,0.4000,0.1662
1782675398.409710,-6.2218,24.1784,-2.6507,0.4000,0.0885
1782675398.459770,-6.2399,24.1687,-2.6461,0.4000,0.1093
1782675398.510190,-6.2577,24.1591,-2.6405,0.4000,0.1444
1782675398.559759,-6.2757,24.1492,-2.6331,0.4000,0.1190
1782675398.609791,-6.2933,24.1394,-2.6271,0.4000,0.1261
1782675398.659818,-6.3108,24.1295,-2.6207,0.4000,0.1709
1782675398.709786,-6.3284,24.1194,-2.6121,0.4000,0.1399
1782675398.759744,-6.3457,24.1093,-2.6051,0.4000,0.1108
1782675398.809746,-6.3631,24.0989,-2.5994,0.4000,0.1526
1782675398.860768,-6.3803,24.0886,-2.5918,0.4000,0.1710
1782675398.909822,-6.3975,24.0780,-2.5832,0.4000,0.0851
1782675398.959716,-6.4146,24.0674,-2.5788,0.4000,0.1756
1782675399.009748,-6.4316,24.0566,-2.5700,0.4000,0.1110
1782675399.059695,-6.4485,24.0457,-2.5645,0.4000,0.1062
1782675399.110804,-6.4656,24.0346,-2.5590,0.4000,0.1515
1782675399.159878,-6.4824,24.0235,-2.5514,0.4000,0.1209
1782675399.209788,-6.4992,24.0122,-2.5453,0.4000,0.0996
1782675399.259923,-6.5159,24.0010,-2.5403,0.4000,0.0877
1782675399.309810,-6.5324,23.9896,-2.5358,0.4000,0.1132
1782675399.360232,-6.5491,23.9781,-2.5301,0.4000,0.0865
1782675399.409885,-6.5656,23.9665,-2.5257,0.4000,0.1196
1782675399.459833,-6.5820,23.9549,-2.5197,0.4000,0.1313
1782675399.509839,-6.5983,23.9432,-2.5131,0.4000,0.1135
1782675399.559805,-6.6146,23.9314,-2.5074,0.4000,0.1722
1782675399.609880,-6.6308,23.9194,-2.4988,0.4000,0.0821
1782675399.659770,-6.6468,23.9074,-2.4946,0.4000,0.1660
1782675399.709839,-6.6628,23.8953,-2.4863,0.4000,0.1629
1782675399.759888,-6.6788,23.8830,-2.4781,0.4000,0.2044
1782675399.810007,-6.6947,23.8706,-2.4678,0.4000,0.2448
1782675399.859985,-6.7105,23.8580,-2.4555,0.4000,0.2931
1782675399.910666,-6.7261,23.8452,-2.4406,0.4000,0.4708
1782675399.960643,-6.7414,23.8323,-2.4172,0.4000,0.3377
1782675400.009780,-6.7564,23.8190,-2.4003,0.4000,0.2998
1782675400.059802,-6.7713,23.8054,-2.3853,0.4000,0.3205
1782675400.109709,-6.7859,23.7916,-2.3693,0.4000,0.2418
1782675400.159899,-6.8003,23.7776,-2.3573,0.4000,0.0839
1782675400.209857,-6.8146,23.7634,-2.3531,0.4000,0.0445
1782675400.259809,-6.8287,23.7491,-2.3509,0.4000,0.0171
1782675400.309801,-6.8428,23.7348,-2.3500,0.4000,0.0050
1782675400.359692,-6.8570,23.7205,-2.3498,0.4000,0.0010
1782675400.409709,-6.8711,23.7062,-2.3497,0.4000,0.0439
1782675400.459812,-6.8853,23.6919,-2.3475,0.4000,0.0559
1782675400.509765,-6.8993,23.6775,-2.3447,0.4000,0.0686
1782675400.559731,-6.9134,23.6632,-2.3412,0.4000,0.0472
1782675400.609838,-6.9273,23.6488,-2.3389,0.4000,0.1121
1782675400.659776,-6.9414,23.6343,-2.3332,0.4000,0.1057
1782675400.709826,-6.9553,23.6197,-2.3279,0.4000,0.1212
1782675400.760360,-6.9691,23.6051,-2.3218,0.4000,0.1301
1782675400.810006,-6.9828,23.5904,-2.3152,0.4000,0.1373
1782675400.859899,-6.9965,23.5755,-2.3082,0.4000,0.1810
1782675400.910069,-7.0100,23.5606,-2.2991,0.4000,0.1693
1782675400.959919,-7.0236,23.5454,-2.2905,0.4000,0.1634
1782675401.009932,-7.0367,23.5304,-2.2823,0.4000,0.1648
1782675401.059983,-7.0499,23.5152,-2.2740,0.4000,0.1801
1782675401.109901,-7.0629,23.4998,-2.2649,0.4000,0.1999
1782675401.159999,-7.0758,23.4843,-2.2549,0.4000,0.1470
1782675401.209877,-7.0885,23.4688,-2.2475,0.4000,0.1868
1782675401.259994,-7.1011,23.4531,-2.2380,0.4000,0.3163
1782675401.309905,-7.1136,23.4372,-2.2221,0.4000,0.3156
1782675401.359914,-7.1257,23.4213,-2.2064,0.4000,0.2088
1782675401.409950,-7.1377,23.4050,-2.1958,0.4000,0.3953
1782675401.459872,-7.1495,23.3887,-2.1759,0.4000,0.4301
1782675401.510513,-7.1608,23.3722,-2.1544,0.4000,0.4090
1782675401.559956,-7.1719,23.3555,-2.1340,0.4000,0.3091
1782675401.609834,-7.1827,23.3384,-2.1184,0.4000,0.2955
1782675401.659840,-7.1932,23.3212,-2.1036,0.4000,0.2553
1782675401.709741,-7.2034,23.3039,-2.0909,0.4000,0.1825
1782675401.759865,-7.2135,23.2863,-2.0817,0.4000,0.2229
1782675401.809816,-7.2232,23.2689,-2.0707,0.4000,0.1421
1782675401.859920,-7.2328,23.2513,-2.0636,0.4000,0.0710
1782675401.909765,-7.2424,23.2335,-2.0601,0.4000,0.0476
1782675401.959766,-7.2518,23.2158,-2.0577,0.4000,0.0655
1782675402.009930,-7.2612,23.1980,-2.0544,0.4000,0.0813
1782675402.059836,-7.2706,23.1802,-2.0503,0.4000,0.0704
1782675402.110123,-7.2798,23.1624,-2.0468,0.4000,0.0654
1782675402.159716,-7.2891,23.1445,-2.0434,0.4000,0.1063
1782675402.209716,-7.2982,23.1266,-2.0381,0.4000,0.1191
1782675402.259769,-7.3073,23.1086,-2.0321,0.4000,0.0838
1782675402.309762,-7.3163,23.0906,-2.0279,0.4000,0.1136
1782675402.359856,-7.3251,23.0726,-2.0222,0.4000,0.0989
1782675402.409836,-7.3339,23.0545,-2.0172,0.4000,0.1259
1782675402.459749,-7.3425,23.0364,-2.0109,0.4000,0.0989
1782675402.510055,-7.3512,23.0180,-2.0058,0.4000,0.1089
1782675402.559817,-7.3596,22.9998,-2.0004,0.4000,0.0879
1782675402.609712,-7.3680,22.9815,-1.9959,0.4000,0.1131
1782675402.659815,-7.3763,22.9632,-1.9902,0.4000,0.1365
1782675402.710599,-7.3846,22.9446,-1.9833,0.4000,0.1292
1782675402.759859,-7.3927,22.9261,-1.9767,0.4000,0.1265
1782675402.809753,-7.4006,22.9077,-1.9704,0.4000,0.1949
1782675402.859997,-7.4084,22.8891,-1.9606,0.4000,0.1870
1782675402.909784,-7.4161,22.8705,-1.9512,0.4000,0.2309
1782675402.960268,-7.4236,22.8518,-1.9397,0.4000,0.2995
1782675403.059929,-7.4308,22.8331,-1.9247,0.4000,0.3248
1782675403.110167,-7.4378,22.8142,-1.9085,0.4000,0.3292
1782675403.160179,-7.4445,22.7952,-1.8919,0.4000,0.3070
1782675403.209827,-7.4508,22.7760,-1.8765,0.4000,0.3272
1782675403.259926,-7.4569,22.7568,-1.8601,0.4000,0.1815
1782675403.309999,-7.4627,22.7374,-1.8510,0.4000,0.1089
1782675403.360659,-7.4682,22.7180,-1.8455,0.4000,0.1245
1782675403.409950,-7.4737,22.6986,-1.8393,0.4000,0.1145
1782675403.459834,-7.4790,22.6793,-1.8336,0.4000,0.0911
1782675403.509780,-7.4842,22.6599,-1.8291,0.4000,0.1363
1782675403.559914,-7.4894,22.6404,-1.8222,0.4000,0.2080
1782675403.609767,-7.4944,22.6209,-1.8117,0.4000,0.2530
1782675403.659801,-7.4992,22.6013,-1.7989,0.4000,0.3606
1782675403.709790,-7.5038,22.5816,-1.7805,0.4000,0.5908
1782675403.759720,-7.5079,22.5621,-1.7509,0.4000,0.6473
1782675403.809741,-7.5115,22.5422,-1.7182,0.4000,0.7722
1782675403.859728,-7.5145,22.5224,-1.6794,0.4000,0.8263
1782675403.909896,-7.5167,22.5024,-1.6378,0.4000,0.9236
1782675403.959854,-7.5180,22.4822,-1.5911,0.4000,1.0407
1782675404.009789,-7.5184,22.4622,-1.5390,0.4000,0.9970
1782675404.059795,-7.5178,22.4421,-1.4888,0.4000,0.8887
1782675404.109766,-7.5161,22.4221,-1.4443,0.4000,0.7447
1782675404.159772,-7.5136,22.4021,-1.4070,0.4000,0.4303
1782675404.209754,-7.5103,22.3823,-1.3854,0.4000,0.3522
1782675404.259818,-7.5066,22.3625,-1.3678,0.4000,0.1561
1782675404.309788,-7.5025,22.3428,-1.3599,0.4000,0.1244
1782675404.359722,-7.4983,22.3232,-1.3537,0.4000,0.0904
1782675404.409828,-7.4940,22.3034,-1.3491,0.4000,0.0624
1782675404.459818,-7.4895,22.2837,-1.3460,0.4000,0.0770
1782675404.510031,-7.4851,22.2642,-1.3421,0.4000,0.0277
1782675404.559822,-7.4805,22.2446,-1.3407,0.4000,0.0880
1782675404.609970,-7.4759,22.2249,-1.3363,0.4000,0.0816
1782675404.659884,-7.4712,22.2053,-1.3322,0.4000,0.0693
1782675404.709855,-7.4664,22.1857,-1.3287,0.4000,0.0823
1782675404.760026,-7.4616,22.1661,-1.3245,0.4000,0.1308
1782675404.809966,-7.4567,22.1466,-1.3179,0.4000,0.1091
1782675404.859901,-7.4517,22.1272,-1.3124,0.4000,0.1132
1782675404.909847,-7.4465,22.1077,-1.3067,0.4000,0.1372
1782675404.959805,-7.4412,22.0882,-1.2998,0.4000,0.1145
1782675405.009822,-7.4358,22.0687,-1.2939,0.4000,0.1395
1782675405.059907,-7.4304,22.0495,-1.2869,0.4000,0.1637
1782675405.110100,-7.4247,22.0301,-1.2787,0.4000,0.1299
1782675405.159875,-7.4189,22.0108,-1.2721,0.4000,0.1557
1782675405.209724,-7.4130,21.9916,-1.2643,0.4000,0.1391
1782675405.259716,-7.4069,21.9724,-1.2573,0.4000,0.1515
1782675405.309750,-7.4007,21.9533,-1.2496,0.4000,0.1607
1782675405.359767,-7.3944,21.9342,-1.2416,0.4000,0.1336
1782675405.409700,-7.3879,21.9151,-1.2348,0.4000,0.1699
1782675405.459937,-7.3812,21.8961,-1.2263,0.4000,0.1386
1782675405.509703,-7.3744,21.8772,-1.2193,0.4000,0.1326
1782675405.559725,-7.3675,21.8583,-1.2127,0.4000,0.1008
1782675405.609774,-7.3604,21.8395,-1.2075,0.4000,0.1601
1782675405.659726,-7.3533,21.8207,-1.1995,0.4000,0.1582
1782675405.709767,-7.3460,21.8020,-1.1916,0.4000,0.1176
1782675405.759803,-7.3385,21.7832,-1.1856,0.4000,0.1435
1782675405.809689,-7.3310,21.7646,-1.1784,0.4000,0.1247
1782675405.859780,-7.3233,21.7460,-1.1721,0.4000,0.1303
1782675405.909971,-7.3155,21.7275,-1.1656,0.4000,0.0732
1782675405.959806,-7.3075,21.7089,-1.1619,0.4000,0.1005
1782675406.009738,-7.2995,21.6904,-1.1568,0.4000,0.0864
1782675406.059933,-7.2915,21.6721,-1.1525,0.4000,0.0991
1782675406.109815,-7.2833,21.6537,-1.1475,0.4000,0.1014
1782675406.159834,-7.2750,21.6354,-1.1424,0.4000,0.0714
1782675406.209898,-7.2667,21.6171,-1.1388,0.4000,0.0852
1782675406.259908,-7.2583,21.5989,-1.1345,0.4000,0.1112
1782675406.309911,-7.2497,21.5805,-1.1289,0.4000,0.0865
1782675406.359877,-7.2411,21.5624,-1.1246,0.4000,0.1128
1782675406.409799,-7.2324,21.5442,-1.1188,0.4000,0.1461
1782675406.459916,-7.2236,21.5260,-1.1115,0.4000,0.0825
1782675406.509889,-7.2147,21.5081,-1.1073,0.4000,0.1512
1782675406.559902,-7.2055,21.4897,-1.0996,0.4000,0.0992
1782675406.609916,-7.1965,21.4719,-1.0948,0.4000,0.0112
1782675406.659855,-7.1873,21.4542,-1.0941,0.4000,0.1071
1782675406.709888,-7.1781,21.4363,-1.0888,0.4000,0.0803
1782675406.759917,-7.1687,21.4184,-1.0847,0.4000,0.0899
1782675406.809729,-7.1593,21.4006,-1.0802,0.4000,0.0629
1782675406.859755,-7.1499,21.3829,-1.0770,0.4000,0.1120
1782675406.909830,-7.1403,21.3651,-1.0714,0.4000,0.0954
1782675406.959712,-7.1307,21.3474,-1.0666,0.4000,0.0557
1782675407.009915,-7.1209,21.3299,-1.0637,0.4000,0.1444
1782675407.059736,-7.1112,21.3122,-1.0564,0.4000,0.1591
1782675407.109771,-7.1013,21.2947,-1.0485,0.4000,0.0691
1782675407.159763,-7.0913,21.2773,-1.0450,0.4000,0.1140
1782675407.209756,-7.0811,21.2599,-1.0392,0.4000,0.1579
1782675407.259762,-7.0709,21.2426,-1.0313,0.4000,0.0994
1782675407.309702,-7.0606,21.2253,-1.0263,0.4000,0.1296
1782675407.359759,-7.0502,21.2082,-1.0198,0.4000,0.0998
1782675407.409648,-7.0397,21.1910,-1.0148,0.4000,0.1304
1782675407.459705,-7.0291,21.1739,-1.0082,0.4000,0.1134
1782675407.509767,-7.0179,21.1562,-1.0023,0.4000,0.0704
1782675407.559714,-7.0073,21.1396,-0.9988,0.4000,0.1202
1782675407.610145,-6.9965,21.1228,-0.9928,0.4000,0.1377
1782675407.659822,-6.9854,21.1058,-0.9858,0.4000,0.1156
1782675407.709834,-6.9743,21.0891,-0.9800,0.4000,0.1149
1782675407.759853,-6.9631,21.0724,-0.9742,0.4000,0.1136
1782675407.809855,-6.9518,21.0557,-0.9685,0.4000,0.1305
1782675407.859936,-6.9404,21.0392,-0.9619,0.4000,0.1315
1782675407.909781,-6.9289,21.0227,-0.9553,0.4000,0.1180
1782675407.960301,-6.9173,21.0062,-0.9493,0.4000,0.1491
1782675408.009907,-6.9056,20.9899,-0.9418,0.4000,0.1265
1782675408.059808,-6.8937,20.9736,-0.9355,0.4000,0.1470
1782675408.109852,-6.8818,20.9574,-0.9281,0.4000,0.1279
1782675408.159832,-6.8697,20.9413,-0.9216,0.4000,0.1754
1782675408.209975,-6.8576,20.9253,-0.9128,0.4000,0.1842
1782675408.259994,-6.8453,20.9094,-0.9035,0.4000,0.1255
1782675408.309838,-6.8328,20.8936,-0.8972,0.4000,0.1296
1782675408.359898,-6.8203,20.8778,-0.8907,0.4000,0.1488
1782675408.409898,-6.8076,20.8622,-0.8832,0.4000,0.1184
1782675408.459800,-6.7948,20.8466,-0.8772,0.4000,0.1284
1782675408.509686,-6.7820,20.8312,-0.8707,0.4000,0.1379
1782675408.560059,-6.7690,20.8158,-0.8638,0.4000,0.1206
1782675408.609702,-6.7560,20.8005,-0.8578,0.4000,0.1310
1782675408.659766,-6.7428,20.7853,-0.8512,0.4000,0.1189
1782675408.709689,-6.7296,20.7702,-0.8452,0.4000,0.0967
1782675408.759698,-6.7162,20.7551,-0.8403,0.4000,0.1404
1782675408.809899,-6.7028,20.7402,-0.8333,0.4000,0.1308
1782675408.859782,-6.6893,20.7253,-0.8267,0.4000,0.1127
1782675408.909737,-6.6757,20.7105,-0.8210,0.4000,0.0997
1782675408.959777,-6.6619,20.6958,-0.8160,0.4000,0.1149
1782675409.009688,-6.6482,20.6812,-0.8103,0.4000,0.0648
1782675409.059776,-6.6343,20.6666,-0.8070,0.4000,0.1265
1782675409.109698,-6.6204,20.6521,-0.8006,0.4000,0.1217
1782675409.159857,-6.6064,20.6376,-0.7945,0.4000,0.0668
1782675409.209728,-6.5924,20.6233,-0.7912,0.4000,0.1228
1782675409.259816,-6.5782,20.6090,-0.7850,0.4000,0.0389
1782675409.309723,-6.5640,20.5948,-0.7830,0.4000,0.0690
1782675409.359758,-6.5497,20.5806,-0.7796,0.4000,0.0603
1782675409.409851,-6.5354,20.5664,-0.7765,0.4000,0.0600
1782675409.459907,-6.5210,20.5523,-0.7735,0.4000,0.0560
1782675409.509831,-6.5067,20.5383,-0.7707,0.4000,0.0509
1782675409.560024,-6.4922,20.5242,-0.7681,0.4000,0.0370
1782675409.609852,-6.4778,20.5103,-0.7663,0.4000,0.0258
1782675409.659812,-6.4633,20.4964,-0.7650,0.4000,0.0386
1782675409.709892,-6.4488,20.4824,-0.7630,0.4000,0.0693
1782675409.760013,-6.4342,20.4685,-0.7596,0.4000,0.0459
1782675409.809979,-6.4196,20.4546,-0.7572,0.4000,0.1288
1782675409.859798,-6.4049,20.4407,-0.7508,0.4000,0.0980
1782675409.909821,-6.3902,20.4270,-0.7458,0.4000,0.1765
1782675409.959864,-6.3755,20.4134,-0.7369,0.4000,0.2835
1782675410.009881,-6.3606,20.3999,-0.7226,0.4000,0.4219
1782675410.060340,-6.3454,20.3865,-0.7012,0.4000,0.4957
1782675410.109729,-6.3300,20.3736,-0.6765,0.4000,0.4183
1782675410.159762,-6.3143,20.3609,-0.6554,0.4000,0.4035
1782675410.209831,-6.2984,20.3487,-0.6352,0.4000,0.3891
1782675410.259775,-6.2822,20.3368,-0.6157,0.4000,0.3501
1782675410.309766,-6.2658,20.3252,-0.5981,0.4000,0.2870
1782675410.359835,-6.2491,20.3138,-0.5837,0.4000,0.1353
1782675410.409720,-6.2324,20.3027,-0.5769,0.4000,0.1249
1782675410.459682,-6.2155,20.2918,-0.5707,0.4000,0.0673
1782675410.509719,-6.1986,20.2809,-0.5673,0.4000,0.1295
1782675410.559680,-6.1816,20.2701,-0.5608,0.4000,0.0801
1782675410.609780,-6.1646,20.2594,-0.5567,0.4000,0.0994
1782675410.659693,-6.1475,20.2488,-0.5517,0.4000,0.0912
1782675410.709683,-6.1304,20.2382,-0.5472,0.4000,0.1034
1782675410.759751,-6.1132,20.2277,-0.5420,0.4000,0.0615
1782675410.809727,-6.0960,20.2174,-0.5389,0.4000,0.0974
1782675410.859735,-6.0787,20.2071,-0.5340,0.4000,0.0965
1782675410.909740,-6.0614,20.1968,-0.5291,0.4000,0.1197
1782675410.959752,-6.0440,20.1867,-0.5231,0.4000,0.1288
1782675411.059898,-6.0265,20.1766,-0.5166,0.4000,0.1003
1782675411.109777,-6.0091,20.1667,-0.5115,0.4000,0.1271
1782675411.159715,-5.9915,20.1568,-0.5051,0.4000,0.1378
1782675411.209732,-5.9739,20.1471,-0.4982,0.4000,0.1027
1782675411.259777,-5.9563,20.1375,-0.4930,0.4000,0.1513
1782675411.309874,-5.9385,20.1280,-0.4854,0.4000,0.1129
1782675411.360030,-5.9207,20.1186,-0.4797,0.4000,0.1251
1782675411.409904,-5.9025,20.1091,-0.4733,0.4000,0.1347
1782675411.459934,-5.8849,20.1001,-0.4666,0.4000,0.1284
1782675411.509900,-5.8668,20.0910,-0.4601,0.4000,0.0867
1782675411.559904,-5.8488,20.0821,-0.4557,0.4000,0.1392
1782675411.609818,-5.8307,20.0732,-0.4487,0.4000,0.1607
1782675411.660117,-5.8126,20.0644,-0.4406,0.4000,0.1488
1782675411.709761,-5.7942,20.0558,-0.4331,0.4000,0.1285
1782675411.759794,-5.7759,20.0473,-0.4266,0.4000,0.1256
1782675411.809928,-5.7576,20.0390,-0.4203,0.4000,0.1300
1782675411.859787,-5.7393,20.0308,-0.4137,0.4000,0.1468
1782675411.909974,-5.7208,20.0227,-0.4063,0.4000,0.1160
1782675411.959990,-5.7023,20.0147,-0.4005,0.4000,0.1251
1782675412.009829,-5.6838,20.0069,-0.3942,0.4000,0.1486
1782675412.059916,-5.6653,19.9992,-0.3867,0.4000,0.0945
1782675412.109871,-5.6466,19.9916,-0.3819,0.4000,0.1382
1782675412.159772,-5.6280,19.9841,-0.3750,0.4000,0.1913
1782675412.209750,-5.6093,19.9768,-0.3654,0.4000,0.0856
1782675412.260234,-5.5905,19.9696,-0.3611,0.4000,0.1240
1782675412.309703,-5.5716,19.9625,-0.3548,0.4000,0.1477
1782675412.359705,-5.5527,19.9555,-0.3473,0.4000,0.1998
1782675412.409810,-5.5339,19.9487,-0.3374,0.4000,0.2001
1782675412.459767,-5.5149,19.9420,-0.3273,0.4000,0.2461
1782675412.509862,-5.4959,19.9355,-0.3150,0.4000,0.3446
1782675412.559754,-5.4768,19.9293,-0.2976,0.3976,0.4368
1782675412.609704,-5.4579,19.9236,-0.2759,0.3925,0.3453
1782675412.659734,-5.4389,19.9182,-0.2585,0.3905,0.4336
1782675412.709769,-5.4199,19.9132,-0.2369,0.3904,0.3333
1782675412.759763,-5.4003,19.9084,-0.2201,0.3993,0.2846
1782675412.809731,-5.3808,19.9040,-0.2060,0.4000,0.1201
1782675412.861468,-5.3611,19.8999,-0.2000,0.4000,0.0257
1782675412.909770,-5.3412,19.8959,-0.1987,0.4000,0.0850
1782675412.959770,-5.3216,19.8919,-0.1944,0.4000,0.0316
1782675413.009748,-5.3017,19.8880,-0.1929,0.4000,-0.0059
1782675413.059704,-5.2821,19.8842,-0.1931,0.4000,0.0313
1782675413.109846,-5.2622,19.8803,-0.1915,0.4000,0.1066
1782675413.159685,-5.2425,19.8765,-0.1861,0.4000,0.1195
1782675413.209775,-5.2227,19.8727,-0.1801,0.4000,0.1775
1782675413.259999,-5.2029,19.8691,-0.1712,0.4000,0.1380
1782675413.309781,-5.1831,19.8657,-0.1643,0.4000,0.0960
1782675413.359742,-5.1633,19.8624,-0.1594,0.4000,0.1184
1782675413.409902,-5.1433,19.8592,-0.1534,0.4000,0.1245
1782675413.460115,-5.1235,19.8562,-0.1473,0.4000,0.0160
1782675413.509822,-5.1036,19.8532,-0.1464,0.4000,0.0881
1782675413.559854,-5.0836,19.8503,-0.1419,0.4000,0.1683
1782675413.609772,-5.0637,19.8474,-0.1335,0.4000,0.1026
1782675413.660062,-5.0438,19.8448,-0.1283,0.4000,0.1656
1782675413.709797,-5.0238,19.8422,-0.1200,0.4000,0.1687
1782675413.759872,-5.0039,19.8398,-0.1116,0.4000,0.1724
1782675413.809908,-4.9838,19.8375,-0.1029,0.4000,0.2283
1782675413.860085,-4.9638,19.8355,-0.0914,0.4000,0.2893
1782675413.909875,-4.9439,19.8337,-0.0770,0.3960,0.3050
1782675413.959862,-4.9238,19.8321,-0.0616,0.3916,0.4229
1782675414.009865,-4.9042,19.8309,-0.0409,0.3913,0.2516
1782675414.061213,-4.8846,19.8301,-0.0284,0.3913,0.2769
1782675414.109801,-4.8649,19.8296,-0.0145,0.3913,0.3285
1782675414.159744,-4.8453,19.8293,0.0018,0.3913,0.3206
1782675414.209742,-4.8256,19.8293,0.0180,0.3913,0.4488
1782675414.259816,-4.8058,19.8297,0.0405,0.3954,0.4962
1782675414.309731,-4.7859,19.8304,0.0652,0.3997,0.3666
1782675414.359762,-4.7658,19.8317,0.0836,0.4000,0.3090
1782675414.409678,-4.7458,19.8334,0.0991,0.4000,0.3382
1782675414.459785,-4.7258,19.8354,0.1161,0.4000,0.3089
1782675414.509787,-4.7058,19.8378,0.1315,0.4000,0.2599
1782675414.559738,-4.6856,19.8404,0.1446,0.4000,0.2231
1782675414.609710,-4.6658,19.8433,0.1557,0.4000,0.1251
1782675414.659845,-4.6460,19.8464,0.1619,0.4000,0.0861
1782675414.709784,-4.6262,19.8497,0.1663,0.4000,0.1212
1782675414.759856,-4.6063,19.8530,0.1724,0.4000,0.1274
1782675414.809698,-4.5865,19.8564,0.1788,0.4000,0.1264
1782675414.859701,-4.5667,19.8600,0.1852,0.4000,0.1192
1782675414.909736,-4.5470,19.8637,0.1912,0.4000,0.1384
1782675414.959771,-4.5272,19.8676,0.1981,0.4000,0.1168
1782675415.010162,-4.5075,19.8715,0.2040,0.4000,0.0412
1782675415.059820,-4.4878,19.8756,0.2060,0.4000,0.0413
1782675415.109772,-4.4681,19.8797,0.2081,0.4000,0.0491
1782675415.159921,-4.4484,19.8839,0.2106,0.4000,0.0040
1782675415.209821,-4.4287,19.8881,0.2108,0.4000,0.0488
1782675415.259900,-4.4091,19.8923,0.2132,0.4000,0.0217
1782675415.309879,-4.3894,19.8965,0.2144,0.4000,0.0541
1782675415.359898,-4.3698,19.9008,0.2171,0.4000,0.0411
1782675415.409856,-4.3501,19.9052,0.2191,0.4000,0.0426
1782675415.459883,-4.3304,19.9095,0.2213,0.4000,0.0801
1782675415.509830,-4.3108,19.9139,0.2253,0.4000,0.0593
1782675415.559889,-4.2912,19.9184,0.2283,0.4000,0.0785
1782675415.610484,-4.2716,19.9230,0.2323,0.4000,0.1311
1782675415.659749,-4.2520,19.9276,0.2389,0.4000,0.1267
1782675415.709732,-4.2325,19.9324,0.2453,0.4000,0.1313
1782675415.759780,-4.2130,19.9373,0.2519,0.4000,0.1424
1782675415.809841,-4.1935,19.9423,0.2591,0.4000,0.1482
1782675415.860012,-4.1741,19.9474,0.2665,0.4000,0.1780
1782675415.909762,-4.1546,19.9528,0.2756,0.4000,0.3465
1782675415.959760,-4.1353,19.9582,0.2928,0.4000,0.2215
1782675416.009736,-4.1161,19.9640,0.3040,0.4000,0.4041
1782675416.059750,-4.0969,19.9700,0.3244,0.4000,0.4858
1782675416.109734,-4.0776,19.9765,0.3491,0.4000,0.6772
1782675416.159744,-4.0587,19.9834,0.3831,0.4000,0.6548
1782675416.209905,-4.0401,19.9909,0.4158,0.4000,0.5708
1782675416.259787,-4.0216,19.9991,0.4446,0.4000,0.5693
1782675416.309841,-4.0035,20.0077,0.4730,0.4000,0.4300
1782675416.359810,-3.9857,20.0168,0.4945,0.4000,0.3117
1782675416.409697,-3.9680,20.0264,0.5102,0.4000,0.2797
1782675416.459864,-3.9504,20.0362,0.5242,0.4000,0.0763
1782675416.509767,-3.9329,20.0463,0.5280,0.4000,0.0735
1782675416.559717,-3.9155,20.0565,0.5317,0.4000,0.0598
1782675416.609750,-3.8982,20.0667,0.5347,0.4000,0.1359
1782675416.659739,-3.8809,20.0769,0.5416,0.4000,0.1168
1782675416.709764,-3.8636,20.0873,0.5475,0.4000,0.1440
1782675416.759728,-3.8465,20.0978,0.5547,0.4000,0.1123
1782675416.810158,-3.8294,20.1084,0.5603,0.4000,0.0976
1782675416.859781,-3.8122,20.1191,0.5653,0.4000,0.1003
1782675416.909869,-3.7953,20.1298,0.5703,0.4000,0.0996
1782675416.959872,-3.7783,20.1408,0.5754,0.4000,0.1772
1782675417.009777,-3.7615,20.1517,0.5843,0.4000,0.1191
1782675417.059837,-3.7445,20.1629,0.5904,0.4000,0.1287
1782675417.109875,-3.7279,20.1741,0.5968,0.4000,0.1509
1782675417.160045,-3.7113,20.1853,0.6044,0.4000,0.1276
1782675417.209836,-3.6947,20.1968,0.6109,0.4000,0.1745
1782675417.259815,-3.6782,20.2083,0.6197,0.4000,0.1457
1782675417.309914,-3.6619,20.2200,0.6270,0.4000,0.1402
1782675417.359978,-3.6456,20.2318,0.6340,0.4000,0.1376
1782675417.409888,-3.6293,20.2438,0.6410,0.4000,0.1523
1782675417.459802,-3.6132,20.2558,0.6486,0.4000,0.1344
1782675417.509962,-3.5972,20.2679,0.6554,0.4000,0.2085
1782675417.559909,-3.5811,20.2802,0.6659,0.4000,0.0942
1782675417.609761,-3.5654,20.2926,0.6707,0.4000,0.1913
1782675417.659938,-3.5496,20.3052,0.6803,0.4000,0.1201
1782675417.709812,-3.5339,20.3178,0.6864,0.4000,0.1604
1782675417.759762,-3.5184,20.3305,0.6944,0.4000,0.1450
1782675417.809754,-3.5030,20.3434,0.7017,0.4000,0.1894
1782675417.859741,-3.4876,20.3564,0.7112,0.4000,0.1305
1782675417.909694,-3.4724,20.3695,0.7178,0.4000,0.1548
1782675417.959684,-3.4572,20.3827,0.7256,0.4000,0.1555
1782675418.009789,-3.4422,20.3961,0.7334,0.4000,0.1232
1782675418.059690,-3.4271,20.4096,0.7397,0.4000,0.1648
1782675418.109740,-3.4124,20.4231,0.7479,0.4000,0.1284
1782675418.159689,-3.3976,20.4368,0.7544,0.4000,0.1518
1782675418.209647,-3.3829,20.4506,0.7620,0.4000,0.1310
1782675418.259770,-3.3684,20.4645,0.7686,0.4000,0.1820
1782675418.309718,-3.3538,20.4786,0.7778,0.4000,0.0762
1782675418.360588,-3.3396,20.4926,0.7817,0.4000,0.2468
1782675418.409718,-3.3253,20.5068,0.7941,0.4000,0.1207
1782675418.459742,-3.3112,20.5211,0.8001,0.4000,0.1587
1782675418.509726,-3.2972,20.5356,0.8081,0.4000,0.1606
1782675418.559696,-3.2833,20.5501,0.8162,0.4000,0.0825
1782675418.609753,-3.2695,20.5648,0.8204,0.4000,0.1615
1782675418.659676,-3.2557,20.5795,0.8285,0.4000,0.0993
1782675418.709744,-3.2422,20.5943,0.8335,0.4000,0.1216
1782675418.759690,-3.2287,20.6092,0.8396,0.4000,0.1660
1782675418.809665,-3.2152,20.6243,0.8480,0.4000,0.1014
1782675418.859930,-3.2020,20.6392,0.8531,0.4000,0.1890
1782675418.960088,-3.1886,20.6545,0.8618,0.4000,0.0917
1782675419.009919,-3.1755,20.6698,0.8664,0.4000,0.1119
1782675419.059903,-3.1624,20.6852,0.8721,0.4000,0.1340
1782675419.109956,-3.1494,20.7006,0.8789,0.4000,0.1359
1782675419.159863,-3.1366,20.7161,0.8857,0.4000,0.1144
1782675419.209791,-3.1239,20.7317,0.8915,0.4000,0.1558
1782675419.259826,-3.1113,20.7474,0.8993,0.4000,0.1263
1782675419.309998,-3.0987,20.7632,0.9057,0.4000,0.1377
1782675419.359886,-3.0863,20.7790,0.9126,0.4000,0.1477
1782675419.409734,-3.0740,20.7948,0.9200,0.4000,0.1195
1782675419.459958,-3.0618,20.8108,0.9260,0.4000,0.1237
1782675419.509842,-3.0497,20.8270,0.9323,0.4000,0.1731
1782675419.559794,-3.0376,20.8433,0.9410,0.4000,0.1179
1782675419.609902,-3.0258,20.8595,0.9470,0.4000,0.1270
1782675419.659891,-3.0141,20.8758,0.9534,0.4000,0.1245
1782675419.710232,-3.0024,20.8922,0.9596,0.4000,0.1185
1782675419.759771,-2.9908,20.9087,0.9656,0.4000,0.1413
1782675419.809755,-2.9794,20.9253,0.9727,0.4000,0.1442
1782675419.859707,-2.9681,20.9418,0.9799,0.4000,0.1132
1782675419.909906,-2.9569,20.9586,0.9856,0.4000,0.0863
1782675419.959756,-2.9458,20.9753,0.9900,0.4000,0.1487
1782675420.009766,-2.9347,20.9922,0.9975,0.4000,0.1129
1782675420.059868,-2.9238,21.0090,1.0032,0.4000,0.1441
1782675420.109742,-2.9130,21.0260,1.0104,0.4000,0.1533
1782675420.159685,-2.9023,21.0431,1.0181,0.4000,0.1211
1782675420.209722,-2.8918,21.0602,1.0243,0.4000,0.1963
1782675420.259684,-2.8813,21.0774,1.0342,0.4000,0.2297
1782675420.309705,-2.8710,21.0947,1.0457,0.4000,0.1115
1782675420.359766,-2.8609,21.1121,1.0513,0.4000,0.1313
1782675420.409729,-2.8509,21.1296,1.0579,0.4000,0.1503
1782675420.459671,-2.8410,21.1471,1.0655,0.4000,0.1776
1782675420.509818,-2.8313,21.1648,1.0744,0.4000,0.0966
1782675420.559719,-2.8217,21.1824,1.0793,0.4000,0.1639
1782675420.609711,-2.8123,21.2001,1.0875,0.4000,0.1586
1782675420.659756,-2.8027,21.2182,1.0956,0.4000,0.1368
1782675420.709652,-2.7935,21.2362,1.1025,0.4000,0.1133
1782675420.759913,-2.7845,21.2541,1.1082,0.4000,0.1359
1782675420.809873,-2.7754,21.2722,1.1151,0.4000,0.1383
1782675420.859855,-2.7666,21.2903,1.1221,0.4000,0.1820
1782675420.909833,-2.7578,21.3085,1.1313,0.4000,0.1228
1782675420.959968,-2.7492,21.3267,1.1376,0.4000,0.1940
1782675421.009792,-2.7408,21.3449,1.1473,0.4000,0.1273
1782675421.059818,-2.7326,21.3633,1.1537,0.4000,0.2117
1782675421.109840,-2.7244,21.3817,1.1643,0.4000,0.1200
1782675421.159775,-2.7164,21.4001,1.1704,0.4000,0.1360
1782675421.210074,-2.7086,21.4187,1.1772,0.4000,0.1720
1782675421.259896,-2.7009,21.4373,1.1859,0.4000,0.1341
1782675421.309788,-2.6933,21.4559,1.1929,0.4000,0.4007
1782675421.359817,-2.6859,21.4746,1.2130,0.4000,0.3766
1782675421.409892,-2.6789,21.4934,1.2317,0.4000,0.0956
1782675421.460054,-2.6722,21.5125,1.2366,0.4000,0.1805
1782675421.509788,-2.6656,21.5315,1.2457,0.4000,0.1313
1782675421.560098,-2.6591,21.5507,1.2523,0.4000,0.1091
1782675421.609772,-2.6528,21.5698,1.2578,0.4000,0.0931
1782675421.659780,-2.6466,21.5889,1.2625,0.4000,0.0575
1782675421.709713,-2.6405,21.6081,1.2654,0.4000,-0.1012
1782675421.759694,-2.6345,21.6272,1.2603,0.4000,-0.1785
1782675421.810787,-2.6283,21.6464,1.2513,0.4000,-0.2751
1782675421.859709,-2.6220,21.6655,1.2375,0.4000,-0.3644
1782675421.909721,-2.6154,21.6845,1.2192,0.4000,-0.3154
1782675421.959740,-2.6085,21.7034,1.2034,0.4000,-0.3680
1782675422.009701,-2.6013,21.7222,1.1849,0.4000,-0.3618
1782675422.059783,-2.5937,21.7408,1.1668,0.4000,-0.3282
1782675422.109897,-2.5858,21.7593,1.1504,0.4000,-0.2452
1782675422.159678,-2.5776,21.7776,1.1381,0.4000,-0.1867
1782675422.209738,-2.5691,21.7960,1.1287,0.4000,-0.2403
1782675422.259780,-2.5605,21.8141,1.1168,0.4000,-0.1515
1782675422.309757,-2.5517,21.8321,1.1092,0.4000,-0.1397
1782675422.359685,-2.5428,21.8501,1.1022,0.4000,-0.1143
1782675422.410529,-2.5337,21.8681,1.0964,0.4000,-0.1494
1782675422.459670,-2.5245,21.8860,1.0889,0.4000,-0.1287
1782675422.509859,-2.5151,21.9039,1.0824,0.4000,-0.2064
1782675422.559900,-2.5056,21.9217,1.0719,0.4000,-0.2621
1782675422.609793,-2.4960,21.9394,1.0588,0.4000,-0.2720
1782675422.659906,-2.4862,21.9569,1.0451,0.4000,-0.3108
1782675422.709837,-2.4761,21.9743,1.0294,0.4000,-0.3578
1782675422.759890,-2.4657,21.9915,1.0114,0.4000,-0.5038
1782675422.809788,-2.4550,22.0086,0.9859,0.4000,-0.5480
1782675422.859916,-2.4439,22.0254,0.9584,0.4000,-0.6099
1782675422.909899,-2.4323,22.0419,0.9276,0.4000,-0.5998
1782675422.959938,-2.4202,22.0580,0.8973,0.4000,-0.7747
1782675423.009984,-2.4077,22.0737,0.8583,0.4000,-0.7957
1782675423.059926,-2.3945,22.0889,0.8183,0.4000,-0.8537
1782675423.109936,-2.3808,22.1036,0.7753,0.4000,-0.8959
1782675423.159931,-2.3663,22.1177,0.7300,0.4000,-0.8932
1782675423.209828,-2.3513,22.1311,0.6851,0.4000,-0.7913
1782675423.259793,-2.3358,22.1438,0.6455,0.4000,-0.6612
1782675423.309789,-2.3197,22.1559,0.6122,0.4000,-0.6237
1782675423.360143,-2.3032,22.1675,0.5809,0.4000,-0.4970
1782675423.409775,-2.2864,22.1785,0.5561,0.4000,-0.3160
1782675423.459770,-2.2694,22.1891,0.5402,0.4000,-0.2963
1782675423.509749,-2.2521,22.1995,0.5253,0.4000,-0.2312
1782675423.559767,-2.2346,22.2096,0.5136,0.4000,-0.1765
1782675423.609931,-2.2172,22.2195,0.5048,0.4000,-0.1605
1782675423.659760,-2.1996,22.2292,0.4968,0.4000,-0.0893
1782675423.709750,-2.1818,22.2388,0.4923,0.4000,-0.0877
1782675423.759645,-2.1641,22.2483,0.4879,0.4000,-0.0409
1782675423.809696,-2.1463,22.2577,0.4858,0.4000,-0.0206
1782675423.859729,-2.1286,22.2671,0.4848,0.4000,0.0040
1782675423.909798,-2.1108,22.2765,0.4850,0.4000,0.0390
1782675423.959822,-2.0930,22.2858,0.4870,0.4000,-0.0438
1782675424.009722,-2.0753,22.2952,0.4848,0.4000,-0.0573
1782675424.059717,-2.0575,22.3046,0.4820,0.4000,0.0028
1782675424.109703,-2.0397,22.3139,0.4821,0.3992,-0.1336
1782675424.159720,-2.0219,22.3232,0.4754,0.3967,-0.1892
1782675424.209822,-2.0041,22.3323,0.4659,0.3965,-0.2359
1782675424.259885,-1.9863,22.3413,0.4541,0.3965,-0.2710
1782675424.309929,-1.9684,22.3500,0.4406,0.3965,-0.2139
1782675424.359949,-1.9503,22.3586,0.4299,0.3965,-0.2906
1782675424.409857,-1.9322,22.3669,0.4153,0.3965,-0.3434
1782675424.459930,-1.9140,22.3749,0.3982,0.3965,-0.3008
1782675424.509946,-1.8956,22.3826,0.3831,0.3982,-0.3898
1782675424.560489,-1.8769,22.3902,0.3634,0.3991,-0.4467
1782675424.609853,-1.8581,22.3973,0.3408,0.3992,-0.5894
1782675424.659773,-1.8393,22.4040,0.3114,0.3992,-0.6193
1782675424.709825,-1.8202,22.4102,0.2802,0.3992,-0.7226
1782675424.759886,-1.8008,22.4157,0.2437,0.3992,-0.8051
1782675424.809974,-1.7811,22.4206,0.2028,0.3975,-0.8725
1782675424.859783,-1.7616,22.4246,0.1590,0.3974,-0.8552
1782675424.909954,-1.7418,22.4278,0.1160,0.3974,-0.8926
1782675424.959858,-1.7220,22.4300,0.0711,0.3958,-0.9618
1782675425.009744,-1.7022,22.4315,0.0228,0.3957,-1.0088
1782675425.059893,-1.6823,22.4319,-0.0280,0.3957,-0.9754
1782675425.109956,-1.6623,22.4313,-0.0773,0.3932,-1.0455
1782675425.159970,-1.6427,22.4298,-0.1294,0.3930,-1.0046
1782675425.209762,-1.6231,22.4272,-0.1799,0.3938,-0.9978
1782675425.259809,-1.6036,22.4237,-0.2302,0.3939,-1.0159
1782675425.309724,-1.5843,22.4192,-0.2812,0.3939,-1.0284
1782675425.359699,-1.5652,22.4136,-0.3331,0.3931,-1.0614
1782675425.409764,-1.5465,22.4072,-0.3865,0.3930,-1.0096
1782675425.459798,-1.5283,22.3997,-0.4372,0.3914,-0.9495
1782675425.509701,-1.5107,22.3913,-0.4849,0.3807,-0.9591
1782675425.559796,-1.4938,22.3824,-0.5329,0.3807,-0.5690
1782675425.609940,-1.4773,22.3727,-0.5615,0.3799,-0.6085
1782675425.659694,-1.4611,22.3625,-0.5920,0.3799,-0.5383
1782675425.709718,-1.4453,22.3518,-0.6188,0.3799,-0.3850
1782675425.759778,-1.4297,22.3408,-0.6381,0.3799,-0.2839
1782675425.809666,-1.4144,22.3294,-0.6523,0.3799,-0.2278
1782675425.859772,-1.3991,22.3177,-0.6638,0.3799,-0.2809
1782675425.909906,-1.3841,22.3060,-0.6779,0.3799,-0.2942
1782675425.959932,-1.3690,22.2939,-0.6928,0.3815,-0.5071
1782675426.009877,-1.3544,22.2817,-0.7178,0.3816,-0.3972
1782675426.059783,-1.3399,22.2691,-0.7378,0.3816,-0.5051
1782675426.110009,-1.3257,22.2562,-0.7632,0.3816,-0.5370
1782675426.159890,-1.3118,22.2429,-0.7901,0.3816,-0.5661
1782675426.210095,-1.2983,22.2293,-0.8186,0.3816,-0.5963
1782675426.260065,-1.2851,22.2152,-0.8488,0.3816,-0.7462
1782675426.309720,-1.2724,22.2008,-0.8864,0.3816,-0.8168
1782675426.359870,-1.2603,22.1859,-0.9273,0.3816,-0.8469
1782675426.409808,-1.2489,22.1706,-0.9697,0.3808,-0.7715
1782675426.459892,-1.2380,22.1548,-1.0087,0.3808,-0.8578
1782675426.509897,-1.2278,22.1386,-1.0518,0.3808,-0.9542
1782675426.559748,-1.2183,22.1220,-1.0996,0.3808,-0.8609
1782675426.609922,-1.2096,22.1050,-1.1428,0.3805,-0.8799
1782675426.710753,-1.2016,22.0873,-1.1923,0.3808,-1.0256
1782675426.759892,-1.1946,22.0696,-1.2436,0.3808,-1.0105
1782675426.810113,-1.1884,22.0514,-1.2945,0.3808,-0.9956
1782675426.859723,-1.1832,22.0330,-1.3447,0.3800,-1.0479
1782675426.909726,-1.1789,22.0144,-1.3973,0.3799,-1.0663
1782675426.959793,-1.1756,21.9956,-1.4508,0.3799,-0.9979
1782675427.009724,-1.1733,21.9767,-1.5007,0.3799,-0.6358
1782675427.059727,-1.1720,21.9575,-1.5328,0.3799,-0.7476
1782675427.109835,-1.1713,21.9383,-1.5704,0.3799,-0.6127
1782675427.159702,-1.1713,21.9192,-1.6010,0.3799,-0.5635
1782675427.209748,-1.1718,21.9002,-1.6291,0.3799,-0.3884
1782675427.259702,-1.1729,21.8812,-1.6485,0.3799,-0.2623
1782675427.309764,-1.1744,21.8621,-1.6616,0.3799,-0.2062
1782675427.359679,-1.1762,21.8431,-1.6719,0.3799,-0.1675
1782675427.409718,-1.1781,21.8241,-1.6803,0.3807,-0.1540
1782675427.459761,-1.1802,21.8050,-1.6879,0.3808,-0.1565
1782675427.509721,-1.1824,21.7860,-1.6958,0.3808,-0.2574
1782675427.559885,-1.1848,21.7671,-1.7087,0.3808,-0.2560
1782675427.609790,-1.1874,21.7481,-1.7215,0.3808,-0.3092
1782675427.659899,-1.1903,21.7288,-1.7373,0.3824,-0.5654
1782675427.709821,-1.1935,21.7101,-1.7652,0.3809,-0.5055
1782675427.759805,-1.1972,21.6913,-1.7906,0.3808,-0.5561
1782675427.809883,-1.2014,21.6726,-1.8186,0.3808,-0.6692
1782675427.859887,-1.2061,21.6540,-1.8523,0.3808,-0.8144
1782675427.910114,-1.2114,21.6356,-1.8931,0.3808,-0.7331
1782675427.959757,-1.2175,21.6175,-1.9299,0.3808,-0.6287
1782675428.009800,-1.2242,21.5995,-1.9615,0.3808,-0.6088
1782675428.059851,-1.2315,21.5818,-1.9919,0.3808,-0.4373
1782675428.109924,-1.2393,21.5643,-2.0137,0.3808,-0.3283
1782675428.159844,-1.2476,21.5470,-2.0302,0.3808,-0.3765
1782675428.209909,-1.2561,21.5298,-2.0490,0.3808,-0.2840
1782675428.260238,-1.2648,21.5129,-2.0632,0.3808,-0.2466
1782675428.309827,-1.2740,21.4959,-2.0756,0.3808,-0.2871
1782675428.359770,-1.2832,21.4791,-2.0898,0.3808,-0.1785
1782675428.409915,-1.2927,21.4626,-2.0986,0.3775,-0.0315
1782675428.459788,-1.3023,21.4460,-2.1002,0.3806,-0.2261
1782675428.509748,-1.3120,21.4295,-2.1115,0.3808,-0.2503
1782675428.559814,-1.3218,21.4131,-2.1239,0.3808,-0.1749
1782675428.609764,-1.3319,21.3968,-2.1327,0.3808,-0.2772
1782675428.659723,-1.3421,21.3806,-2.1466,0.3808,-0.3529
1782675428.709922,-1.3525,21.3647,-2.1644,0.3751,-0.4593
1782675428.759740,-1.3626,21.3528,-2.1873,0.2000,-0.2495
1782675429.209815,-1.3548,21.3695,-2.2269,-0.3944,0.0990
1782675429.259719,-1.3424,21.3854,-2.2220,-0.4010,0.1108
1782675429.309731,-1.3300,21.4014,-2.2166,-0.4015,0.0858
1782675429.359824,-1.3177,21.4175,-2.2123,-0.4014,0.1240
1782675429.410014,-1.3055,21.4336,-2.2062,-0.4014,-0.0213
1782675429.459829,-1.2934,21.4498,-2.2074,-0.4013,-0.0776
1782675429.509933,-1.2812,21.4661,-2.2115,-0.4013,-0.1647
1782675429.559759,-1.2690,21.4822,-2.2199,-0.4013,-0.2740
1782675429.609793,-1.2567,21.4983,-2.2338,-0.4012,-0.3561
1782675429.659893,-1.2441,21.5143,-2.2519,-0.4012,-0.2879
1782675429.709943,-1.2313,21.5299,-2.2664,-0.4012,-0.3306
1782675429.759802,-1.2183,21.5453,-2.2832,-0.4011,-0.3338
1782675429.809923,-1.2050,21.5605,-2.3000,-0.4011,-0.2609
1782675429.859738,-1.1915,21.5756,-2.3132,-0.4010,-0.2001
1782675429.909799,-1.1776,21.5905,-2.3235,-0.4010,-0.0366
1782675429.959923,-1.1642,21.6044,-2.3255,-0.3700,-0.1074
1782675430.009811,-1.1533,21.6143,-2.3310,-0.2053,-0.1646
1782675430.209802,-1.1708,21.5913,-2.3594,0.3975,-0.0556
1782675430.259805,-1.1851,21.5772,-2.3621,0.3990,-0.0138
1782675430.310035,-1.1995,21.5631,-2.3628,0.4007,-0.0021
1782675430.359734,-1.2139,21.5489,-2.3628,0.4008,-0.0259
1782675430.409810,-1.2283,21.5348,-2.3641,0.4008,-0.0714
1782675430.459682,-1.2428,21.5207,-2.3677,0.4008,-0.1086
1782675430.509714,-1.2572,21.5066,-2.3731,0.4007,-0.1052
1782675430.559718,-1.2717,21.4927,-2.3783,0.4007,-0.0905
1782675430.609732,-1.2863,21.4788,-2.3828,0.4007,-0.0568
1782675430.659950,-1.3010,21.4650,-2.3856,0.3999,-0.1117
1782675430.709652,-1.3156,21.4512,-2.3912,0.3998,-0.0886
1782675430.759812,-1.3304,21.4376,-2.3956,0.3998,-0.1120
1782675430.809795,-1.3451,21.4239,-2.4012,0.4005,-0.0830
1782675430.859701,-1.3602,21.4102,-2.4053,0.4006,-0.1454
1782675430.909879,-1.3751,21.3968,-2.4126,0.4006,-0.1109
1782675430.959841,-1.3902,21.3834,-2.4181,0.4005,-0.1799
1782675431.009735,-1.4053,21.3701,-2.4272,0.4005,-0.2194
1782675431.059683,-1.4205,21.3569,-2.4381,0.4005,-0.0846
1782675431.109828,-1.4359,21.3439,-2.4424,0.4005,-0.1651
1782675431.159781,-1.4514,21.3309,-2.4506,0.4005,-0.1359
1782675431.209866,-1.4670,21.3181,-2.4574,0.4005,-0.1483
1782675431.260032,-1.4825,21.3054,-2.4648,0.4005,-0.1908
1782675431.309866,-1.4982,21.2929,-2.4743,0.4004,-0.1852
1782675431.359932,-1.5141,21.2804,-2.4837,0.4004,-0.3751
1782675431.409853,-1.5300,21.2681,-2.5025,0.4004,-0.4098
1782675431.459989,-1.5463,21.2561,-2.5233,0.4004,-0.5313
1782675431.509815,-1.5627,21.2445,-2.5499,0.4004,-0.5198
1782675431.559939,-1.5794,21.2333,-2.5760,0.4004,-0.4192
1782675431.610125,-1.5966,21.2224,-2.5970,0.4004,-0.2714
1782675431.660051,-1.6138,21.2120,-2.6105,0.4004,-0.2663
1782675431.709870,-1.6311,21.2019,-2.6239,0.4003,-0.2453
1782675431.759792,-1.6487,21.1919,-2.6362,0.4003,-0.2362
1782675431.809860,-1.6663,21.1822,-2.6479,0.4003,-0.1528
1782675431.860183,-1.6841,21.1727,-2.6555,0.4003,-0.2262
1782675431.909834,-1.7018,21.1633,-2.6668,0.4003,-0.1211
1782675431.959816,-1.7198,21.1541,-2.6729,0.4003,-0.1882
1782675432.009995,-1.7378,21.1450,-2.6824,0.4003,-0.2952
1782675432.059738,-1.7559,21.1361,-2.6972,0.4003,-0.3559
1782675432.109777,-1.7741,21.1275,-2.7151,0.4003,-0.3956
1782675432.159755,-1.7924,21.1192,-2.7350,0.4003,-0.4202
1782675432.209850,-1.8109,21.1113,-2.7561,0.4002,-0.3146
1782675432.259741,-1.8296,21.1037,-2.7718,0.4002,-0.2707
1782675432.309832,-1.8483,21.0965,-2.7854,0.4002,-0.2765
1782675432.359710,-1.8672,21.0895,-2.7992,0.4002,-0.2560
1782675432.409699,-1.8861,21.0828,-2.8121,0.4002,-0.2574
1782675432.459758,-1.9052,21.0762,-2.8250,0.4002,-0.2835
1782675432.509717,-1.9243,21.0700,-2.8392,0.4002,-0.2352
1782675432.559712,-1.9435,21.0641,-2.8510,0.4002,-0.2126
1782675432.609736,-1.9628,21.0583,-2.8616,0.4002,-0.1631
1782675432.659701,-1.9822,21.0528,-2.8698,0.4002,-0.1348
1782675432.709748,-2.0015,21.0474,-2.8764,0.4002,-0.0277
1782675432.759726,-2.0209,21.0421,-2.8778,0.4002,-0.0416
1782675432.809714,-2.0403,21.0369,-2.8799,0.4002,-0.0498
1782675432.859720,-2.0598,21.0317,-2.8824,0.4002,-0.0208
1782675432.909701,-2.0792,21.0266,-2.8834,0.4002,0.0653
1782675432.959694,-2.0987,21.0215,-2.8802,0.4002,-0.0408
1782675433.009782,-2.1181,21.0163,-2.8822,0.4001,-0.0269
1782675433.059710,-2.1376,21.0111,-2.8836,0.4001,-0.0737
1782675433.109699,-2.1570,21.0060,-2.8873,0.4001,-0.0634
1782675433.161090,-2.1764,21.0010,-2.8905,0.4001,-0.1009
1782675433.209904,-2.1961,20.9960,-2.8956,0.4001,-0.0239
1782675433.259705,-2.2156,20.9911,-2.8968,0.4001,-0.0098
1782675433.309874,-2.2351,20.9862,-2.8972,0.4001,0.0415
1782675433.359944,-2.2547,20.9813,-2.8951,0.4001,0.0099
1782675433.410077,-2.2742,20.9764,-2.8946,0.4001,-0.0451
1782675433.459900,-2.2937,20.9715,-2.8969,0.4001,-0.0543
1782675433.509874,-2.3132,20.9667,-2.8995,0.3993,0.0021
1782675433.559881,-2.3317,20.9623,-2.8994,0.3625,-0.1734
1782675433.609787,-2.3486,20.9583,-2.9082,0.3281,-0.3867
1782675433.659837,-2.3642,20.9547,-2.9274,0.3095,-0.3631
1782675433.709998,-2.3792,20.9514,-2.9455,0.3033,-0.3180
1782675433.761080,-2.3940,20.9485,-2.9614,0.2955,-0.3466
1782675433.809860,-2.4086,20.9459,-2.9787,0.2933,-0.3713
1782675433.859856,-2.4229,20.9435,-2.9971,0.2866,-0.2294
1782675433.909750,-2.4372,20.9415,-3.0086,0.2862,-0.2494
1782675433.959678,-2.4515,20.9395,-3.0210,0.2862,-0.2842
1782675434.009782,-2.4659,20.9378,-3.0351,0.2878,-0.3615
1782675434.059900,-2.4802,20.9362,-3.0530,0.2879,-0.2009
1782675434.109685,-2.4947,20.9349,-3.0631,0.2904,-0.3191
1782675434.159758,-2.5093,20.9338,-3.0790,0.2906,-0.2551
1782675434.209724,-2.5241,20.9328,-3.0918,0.2995,-0.3911
1782675434.259737,-2.5394,20.9319,-3.1114,0.3083,-0.2905
1782675434.309705,-2.5550,20.9314,-3.1260,0.3114,-0.4672
1782675434.360679,-2.5707,20.9312,3.1339,0.3116,-0.4683
1782675434.409695,-2.5870,20.9311,3.1107,0.3394,-0.2655
1782675434.459904,-2.6051,20.9314,3.0970,0.3797,-1.9564
1782675434.559964,-2.6246,20.9321,3.0903,0.3931,-0.2195
1782675434.609758,-2.6444,20.9332,3.0793,0.3956,-0.2132
1782675434.659821,-2.6643,20.9344,3.0687,0.3958,-0.1073
1782675434.709702,-2.6841,20.9359,3.0633,0.3958,-0.1833
1782675434.759727,-2.7040,20.9374,3.0541,0.3958,-0.1759
1782675434.809781,-2.7239,20.9392,3.0452,0.3958,-0.2701
1782675434.859717,-2.7436,20.9411,3.0317,0.3958,-0.3096
1782675434.909716,-2.7634,20.9433,3.0161,0.3958,-0.3741
1782675434.959962,-2.7831,20.9458,2.9974,0.3949,-0.3697
1782675435.010008,-2.8029,20.9487,2.9786,0.3957,-0.5267
1782675435.059776,-2.8226,20.9520,2.9524,0.3958,-0.3604
1782675435.109891,-2.8420,20.9557,2.9345,0.3966,-0.3720
1782675435.159851,-2.8616,20.9598,2.9158,0.3999,-0.2431
1782675435.209919,-2.8813,20.9643,2.9036,0.4001,-0.2866
1782675435.259899,-2.9009,20.9691,2.8891,0.4001,-0.2946
1782675435.310612,-2.9204,20.9741,2.8744,0.4001,-0.2610
1782675435.359866,-2.9398,20.9795,2.8613,0.4001,-0.2120
1782675435.409804,-2.9591,20.9850,2.8507,0.4001,-0.1698
1782675435.459803,-2.9785,20.9908,2.8421,0.4001,-0.1683
1782675435.509818,-2.9976,20.9968,2.8337,0.4001,-0.0788
1782675435.560066,-3.0167,21.0029,2.8297,0.4001,-0.1767
1782675435.609712,-3.0361,21.0091,2.8207,0.4001,-0.1864
1782675435.659782,-3.0549,21.0154,2.8114,0.4001,-0.2130
1782675435.709782,-3.0740,21.0219,2.8007,0.4001,-0.1654
1782675435.759931,-3.0930,21.0287,2.7924,0.4001,-0.1433
1782675435.809900,-3.1120,21.0356,2.7852,0.4001,-0.0220
1782675435.859780,-3.1308,21.0426,2.7841,0.4001,-0.0119
1782675435.909720,-3.1496,21.0496,2.7835,0.4001,-0.0289
1782675435.959872,-3.1685,21.0567,2.7821,0.4001,0.0225
1782675436.009724,-3.1873,21.0638,2.7832,0.4001,-0.0289
1782675436.059718,-3.2061,21.0708,2.7818,0.4001,0.0089
1782675436.109766,-3.2249,21.0779,2.7822,0.4001,0.0109
1782675436.159963,-3.2438,21.0850,2.7828,0.4001,0.0137
1782675436.209878,-3.2626,21.0921,2.7835,0.4001,0.0414
1782675436.259715,-3.2815,21.0992,2.7856,0.4001,0.0547
1782675436.309711,-3.3003,21.1062,2.7883,0.4001,0.0305
1782675436.359777,-3.3191,21.1131,2.7898,0.4001,0.0159
1782675436.409767,-3.3380,21.1200,2.7906,0.4000,0.0090
1782675436.459709,-3.3569,21.1270,2.7911,0.4000,-0.0170
1782675436.510106,-3.3759,21.1339,2.7903,0.4000,0.0405
1782675436.559752,-3.3947,21.1408,2.7923,0.4000,0.0225
1782675436.609826,-3.4136,21.1477,2.7934,0.4000,-0.0060
1782675436.659747,-3.4325,21.1545,2.7931,0.4000,0.0269
1782675436.709787,-3.4514,21.1614,2.7944,0.4000,0.0151
1782675436.759807,-3.4703,21.1683,2.7952,0.4000,0.0259
1782675436.809726,-3.4894,21.1751,2.7965,0.4000,0.0290
1782675436.859711,-3.5082,21.1819,2.7980,0.4000,0.0432
1782675436.909783,-3.5272,21.1887,2.8002,0.4000,0.0219
1782675436.959800,-3.5461,21.1954,2.8013,0.4000,0.0209
1782675437.009824,-3.5652,21.2022,2.8023,0.4000,0.0204
1782675437.059907,-3.5841,21.2089,2.8033,0.4000,-0.0216
1782675437.109983,-3.6031,21.2155,2.8022,0.4000,0.0160
1782675437.159832,-3.6220,21.2222,2.8030,0.4000,0.0050
1782675437.209812,-3.6411,21.2290,2.8033,0.4000,0.0392
1782675437.259842,-3.6601,21.2356,2.8053,0.4000,0.0469
1782675437.309913,-3.6791,21.2423,2.8076,0.4000,0.0058
1782675437.359784,-3.6981,21.2489,2.8080,0.4000,0.0665
1782675437.409913,-3.7171,21.2555,2.8113,0.4000,-0.0476
1782675437.459854,-3.7362,21.2620,2.8089,0.4000,0.0659
1782675437.509837,-3.7552,21.2686,2.8122,0.4000,0.0106
1782675437.559846,-3.7742,21.2751,2.8127,0.4000,0.0000
1782675437.609875,-3.7933,21.2816,2.8127,0.4000,0.0164
1782675437.659806,-3.8123,21.2881,2.8136,0.4000,0.0356
1782675437.709920,-3.8313,21.2946,2.8154,0.4000,0.0029
1782675437.759916,-3.8504,21.3010,2.8155,0.4000,0.0166
1782675437.809755,-3.8695,21.3075,2.8164,0.4000,0.0370
1782675437.859806,-3.8886,21.3139,2.8182,0.4000,0.0203
1782675437.909885,-3.9076,21.3203,2.8192,0.4000,0.0187
1782675437.959800,-3.9268,21.3267,2.8202,0.4000,0.0486
1782675438.009764,-3.9460,21.3331,2.8227,0.4000,0.0888
1782675438.060932,-3.9649,21.3393,2.8271,0.4000,-0.0139
1782675438.109669,-3.9840,21.3455,2.8264,0.4000,0.0265
1782675438.159720,-4.0032,21.3518,2.8277,0.4000,-0.0308
1782675438.209715,-4.0223,21.3580,2.8262,0.4000,0.0675
1782675438.259706,-4.0414,21.3642,2.8296,0.4000,0.0208
1782675438.309752,-4.0606,21.3704,2.8306,0.4000,0.0158
1782675438.359721,-4.0797,21.3766,2.8314,0.4000,0.0220
1782675438.409907,-4.0989,21.3827,2.8325,0.4000,0.0096
1782675438.459722,-4.1180,21.3888,2.8330,0.4000,0.0228
1782675438.509701,-4.1372,21.3949,2.8342,0.4000,0.0215
1782675438.559716,-4.1567,21.4011,2.8352,0.4000,-0.0195
1782675438.609739,-4.1756,21.4071,2.8342,0.4000,-0.0218
1782675438.659844,-4.1948,21.4132,2.8331,0.4000,0.0070
1782675438.709765,-4.2139,21.4193,2.8335,0.4000,0.0406
1782675438.759725,-4.2331,21.4254,2.8355,0.4000,0.0109
1782675438.809781,-4.2523,21.4315,2.8361,0.4000,0.0356
1782675438.859990,-4.2715,21.4375,2.8379,0.4000,-0.0106
1782675438.909829,-4.2907,21.4435,2.8373,0.4000,0.0098
1782675438.959926,-4.3099,21.4496,2.8379,0.4000,0.0314
1782675439.009902,-4.3291,21.4556,2.8394,0.4000,-0.0116
1782675439.059908,-4.3483,21.4616,2.8389,0.4000,0.0489
1782675439.109852,-4.3675,21.4676,2.8414,0.4000,0.1053
1782675439.159845,-4.3867,21.4735,2.8467,0.4000,0.0779
1782675439.209834,-4.4059,21.4793,2.8505,0.4000,0.0079
1782675439.259925,-4.4252,21.4851,2.8509,0.4000,0.0338
1782675439.309889,-4.4446,21.4909,2.8527,0.4000,0.0652
1782675439.359762,-4.4638,21.4966,2.8559,0.4000,0.0248
1782675439.409909,-4.4831,21.5023,2.8571,0.4000,0.0159
1782675439.459809,-4.5025,21.5080,2.8579,0.4000,0.0148
1782675439.509821,-4.5218,21.5136,2.8587,0.4000,0.0328
1782675439.559780,-4.5411,21.5192,2.8603,0.4000,-0.0079
1782675439.610195,-4.5604,21.5248,2.8599,0.4000,0.0079
1782675439.659870,-4.5798,21.5304,2.8603,0.4000,0.0234
1782675439.709810,-4.5991,21.5360,2.8615,0.4000,0.0265
1782675439.760160,-4.6184,21.5415,2.8628,0.4000,0.0059
1782675439.809785,-4.6378,21.5471,2.8631,0.4000,-0.0241
1782675439.859775,-4.6572,21.5526,2.8620,0.4000,0.0570
1782675439.909877,-4.6765,21.5582,2.8648,0.4000,-0.0612
1782675439.959750,-4.6958,21.5637,2.8617,0.4000,0.0498
1782675440.009717,-4.7152,21.5692,2.8642,0.4000,-0.0059
1782675440.059820,-4.7345,21.5747,2.8639,0.4000,-0.0132
1782675440.109748,-4.7539,21.5802,2.8633,0.4000,-0.0492
1782675440.159751,-4.7731,21.5857,2.8609,0.4000,-0.0092
1782675440.209842,-4.7925,21.5913,2.8604,0.4000,-0.1525
1782675440.259773,-4.8118,21.5969,2.8528,0.4000,-0.1339
1782675440.309740,-4.8311,21.6026,2.8461,0.4000,-0.1808
1782675440.359759,-4.8503,21.6085,2.8371,0.4000,-0.1188
1782675440.409715,-4.8695,21.6145,2.8312,0.4000,-0.1047
1782675440.459666,-4.8887,21.6207,2.8259,0.4000,-0.1134
1782675440.509721,-4.9077,21.6269,2.8202,0.4000,-0.1681
1782675440.559964,-4.9268,21.6332,2.8118,0.4000,-0.2218
1782675440.609709,-4.9458,21.6398,2.8006,0.4000,-0.2851
1782675440.659787,-4.9648,21.6465,2.7863,0.4000,-0.3789
1782675440.709726,-4.9837,21.6535,2.7673,0.4000,-0.2935
1782675440.759766,-5.0025,21.6609,2.7524,0.4000,-0.3907
1782675440.809862,-5.0211,21.6685,2.7330,0.4000,-0.2010
1782675440.859913,-5.0397,21.6766,2.7228,0.4000,-0.2091
1782675440.910931,-5.0579,21.6847,2.7125,0.4000,-0.0580
1782675440.959933,-5.0763,21.6931,2.7096,0.4000,-0.0089
1782675441.009942,-5.0945,21.7015,2.7091,0.4000,-0.0766
1782675441.059924,-5.1128,21.7100,2.7052,0.4000,-0.0640
1782675441.109851,-5.1311,21.7185,2.7019,0.4000,-0.1378
1782675441.160001,-5.1493,21.7270,2.6951,0.4000,-0.0697
1782675441.209862,-5.1674,21.7357,2.6916,0.4000,-0.0352
1782675441.259865,-5.1855,21.7445,2.6898,0.4000,0.0059
1782675441.309945,-5.2036,21.7533,2.6901,0.4000,-0.0214
1782675441.360008,-5.2217,21.7620,2.6890,0.4000,-0.0099
1782675441.410991,-5.2398,21.7708,2.6885,0.4000,-0.0447
1782675441.459935,-5.2580,21.7797,2.6864,0.4000,0.0862
1782675441.510431,-5.2761,21.7885,2.6906,0.4000,-0.0167
1782675441.559924,-5.2942,21.7973,2.6898,0.4000,-0.0097
1782675441.609808,-5.3124,21.8061,2.6894,0.4000,0.0664
1782675441.659919,-5.3305,21.8149,2.6926,0.4000,-0.0530
1782675441.709758,-5.3486,21.8236,2.6900,0.4000,0.0497
1782675441.759802,-5.3667,21.8324,2.6925,0.4000,0.0097
1782675441.809717,-5.3847,21.8411,2.6930,0.4000,0.0030
1782675441.859740,-5.4029,21.8498,2.6931,0.4000,0.0259
1782675441.909755,-5.4211,21.8586,2.6944,0.4000,0.0050
1782675441.959747,-5.4393,21.8673,2.6947,0.4000,0.0190
1782675442.009753,-5.4574,21.8760,2.6957,0.4000,0.0348
1782675442.059694,-5.4755,21.8847,2.6974,0.4000,0.0061
1782675442.110040,-5.4939,21.8934,2.6978,0.4000,0.0692
1782675442.159717,-5.5120,21.9020,2.7013,0.4000,0.0918
1782675442.209736,-5.5302,21.9106,2.7058,0.4000,0.0309
1782675442.259759,-5.5484,21.9191,2.7074,0.4000,0.0235
1782675442.309664,-5.5666,21.9275,2.7086,0.4000,0.0159
1782675442.359718,-5.5849,21.9360,2.7093,0.4000,-0.0020
1782675442.409691,-5.6032,21.9444,2.7093,0.4000,0.0920
1782675442.459722,-5.6214,21.9528,2.7139,0.4000,0.1062
1782675442.509722,-5.6397,21.9612,2.7192,0.4000,-0.0167
1782675442.559724,-5.6581,21.9694,2.7184,0.4000,-0.0365
1782675442.609720,-5.6764,21.9777,2.7166,0.4000,0.0138
1782675442.710235,-5.6947,21.9860,2.7173,0.4000,0.0320
1782675442.759840,-5.7132,21.9943,2.7189,0.4000,0.0551
1782675442.809712,-5.7316,22.0026,2.7217,0.4000,0.0733
1782675442.859803,-5.7500,22.0108,2.7254,0.4000,0.0539
1782675442.909841,-5.7683,22.0189,2.7282,0.4000,0.1670
1782675442.959836,-5.7868,22.0270,2.7364,0.4000,-0.0679
1782675443.009901,-5.8053,22.0349,2.7330,0.4000,-0.0629
1782675443.060372,-5.8237,22.0429,2.7298,0.4000,-0.1090
1782675443.109754,-5.8423,22.0510,2.7245,0.4000,0.0971
1782675443.159913,-5.8607,22.0592,2.7293,0.4000,0.0708
1782675443.209807,-5.8791,22.0672,2.7328,0.4000,0.0277
1782675443.259737,-5.8975,22.0752,2.7342,0.4000,0.0325
1782675443.309872,-5.9161,22.0832,2.7359,0.4000,0.0185
1782675443.359776,-5.9346,22.0912,2.7368,0.4000,0.0482
1782675443.409826,-5.9531,22.0991,2.7393,0.4000,0.0597
1782675443.459802,-5.9715,22.1069,2.7423,0.4000,0.0374
1782675443.509841,-5.9902,22.1148,2.7441,0.4000,0.0382
1782675443.560007,-6.0087,22.1226,2.7461,0.4000,0.0291
1782675443.610051,-6.0272,22.1303,2.7475,0.4000,0.0328
1782675443.660004,-6.0459,22.1381,2.7492,0.4000,0.0265
1782675443.709793,-6.0645,22.1458,2.7505,0.4000,0.0675
1782675443.759722,-6.0830,22.1534,2.7539,0.4000,0.0398
1782675443.809726,-6.1016,22.1610,2.7559,0.4000,0.1273
1782675443.859782,-6.1203,22.1686,2.7623,0.4000,-0.0795
1782675443.909837,-6.1389,22.1760,2.7583,0.4000,-0.0427
1782675443.959733,-6.1577,22.1836,2.7562,0.4000,0.0404
1782675444.009775,-6.1763,22.1911,2.7583,0.4000,0.1363
1782675444.059781,-6.1953,22.1988,2.7651,0.4000,0.0209
1782675444.109764,-6.2137,22.2061,2.7662,0.4000,0.0793
1782675444.159808,-6.2324,22.2134,2.7702,0.4000,0.0858
1782675444.209718,-6.2511,22.2207,2.7745,0.4000,0.0502
1782675444.259903,-6.2699,22.2279,2.7770,0.4000,0.0951
1782675444.309722,-6.2887,22.2351,2.7818,0.4000,0.0320
1782675444.359711,-6.3075,22.2422,2.7834,0.4000,0.0636
1782675444.409710,-6.3267,22.2494,2.7867,0.4000,0.0679
1782675444.459769,-6.3453,22.2563,2.7901,0.4000,0.0703
1782675444.509753,-6.3641,22.2632,2.7936,0.4000,0.0914
1782675444.559848,-6.3831,22.2701,2.7983,0.4000,0.1250
1782675444.610090,-6.4021,22.2768,2.8043,0.4000,-0.1792
1782675444.659887,-6.4210,22.2835,2.7955,0.4000,0.1493
1782675444.709828,-6.4399,22.2903,2.8030,0.4000,0.0311
1782675444.759828,-6.4589,22.2970,2.8046,0.4000,-0.0113
1782675444.809906,-6.4779,22.3036,2.8041,0.4000,-0.0656
1782675444.859896,-6.4968,22.3103,2.8008,0.4000,-0.0245
1782675444.909833,-6.5160,22.3171,2.7994,0.4000,-0.3599
1782675444.959902,-6.5349,22.3238,2.7814,0.4000,-0.3679
1782675445.010051,-6.5539,22.3310,2.7627,0.4000,-0.4660
1782675445.059951,-6.5725,22.3384,2.7395,0.4000,-0.3122
1782675445.109873,-6.5910,22.3463,2.7238,0.4000,-0.3904
1782675445.159839,-6.6094,22.3544,2.7043,0.4000,-0.3153
1782675445.210824,-6.6276,22.3629,2.6884,0.4000,-0.3551
1782675445.259829,-6.6456,22.3717,2.6706,0.4000,-0.3204
1782675445.309779,-6.6636,22.3809,2.6545,0.4000,-0.2406
1782675445.359799,-6.6814,22.3903,2.6424,0.4000,-0.2228
1782675445.409884,-6.6991,22.4000,2.6312,0.4000,-0.1647
1782675445.459900,-6.7166,22.4098,2.6229,0.4000,-0.1515
1782675445.509742,-6.7341,22.4197,2.6153,0.4000,-0.1522
1782675445.559726,-6.7515,22.4298,2.6077,0.4000,-0.0965
1782675445.609689,-6.7689,22.4402,2.6028,0.4000,-0.0880
1782675445.659721,-6.7861,22.4504,2.5984,0.4000,-0.0931
1782675445.709814,-6.8033,22.4608,2.5937,0.4000,-0.0467
1782675445.759701,-6.8205,22.4713,2.5914,0.4000,-0.0298
1782675445.809887,-6.8376,22.4818,2.5899,0.4000,-0.0070
1782675445.859746,-6.8548,22.4924,2.5895,0.4000,0.0058
1782675445.909846,-6.8720,22.5029,2.5898,0.4000,-0.0163
1782675445.959774,-6.8890,22.5134,2.5890,0.4000,-0.0232
1782675446.009724,-6.9061,22.5240,2.5878,0.4000,-0.0220
1782675446.059963,-6.9233,22.5346,2.5867,0.4000,0.0000
1782675446.109694,-6.9403,22.5452,2.5867,0.4000,0.0010
1782675446.160179,-6.9574,22.5558,2.5868,0.4000,-0.0070
1782675446.209810,-6.9746,22.5664,2.5864,0.4000,0.0260
1782675446.259748,-6.9916,22.5770,2.5878,0.4000,0.0512
1782675446.309747,-7.0089,22.5876,2.5903,0.4000,-0.0398
1782675446.359869,-7.0260,22.5981,2.5884,0.4000,0.0309
1782675446.409809,-7.0431,22.6087,2.5899,0.4000,0.0215
1782675446.459939,-7.0602,22.6192,2.5910,0.4000,0.0206
1782675446.509831,-7.0774,22.6298,2.5920,0.4000,0.0029
1782675446.560028,-7.0945,22.6403,2.5922,0.4000,0.0194
1782675446.609921,-7.1116,22.6508,2.5931,0.4000,-0.0129
1782675446.659862,-7.1291,22.6614,2.5925,0.4000,0.0129
1782675446.709835,-7.1462,22.6719,2.5931,0.4000,-0.0078
1782675446.759892,-7.1633,22.6824,2.5928,0.4000,0.0215
1782675446.809933,-7.1805,22.6929,2.5938,0.4000,0.0109
1782675446.859898,-7.1977,22.7033,2.5944,0.4000,0.0020
1782675446.909907,-7.2149,22.7138,2.5945,0.4000,0.0365
1782675446.959939,-7.2320,22.7243,2.5963,0.4000,0.0275
1782675447.009876,-7.2493,22.7347,2.5977,0.4000,0.0254
1782675447.059767,-7.2665,22.7452,2.5990,0.4000,-0.0135
1782675447.109888,-7.2837,22.7555,2.5983,0.4000,0.0485
1782675447.159900,-7.3009,22.7659,2.6007,0.4000,0.0000
1782675447.209769,-7.3182,22.7763,2.6007,0.4000,0.0000
1782675447.259774,-7.3354,22.7867,2.6007,0.4000,0.0049
1782675447.309731,-7.3527,22.7970,2.6010,0.4000,0.0397
1782675447.359798,-7.3699,22.8074,2.6030,0.4000,0.0178
1782675447.409801,-7.3872,22.8177,2.6039,0.4000,0.0169
1782675447.459780,-7.4044,22.8280,2.6047,0.4000,0.0061
1782675447.509721,-7.4218,22.8383,2.6050,0.4000,0.0030
1782675447.559792,-7.4391,22.8486,2.6052,0.4000,-0.0068
1782675447.609814,-7.4563,22.8588,2.6048,0.4000,0.0020
1782675447.659666,-7.4736,22.8691,2.6049,0.4000,-0.0109
1782675447.710372,-7.4909,22.8794,2.6044,0.4000,-0.0120
1782675447.759779,-7.5082,22.8897,2.6038,0.4000,-0.0000
1782675447.809695,-7.5255,22.9000,2.6038,0.4000,-0.0019
1782675447.859721,-7.5428,22.9103,2.6037,0.4000,0.0521
1782675447.909734,-7.5600,22.9206,2.6063,0.4000,0.0138
1782675447.959821,-7.5775,22.9310,2.6070,0.4000,-0.0267
1782675448.009706,-7.5947,22.9412,2.6057,0.4000,0.0078
1782675448.059780,-7.6120,22.9514,2.6061,0.4000,0.0030
1782675448.109723,-7.6293,22.9617,2.6062,0.4000,0.0059
1782675448.159881,-7.6467,22.9720,2.6065,0.4000,0.0324
1782675448.209913,-7.6640,22.9823,2.6081,0.4000,-0.0223
1782675448.259768,-7.6813,22.9925,2.6070,0.4000,0.0078
1782675448.309874,-7.6986,23.0028,2.6074,0.4000,-0.0174
1782675448.359874,-7.7159,23.0130,2.6065,0.4000,-0.0197
1782675448.409972,-7.7332,23.0232,2.6056,0.4000,0.1564
1782675448.459875,-7.7506,23.0336,2.6134,0.4000,-0.0708
1782675448.509833,-7.7679,23.0437,2.6098,0.4000,-0.1345
1782675448.559830,-7.7854,23.0540,2.6032,0.4000,0.0666
1782675448.609852,-7.8028,23.0643,2.6065,0.4000,0.0393
1782675448.661139,-7.8200,23.0746,2.6085,0.4000,0.0111
1782675448.709915,-7.8375,23.0849,2.6090,0.4000,0.0010
1782675448.759902,-7.8548,23.0951,2.6091,0.4000,0.0379
1782675448.809902,-7.8722,23.1053,2.6110,0.4000,0.0192
1782675448.859812,-7.8895,23.1155,2.6119,0.4000,-0.0059
1782675448.909919,-7.9069,23.1257,2.6117,0.4000,0.0268
1782675448.959850,-7.9243,23.1359,2.6130,0.4000,0.0210
1782675449.009969,-7.9417,23.1460,2.6140,0.4000,-0.0253
1782675449.059809,-7.9591,23.1561,2.6128,0.4000,0.0153
1782675449.109918,-7.9764,23.1663,2.6136,0.4000,0.0213
1782675449.159699,-7.9938,23.1764,2.6146,0.4000,0.0191
1782675449.209714,-8.0112,23.1865,2.6156,0.4000,0.0238
1782675449.260445,-8.0285,23.1966,2.6168,0.4000,0.0548
1782675449.309823,-8.0459,23.2067,2.6195,0.4000,0.0248
1782675449.359709,-8.0634,23.2167,2.6208,0.4000,0.0339
1782675449.409699,-8.0808,23.2267,2.6225,0.4000,0.0169
1782675449.459702,-8.0982,23.2367,2.6233,0.4000,0.0181
1782675449.509753,-8.1158,23.2467,2.6242,0.4000,-0.0381
1782675449.559742,-8.1332,23.2566,2.6223,0.4000,-0.0426
1782675449.609686,-8.1506,23.2665,2.6202,0.4000,-0.0171
1782675449.659754,-8.1681,23.2766,2.6193,0.4000,0.0337
1782675449.709755,-8.1855,23.2866,2.6210,0.4000,0.0310
1782675449.759698,-8.2030,23.2966,2.6226,0.4000,0.0298
1782675449.809701,-8.2204,23.3066,2.6241,0.4000,-0.0060
1782675449.859712,-8.2382,23.3167,2.6238,0.4000,-0.0061
1782675449.909751,-8.2555,23.3265,2.6235,0.4000,0.0039
1782675449.959753,-8.2729,23.3365,2.6237,0.4000,0.0239
1782675450.009748,-8.2904,23.3465,2.6248,0.4000,-0.0195
1782675450.059853,-8.3079,23.3564,2.6239,0.4000,0.0319
1782675450.109793,-8.3254,23.3663,2.6255,0.4000,-0.0020
1782675450.159738,-8.3429,23.3763,2.6254,0.4000,-0.0146
1782675450.209826,-8.3605,23.3863,2.6247,0.4000,0.0368
1782675450.259780,-8.3779,23.3962,2.6265,0.4000,0.0357
1782675450.309699,-8.3954,23.4061,2.6283,0.4000,0.0403
1782675450.359753,-8.4130,23.4160,2.6304,0.4000,0.0185
1782675450.409700,-8.4306,23.4259,2.6313,0.4000,0.0230
1782675450.509943,-8.4482,23.4357,2.6324,0.4000,0.0010
1782675450.560076,-8.4658,23.4455,2.6325,0.4000,-0.0049
1782675450.610060,-8.4835,23.4554,2.6323,0.4000,0.0219
1782675450.659935,-8.5010,23.4652,2.6333,0.4000,0.0090
1782675450.709875,-8.5186,23.4750,2.6338,0.4000,-0.0049
1782675450.760129,-8.5362,23.4848,2.6336,0.4000,0.0119
1782675450.809949,-8.5538,23.4946,2.6341,0.4000,-0.0207
1782675450.859941,-8.5714,23.5044,2.6331,0.4000,0.0406
1782675450.910066,-8.5890,23.5142,2.6352,0.4000,0.0162
1782675450.959800,-8.6066,23.5239,2.6360,0.4000,0.0198
1782675451.009774,-8.6242,23.5337,2.6370,0.4000,0.0257
1782675451.059840,-8.6417,23.5434,2.6383,0.4000,0.0281
1782675451.109737,-8.6594,23.5531,2.6397,0.4000,0.0020
1782675451.159722,-8.6770,23.5628,2.6398,0.4000,0.0050
1782675451.209798,-8.6946,23.5724,2.6400,0.4000,0.0179
1782675451.259740,-8.7123,23.5821,2.6409,0.4000,-0.0228
1782675451.309768,-8.7299,23.5917,2.6398,0.4000,0.0251
1782675451.359806,-8.7476,23.6014,2.6411,0.4000,0.0178
1782675451.409790,-8.7652,23.6111,2.6420,0.4000,0.0438
1782675451.459764,-8.7829,23.6207,2.6442,0.4000,0.0461
1782675451.509734,-8.8005,23.6303,2.6465,0.4000,0.0484
1782675451.559724,-8.8182,23.6399,2.6489,0.4000,0.0271
1782675451.609753,-8.8359,23.6494,2.6503,0.4000,0.0081
1782675451.659834,-8.8537,23.6589,2.6507,0.4000,0.0336
1782675451.709713,-8.8714,23.6684,2.6524,0.4000,0.0000
1782675451.760185,-8.8892,23.6778,2.6524,0.4000,0.0199
1782675451.809815,-8.9069,23.6873,2.6534,0.4000,0.0363
1782675451.859786,-8.9247,23.6967,2.6552,0.4000,0.0177
1782675451.909859,-8.9425,23.7061,2.6561,0.4000,0.0179
1782675451.959800,-8.9603,23.7155,2.6570,0.4000,-0.0169
1782675452.009866,-8.9781,23.7249,2.6561,0.4000,0.0158
1782675452.059829,-8.9959,23.7343,2.6570,0.4000,0.0675
1782675452.110010,-9.0137,23.7436,2.6603,0.4000,-0.0328
1782675452.159792,-9.0316,23.7530,2.6587,0.4000,0.0297
1782675452.209842,-9.0494,23.7623,2.6602,0.4000,0.0107
1782675452.259823,-9.0672,23.7716,2.6607,0.4000,-0.0049
1782675452.309925,-9.0851,23.7809,2.6605,0.4000,0.0194
1782675452.359792,-9.1029,23.7902,2.6614,0.4000,-0.0098
1782675452.409895,-9.1207,23.7995,2.6609,0.4000,-0.0217
1782675452.459924,-9.1386,23.8088,2.6599,0.4000,0.0322
1782675452.509855,-9.1564,23.8182,2.6615,0.4000,0.0477
1782675452.559901,-9.1743,23.8275,2.6639,0.4000,0.0532
1782675452.609962,-9.1921,23.8367,2.6665,0.4000,-0.0020
1782675452.659716,-9.2101,23.8459,2.6665,0.4000,0.0428
1782675452.710266,-9.2281,23.8552,2.6686,0.4000,0.0286
1782675452.760070,-9.2459,23.8643,2.6701,0.4000,0.0226
1782675452.809759,-9.2639,23.8735,2.6712,0.4000,0.0332
1782675452.859762,-9.2817,23.8826,2.6729,0.4000,0.0318
1782675452.909774,-9.2997,23.8917,2.6745,0.4000,0.0347
1782675452.959916,-9.3176,23.9007,2.6762,0.4000,-0.0339
1782675453.009790,-9.3356,23.9097,2.6745,0.4000,0.0189
1782675453.059775,-9.3535,23.9188,2.6755,0.4000,0.0219
1782675453.109849,-9.3715,23.9278,2.6765,0.4000,-0.0069
1782675453.159729,-9.3895,23.9368,2.6762,0.4000,-0.0208
1782675453.209741,-9.4075,23.9459,2.6752,0.4000,-0.0069
1782675453.259728,-9.4254,23.9549,2.6748,0.4000,0.0161
1782675453.309898,-9.4433,23.9639,2.6756,0.4000,0.0142
1782675453.359878,-9.4614,23.9730,2.6763,0.4000,0.0159
1782675453.409705,-9.4793,23.9820,2.6771,0.4000,0.0109
1782675453.459737,-9.4979,23.9913,2.6777,0.4000,-0.0033
1782675453.509746,-9.5155,24.0001,2.6776,0.4000,0.0511
1782675453.559825,-9.5335,24.0091,2.6802,0.4000,0.0331
1782675453.609766,-9.5515,24.0181,2.6818,0.4000,0.0795
1782675453.659732,-9.5695,24.0270,2.6858,0.4000,0.0163
1782675453.709731,-9.5877,24.0359,2.6866,0.4000,0.0178
1782675453.760103,-9.6057,24.0447,2.6875,0.4000,0.0080
1782675453.809913,-9.6239,24.0536,2.6879,0.4000,0.0087
1782675453.859912,-9.6419,24.0624,2.6884,0.4000,0.0030
1782675453.909853,-9.6600,24.0712,2.6885,0.4000,0.0107
1782675453.959848,-9.6781,24.0800,2.6891,0.4000,0.0117
1782675454.009919,-9.6962,24.0888,2.6897,0.4000,0.0226
1782675454.059940,-9.7143,24.0976,2.6908,0.4000,0.0151
1782675454.109831,-9.7325,24.1064,2.6916,0.4000,0.0167
1782675454.159978,-9.7506,24.1152,2.6924,0.4000,0.0266
1782675454.209852,-9.7688,24.1239,2.6937,0.4000,0.0108
1782675454.259800,-9.7869,24.1326,2.6943,0.4000,0.0010
1782675454.309926,-9.8052,24.1414,2.6943,0.4000,0.0047
1782675454.359871,-9.8233,24.1501,2.6946,0.4000,0.0335
1782675454.409891,-9.8416,24.1588,2.6963,0.4000,0.0329
1782675454.459825,-9.8598,24.1675,2.6979,0.4000,0.0233
1782675454.509917,-9.8779,24.1762,2.6991,0.4000,0.0278
1782675454.559868,-9.8961,24.1848,2.7005,0.4000,0.0259
1782675454.609884,-9.9144,24.1934,2.7018,0.4000,0.0525
1782675454.659771,-9.9327,24.2020,2.7045,0.4000,0.0199
1782675454.709797,-9.9512,24.2106,2.7055,0.4000,0.0174
1782675454.759801,-9.9693,24.2191,2.7064,0.4000,0.0498
1782675454.809722,-9.9875,24.2276,2.7089,0.4000,0.0680
1782675454.859753,-10.0059,24.2361,2.7123,0.4000,0.0522
1782675454.909828,-10.0243,24.2445,2.7149,0.4000,-0.0483
1782675454.959727,-10.0426,24.2528,2.7126,0.4000,0.1276
1782675455.009699,-10.0608,24.2611,2.7189,0.4000,-0.0274
1782675455.059802,-10.0793,24.2694,2.7175,0.4000,-0.0248
1782675455.109710,-10.0977,24.2777,2.7163,0.4000,0.0212
1782675455.159754,-10.1161,24.2861,2.7174,0.4000,0.0069
1782675455.210035,-10.1344,24.2944,2.7177,0.4000,0.0213
1782675455.259774,-10.1528,24.3026,2.7188,0.4000,0.0260
1782675455.309790,-10.1711,24.3109,2.7201,0.4000,0.0434
1782675455.359718,-10.1895,24.3192,2.7223,0.4000,0.0213
1782675455.409702,-10.2080,24.3274,2.7234,0.4000,0.0101
1782675455.459913,-10.2264,24.3356,2.7239,0.4000,0.0309
1782675455.509722,-10.2449,24.3438,2.7255,0.4000,0.0322
1782675455.559703,-10.2632,24.3519,2.7271,0.4000,0.0091
1782675455.609728,-10.2817,24.3600,2.7274,0.4000,-0.2642
1782675455.659722,-10.3001,24.3681,2.7143,0.4000,0.1614
1782675455.709791,-10.3185,24.3765,2.7223,0.4000,-0.0214
1782675455.759780,-10.3369,24.3846,2.7213,0.4000,0.0171
1782675455.810543,-10.3553,24.3929,2.7221,0.4000,0.0189
1782675455.859898,-10.3737,24.4011,2.7231,0.4000,-0.0009
1782675455.909933,-10.3922,24.4093,2.7231,0.4000,-0.0346
1782675455.959893,-10.4107,24.4176,2.7214,0.4000,0.0154
1782675456.009791,-10.4291,24.4258,2.7220,0.4000,-0.2004
1782675456.060012,-10.4475,24.4340,2.7120,0.4000,-0.1379
1782675456.109860,-10.4659,24.4424,2.7051,0.4000,-0.1277
1782675456.159888,-10.4842,24.4510,2.6986,0.4000,-0.3085
1782675456.209763,-10.5024,24.4596,2.6831,0.4000,-0.2970
1782675456.259790,-10.5205,24.4685,2.6682,0.4000,-0.3285
1782675456.309802,-10.5384,24.4777,2.6517,0.4000,-0.2530
1782675456.359905,-10.5561,24.4871,2.6390,0.4000,-0.1824
1782675456.410625,-10.5738,24.4969,2.6298,0.4000,-0.1647
1782675456.459861,-10.5914,24.5067,2.6215,0.4000,-0.1449
1782675456.509886,-10.6088,24.5167,2.6142,0.4000,-0.1506
1782675456.559804,-10.6262,24.5268,2.6066,0.4000,-0.1438
1782675456.609931,-10.6436,24.5372,2.5994,0.4000,-0.0897
1782675456.659730,-10.6608,24.5475,2.5949,0.4000,-0.1056
1782675456.709662,-10.6781,24.5580,2.5896,0.4000,-0.0403
1782675456.759734,-10.6953,24.5687,2.5876,0.4000,-0.0100
1782675456.809747,-10.7124,24.5793,2.5871,0.4000,-0.0080
1782675456.859707,-10.7296,24.5899,2.5867,0.4000,0.0356
1782675456.909737,-10.7467,24.6005,2.5885,0.4000,0.0425
1782675456.959757,-10.7638,24.6110,2.5906,0.4000,-0.0379
1782675457.009828,-10.7810,24.6216,2.5887,0.4000,0.0020
1782675457.059733,-10.7982,24.6322,2.5888,0.4000,0.0446
1782675457.109709,-10.8153,24.6428,2.5910,0.4000,-0.0122
1782675457.159692,-10.8325,24.6533,2.5905,0.4000,0.0501
1782675457.209710,-10.8496,24.6639,2.5929,0.4000,0.0149
1782675457.259708,-10.8668,24.6743,2.5937,0.4000,-0.0253
1782675457.309679,-10.8840,24.6848,2.5924,0.4000,-0.0802
1782675457.359925,-10.9011,24.6953,2.5884,0.4000,0.0809
1782675457.409729,-10.9182,24.7059,2.5925,0.4000,0.0091
1782675457.459732,-10.9354,24.7164,2.5929,0.4000,-0.0010
1782675457.509962,-10.9526,24.7269,2.5929,0.4000,-0.0001
1782675457.609870,-10.9698,24.7374,2.5959,0.4000,-0.0294
1782675457.659922,-10.9872,24.7480,2.5945,0.4000,0.1372
1782675457.709906,-11.0043,24.7584,2.6013,0.4000,-0.0314
1782675457.759868,-11.0216,24.7688,2.5997,0.4000,0.0059
1782675457.809958,-11.0388,24.7792,2.6000,0.4000,0.0020
1782675457.859826,-11.0562,24.7896,2.6001,0.4000,-0.0039
1782675457.909890,-11.0734,24.8000,2.6000,0.4000,0.0471
1782675457.959849,-11.0906,24.8103,2.6023,0.4000,-0.0182
1782675458.009872,-11.1082,24.8208,2.6014,0.4000,0.0507
1782675458.059854,-11.1255,24.8312,2.6039,0.4000,-0.0232
1782675458.109949,-11.1427,24.8415,2.6028,0.4000,0.0372
1782675458.160039,-11.1600,24.8518,2.6047,0.4000,-0.0222
1782675458.210054,-11.1774,24.8621,2.6036,0.4000,-0.0549
1782675458.259798,-11.1946,24.8724,2.6008,0.4000,-0.0477
1782675458.309806,-11.2120,24.8828,2.5984,0.4000,-0.1873
1782675458.359842,-11.2289,24.8931,2.5891,0.3911,-0.2335
1782675458.409804,-11.2455,24.9033,2.5774,0.3863,-0.2243
1782675458.460083,-11.2618,24.9136,2.5661,0.3779,-0.3581
1782675458.509759,-11.2776,24.9239,2.5483,0.3748,-0.3244
1782675458.559822,-11.2932,24.9345,2.5320,0.3746,-0.2419
1782675458.609809,-11.3088,24.9453,2.5198,0.3746,-0.3570
1782675458.659780,-11.3238,24.9561,2.5019,0.3599,-0.4290
1782675458.709851,-11.3382,24.9669,2.4804,0.3589,-0.2970
1782675458.759721,-11.3525,24.9779,2.4656,0.3596,-0.2736
1782675458.809721,-11.3667,24.9893,2.4519,0.3613,-0.1623
1782675458.859817,-11.3808,25.0010,2.4438,0.3672,-0.1211
1782675458.909784,-11.3951,25.0129,2.4378,0.3717,-0.1322
1782675458.959778,-11.4097,25.0252,2.4312,0.3867,-0.1005
1782675459.009743,-11.4248,25.0381,2.4262,0.3991,-0.0936
1782675459.059818,-11.4400,25.0513,2.4215,0.4000,-0.0547
1782675459.109706,-11.4551,25.0646,2.4188,0.4000,-0.0252
1782675459.159830,-11.4701,25.0779,2.4175,0.4000,-0.0448
1782675459.209758,-11.4853,25.0912,2.4153,0.4000,-0.0539
1782675459.259715,-11.5003,25.1046,2.4126,0.4000,-0.0594
1782675459.309773,-11.5153,25.1180,2.4096,0.4000,-0.0649
1782675459.359767,-11.5303,25.1315,2.4063,0.4000,-0.1300
1782675459.409721,-11.5453,25.1450,2.3998,0.4000,-0.1006
1782675459.459746,-11.5601,25.1586,2.3946,0.4000,-0.3150
1782675459.509783,-11.5748,25.1722,2.3787,0.4000,-0.3500
1782675459.559702,-11.5894,25.1862,2.3610,0.4000,-0.3651
1782675459.609865,-11.6037,25.2004,2.3426,0.4000,-0.3414
1782675459.659880,-11.6178,25.2148,2.3254,0.4000,-0.2385
1782675459.709750,-11.6317,25.2297,2.3134,0.4000,-0.0989
1782675459.759886,-11.6454,25.2445,2.3084,0.4000,-0.0590
1782675459.809942,-11.6589,25.2594,2.3055,0.4000,0.0020
1782675459.859967,-11.6724,25.2744,2.3056,0.4000,0.0331
1782675459.909822,-11.6859,25.2893,2.3073,0.4000,0.0208
1782675459.960439,-11.6997,25.3045,2.3084,0.4000,0.0247
1782675460.010380,-11.7131,25.3192,2.3096,0.4000,0.0473
1782675460.062492,-11.7267,25.3342,2.3120,0.4000,-0.0000
1782675460.110136,-11.7404,25.3492,2.3121,0.4000,0.0582
1782675460.160125,-11.7542,25.3642,2.3150,0.4000,0.0273
1782675460.209897,-11.7686,25.3799,2.3165,0.4000,0.0424
1782675460.259938,-11.7821,25.3945,2.3185,0.4000,-0.0104
1782675460.310047,-11.7967,25.4102,2.3179,0.4000,-0.0576
1782675460.359913,-11.8103,25.4249,2.3150,0.4000,-0.0406
1782675460.410289,-11.8242,25.4400,2.3130,0.4000,-0.0008
1782675460.462863,-11.8378,25.4549,2.3131,0.4000,0.0548
1782675460.509735,-11.8521,25.4704,2.3158,0.4000,-0.0390
1782675460.559721,-11.8656,25.4851,2.3140,0.4000,0.0768
1782675460.609780,-11.8792,25.4999,2.3178,0.4000,-0.0179
1782675460.659653,-11.8929,25.5147,2.3170,0.4000,0.0876
1782675460.709723,-11.9066,25.5295,2.3213,0.4000,-0.0019
1782675460.759735,-11.9203,25.5442,2.3212,0.4000,-0.0221
1782675460.809649,-11.9340,25.5589,2.3201,0.4000,0.0151
1782675460.859650,-11.9478,25.5737,2.3209,0.4000,0.0650
1782675460.909673,-11.9615,25.5884,2.3241,0.4000,-0.0417
1782675460.959845,-11.9752,25.6031,2.3220,0.4000,0.0205
1782675461.009676,-11.9890,25.6178,2.3231,0.4000,0.0089
1782675461.059819,-12.0027,25.6325,2.3235,0.4000,0.0107
1782675461.109749,-12.0165,25.6471,2.3240,0.4000,-0.0372
1782675461.159642,-12.0302,25.6618,2.3222,0.4000,0.0421
1782675461.210416,-12.0441,25.6766,2.3243,0.4000,0.0282
1782675461.259911,-12.0578,25.6913,2.3257,0.4000,-0.0323
1782675461.309706,-12.0716,25.7059,2.3241,0.4000,0.0490
1782675461.359705,-12.0854,25.7206,2.3265,0.4000,-0.0425
1782675461.409708,-12.0992,25.7353,2.3244,0.4000,0.0367
1782675461.459724,-12.1130,25.7500,2.3262,0.4000,-0.0453
1782675461.509738,-12.1268,25.7646,2.3240,0.4000,-0.0010
1782675461.559864,-12.1405,25.7793,2.3239,0.4000,0.0149
1782675461.609716,-12.1543,25.7940,2.3247,0.4000,0.0097
1782675461.659726,-12.1681,25.8086,2.3252,0.4000,0.0169
1782675461.709677,-12.1818,25.8233,2.3260,0.4000,0.0454
1782675461.759680,-12.1956,25.8379,2.3283,0.4000,0.0390
1782675461.810118,-12.2100,25.8531,2.3303,0.4000,0.2506
1782675461.859818,-12.2235,25.8674,2.3425,0.4000,0.1947
1782675461.909749,-12.2376,25.8818,2.3523,0.4000,0.3338
1782675461.959874,-12.2518,25.8961,2.3691,0.4000,0.4260
1782675462.009745,-12.2662,25.9101,2.3904,0.4000,0.3843
1782675462.059667,-12.2809,25.9239,2.4098,0.4000,0.4245
1782675462.110309,-12.2959,25.9374,2.4311,0.4000,0.4286
1782675462.159876,-12.3112,25.9505,2.4525,0.4000,0.2686
1782675462.209830,-12.3267,25.9633,2.4659,0.4000,0.2350
1782675462.259729,-12.3425,25.9759,2.4776,0.3992,0.2381
1782675462.309724,-12.3582,25.9882,2.4894,0.3910,0.3728
1782675462.359887,-12.3736,25.9999,2.5077,0.3831,0.1763
1782675462.410587,-12.3891,26.0113,2.5165,0.3785,0.3527
1782675462.459841,-12.4044,26.0223,2.5338,0.3757,0.1536
1782675462.509836,-12.4199,26.0332,2.5414,0.3755,0.1649
1782675462.559725,-12.4356,26.0439,2.5496,0.3820,0.1233
1782675462.609668,-12.4518,26.0549,2.5558,0.3931,0.1481
1782675462.659814,-12.4685,26.0659,2.5631,0.3995,0.1014
1782675462.709892,-12.4854,26.0770,2.5682,0.4000,0.2075
1782675462.759801,-12.5022,26.0878,2.5784,0.4000,0.0749
1782675462.809976,-12.5196,26.0988,2.5822,0.4000,0.3793
1782675462.859716,-12.5363,26.1093,2.6004,0.4000,0.0876
1782675462.909652,-12.5536,26.1197,2.6048,0.4000,0.1533
1782675462.959679,-12.5709,26.1300,2.6124,0.4000,0.1172
1782675463.009876,-12.5883,26.1401,2.6182,0.4000,0.1582
1782675463.059700,-12.6057,26.1502,2.6261,0.4000,0.1076
1782675463.159710,-12.6233,26.1601,2.6315,0.4000,0.1889
1782675463.210011,-12.6408,26.1699,2.6408,0.4000,0.1576
1782675463.259690,-12.6584,26.1796,2.6487,0.3992,0.1571
1782675463.309725,-12.6759,26.1890,2.6566,0.3926,0.1652
1782675463.359769,-12.6934,26.1981,2.6648,0.3905,0.1623
1782675463.409739,-12.7109,26.2072,2.6729,0.3904,0.1420
1782675463.459715,-12.7285,26.2161,2.6800,0.3953,0.1156
1782675463.509707,-12.7465,26.2251,2.6858,0.3997,0.1781
1782675463.559662,-12.7645,26.2339,2.6947,0.4000,0.0592
1782675463.609751,-12.7826,26.2426,2.6976,0.4000,0.0169
1782675463.659714,-12.8008,26.2512,2.6985,0.4000,0.0348
1782675463.709738,-12.8190,26.2599,2.7002,0.4000,0.0366
1782675463.759958,-12.8372,26.2685,2.7021,0.4000,0.0320
1782675463.809802,-12.8554,26.2770,2.7037,0.4000,0.0848
1782675463.859781,-12.8737,26.2856,2.7080,0.4000,0.1127
1782675463.909787,-12.8919,26.2940,2.7137,0.4000,0.1302
1782675463.959767,-12.9103,26.3024,2.7203,0.4000,0.0707
1782675464.009835,-12.9287,26.3106,2.7238,0.4000,0.1392
1782675464.059860,-12.9471,26.3188,2.7309,0.4000,0.1522
1782675464.109752,-12.9655,26.3269,2.7385,0.4000,0.1681
1782675464.159716,-12.9841,26.3348,2.7469,0.4000,0.1415
1782675464.209889,-13.0027,26.3425,2.7540,0.4000,0.1869
1782675464.260054,-13.0214,26.3501,2.7635,0.4000,0.2851
1782675464.309775,-13.0401,26.3576,2.7777,0.4000,0.2994
1782675464.359756,-13.0589,26.3647,2.7928,0.4000,0.3517
1782675464.409719,-13.0778,26.3716,2.8103,0.4000,0.2162
1782675464.459729,-13.0968,26.3781,2.8211,0.4000,0.2648
1782675464.509813,-13.1160,26.3845,2.8344,0.4000,0.3302
1782675464.559822,-13.1352,26.3906,2.8509,0.4000,0.2850
1782675464.610176,-13.1545,26.3963,2.8652,0.4000,0.3120
1782675464.659921,-13.1738,26.4018,2.8808,0.4000,0.2761
1782675464.709656,-13.1933,26.4070,2.8947,0.4000,0.3280
1782675464.759674,-13.2128,26.4119,2.9111,0.4000,0.2769
1782675464.809729,-13.2323,26.4165,2.9249,0.4000,0.2470
1782675464.859655,-13.2520,26.4209,2.9374,0.4000,0.2748
1782675464.909696,-13.2717,26.4249,2.9512,0.4000,0.3194
1782675464.959681,-13.2915,26.4287,2.9672,0.4000,0.4230
1782675465.009647,-13.3113,26.4322,2.9885,0.4000,0.5056
1782675465.059675,-13.3311,26.4353,3.0139,0.4000,0.5745
1782675465.109837,-13.3511,26.4378,3.0428,0.4000,0.5990
1782675465.159715,-13.3712,26.4398,3.0730,0.4000,0.6261
1782675465.209671,-13.3912,26.4412,3.1041,0.4000,0.3736
1782675465.259752,-13.4113,26.4420,3.1229,0.4000,0.3428
1782675465.309804,-13.4315,26.4423,3.1400,0.4000,0.2592
1782675465.359777,-13.4516,26.4424,-3.1303,0.4000,0.2500
1782675465.409683,-13.4716,26.4421,-3.1179,0.4000,0.0957
1782675465.459831,-13.4918,26.4417,-3.1132,0.4000,0.1398
1782675465.509748,-13.5119,26.4411,-3.1062,0.4000,0.1103
1782675465.559835,-13.5321,26.4404,-3.1007,0.4000,0.1010
1782675465.609918,-13.5522,26.4395,-3.0956,0.4000,0.1515
1782675465.659920,-13.5723,26.4386,-3.0880,0.4000,0.2183
1782675465.709923,-13.5924,26.4375,-3.0771,0.4000,0.1809
1782675465.760039,-13.6125,26.4362,-3.0681,0.4000,0.1895
1782675465.809724,-13.6325,26.4348,-3.0586,0.4000,0.1543
1782675465.859825,-13.6526,26.4331,-3.0509,0.4000,0.1101
1782675465.909777,-13.6727,26.4313,-3.0454,0.4000,0.1277
1782675465.959794,-13.6928,26.4293,-3.0390,0.4000,0.1675
1782675466.009769,-13.7127,26.4273,-3.0307,0.4000,0.1683
1782675466.059782,-13.7327,26.4250,-3.0223,0.4000,0.1517
1782675466.109774,-13.7527,26.4226,-3.0147,0.4000,0.2136
1782675466.159799,-13.7727,26.4201,-3.0039,0.4000,0.2633
1782675466.209745,-13.7926,26.4173,-2.9907,0.4000,0.3286
1782675466.259845,-13.8126,26.4143,-2.9739,0.4000,0.5560
1782675466.309858,-13.8324,26.4109,-2.9461,0.4000,0.5821
1782675466.359780,-13.8522,26.4070,-2.9167,0.4000,0.6649
1782675466.409730,-13.8723,26.4024,-2.8824,0.4000,0.7510
1782675466.459834,-13.8912,26.3974,-2.8454,0.4000,0.9142
1782675466.509716,-13.9105,26.3915,-2.7991,0.4000,0.9941
1782675466.559717,-13.9295,26.3847,-2.7492,0.4000,1.0598
1782675466.609672,-13.9481,26.3770,-2.6959,0.4000,0.9333
1782675466.659781,-13.9662,26.3683,-2.6489,0.4000,0.8656
1782675466.710681,-13.9839,26.3588,-2.6056,0.4000,0.6481
1782675466.759808,-14.0013,26.3485,-2.5730,0.4000,0.4849
1782675466.809675,-14.0182,26.3377,-2.5486,0.4000,0.4513
1782675466.859734,-14.0349,26.3264,-2.5260,0.4000,0.3272
1782675466.909683,-14.0513,26.3148,-2.5096,0.4000,0.1651
1782675466.959835,-14.0676,26.3029,-2.5013,0.4000,0.1276
1782675467.009804,-14.0837,26.2909,-2.4949,0.4000,0.1187
1782675467.060043,-14.0997,26.2788,-2.4889,0.4000,0.0922
1782675467.109680,-14.1157,26.2666,-2.4843,0.4000,0.0995
1782675467.159680,-14.1317,26.2543,-2.4793,0.4000,0.0630
1782675467.209717,-14.1476,26.2419,-2.4762,0.4000,0.0344
1782675467.259722,-14.1635,26.2294,-2.4744,0.4000,0.0400
1782675467.309764,-14.1793,26.2169,-2.4724,0.4000,0.0436
1782675467.359981,-14.1951,26.2044,-2.4702,0.4000,0.0402
1782675467.409824,-14.2108,26.1919,-2.4682,0.4000,0.0403
1782675467.459805,-14.2266,26.1793,-2.4661,0.4000,0.0578
1782675467.509752,-14.2423,26.1668,-2.4632,0.4000,0.0744
1782675467.559842,-14.2581,26.1540,-2.4594,0.4000,0.0730
1782675467.609764,-14.2736,26.1414,-2.4557,0.4000,0.0946
1782675467.659873,-14.2892,26.1286,-2.4510,0.4000,0.0891
1782675467.709788,-14.3047,26.1158,-2.4465,0.4000,0.1112
1782675467.759761,-14.3202,26.1029,-2.4409,0.4000,0.0955
1782675467.809771,-14.3356,26.0899,-2.4360,0.4000,0.1903
1782675467.859809,-14.3509,26.0768,-2.4265,0.4000,0.2258
1782675467.909855,-14.3661,26.0637,-2.4151,0.4000,0.2451
1782675467.959734,-14.3812,26.0503,-2.4027,0.4000,0.4116
1782675468.009856,-14.3960,26.0367,-2.3818,0.4000,0.7110
1782675468.060068,-14.4106,26.0229,-2.3459,0.4000,0.8492
1782675468.109713,-14.4247,26.0085,-2.3030,0.4000,1.0078
1782675468.159889,-14.4382,25.9935,-2.2522,0.4000,1.0594
1782675468.209784,-14.4509,25.9778,-2.1988,0.4000,1.1005
1782675468.259987,-14.4627,25.9615,-2.1438,0.4000,0.6363
1782675468.309722,-14.4736,25.9447,-2.1119,0.4000,0.5770
1782675468.359968,-14.4840,25.9273,-2.0827,0.4000,0.4357
1782675468.409716,-14.4940,25.9096,-2.0606,0.4000,0.3533
1782675468.459731,-14.5033,25.8920,-2.0432,0.4000,0.2361
1782675468.509877,-14.5125,25.8741,-2.0313,0.4000,0.1305
1782675468.559675,-14.5214,25.8561,-2.0248,0.4000,0.0696
1782675468.609653,-14.5302,25.8380,-2.0213,0.4000,0.0020
1782675468.659724,-14.5390,25.8198,-2.0212,0.4000,0.0643
1782675468.709677,-14.5478,25.8018,-2.0180,0.4000,0.0109
1782675468.759669,-14.5565,25.7836,-2.0175,0.4000,-0.0323
1782675468.809832,-14.5651,25.7655,-2.0191,0.4000,-0.0171
1782675468.859735,-14.5739,25.7473,-2.0199,0.4000,-0.0288
1782675468.909825,-14.5826,25.7292,-2.0214,0.4000,0.0294
1782675468.959646,-14.5914,25.7111,-2.0199,0.4000,0.0308
1782675469.009685,-14.6001,25.6929,-2.0183,0.4000,0.0177
1782675469.060214,-14.6088,25.6748,-2.0174,0.4000,0.0136
1782675469.109947,-14.6176,25.6565,-2.0167,0.4000,0.0180
1782675469.159919,-14.6262,25.6384,-2.0158,0.4000,0.0335
1782675469.209814,-14.6349,25.6203,-2.0142,0.4000,0.0181
1782675469.259763,-14.6435,25.6020,-2.0132,0.4000,0.0209
1782675469.309759,-14.6522,25.5838,-2.0122,0.4000,0.0273
1782675469.359831,-14.6608,25.5656,-2.0108,0.4000,0.0079
1782675469.409753,-14.6694,25.5474,-2.0104,0.4000,0.0203
1782675469.459845,-14.6780,25.5290,-2.0094,0.4000,0.0062
1782675469.509858,-14.6865,25.5110,-2.0091,0.4000,0.0329
1782675469.559719,-14.6950,25.4927,-2.0074,0.4000,0.0221
1782675469.609747,-14.7035,25.4745,-2.0063,0.4000,0.0395
1782675469.659703,-14.7120,25.4562,-2.0043,0.4000,0.0029
1782675469.709781,-14.7205,25.4379,-2.0041,0.4000,0.0231
1782675469.759779,-14.7290,25.4196,-2.0030,0.4000,-0.0179
1782675469.809799,-14.7374,25.4013,-2.0038,0.4000,0.0728
1782675469.859682,-14.7459,25.3829,-2.0002,0.4000,-0.0162
1782675469.910952,-14.7542,25.3647,-2.0010,0.4000,0.0040
1782675469.959746,-14.7627,25.3464,-2.0008,0.4000,0.1102
1782675470.009692,-14.7710,25.3282,-1.9953,0.4000,0.1099
1782675470.059818,-14.7794,25.3096,-1.9897,0.4000,0.2234
1782675470.109663,-14.7875,25.2913,-1.9785,0.4000,0.2067
1782675470.159745,-14.7955,25.2729,-1.9680,0.4000,0.3473
1782675470.209714,-14.8033,25.2543,-1.9506,0.4000,0.2734
1782675470.259700,-14.8107,25.2357,-1.9369,0.4000,0.2453
1782675470.309648,-14.8179,25.2169,-1.9246,0.4000,0.2259
1782675470.359672,-14.8249,25.1980,-1.9132,0.4000,0.1963
1782675470.409643,-14.8317,25.1791,-1.9034,0.4000,0.1309
1782675470.459706,-14.8382,25.1600,-1.8968,0.4000,0.1140
1782675470.509640,-14.8447,25.1410,-1.8911,0.4000,0.0889
1782675470.559687,-14.8510,25.1218,-1.8866,0.4000,0.0902
1782675470.609641,-14.8572,25.1028,-1.8821,0.4000,0.0944
1782675470.709797,-14.8634,25.0836,-1.8773,0.4000,0.0995
1782675470.760074,-14.8695,25.0643,-1.8723,0.4000,0.0892
1782675470.809681,-14.8755,25.0452,-1.8678,0.4000,0.0933
1782675470.859661,-14.8814,25.0259,-1.8631,0.4000,0.1166
1782675470.909649,-14.8871,25.0067,-1.8572,0.4000,0.1271
1782675470.959785,-14.8928,24.9874,-1.8508,0.4000,0.1147
1782675471.009871,-14.8984,24.9680,-1.8450,0.4000,0.1277
1782675471.059733,-14.9039,24.9486,-1.8386,0.4000,0.0856
1782675471.109743,-14.9092,24.9291,-1.8343,0.4000,0.0849
1782675471.159829,-14.9144,24.9097,-1.8300,0.4000,0.1398
1782675471.209816,-14.9196,24.8902,-1.8229,0.4000,0.1569
1782675471.259798,-14.9246,24.8707,-1.8150,0.4000,0.1148
1782675471.309753,-14.9295,24.8511,-1.8092,0.4000,0.1714
1782675471.359698,-14.9343,24.8316,-1.8005,0.4000,0.1439
1782675471.409712,-14.9389,24.8118,-1.7933,0.4000,0.1034
1782675471.459737,-14.9433,24.7922,-1.7881,0.4000,0.1244
1782675471.509778,-14.9477,24.7725,-1.7818,0.4000,0.1283
1782675471.559762,-14.9519,24.7528,-1.7753,0.4000,0.1447
1782675471.609746,-14.9560,24.7331,-1.7680,0.4000,0.1138
1782675471.659772,-14.9599,24.7133,-1.7622,0.4000,0.2210
1782675471.709760,-14.9637,24.6935,-1.7512,0.4000,0.2788
1782675471.759934,-14.9673,24.6738,-1.7373,0.4000,0.2412
1782675471.809827,-14.9707,24.6539,-1.7251,0.4000,0.3224
1782675471.860372,-14.9738,24.6340,-1.7088,0.4000,0.4046
1782675471.909780,-14.9765,24.6141,-1.6885,0.4000,0.3901
1782675471.960069,-14.9789,24.5941,-1.6690,0.4000,0.3152
1782675472.009702,-14.9809,24.5740,-1.6530,0.4000,0.2777
1782675472.059783,-14.9825,24.5539,-1.6391,0.4000,0.2175
1782675472.109697,-14.9839,24.5339,-1.6282,0.4000,0.1821
1782675472.159750,-14.9850,24.5138,-1.6191,0.4000,0.1518
1782675472.209747,-14.9860,24.4937,-1.6114,0.4000,0.1230
1782675472.259664,-14.9868,24.4737,-1.6053,0.4000,0.0886
1782675472.309649,-14.9875,24.4535,-1.6008,0.4000,0.0750
1782675472.359653,-14.9881,24.4334,-1.5970,0.4000,0.0713
1782675472.409671,-14.9887,24.4133,-1.5934,0.4000,0.0908
1782675472.459727,-14.9891,24.3932,-1.5888,0.4000,0.1077
1782675472.509674,-14.9895,24.3731,-1.5834,0.4000,0.1241
1782675472.559714,-14.9897,24.3530,-1.5772,0.4000,0.1339
1782675472.609751,-14.9899,24.3324,-1.5702,0.4000,0.0582
1782675472.659719,-14.9898,24.3124,-1.5673,0.4000,0.0314
1782675472.709701,-14.9898,24.2923,-1.5657,0.4000,-0.1356
1782675472.759926,-14.9897,24.2721,-1.5726,0.4000,-0.2099
1782675472.809745,-14.9897,24.2520,-1.5830,0.4000,-0.2258
1782675472.859760,-14.9900,24.2319,-1.5944,0.4000,-0.3080
1782675472.909804,-14.9904,24.2118,-1.6098,0.4000,-0.2946
1782675472.959798,-14.9912,24.1916,-1.6246,0.4000,-0.1611
1782675473.009954,-14.9923,24.1714,-1.6327,0.4000,-0.1355
1782675473.059799,-14.9936,24.1513,-1.6396,0.4000,-0.1264
1782675473.109865,-14.9949,24.1313,-1.6459,0.4000,-0.0883
1782675473.160195,-14.9965,24.1112,-1.6504,0.4000,-0.0794
1782675473.209799,-14.9981,24.0911,-1.6544,0.4000,-0.0801
1782675473.260182,-14.9997,24.0710,-1.6584,0.4000,-0.0684
1782675473.309765,-15.0015,24.0509,-1.6618,0.4000,-0.0311
1782675473.359746,-15.0033,24.0309,-1.6634,0.4000,-0.0020
1782675473.409714,-15.0052,24.0109,-1.6634,0.4000,0.0249
1782675473.460116,-15.0071,23.9908,-1.6622,0.4000,0.0205
1782675473.509766,-15.0089,23.9708,-1.6611,0.4000,0.0295
1782675473.559772,-15.0107,23.9507,-1.6597,0.4000,-0.0107
1782675473.609829,-15.0125,23.9307,-1.6602,0.4000,0.0069
1782675473.659768,-15.0143,23.9105,-1.6599,0.4000,0.0117
1782675473.709805,-15.0161,23.8905,-1.6593,0.4000,0.0029
1782675473.759907,-15.0179,23.8704,-1.6591,0.4000,0.0029
1782675473.809762,-15.0196,23.8504,-1.6590,0.4000,0.0364
1782675473.859673,-15.0214,23.8304,-1.6571,0.4000,0.0178
1782675473.909672,-15.0232,23.8102,-1.6562,0.4000,0.0301
1782675473.959648,-15.0249,23.7902,-1.6547,0.4000,0.0096
1782675474.009650,-15.0266,23.7702,-1.6543,0.4000,0.0040
1782675474.059673,-15.0283,23.7498,-1.6541,0.4000,0.0043
1782675474.109651,-15.0299,23.7301,-1.6538,0.4000,-0.0385
1782675474.159637,-15.0316,23.7101,-1.6557,0.4000,-0.0317
1782675474.209735,-15.0333,23.6900,-1.6573,0.4000,-0.0299
1782675474.259729,-15.0350,23.6698,-1.6588,0.4000,-0.1639
1782675474.309777,-15.0368,23.6497,-1.6670,0.4000,-0.1014
1782675474.360034,-15.0387,23.6297,-1.6721,0.4000,-0.1712
1782675474.409789,-15.0408,23.6097,-1.6806,0.4000,-0.0831
1782675474.459656,-15.0430,23.5897,-1.6848,0.4000,-0.1389
1782675474.509658,-15.0453,23.5698,-1.6917,0.4000,-0.0334
1782675474.560004,-15.0478,23.5492,-1.6935,0.4000,-0.0528
1782675474.609797,-15.0502,23.5298,-1.6960,0.4000,0.0196
1782675474.660331,-15.0527,23.5098,-1.6951,0.4000,-0.0570
1782675474.709773,-15.0552,23.4898,-1.6979,0.4000,-0.0652
1782675474.759739,-15.0577,23.4699,-1.7012,0.4000,-0.0748
1782675474.809802,-15.0604,23.4498,-1.7050,0.4000,-0.0827
1782675474.859721,-15.0630,23.4300,-1.7091,0.4000,-0.0000
1782675474.909735,-15.0658,23.4100,-1.7091,0.4000,0.0110
1782675474.959777,-15.0686,23.3900,-1.7085,0.4000,0.0205
1782675475.009736,-15.0714,23.3700,-1.7075,0.4000,0.0086
1782675475.059802,-15.0741,23.3501,-1.7071,0.4000,0.0115
1782675475.109850,-15.0768,23.3302,-1.7065,0.4000,0.0335
1782675475.159774,-15.0796,23.3102,-1.7048,0.4000,0.0245
1782675475.209800,-15.0823,23.2900,-1.7035,0.4000,0.0335
1782675475.259809,-15.0849,23.2701,-1.7019,0.4000,-0.0220
1782675475.310677,-15.0876,23.2501,-1.7030,0.4000,-0.0316
1782675475.359798,-15.0902,23.2302,-1.7046,0.4000,0.0517
1782675475.409790,-15.0929,23.2102,-1.7020,0.4000,0.0236
1782675475.459736,-15.0956,23.1903,-1.7008,0.4000,0.0714
1782675475.509791,-15.0982,23.1704,-1.6972,0.4000,0.0431
1782675475.559995,-15.1007,23.1503,-1.6950,0.4000,0.0356
1782675475.609644,-15.1032,23.1304,-1.6932,0.4000,0.0217
1782675475.659634,-15.1056,23.1104,-1.6921,0.4000,0.0537
1782675475.709669,-15.1081,23.0904,-1.6895,0.4000,-0.0137
1782675475.759669,-15.1105,23.0705,-1.6901,0.4000,0.0030
1782675475.809654,-15.1129,23.0505,-1.6900,0.4000,0.0399
1782675475.859651,-15.1153,23.0305,-1.6880,0.4000,0.0059
1782675475.909678,-15.1176,23.0105,-1.6877,0.4000,0.0049
1782675475.959642,-15.1199,22.9906,-1.6874,0.4000,0.0142
1782675476.009638,-15.1223,22.9705,-1.6867,0.4000,0.0549
1782675476.059651,-15.1246,22.9506,-1.6840,0.4000,-0.0020
1782675476.109659,-15.1269,22.9305,-1.6840,0.4000,0.0499
1782675476.159757,-15.1292,22.9104,-1.6815,0.4000,0.0138
1782675476.209654,-15.1314,22.8902,-1.6808,0.4000,0.0256
1782675476.259799,-15.1336,22.8702,-1.6795,0.4000,0.0518
1782675476.309778,-15.1358,22.8501,-1.6770,0.4000,-0.0332
1782675476.359775,-15.1380,22.8301,-1.6786,0.4000,0.0489
1782675476.409799,-15.1401,22.8101,-1.6761,0.4000,0.0499
1782675476.459764,-15.1422,22.7901,-1.6736,0.4000,-0.0090
1782675476.509745,-15.1443,22.7697,-1.6741,0.4000,0.0338
1782675476.559748,-15.1464,22.7497,-1.6724,0.4000,0.0261
1782675476.609759,-15.1485,22.7296,-1.6710,0.4000,0.0564
1782675476.659691,-15.1505,22.7096,-1.6682,0.4000,0.0116
1782675476.709775,-15.1524,22.6896,-1.6676,0.4000,0.0412
1782675476.759816,-15.1544,22.6695,-1.6656,0.4000,0.0029
1782675476.809824,-15.1563,22.6495,-1.6654,0.4000,0.0222
1782675476.859701,-15.1582,22.6294,-1.6643,0.4000,0.0374
1782675476.909765,-15.1601,22.6094,-1.6624,0.4000,0.0097
1782675476.959699,-15.1619,22.5893,-1.6619,0.4000,0.0412
1782675477.009682,-15.1638,22.5692,-1.6599,0.4000,-0.0000
1782675477.059711,-15.1655,22.5491,-1.6599,0.4000,-0.0079
1782675477.109711,-15.1673,22.5290,-1.6602,0.4000,0.0376
1782675477.159734,-15.1691,22.5090,-1.6583,0.4000,0.0273
1782675477.209749,-15.1709,22.4889,-1.6569,0.4000,0.0693
1782675477.259660,-15.1726,22.4689,-1.6535,0.4000,0.0422
1782675477.309646,-15.1743,22.4488,-1.6514,0.4000,0.0118
1782675477.359709,-15.1759,22.4288,-1.6508,0.4000,0.0313
1782675477.409674,-15.1775,22.4087,-1.6492,0.4000,-0.0039
1782675477.459687,-15.1791,22.3886,-1.6494,0.4000,0.0314
1782675477.509698,-15.1807,22.3685,-1.6478,0.4000,0.0235
1782675477.559645,-15.1822,22.3485,-1.6466,0.4000,0.0471
1782675477.609684,-15.1837,22.3284,-1.6442,0.4000,0.0248
1782675477.710100,-15.1852,22.3084,-1.6430,0.4000,0.0502
1782675477.759719,-15.1867,22.2883,-1.6404,0.4000,0.0646
1782675477.809805,-15.1881,22.2682,-1.6372,0.4000,0.0584
1782675477.859710,-15.1894,22.2481,-1.6343,0.4000,0.0221
1782675477.909737,-15.1907,22.2279,-1.6331,0.4000,0.0327
1782675477.959724,-15.1919,22.2079,-1.6315,0.4000,0.0179
1782675478.009692,-15.1932,22.1878,-1.6306,0.4000,0.0101
1782675478.060103,-15.1944,22.1677,-1.6301,0.4000,0.0460
1782675478.109776,-15.1956,22.1474,-1.6278,0.4000,0.0046
1782675478.159786,-15.1967,22.1275,-1.6275,0.4000,0.0110
1782675478.209914,-15.1978,22.1074,-1.6270,0.4000,0.0071
1782675478.259799,-15.1990,22.0872,-1.6266,0.4000,0.0186
1782675478.309784,-15.2001,22.0671,-1.6257,0.4000,0.0020
1782675478.359874,-15.2012,22.0470,-1.6256,0.4000,0.0201
1782675478.409830,-15.2023,22.0269,-1.6246,0.4000,0.0216
1782675478.459758,-15.2034,22.0068,-1.6235,0.4000,0.0179
1782675478.509787,-15.2045,21.9867,-1.6226,0.4000,0.0078
1782675478.559829,-15.2055,21.9666,-1.6222,0.4000,0.0432
1782675478.609843,-15.2065,21.9465,-1.6200,0.4000,0.0481
1782675478.659847,-15.2075,21.9263,-1.6176,0.4000,0.0513
1782675478.709809,-15.2085,21.9062,-1.6150,0.4000,0.0271
1782675478.759889,-15.2094,21.8860,-1.6136,0.4000,0.0327
1782675478.809793,-15.2102,21.8658,-1.6120,0.4000,-0.0075
1782675478.859827,-15.2111,21.8458,-1.6123,0.4000,0.0469
1782675478.909760,-15.2119,21.8257,-1.6100,0.4000,0.0660
1782675478.959789,-15.2127,21.8055,-1.6067,0.4000,-0.0038
1782675479.009812,-15.2134,21.7854,-1.6068,0.4000,0.0464
1782675479.059928,-15.2141,21.7653,-1.6045,0.4000,0.0385
1782675479.109722,-15.2148,21.7450,-1.6026,0.4000,0.0303
1782675479.159743,-15.2154,21.7248,-1.6010,0.4000,0.0267
1782675479.209701,-15.2160,21.7049,-1.5997,0.4000,0.0513
1782675479.259699,-15.2166,21.6848,-1.5971,0.4000,0.0238
1782675479.309697,-15.2172,21.6646,-1.5959,0.4000,0.0245
1782675479.360136,-15.2177,21.6445,-1.5947,0.4000,0.0235
1782675479.409676,-15.2181,21.6244,-1.5935,0.4000,0.0020
1782675479.459683,-15.2186,21.6043,-1.5934,0.4000,0.0414
1782675479.509700,-15.2191,21.5842,-1.5913,0.4000,0.0435
1782675479.559707,-15.2195,21.5640,-1.5891,0.4000,0.0495
1782675479.609911,-15.2198,21.5438,-1.5866,0.4000,0.0179
1782675479.659660,-15.2202,21.5237,-1.5857,0.4000,0.0499
1782675479.709964,-15.2205,21.5036,-1.5832,0.4000,0.0375
1782675479.759667,-15.2207,21.4835,-1.5813,0.4000,0.0347
1782675479.809686,-15.2209,21.4632,-1.5795,0.4000,0.0302
1782675479.859874,-15.2211,21.4432,-1.5780,0.4000,0.0373
1782675479.909713,-15.2212,21.4229,-1.5761,0.4000,0.0142
1782675479.959836,-15.2213,21.4029,-1.5754,0.4000,0.0363
1782675480.009894,-15.2214,21.3827,-1.5736,0.4000,-0.0213
1782675480.059667,-15.2215,21.3626,-1.5746,0.4000,-0.0711
1782675480.109801,-15.2216,21.3424,-1.5781,0.4000,-0.0450
1782675480.159792,-15.2217,21.3223,-1.5803,0.4000,-0.0489
1782675480.209846,-15.2219,21.3021,-1.5828,0.4000,-0.1389
1782675480.259788,-15.2222,21.2820,-1.5896,0.4000,-0.0615
1782675480.310555,-15.2225,21.2618,-1.5928,0.4000,-0.1887
1782675480.359768,-15.2230,21.2416,-1.6021,0.4000,-0.1793
1782675480.409744,-15.2236,21.2215,-1.6112,0.4000,-0.3176
1782675480.459786,-15.2244,21.2014,-1.6270,0.4000,-0.3059
1782675480.509712,-15.2256,21.1814,-1.6423,0.4000,-0.2789
1782675480.559777,-15.2270,21.1613,-1.6563,0.4000,-0.1518
1782675480.609784,-15.2287,21.1411,-1.6640,0.4000,-0.1667
1782675480.659769,-15.2306,21.1211,-1.6723,0.4000,-0.1266
1782675480.709747,-15.2326,21.1011,-1.6786,0.4000,-0.1144
1782675480.759824,-15.2348,21.0810,-1.6843,0.4000,-0.0619
1782675480.809752,-15.2371,21.0611,-1.6874,0.4000,-0.0909
1782675480.859745,-15.2394,21.0410,-1.6920,0.4000,-0.1182
1782675480.909893,-15.2419,21.0211,-1.6979,0.4000,-0.1017
1782675480.959688,-15.2444,21.0012,-1.7030,0.4000,-0.0410
1782675481.009743,-15.2471,20.9811,-1.7051,0.4000,-0.1121
1782675481.059714,-15.2498,20.9608,-1.7108,0.4000,-0.0774
1782675481.109667,-15.2526,20.9410,-1.7147,0.4000,-0.0710
1782675481.159743,-15.2555,20.9211,-1.7183,0.4000,-0.0377
1782675481.209687,-15.2585,20.9012,-1.7202,0.4000,-0.0467
1782675481.259642,-15.2615,20.8813,-1.7225,0.4000,0.0030
1782675481.309670,-15.2645,20.8614,-1.7223,0.4000,0.0110
1782675481.359698,-15.2675,20.8415,-1.7218,0.4000,-0.0048
1782675481.409703,-15.2705,20.8216,-1.7220,0.4000,0.0373
1782675481.459732,-15.2736,20.8017,-1.7201,0.4000,0.0258
1782675481.509820,-15.2766,20.7818,-1.7188,0.4000,0.0276
1782675481.559718,-15.2795,20.7619,-1.7174,0.4000,0.0148
1782675481.609673,-15.2825,20.7419,-1.7167,0.4000,-0.0640
1782675481.659715,-15.2854,20.7221,-1.7199,0.4000,-0.0892
1782675481.709933,-15.2884,20.7022,-1.7244,0.4000,-0.1242
1782675481.759940,-15.2915,20.6823,-1.7307,0.4000,-0.2489
1782675481.809689,-15.2947,20.6625,-1.7433,0.4000,-0.4251
1782675481.859770,-15.2981,20.6426,-1.7648,0.4000,-0.5999
1782675481.909808,-15.3021,20.6228,-1.7953,0.4000,-0.7916
1782675481.959740,-15.3065,20.6032,-1.8349,0.4000,-0.8324
1782675482.009917,-15.3118,20.5839,-1.8767,0.4000,-0.8108
1782675482.059918,-15.3179,20.5645,-1.9177,0.4000,-0.5735
1782675482.109953,-15.3247,20.5457,-1.9465,0.4000,-0.6478
1782675482.159871,-15.3321,20.5270,-1.9789,0.4000,-0.3451
1782675482.209750,-15.3401,20.5084,-1.9963,0.4000,-0.2469
1782675482.259950,-15.3484,20.4901,-2.0087,0.4000,-0.1670
1782675482.309757,-15.3570,20.4718,-2.0171,0.4000,-0.1109
1782675482.359838,-15.3656,20.4537,-2.0226,0.4000,-0.0129
1782675482.409907,-15.3744,20.4356,-2.0232,0.4000,0.0058
1782675482.459775,-15.3832,20.4175,-2.0229,0.4000,0.0088
1782675482.509826,-15.3920,20.3994,-2.0224,0.4000,0.0227
1782675482.559756,-15.4008,20.3812,-2.0213,0.4000,0.0156
1782675482.609824,-15.4096,20.3632,-2.0205,0.4000,0.0030
1782675482.659807,-15.4183,20.3450,-2.0204,0.4000,0.0059
1782675482.710040,-15.4271,20.3268,-2.0201,0.4000,0.0117
1782675482.759746,-15.4358,20.3087,-2.0195,0.4000,-0.0129
1782675482.809698,-15.4446,20.2905,-2.0201,0.4000,-0.0049
1782675482.859735,-15.4533,20.2725,-2.0204,0.4000,0.0391
1782675482.909640,-15.4620,20.2543,-2.0184,0.4000,0.0554
1782675482.959747,-15.4708,20.2361,-2.0156,0.4000,0.0010
1782675483.009726,-15.4794,20.2180,-2.0156,0.4000,0.0010
1782675483.060280,-15.4881,20.1998,-2.0155,0.4000,0.0386
1782675483.109713,-15.4968,20.1815,-2.0136,0.4000,0.0084
1782675483.159693,-15.5054,20.1633,-2.0131,0.4000,0.0268
1782675483.209676,-15.5140,20.1451,-2.0118,0.4000,0.0231
1782675483.259721,-15.5226,20.1270,-2.0106,0.4000,0.0483
1782675483.309844,-15.5312,20.1086,-2.0082,0.4000,0.0137
1782675483.359705,-15.5398,20.0904,-2.0075,0.4000,0.0536
1782675483.409723,-15.5483,20.0722,-2.0048,0.4000,0.0252
1782675483.459677,-15.5567,20.0539,-2.0035,0.4000,0.0241
1782675483.509662,-15.5652,20.0357,-2.0023,0.4000,0.0160
1782675483.559720,-15.5736,20.0174,-2.0015,0.4000,0.0144
1782675483.609720,-15.5820,19.9991,-2.0007,0.4000,0.1136
1782675483.659854,-15.5904,19.9807,-1.9951,0.4000,0.0019
1782675483.709766,-15.5987,19.9624,-1.9949,0.4000,0.0375
1782675483.759732,-15.6070,19.9441,-1.9930,0.4000,0.0305
1782675483.809772,-15.6152,19.9257,-1.9915,0.4000,0.0245
1782675483.859778,-15.6235,19.9073,-1.9903,0.4000,0.0360
1782675483.909753,-15.6316,19.8889,-1.9885,0.4000,0.0040
1782675483.959767,-15.6398,19.8705,-1.9883,0.4000,0.0049
1782675484.009761,-15.6480,19.8521,-1.9880,0.4000,0.0301
1782675484.059719,-15.6562,19.8336,-1.9865,0.4000,0.0245
1782675484.109754,-15.6644,19.8149,-1.9852,0.4000,0.0251
1782675484.159856,-15.6724,19.7968,-1.9840,0.4000,0.0174
1782675484.209711,-15.6805,19.7783,-1.9831,0.4000,0.0029
1782675484.259736,-15.6885,19.7599,-1.9830,0.4000,0.0090
1782675484.309770,-15.6966,19.7414,-1.9825,0.4000,-0.0058
1782675484.359756,-15.7047,19.7230,-1.9828,0.4000,0.0099
1782675484.409748,-15.7127,19.7046,-1.9823,0.4000,0.0110
1782675484.459665,-15.7208,19.6861,-1.9818,0.4000,0.0214
1782675484.509990,-15.7289,19.6676,-1.9807,0.4000,0.0440
1782675484.559688,-15.7369,19.6492,-1.9785,0.4000,0.0097
1782675484.609677,-15.7450,19.6303,-1.9779,0.4000,0.0276
1782675484.659815,-15.7528,19.6122,-1.9766,0.4000,0.0144
1782675484.709681,-15.7608,19.5937,-1.9759,0.4000,0.0146
1782675484.759660,-15.7687,19.5752,-1.9751,0.4000,0.0586
1782675484.809678,-15.7766,19.5567,-1.9722,0.4000,0.0191
1782675484.909996,-15.7845,19.5382,-1.9712,0.4000,0.0333
1782675484.959731,-15.7923,19.5196,-1.9695,0.4000,0.0271
1782675485.009700,-15.8001,19.5011,-1.9682,0.4000,0.0000
1782675485.059688,-15.8079,19.4826,-1.9682,0.4000,0.0207
1782675485.109726,-15.8157,19.4640,-1.9671,0.4000,-0.0110
1782675485.159719,-15.8235,19.4454,-1.9677,0.4000,0.0646
1782675485.209818,-15.8313,19.4269,-1.9644,0.4000,0.0356
1782675485.259756,-15.8390,19.4082,-1.9626,0.4000,0.0340
1782675485.309667,-15.8467,19.3897,-1.9609,0.4000,0.0278
1782675485.359663,-15.8543,19.3711,-1.9595,0.4000,0.0541
1782675485.409694,-15.8619,19.3524,-1.9568,0.4000,0.0301
1782675485.459761,-15.8695,19.3338,-1.9553,0.4000,0.0249
1782675485.509704,-15.8771,19.3151,-1.9540,0.4000,0.0729
1782675485.559973,-15.8846,19.2964,-1.9504,0.4000,-0.0124
1782675485.609904,-15.8921,19.2778,-1.9510,0.4000,0.0351
1782675485.659790,-15.8996,19.2590,-1.9492,0.4000,0.0087
1782675485.709756,-15.9070,19.2403,-1.9488,0.4000,0.0010
1782675485.759830,-15.9144,19.2216,-1.9487,0.4000,0.0517
1782675485.809783,-15.9219,19.2029,-1.9461,0.4000,0.0392
1782675485.859817,-15.9292,19.1842,-1.9441,0.4000,0.0409
1782675485.909781,-15.9366,19.1654,-1.9421,0.4000,0.0498
1782675485.959739,-15.9439,19.1466,-1.9396,0.4000,0.0183
1782675486.009776,-15.9511,19.1279,-1.9386,0.4000,0.0158
1782675486.059803,-15.9584,19.1091,-1.9378,0.4000,0.0264
1782675486.109763,-15.9656,19.0903,-1.9365,0.4000,0.0495
1782675486.159791,-15.9728,19.0715,-1.9340,0.4000,0.0243
1782675486.209764,-15.9800,19.0526,-1.9328,0.4000,0.0386
1782675486.259827,-15.9871,19.0338,-1.9309,0.4000,0.0155
1782675486.309735,-15.9942,19.0150,-1.9301,0.4000,-0.0000
1782675486.359771,-16.0013,18.9959,-1.9301,0.4000,0.0291
1782675486.409754,-16.0084,18.9770,-1.9286,0.4000,0.0373
1782675486.459741,-16.0155,18.9582,-1.9267,0.4000,0.0344
1782675486.509933,-16.0225,18.9393,-1.9250,0.4000,0.0227
1782675486.559811,-16.0295,18.9204,-1.9239,0.4000,0.0000
1782675486.609680,-16.0364,18.9015,-1.9238,0.4000,0.0637
1782675486.659845,-16.0434,18.8826,-1.9206,0.4000,0.0318
1782675486.709682,-16.0503,18.8637,-1.9190,0.4000,0.0384
1782675486.759813,-16.0572,18.8447,-1.9171,0.4000,0.0493
1782675486.809693,-16.0641,18.8257,-1.9146,0.4000,0.0096
1782675486.859692,-16.0708,18.8068,-1.9141,0.4000,0.0396
1782675486.909739,-16.0777,18.7877,-1.9121,0.4000,-0.0113
1782675486.959668,-16.0843,18.7689,-1.9127,0.4000,0.0279
1782675487.009723,-16.0911,18.7499,-1.9113,0.4000,0.0305
1782675487.059693,-16.0978,18.7309,-1.9097,0.4000,0.0098
1782675487.109733,-16.1045,18.7120,-1.9092,0.4000,0.0610
1782675487.159649,-16.1112,18.6930,-1.9062,0.4000,0.0000
1782675487.209692,-16.1178,18.6740,-1.9061,0.4000,0.0730
1782675487.259674,-16.1245,18.6546,-1.9024,0.4000,0.0259
1782675487.309787,-16.1311,18.6355,-1.9011,0.4000,0.0212
1782675487.359907,-16.1377,18.6164,-1.9001,0.4000,0.0038
1782675487.409844,-16.1442,18.5974,-1.8998,0.4000,0.0185
1782675487.459796,-16.1507,18.5784,-1.8989,0.4000,0.0070
1782675487.509821,-16.1572,18.5593,-1.8986,0.4000,0.0137
1782675487.560034,-16.1637,18.5402,-1.8979,0.4000,0.0096
1782675487.609745,-16.1701,18.5211,-1.8974,0.4000,0.0340
1782675487.659873,-16.1766,18.5021,-1.8957,0.4000,0.0010
1782675487.709823,-16.1830,18.4830,-1.8956,0.4000,0.0351
1782675487.759715,-16.1895,18.4638,-1.8939,0.4000,0.0117
1782675487.809801,-16.1959,18.4447,-1.8933,0.4000,0.0087
1782675487.859752,-16.2022,18.4256,-1.8928,0.4000,0.0194
1782675487.909725,-16.2086,18.4065,-1.8918,0.4000,0.0098
1782675487.959869,-16.2150,18.3874,-1.8913,0.4000,0.0215
1782675488.009785,-16.2213,18.3683,-1.8903,0.4000,0.0314
1782675488.059991,-16.2277,18.3491,-1.8887,0.4000,0.0251
1782675488.109982,-16.2339,18.3300,-1.8874,0.4000,0.0444
1782675488.159823,-16.2402,18.3109,-1.8852,0.4000,0.0497
1782675488.209727,-16.2464,18.2918,-1.8827,0.4000,0.0314
1782675488.259825,-16.2526,18.2725,-1.8811,0.4000,0.0239
1782675488.309791,-16.2588,18.2533,-1.8799,0.4000,0.0111
1782675488.359753,-16.2649,18.2341,-1.8793,0.4000,0.0039
1782675488.409691,-16.2710,18.2149,-1.8791,0.4000,0.0207
1782675488.459708,-16.2771,18.1958,-1.8781,0.4000,0.0000
1782675488.509731,-16.2832,18.1765,-1.8781,0.4000,0.0099
1782675488.559698,-16.2894,18.1573,-1.8776,0.4000,0.0361
1782675488.609725,-16.2954,18.1382,-1.8758,0.4000,-0.0000
1782675488.660032,-16.3014,18.1190,-1.8757,0.4000,0.0539
1782675488.709694,-16.3075,18.0998,-1.8731,0.4000,-0.0270
1782675488.759655,-16.3135,18.0806,-1.8744,0.4000,-0.0157
1782675488.809704,-16.3195,18.0614,-1.8752,0.4000,0.0294
1782675488.859668,-16.3255,18.0422,-1.8737,0.4000,0.0506
1782675488.909705,-16.3315,18.0230,-1.8712,0.4000,0.0330
1782675488.959727,-16.3375,18.0037,-1.8695,0.4000,0.0237
1782675489.009671,-16.3434,17.9845,-1.8683,0.4000,0.0436
1782675489.059659,-16.3493,17.9652,-1.8661,0.4000,0.0225
1782675489.110031,-16.3552,17.9460,-1.8650,0.4000,0.0296
1782675489.159826,-16.3610,17.9267,-1.8635,0.4000,0.0300
1782675489.209873,-16.3668,17.9075,-1.8619,0.4000,0.0567
1782675489.260799,-16.3726,17.8882,-1.8591,0.4000,0.0359
1782675489.309777,-16.3783,17.8689,-1.8573,0.4000,0.0616
1782675489.359781,-16.3840,17.8495,-1.8542,0.4000,0.0146
1782675489.409768,-16.3896,17.8302,-1.8534,0.4000,0.0591
1782675489.460546,-16.3953,17.8108,-1.8505,0.4000,0.0237
1782675489.509810,-16.4008,17.7915,-1.8493,0.4000,0.0380
1782675489.559839,-16.4063,17.7722,-1.8473,0.4000,0.0570
1782675489.609779,-16.4119,17.7527,-1.8445,0.4000,0.0466
1782675489.659910,-16.4173,17.7333,-1.8421,0.4000,0.0333
1782675489.709808,-16.4227,17.7140,-1.8404,0.4000,0.0374
1782675489.759787,-16.4281,17.6945,-1.8386,0.4000,0.0317
1782675489.809724,-16.4334,17.6751,-1.8370,0.4000,0.0148
1782675489.860009,-16.4387,17.6557,-1.8362,0.4000,-0.0048
1782675489.909736,-16.4440,17.6363,-1.8365,0.4000,0.0228
1782675489.959944,-16.4493,17.6168,-1.8353,0.4000,0.0390
1782675490.009789,-16.4545,17.5974,-1.8334,0.4000,0.0259
1782675490.059709,-16.4598,17.5779,-1.8320,0.4000,0.0367
1782675490.109918,-16.4650,17.5583,-1.8302,0.4000,0.0193
1782675490.159730,-16.4701,17.5389,-1.8292,0.4000,0.0456
1782675490.209856,-16.4753,17.5195,-1.8269,0.4000,0.0336
1782675490.259706,-16.4804,17.5000,-1.8252,0.4000,0.0166
1782675490.309675,-16.4854,17.4805,-1.8244,0.4000,0.0137
1782675490.359676,-16.4905,17.4611,-1.8237,0.4000,0.0392
1782675490.409698,-16.4955,17.4416,-1.8217,0.4000,0.0227
1782675490.459910,-16.5006,17.4218,-1.8206,0.4000,0.0132
1782675490.509664,-16.5056,17.4023,-1.8199,0.4000,0.0493
1782675490.559711,-16.5105,17.3828,-1.8174,0.4000,0.0266
1782675490.609687,-16.5154,17.3633,-1.8161,0.4000,0.0228
1782675490.659672,-16.5203,17.3438,-1.8149,0.4000,0.0516
1782675490.709713,-16.5252,17.3242,-1.8123,0.4000,-0.0058
1782675490.759718,-16.5300,17.3047,-1.8126,0.4000,0.0234
1782675490.809666,-16.5348,17.2852,-1.8114,0.4000,0.0431
1782675490.860319,-16.5396,17.2655,-1.8092,0.4000,0.0077
1782675490.909686,-16.5444,17.2460,-1.8088,0.4000,0.0365
1782675490.959700,-16.5491,17.2264,-1.8070,0.4000,0.0448
1782675491.009784,-16.5538,17.2069,-1.8048,0.4000,0.0165
1782675491.059856,-16.5585,17.1873,-1.8039,0.4000,0.0120
1782675491.109815,-16.5632,17.1677,-1.8033,0.4000,0.0313
1782675491.159720,-16.5678,17.1480,-1.8017,0.4000,0.0163
1782675491.209893,-16.5724,17.1285,-1.8009,0.4000,0.0039
1782675491.259768,-16.5770,17.1088,-1.8007,0.4000,0.0359
1782675491.309733,-16.5816,17.0893,-1.7989,0.4000,-0.0247
1782675491.359927,-16.5862,17.0695,-1.8001,0.4000,0.0360
1782675491.409785,-16.5907,17.0499,-1.7983,0.4000,0.0495
1782675491.459739,-16.5953,17.0303,-1.7958,0.4000,0.0274
1782675491.509796,-16.5998,17.0107,-1.7944,0.4000,0.0340
1782675491.559741,-16.6042,16.9911,-1.7928,0.4000,-0.0079
1782675491.609734,-16.6087,16.9714,-1.7932,0.4000,-0.0096
1782675491.659761,-16.6131,16.9516,-1.7936,0.4000,0.0038
1782675491.709694,-16.6176,16.9320,-1.7935,0.4000,-0.0010
1782675491.809859,-16.6221,16.9120,-1.7934,0.4000,0.0337
1782675491.859727,-16.6265,16.8925,-1.7918,0.4000,0.0341
1782675491.909779,-16.6310,16.8728,-1.7900,0.4000,0.0137
1782675491.959875,-16.6353,16.8531,-1.7893,0.4000,0.0278
1782675492.009736,-16.6397,16.8334,-1.7879,0.4000,0.0194
1782675492.059689,-16.6441,16.8138,-1.7870,0.4000,0.0059
1782675492.109718,-16.6484,16.7941,-1.7867,0.4000,-0.0058
1782675492.159766,-16.6527,16.7744,-1.7870,0.4000,0.0489
1782675492.209705,-16.6570,16.7546,-1.7845,0.4000,0.0380
1782675492.260644,-16.6613,16.7350,-1.7826,0.4000,0.0138
1782675492.309708,-16.6655,16.7153,-1.7819,0.4000,-0.0098
1782675492.359875,-16.6697,16.6957,-1.7824,0.4000,0.0272
1782675492.409677,-16.6740,16.6760,-1.7810,0.4000,0.0422
1782675492.459687,-16.6782,16.6563,-1.7789,0.4000,0.0141
1782675492.509706,-16.6823,16.6366,-1.7782,0.4000,0.0337
1782675492.559715,-16.6865,16.6169,-1.7765,0.4000,0.0331
1782675492.609707,-16.6906,16.5972,-1.7748,0.4000,0.0268
1782675492.659681,-16.6947,16.5775,-1.7735,0.4000,0.0379
1782675492.709762,-16.6987,16.5579,-1.7716,0.4000,0.0362
1782675492.759872,-16.7027,16.5380,-1.7697,0.4000,0.0714
1782675492.809788,-16.7067,16.5183,-1.7662,0.4000,-0.0206
1782675492.859804,-16.7106,16.4986,-1.7672,0.4000,0.0138
1782675492.909775,-16.7146,16.4788,-1.7665,0.4000,0.0096
1782675492.959934,-16.7185,16.4590,-1.7660,0.4000,0.0135
1782675493.009747,-16.7224,16.4393,-1.7653,0.4000,0.0428
1782675493.059816,-16.7263,16.4196,-1.7632,0.4000,0.0029
1782675493.109820,-16.7302,16.3995,-1.7630,0.4000,0.0317
1782675493.159785,-16.7340,16.3797,-1.7614,0.4000,0.0504
1782675493.210050,-16.7379,16.3598,-1.7589,0.4000,0.0186
1782675493.259863,-16.7417,16.3398,-1.7579,0.4000,0.0312
1782675493.309822,-16.7454,16.3200,-1.7564,0.4000,0.0039
1782675493.359740,-16.7491,16.3002,-1.7561,0.4000,0.0597
1782675493.409945,-16.7528,16.2804,-1.7531,0.4000,0.0273
1782675493.459913,-16.7565,16.2606,-1.7518,0.4000,0.0299
1782675493.509801,-16.7601,16.2407,-1.7502,0.4000,0.0295
1782675493.559919,-16.7637,16.2210,-1.7488,0.4000,0.0060
1782675493.609757,-16.7673,16.2011,-1.7485,0.4000,0.0387
1782675493.661405,-16.7708,16.1814,-1.7465,0.4000,0.0265
1782675493.709688,-16.7743,16.1615,-1.7452,0.4000,0.0147
1782675493.759717,-16.7778,16.1417,-1.7445,0.4000,0.0198
1782675493.809725,-16.7813,16.1219,-1.7434,0.4000,0.0279
1782675493.859758,-16.7848,16.1021,-1.7421,0.4000,0.0079
1782675493.909809,-16.7882,16.0823,-1.7416,0.4000,0.0271
1782675493.959710,-16.7916,16.0625,-1.7403,0.4000,0.0267
1782675494.009713,-16.7950,16.0426,-1.7389,0.4000,0.0149
1782675494.059759,-16.7984,16.0227,-1.7382,0.4000,0.0116
1782675494.109670,-16.8017,16.0029,-1.7376,0.4000,0.0306
1782675494.159755,-16.8051,15.9831,-1.7361,0.4000,0.0097
1782675494.209702,-16.8084,15.9633,-1.7356,0.4000,-0.0081
1782675494.259964,-16.8117,15.9434,-1.7360,0.4000,0.0294
1782675494.309755,-16.8150,15.9236,-1.7345,0.4000,0.0039
1782675494.359883,-16.8183,15.9037,-1.7343,0.4000,0.0354
1782675494.409812,-16.8215,15.8838,-1.7325,0.4000,0.0176
1782675494.459822,-16.8248,15.8640,-1.7316,0.4000,0.0398
1782675494.509903,-16.8280,15.8440,-1.7296,0.4000,0.0359
1782675494.559777,-16.8312,15.8241,-1.7278,0.4000,0.0204
1782675494.609817,-16.8343,15.8043,-1.7268,0.4000,0.0050
1782675494.659867,-16.8375,15.7844,-1.7265,0.4000,0.0177
1782675494.709992,-16.8406,15.7645,-1.7257,0.4000,-0.0233
1782675494.759788,-16.8437,15.7446,-1.7268,0.4000,0.0181
1782675494.809836,-16.8468,15.7247,-1.7259,0.4000,-0.0896
1782675494.859843,-16.8499,15.7049,-1.7305,0.4000,-0.2302
1782675494.909783,-16.8532,15.6849,-1.7421,0.4000,-0.2453
1782675494.959800,-16.8566,15.6652,-1.7544,0.4000,-0.2987
1782675495.009820,-16.8603,15.6453,-1.7695,0.4000,-0.3148
1782675495.059892,-16.8643,15.6255,-1.7854,0.4000,-0.2873
1782675495.109982,-16.8685,15.6059,-1.7998,0.4000,-0.2735
1782675495.159765,-16.8731,15.5863,-1.8135,0.4000,-0.1575
1782675495.209895,-16.8780,15.5667,-1.8214,0.4000,-0.1171
1782675495.259764,-16.8829,15.5472,-1.8273,0.4000,-0.0780
1782675495.309966,-16.8880,15.5278,-1.8312,0.4000,-0.0588
1782675495.359842,-16.8932,15.5083,-1.8341,0.4000,-0.0244
1782675495.409667,-16.8985,15.4889,-1.8353,0.4000,0.0057
1782675495.459928,-16.9037,15.4695,-1.8351,0.4000,0.0109
1782675495.509696,-16.9090,15.4501,-1.8345,0.4000,0.0049
1782675495.559741,-16.9142,15.4307,-1.8343,0.4000,0.0059
1782675495.609772,-16.9195,15.4112,-1.8339,0.4000,0.0274
1782675495.659692,-16.9247,15.3919,-1.8326,0.4000,0.0141
1782675495.709717,-16.9299,15.3725,-1.8319,0.4000,0.0223
1782675495.759772,-16.9351,15.3529,-1.8308,0.4000,-0.0195
1782675495.810047,-16.9403,15.3335,-1.8317,0.4000,0.0312
1782675495.859722,-16.9454,15.3141,-1.8302,0.4000,0.0020
1782675495.909724,-16.9506,15.2946,-1.8301,0.4000,0.0108
1782675495.959787,-16.9558,15.2752,-1.8295,0.4000,-0.0010
1782675496.009825,-16.9610,15.2556,-1.8296,0.4000,0.0148
1782675496.060009,-16.9661,15.2362,-1.8288,0.4000,0.0177
1782675496.109847,-16.9712,15.2167,-1.8279,0.4000,0.0386
1782675496.159918,-16.9764,15.1972,-1.8259,0.4000,0.0514
1782675496.209824,-16.9814,15.1778,-1.8234,0.4000,0.0340
1782675496.259889,-16.9865,15.1582,-1.8216,0.4000,0.0350
1782675496.309802,-16.9915,15.1387,-1.8199,0.4000,0.0328
1782675496.359848,-16.9964,15.1192,-1.8182,0.4000,0.0411
1782675496.410310,-17.0014,15.0997,-1.8162,0.4000,-0.0109
1782675496.460321,-17.0062,15.0802,-1.8167,0.4000,-0.0109
1782675496.509968,-17.0112,15.0606,-1.8172,0.4000,0.0401
1782675496.559830,-17.0161,15.0411,-1.8152,0.4000,0.0259
1782675496.610005,-17.0210,15.0215,-1.8139,0.4000,0.0173
1782675496.659877,-17.0258,15.0019,-1.8131,0.4000,0.0340
1782675496.709781,-17.0306,14.9824,-1.8113,0.4000,0.0299
1782675496.759838,-17.0354,14.9628,-1.8099,0.4000,-0.0039
1782675496.809751,-17.0402,14.9433,-1.8100,0.4000,0.0150
1782675496.859815,-17.0450,14.9237,-1.8093,0.4000,0.0252
1782675496.909801,-17.0497,14.9042,-1.8080,0.4000,0.0340
1782675496.959972,-17.0545,14.8845,-1.8063,0.4000,-0.0087
1782675497.009744,-17.0592,14.8649,-1.8067,0.4000,0.0164
1782675497.059728,-17.0639,14.8454,-1.8059,0.4000,0.0365
1782675497.109698,-17.0686,14.8257,-1.8041,0.4000,0.0271
1782675497.159750,-17.0732,14.8062,-1.8027,0.4000,-0.0128
1782675497.209711,-17.0778,14.7866,-1.8033,0.4000,0.0326
1782675497.259667,-17.0825,14.7670,-1.8017,0.4000,0.0168
1782675497.309714,-17.0871,14.7474,-1.8009,0.4000,0.0335
1782675497.359749,-17.0917,14.7279,-1.7992,0.4000,0.0349
1782675497.409833,-17.0962,14.7083,-1.7974,0.4000,0.0178
1782675497.459708,-17.1008,14.6887,-1.7965,0.4000,0.0602
1782675497.509727,-17.1053,14.6691,-1.7935,0.4000,0.0216
1782675497.559671,-17.1097,14.6494,-1.7924,0.4000,0.0592
1782675497.609724,-17.1142,14.6294,-1.7894,0.4000,0.0010
1782675497.659742,-17.1186,14.6098,-1.7893,0.4000,0.0118
1782675497.709698,-17.1229,14.5902,-1.7887,0.4000,0.0162
1782675497.759703,-17.1273,14.5705,-1.7879,0.4000,0.0399
1782675497.809757,-17.1316,14.5509,-1.7859,0.4000,0.0509
1782675497.859751,-17.1359,14.5312,-1.7833,0.4000,0.0039
1782675497.909759,-17.1401,14.5115,-1.7831,0.4000,0.0169
1782675497.959877,-17.1444,14.4918,-1.7823,0.4000,0.0158
1782675498.009819,-17.1486,14.4721,-1.7815,0.4000,0.0216
1782675498.059834,-17.1528,14.4524,-1.7804,0.4000,0.0137
1782675498.109909,-17.1570,14.4328,-1.7797,0.4000,0.0303
1782675498.159820,-17.1612,14.4131,-1.7782,0.4000,0.0571
1782675498.209875,-17.1653,14.3934,-1.7753,0.4000,0.0169
1782675498.259810,-17.1694,14.3736,-1.7745,0.4000,-0.0039
1782675498.309785,-17.1735,14.3539,-1.7746,0.4000,0.0431
1782675498.359770,-17.1776,14.3341,-1.7725,0.4000,0.0143
1782675498.409752,-17.1816,14.3145,-1.7717,0.4000,0.0461
1782675498.459744,-17.1856,14.2947,-1.7694,0.4000,-0.0060
1782675498.509845,-17.1896,14.2749,-1.7697,0.4000,-0.0700
1782675498.559822,-17.1936,14.2552,-1.7732,0.4000,-0.0700
1782675498.609796,-17.1976,14.2355,-1.7767,0.4000,-0.1859
1782675498.659729,-17.2018,14.2157,-1.7863,0.4000,-0.4895
1782675498.709764,-17.2061,14.1961,-1.8110,0.4000,-0.5592
1782675498.759679,-17.2109,14.1766,-1.8392,0.4000,-0.6163
1782675498.809827,-17.2162,14.1572,-1.8700,0.4000,-0.0554
1782675498.910118,-17.2221,14.1380,-1.9049,0.4000,-0.3783
1782675498.959701,-17.2287,14.1189,-1.9239,0.4000,-0.3369
1782675499.009733,-17.2357,14.1000,-1.9407,0.4000,-0.1434
1782675499.059758,-17.2430,14.0813,-1.9479,0.4000,-0.1269
1782675499.109660,-17.2504,14.0626,-1.9543,0.4000,-0.0210
1782675499.159792,-17.2579,14.0439,-1.9553,0.4000,0.0068
1782675499.209735,-17.2655,14.0253,-1.9550,0.4000,0.0020
1782675499.259727,-17.2730,14.0066,-1.9548,0.4000,0.0156
1782675499.309890,-17.2805,13.9880,-1.9541,0.4000,0.0262
1782675499.359699,-17.2881,13.9693,-1.9527,0.4000,0.0147
1782675499.409715,-17.2956,13.9506,-1.9520,0.4000,0.0000
1782675499.459768,-17.3030,13.9320,-1.9520,0.4000,0.0110
1782675499.509808,-17.3105,13.9133,-1.9514,0.4000,0.0403
1782675499.559784,-17.3180,13.8946,-1.9494,0.4000,0.0334
1782675499.609758,-17.3254,13.8759,-1.9477,0.4000,0.0368
1782675499.659761,-17.3329,13.8572,-1.9459,0.4000,0.0377
1782675499.709834,-17.3402,13.8385,-1.9440,0.4000,0.0177
1782675499.759832,-17.3476,13.8197,-1.9431,0.4000,0.0714
1782675499.809795,-17.3549,13.8010,-1.9395,0.4000,0.0370
1782675499.860022,-17.3621,13.7822,-1.9376,0.4000,0.0568
1782675499.909890,-17.3693,13.7634,-1.9348,0.4000,0.0230
1782675499.959859,-17.3765,13.7446,-1.9336,0.4000,0.0439
1782675500.009831,-17.3837,13.7258,-1.9314,0.4000,0.0641
1782675500.059811,-17.3908,13.7069,-1.9282,0.4000,0.0170
1782675500.109911,-17.3978,13.6881,-1.9273,0.4000,0.0108
1782675500.160014,-17.4048,13.6692,-1.9267,0.4000,0.0510
1782675500.209807,-17.4119,13.6503,-1.9242,0.4000,0.0315
1782675500.259881,-17.4188,13.6314,-1.9226,0.4000,0.0273
1782675500.309803,-17.4258,13.6126,-1.9212,0.4000,0.0498
1782675500.359771,-17.4327,13.5937,-1.9187,0.4000,0.0207
1782675500.409893,-17.4395,13.5748,-1.9177,0.4000,0.0169
1782675500.459888,-17.4464,13.5558,-1.9168,0.4000,0.0457
1782675500.509703,-17.4532,13.5370,-1.9145,0.4000,0.0345
1782675500.559697,-17.4600,13.5180,-1.9128,0.4000,0.0384
1782675500.609783,-17.4667,13.4990,-1.9108,0.4000,0.0599
1782675500.659683,-17.4734,13.4801,-1.9079,0.4000,0.0110
1782675500.709713,-17.4801,13.4611,-1.9073,0.4000,0.0482
1782675500.759742,-17.4867,13.4420,-1.9048,0.4000,0.0795
1782675500.809700,-17.4933,13.4231,-1.9009,0.4000,-0.0456
1782675500.859750,-17.4998,13.4040,-1.9032,0.4000,0.0648
1782675500.909701,-17.5064,13.3850,-1.8999,0.4000,0.0569
1782675500.959744,-17.5129,13.3660,-1.8971,0.4000,0.0200
1782675501.009715,-17.5193,13.3469,-1.8960,0.4000,0.0269
1782675501.059701,-17.5258,13.3279,-1.8947,0.4000,0.0179
1782675501.109746,-17.5322,13.3087,-1.8938,0.4000,0.0153
1782675501.159694,-17.5386,13.2897,-1.8930,0.4000,0.0374
1782675501.209726,-17.5450,13.2703,-1.8911,0.4000,0.0104
1782675501.259738,-17.5514,13.2512,-1.8906,0.4000,0.0306
1782675501.309756,-17.5577,13.2321,-1.8890,0.4000,0.0211
1782675501.360120,-17.5640,13.2129,-1.8880,0.4000,0.0076
1782675501.410068,-17.5703,13.1939,-1.8876,0.4000,0.0393
1782675501.459754,-17.5765,13.1748,-1.8856,0.4000,0.0060
1782675501.509874,-17.5828,13.1556,-1.8853,0.4000,0.0544
1782675501.559875,-17.5891,13.1362,-1.8826,0.4000,0.0062
1782675501.609793,-17.5952,13.1172,-1.8823,0.4000,0.0096
1782675501.659829,-17.6014,13.0980,-1.8818,0.4000,0.0196
1782675501.709767,-17.6075,13.0788,-1.8808,0.4000,0.0223
1782675501.759808,-17.6137,13.0596,-1.8796,0.4000,0.0309
1782675501.809756,-17.6198,13.0404,-1.8781,0.4000,0.0161
1782675501.859927,-17.6259,13.0212,-1.8773,0.4000,0.0274
1782675501.909825,-17.6320,13.0020,-1.8759,0.4000,0.0386
1782675501.959780,-17.6380,12.9828,-1.8740,0.4000,0.0188
1782675502.009857,-17.6441,12.9636,-1.8730,0.4000,0.0337
1782675502.059783,-17.6501,12.9444,-1.8713,0.4000,-0.0010
1782675502.109885,-17.6560,12.9252,-1.8714,0.4000,-0.0050
1782675502.159805,-17.6620,12.9059,-1.8716,0.4000,0.0019
1782675502.209712,-17.6680,12.8866,-1.8715,0.4000,0.0176
1782675502.259941,-17.6739,12.8674,-1.8707,0.4000,-0.0078
1782675502.309724,-17.6799,12.8482,-1.8710,0.4000,0.0217
1782675502.360027,-17.6858,12.8289,-1.8699,0.4000,0.0175
1782675502.409843,-17.6918,12.8097,-1.8691,0.4000,0.0019
1782675502.459693,-17.6977,12.7905,-1.8690,0.4000,-0.0010
1782675502.509745,-17.7036,12.7711,-1.8690,0.4000,0.0199
1782675502.559681,-17.7095,12.7519,-1.8680,0.4000,0.0335
1782675502.609795,-17.7154,12.7327,-1.8663,0.4000,0.0267
1782675502.659753,-17.7213,12.7134,-1.8650,0.4000,0.0179
1782675502.709707,-17.7271,12.6942,-1.8641,0.4000,-0.0049
1782675502.759724,-17.7329,12.6749,-1.8643,0.4000,0.0157
1782675502.809731,-17.7387,12.6557,-1.8635,0.4000,0.0081
1782675502.859728,-17.7446,12.6362,-1.8631,0.4000,0.0384
1782675502.909687,-17.7504,12.6171,-1.8612,0.4000,0.0269
1782675502.959894,-17.7561,12.5978,-1.8598,0.4000,0.0354
1782675503.009702,-17.7619,12.5785,-1.8580,0.4000,0.0276
1782675503.059742,-17.7676,12.5591,-1.8566,0.4000,0.0463
1782675503.109853,-17.7733,12.5398,-1.8543,0.4000,-0.0019
1782675503.159891,-17.7789,12.5204,-1.8544,0.4000,0.0505
1782675503.209812,-17.7845,12.5011,-1.8519,0.4000,0.0226
1782675503.259850,-17.7901,12.4818,-1.8508,0.4000,0.0029
1782675503.309954,-17.7957,12.4625,-1.8506,0.4000,0.0337
1782675503.359815,-17.8012,12.4431,-1.8489,0.4000,0.0702
1782675503.409916,-17.8067,12.4238,-1.8454,0.4000,0.0010
1782675503.459854,-17.8122,12.4044,-1.8453,0.4000,0.0213
1782675503.509779,-17.8177,12.3850,-1.8442,0.4000,0.0551
1782675503.559880,-17.8231,12.3656,-1.8414,0.4000,0.0526
1782675503.609816,-17.8285,12.3462,-1.8388,0.4000,0.0195
1782675503.659830,-17.8338,12.3267,-1.8378,0.4000,0.0259
1782675503.709812,-17.8391,12.3074,-1.8365,0.4000,0.0338
1782675503.759834,-17.8444,12.2879,-1.8348,0.4000,0.0204
1782675503.809912,-17.8497,12.2685,-1.8338,0.4000,0.0296
1782675503.859764,-17.8549,12.2490,-1.8323,0.4000,0.0255
1782675503.910497,-17.8601,12.2296,-1.8310,0.4000,0.0383
1782675503.959854,-17.8653,12.2101,-1.8291,0.4000,0.0526
1782675504.009888,-17.8704,12.1906,-1.8264,0.4000,0.0222
1782675504.059708,-17.8755,12.1712,-1.8253,0.4000,0.0508
1782675504.109722,-17.8806,12.1517,-1.8227,0.4000,0.0317
1782675504.159821,-17.8856,12.1322,-1.8211,0.4000,0.0461
1782675504.209714,-17.8906,12.1127,-1.8188,0.4000,0.0412
1782675504.259743,-17.8955,12.0933,-1.8168,0.4000,0.0283
1782675504.309699,-17.9004,12.0737,-1.8153,0.4000,0.0190
1782675504.359736,-17.9053,12.0542,-1.8144,0.4000,0.0379
1782675504.409720,-17.9102,12.0346,-1.8125,0.4000,0.0106
1782675504.459739,-17.9150,12.0151,-1.8119,0.4000,0.0336
1782675504.509814,-17.9198,11.9955,-1.8102,0.4000,0.0505
1782675504.559790,-17.9246,11.9760,-1.8077,0.4000,0.0080
1782675504.609753,-17.9293,11.9564,-1.8073,0.4000,0.0188
1782675504.659742,-17.9340,11.9369,-1.8064,0.4000,-0.0885
1782675504.709700,-17.9387,11.9173,-1.8108,0.4000,-0.1220
1782675504.759810,-17.9436,11.8975,-1.8170,0.4000,-0.1245
1782675504.809715,-17.9484,11.8780,-1.8233,0.4000,-0.2336
1782675504.860020,-17.9535,11.8584,-1.8352,0.4000,-0.3162
1782675504.909795,-17.9588,11.8390,-1.8510,0.4000,-0.2700
1782675504.959855,-17.9643,11.8197,-1.8646,0.4000,-0.2410
1782675505.009781,-17.9702,11.8003,-1.8768,0.4000,-0.2223
1782675505.059753,-17.9762,11.7812,-1.8879,0.4000,-0.1592
1782675505.109869,-17.9825,11.7621,-1.8959,0.4000,-0.1272
1782675505.160031,-17.9889,11.7430,-1.9023,0.4000,-0.0889
1782675505.209731,-17.9955,11.7239,-1.9067,0.4000,-0.0752
1782675505.259802,-18.0021,11.7050,-1.9105,0.4000,-0.0607
1782675505.309810,-18.0088,11.6860,-1.9135,0.4000,0.0030
1782675505.359868,-18.0156,11.6670,-1.9133,0.4000,0.0098
1782675505.409904,-18.0224,11.6479,-1.9129,0.4000,-0.0048
1782675505.459839,-18.0292,11.6290,-1.9131,0.4000,0.0177
1782675505.509852,-18.0359,11.6100,-1.9122,0.4000,0.0000
1782675505.559777,-18.0427,11.5909,-1.9122,0.4000,0.0386
1782675505.609825,-18.0494,11.5720,-1.9103,0.4000,-0.0010
1782675505.659846,-18.0561,11.5531,-1.9103,0.4000,0.0271
1782675505.709861,-18.0628,11.5340,-1.9089,0.4000,0.0345
1782675505.759868,-18.0695,11.5151,-1.9072,0.4000,0.0416
1782675505.809752,-18.0761,11.4960,-1.9051,0.4000,0.0300
1782675505.859807,-18.0828,11.4770,-1.9036,0.4000,0.0243
1782675505.909717,-18.0893,11.4580,-1.9023,0.4000,0.0384
1782675505.959758,-18.0959,11.4389,-1.9004,0.4000,0.0107
1782675506.009664,-18.1024,11.4199,-1.8999,0.4000,0.0492
1782675506.059788,-18.1089,11.4009,-1.8974,0.4000,-0.0138
1782675506.109672,-18.1154,11.3817,-1.8981,0.4000,-0.0719
1782675506.159746,-18.1218,11.3627,-1.9017,0.4000,-0.0537
1782675506.260178,-18.1284,11.3437,-1.9044,0.4000,-0.0973
1782675506.309731,-18.1350,11.3246,-1.9093,0.4000,-0.2180
1782675506.359764,-18.1417,11.3057,-1.9202,0.4000,-0.2266
1782675506.410068,-18.1486,11.2867,-1.9316,0.4000,-0.1238
1782675506.459793,-18.1557,11.2678,-1.9378,0.4000,-0.0815
1782675506.509736,-18.1629,11.2490,-1.9419,0.4000,-0.1221
1782675506.559752,-18.1702,11.2303,-1.9481,0.4000,-0.1129
1782675506.609771,-18.1776,11.2116,-1.9538,0.4000,-0.0960
1782675506.659799,-18.1851,11.1929,-1.9586,0.4000,-0.0780
1782675506.709977,-18.1928,11.1743,-1.9625,0.4000,-0.0359
1782675506.759852,-18.2004,11.1557,-1.9643,0.4000,-0.0394
1782675506.809755,-18.2082,11.1370,-1.9663,0.4000,-0.0193
1782675506.859807,-18.2159,11.1185,-1.9672,0.4000,0.0225
1782675506.909797,-18.2237,11.0999,-1.9661,0.4000,-0.0400
1782675506.959773,-18.2315,11.0813,-1.9681,0.4000,0.0266
1782675507.009872,-18.2392,11.0627,-1.9667,0.4000,0.0364
1782675507.059848,-18.2470,11.0441,-1.9649,0.4000,0.0087
1782675507.109926,-18.2547,11.0256,-1.9644,0.4000,0.0526
1782675507.159903,-18.2625,11.0070,-1.9618,0.4000,0.0637
1782675507.209856,-18.2701,10.9883,-1.9586,0.4000,0.0331
1782675507.259919,-18.2778,10.9697,-1.9568,0.4000,0.1168
1782675507.309737,-18.2853,10.9511,-1.9511,0.4000,0.0176
1782675507.359863,-18.2928,10.9324,-1.9502,0.4000,0.0433
1782675507.409774,-18.3003,10.9135,-1.9480,0.4000,0.0136
1782675507.459847,-18.3077,10.8949,-1.9472,0.4000,0.0653
1782675507.509836,-18.3151,10.8762,-1.9440,0.4000,-0.0116
1782675507.559885,-18.3225,10.8572,-1.9446,0.4000,0.0154
1782675507.609887,-18.3299,10.8384,-1.9438,0.4000,0.0302
1782675507.659818,-18.3372,10.8197,-1.9423,0.4000,0.0242
1782675507.709760,-18.3445,10.8009,-1.9410,0.4000,0.0482
1782675507.759736,-18.3518,10.7821,-1.9386,0.4000,0.0819
1782675507.809762,-18.3591,10.7633,-1.9345,0.4000,-0.0148
1782675507.859755,-18.3662,10.7445,-1.9352,0.4000,0.0175
1782675507.909666,-18.3734,10.7258,-1.9343,0.4000,0.0573
1782675507.959730,-18.3806,10.7069,-1.9315,0.4000,0.0235
1782675508.009710,-18.3877,10.6881,-1.9303,0.4000,0.0098
1782675508.059728,-18.3947,10.6693,-1.9298,0.4000,0.0395
1782675508.109730,-18.4018,10.6504,-1.9278,0.4000,0.0246
1782675508.159761,-18.4088,10.6316,-1.9265,0.4000,0.0476
1782675508.209746,-18.4159,10.6126,-1.9241,0.4000,0.0415
1782675508.259764,-18.4228,10.5939,-1.9221,0.4000,0.0148
1782675508.309720,-18.4297,10.5749,-1.9213,0.4000,0.0176
1782675508.359728,-18.4366,10.5560,-1.9204,0.4000,0.0530
1782675508.409689,-18.4435,10.5371,-1.9178,0.4000,0.0118
1782675508.459754,-18.4504,10.5182,-1.9172,0.4000,0.0207
1782675508.509876,-18.4572,10.4993,-1.9161,0.4000,0.0584
1782675508.559798,-18.4641,10.4802,-1.9132,0.4000,0.0066
1782675508.609851,-18.4708,10.4613,-1.9128,0.4000,0.0386
1782675508.659891,-18.4776,10.4423,-1.9109,0.4000,0.0354
1782675508.709751,-18.4843,10.4233,-1.9091,0.4000,0.0185
1782675508.759821,-18.4910,10.4043,-1.9082,0.4000,0.0244
1782675508.809824,-18.4976,10.3853,-1.9070,0.4000,-0.0000
1782675508.859859,-18.5043,10.3662,-1.9070,0.4000,0.0058
1782675508.911479,-18.5109,10.3472,-1.9067,0.4000,0.0059
1782675508.959851,-18.5176,10.3282,-1.9064,0.4000,0.0175
1782675509.009752,-18.5242,10.3092,-1.9055,0.4000,0.0271
1782675509.059787,-18.5308,10.2902,-1.9041,0.4000,0.0019
1782675509.109955,-18.5374,10.2712,-1.9040,0.4000,0.0050
1782675509.159869,-18.5440,10.2521,-1.9038,0.4000,0.0389
1782675509.210064,-18.5506,10.2331,-1.9018,0.4000,0.0077
1782675509.259943,-18.5571,10.2141,-1.9014,0.4000,0.0235
1782675509.309762,-18.5637,10.1950,-1.9002,0.4000,0.0177
1782675509.359862,-18.5702,10.1758,-1.8993,0.4000,0.0183
1782675509.409831,-18.5767,10.1569,-1.8984,0.4000,0.0169
1782675509.459958,-18.5832,10.1378,-1.8976,0.4000,0.0372
1782675509.510518,-18.5896,10.1187,-1.8956,0.4000,0.0657
1782675509.559782,-18.5961,10.0996,-1.8924,0.4000,0.0159
1782675509.609756,-18.6024,10.0805,-1.8916,0.4000,0.0542
1782675509.659709,-18.6088,10.0614,-1.8888,0.4000,0.0209
1782675509.709816,-18.6151,10.0423,-1.8878,0.4000,0.0531
1782675509.759793,-18.6213,10.0232,-1.8851,0.4000,0.0416
1782675509.809665,-18.6276,10.0040,-1.8830,0.4000,0.0525
1782675509.859714,-18.6337,9.9849,-1.8804,0.4000,0.0120
1782675509.909708,-18.6399,9.9657,-1.8798,0.4000,0.0206
1782675509.959722,-18.6460,9.9466,-1.8787,0.4000,0.0309
1782675510.009716,-18.6521,9.9274,-1.8772,0.4000,0.0571
1782675510.059677,-18.6582,9.9082,-1.8743,0.4000,0.0334
1782675510.109992,-18.6642,9.8890,-1.8726,0.4000,0.0505
1782675510.159725,-18.6702,9.8697,-1.8701,0.4000,0.0261
1782675510.209792,-18.6761,9.8506,-1.8688,0.4000,0.0316
1782675510.259817,-18.6820,9.8313,-1.8672,0.4000,0.0166
1782675510.309790,-18.6879,9.8121,-1.8663,0.4000,0.0335
1782675510.359783,-18.6937,9.7928,-1.8647,0.4000,0.0198
1782675510.409890,-18.6996,9.7735,-1.8636,0.4000,0.0399
1782675510.459916,-18.7054,9.7542,-1.8617,0.4000,0.0067
1782675510.509849,-18.7112,9.7349,-1.8613,0.4000,0.0442
1782675510.559814,-18.7169,9.7156,-1.8591,0.4000,0.0411
1782675510.609883,-18.7227,9.6962,-1.8570,0.4000,0.0287
1782675510.659802,-18.7283,9.6770,-1.8555,0.4000,0.0441
1782675510.710550,-18.7340,9.6576,-1.8533,0.4000,0.0270
1782675510.759826,-18.7396,9.6384,-1.8520,0.4000,0.0249
1782675510.809758,-18.7452,9.6190,-1.8507,0.4000,0.0246
1782675510.859822,-18.7508,9.5995,-1.8494,0.4000,0.0528
1782675510.909745,-18.7563,9.5802,-1.8468,0.4000,0.0068
1782675510.959798,-18.7618,9.5609,-1.8465,0.4000,0.0117
1782675511.009790,-18.7673,9.5414,-1.8459,0.4000,0.0491
1782675511.059834,-18.7728,9.5221,-1.8434,0.4000,0.0157
1782675511.109881,-18.7782,9.5027,-1.8426,0.4000,0.0049
1782675511.159910,-18.7836,9.4833,-1.8424,0.4000,0.0373
1782675511.209747,-18.7890,9.4639,-1.8405,0.4000,0.0324
1782675511.259718,-18.7943,9.4446,-1.8389,0.4000,0.0170
1782675511.309798,-18.7997,9.4251,-1.8380,0.4000,0.0405
1782675511.359724,-18.8050,9.4057,-1.8360,0.4000,0.0059
1782675511.409699,-18.8103,9.3863,-1.8357,0.4000,0.0148
1782675511.459758,-18.8155,9.3669,-1.8349,0.4000,0.0306
1782675511.509699,-18.8208,9.3475,-1.8334,0.4000,0.0312
1782675511.559701,-18.8260,9.3280,-1.8318,0.4000,0.0593
1782675511.609711,-18.8312,9.3085,-1.8288,0.4000,0.0202
1782675511.659823,-18.8363,9.2891,-1.8278,0.4000,0.0296
1782675511.709671,-18.8414,9.2696,-1.8263,0.4000,0.0458
1782675511.759704,-18.8465,9.2502,-1.8240,0.4000,0.0244
1782675511.809874,-18.8516,9.2307,-1.8228,0.4000,0.0188
1782675511.859719,-18.8566,9.2112,-1.8218,0.4000,0.0322
1782675511.909879,-18.8616,9.1915,-1.8202,0.4000,0.0348
1782675511.959793,-18.8666,9.1721,-1.8185,0.4000,0.0301
1782675512.009830,-18.8715,9.1526,-1.8169,0.4000,0.0325
1782675512.059973,-18.8764,9.1330,-1.8153,0.4000,0.0343
1782675512.109961,-18.8813,9.1135,-1.8136,0.4000,0.0246
1782675512.159899,-18.8862,9.0939,-1.8123,0.4000,0.0114
1782675512.209817,-18.8910,9.0744,-1.8118,0.4000,0.0254
1782675512.259875,-18.8958,9.0549,-1.8105,0.4000,0.0302
1782675512.309807,-18.9005,9.0353,-1.8090,0.4000,0.0186
1782675512.359904,-18.9053,9.0157,-1.8080,0.4000,-0.0108
1782675512.409846,-18.9100,8.9961,-1.8086,0.4000,0.0355
1782675512.459842,-18.9148,8.9766,-1.8067,0.4000,0.0587
1782675512.509754,-18.9195,8.9568,-1.8038,0.4000,0.0171
1782675512.559811,-18.9241,8.9374,-1.8029,0.4000,0.0256
1782675512.609742,-18.9288,8.9178,-1.8017,0.4000,0.0068
1782675512.659808,-18.9334,8.8980,-1.8013,0.4000,0.0223
1782675512.709779,-18.9380,8.8785,-1.8002,0.4000,0.0173
1782675512.759732,-18.9426,8.8588,-1.7993,0.4000,0.0439
1782675512.809774,-18.9471,8.8392,-1.7971,0.4000,0.0029
1782675512.859763,-18.9517,8.8195,-1.7969,0.4000,0.0352
1782675512.909766,-18.9562,8.7998,-1.7952,0.4000,0.0340
1782675512.959723,-18.9607,8.7802,-1.7935,0.4000,0.0137
1782675513.009660,-18.9651,8.7606,-1.7928,0.4000,0.0364
1782675513.059686,-18.9695,8.7410,-1.7909,0.4000,0.0218
1782675513.109727,-18.9739,8.7214,-1.7898,0.4000,0.0414
1782675513.159686,-18.9783,8.7017,-1.7877,0.4000,0.0328
1782675513.209670,-18.9827,8.6821,-1.7861,0.4000,0.0270
1782675513.259737,-18.9870,8.6623,-1.7847,0.4000,0.0466
1782675513.309789,-18.9912,8.6427,-1.7824,0.4000,-0.0138
1782675513.359704,-18.9954,8.6231,-1.7831,0.4000,0.0388
1782675513.409725,-18.9997,8.6035,-1.7811,0.4000,-0.0145
1782675513.509744,-19.0039,8.5838,-1.7819,0.4000,-0.0750
1782675513.559802,-19.0081,8.5640,-1.7857,0.4000,-0.1545
1782675513.609840,-19.0124,8.5443,-1.7935,0.4000,-0.2189
1782675513.659828,-19.0169,8.5246,-1.8045,0.4000,-0.2024
1782675513.709905,-19.0215,8.5050,-1.8147,0.4000,-0.2635
1782675513.759782,-19.0264,8.4855,-1.8279,0.4000,-0.3116
1782675513.809861,-19.0315,8.4660,-1.8435,0.4000,-0.2494
1782675513.859796,-19.0370,8.4466,-1.8561,0.4000,-0.2476
1782675513.909773,-19.0427,8.4272,-1.8686,0.4000,-0.2791
1782675513.959778,-19.0486,8.4079,-1.8826,0.4000,-0.2823
1782675514.009952,-19.0547,8.3888,-1.8967,0.4000,-0.2239
1782675514.059952,-19.0612,8.3697,-1.9079,0.4000,-0.1136
1782675514.109843,-19.0678,8.3507,-1.9136,0.4000,-0.1310
1782675514.159940,-19.0746,8.3317,-1.9202,0.4000,-0.1747
1782675514.209840,-19.0816,8.3126,-1.9291,0.4000,-0.1790
1782675514.259968,-19.0887,8.2937,-1.9382,0.4000,-0.1866
1782675514.309880,-19.0959,8.2750,-1.9476,0.4000,-0.2557
1782675514.359796,-19.1033,8.2563,-1.9605,0.4000,-0.2539
1782675514.409866,-19.1110,8.2376,-1.9733,0.4000,-0.1942
1782675514.459769,-19.1188,8.2191,-1.9830,0.4000,-0.1839
1782675514.509811,-19.1269,8.2007,-1.9922,0.4000,-0.1213
1782675514.559849,-19.1351,8.1823,-1.9983,0.4000,-0.0471
1782675514.609706,-19.1435,8.1639,-2.0006,0.4000,-0.0048
1782675514.659750,-19.1519,8.1457,-2.0009,0.4000,0.0157
1782675514.709703,-19.1603,8.1274,-2.0001,0.4000,0.0029
1782675514.759676,-19.1686,8.1091,-1.9999,0.4000,0.0030
1782675514.809721,-19.1770,8.0908,-1.9997,0.4000,0.0560
1782675514.859761,-19.1853,8.0726,-1.9970,0.4000,-0.0435
1782675514.909726,-19.1937,8.0542,-1.9991,0.4000,0.0363
1782675514.959738,-19.2020,8.0359,-1.9973,0.4000,0.0350
1782675515.009809,-19.2103,8.0176,-1.9956,0.4000,-0.0061
1782675515.059680,-19.2187,7.9992,-1.9959,0.4000,-0.0155
1782675515.109736,-19.2269,7.9809,-1.9966,0.4000,0.0050
1782675515.159764,-19.2352,7.9626,-1.9964,0.4000,-0.0051
1782675515.209697,-19.2436,7.9443,-1.9966,0.4000,0.0070
1782675515.259703,-19.2519,7.9259,-1.9963,0.4000,-0.0060
1782675515.309754,-19.2602,7.9076,-1.9966,0.4000,-0.0120
1782675515.359985,-19.2685,7.8893,-1.9972,0.4000,0.0137
1782675515.409751,-19.2769,7.8708,-1.9965,0.4000,-0.0009
1782675515.459825,-19.2852,7.8526,-1.9966,0.4000,-0.0039
1782675515.509782,-19.2935,7.8343,-1.9967,0.4000,0.0224
1782675515.559839,-19.3018,7.8159,-1.9956,0.4000,0.0515
1782675515.609847,-19.3101,7.7976,-1.9930,0.4000,0.0069
1782675515.659829,-19.3183,7.7792,-1.9927,0.4000,0.0231
1782675515.709875,-19.3266,7.7609,-1.9915,0.4000,0.0149
1782675515.759778,-19.3348,7.7425,-1.9908,0.4000,0.0331
1782675515.809751,-19.3430,7.7240,-1.9891,0.4000,0.0115
1782675515.859929,-19.3512,7.7056,-1.9885,0.4000,-0.0019
1782675515.909765,-19.3594,7.6873,-1.9886,0.4000,0.0310
1782675515.959921,-19.3675,7.6689,-1.9871,0.4000,-0.0194
1782675516.009874,-19.3757,7.6505,-1.9880,0.4000,0.0363
1782675516.059781,-19.3839,7.6319,-1.9862,0.4000,0.0351
1782675516.109907,-19.3920,7.6135,-1.9844,0.4000,0.0271
1782675516.159943,-19.4003,7.5946,-1.9830,0.4000,0.0077
1782675516.209844,-19.4083,7.5762,-1.9826,0.4000,0.0237
1782675516.259842,-19.4164,7.5577,-1.9814,0.4000,0.0374
1782675516.309767,-19.4244,7.5393,-1.9796,0.4000,0.0270
1782675516.359720,-19.4325,7.5208,-1.9782,0.4000,-0.0253
1782675516.409704,-19.4404,7.5023,-1.9794,0.4000,0.0642
1782675516.459712,-19.4484,7.4838,-1.9762,0.4000,0.0178
1782675516.509719,-19.4564,7.4654,-1.9753,0.4000,0.0360
1782675516.559823,-19.4643,7.4468,-1.9735,0.4000,0.0313
1782675516.609696,-19.4722,7.4284,-1.9719,0.4000,0.0396
1782675516.659713,-19.4800,7.4099,-1.9700,0.4000,0.0334
1782675516.709747,-19.4879,7.3913,-1.9683,0.4000,0.0361
1782675516.759702,-19.4956,7.3728,-1.9665,0.4000,0.0182
1782675516.809741,-19.5034,7.3541,-1.9655,0.4000,0.0197
1782675516.859721,-19.5111,7.3356,-1.9645,0.4000,0.0403
1782675516.909686,-19.5188,7.3170,-1.9625,0.4000,0.0662
1782675516.959684,-19.5265,7.2984,-1.9592,0.4000,0.0297
1782675517.009733,-19.5341,7.2798,-1.9577,0.4000,0.0280
1782675517.059751,-19.5417,7.2611,-1.9563,0.4000,0.0079
1782675517.109903,-19.5493,7.2425,-1.9559,0.4000,0.0193
1782675517.159782,-19.5569,7.2238,-1.9549,0.4000,0.0469
1782675517.209847,-19.5644,7.2052,-1.9526,0.4000,-0.0050
1782675517.259794,-19.5719,7.1865,-1.9528,0.4000,0.0185
1782675517.309816,-19.5794,7.1679,-1.9519,0.4000,0.0319
1782675517.359880,-19.5869,7.1491,-1.9503,0.4000,0.0184
1782675517.409794,-19.5944,7.1304,-1.9493,0.4000,0.0186
1782675517.459870,-19.6018,7.1117,-1.9484,0.4000,0.0260
1782675517.509941,-19.6092,7.0930,-1.9471,0.4000,-0.0087
1782675517.559887,-19.6166,7.0743,-1.9475,0.4000,0.0205
1782675517.609841,-19.6240,7.0555,-1.9465,0.4000,-0.0000
1782675517.659819,-19.6314,7.0369,-1.9465,0.4000,0.0091
1782675517.709773,-19.6388,7.0181,-1.9461,0.4000,-0.0078
1782675517.759788,-19.6462,6.9994,-1.9464,0.4000,0.0168
1782675517.809784,-19.6536,6.9805,-1.9456,0.4000,0.0222
1782675517.859862,-19.6610,6.9619,-1.9445,0.4000,0.0272
1782675517.909823,-19.6683,6.9430,-1.9431,0.4000,0.0301
1782675517.959738,-19.6756,6.9243,-1.9416,0.4000,0.0100
1782675518.009823,-19.6830,6.9055,-1.9411,0.4000,0.0221
1782675518.059848,-19.6903,6.8867,-1.9400,0.4000,0.0029
1782675518.110006,-19.6975,6.8679,-1.9398,0.4000,0.0235
1782675518.159724,-19.7048,6.8491,-1.9386,0.4000,0.0165
1782675518.209694,-19.7120,6.8304,-1.9378,0.4000,0.0170
1782675518.259717,-19.7192,6.8116,-1.9369,0.4000,-0.0070
1782675518.309721,-19.7264,6.7928,-1.9373,0.4000,0.0178
1782675518.359786,-19.7337,6.7740,-1.9364,0.4000,0.0000
1782675518.409709,-19.7409,6.7552,-1.9364,0.4000,0.0108
1782675518.459916,-19.7480,6.7364,-1.9359,0.4000,-0.0089
1782675518.509713,-19.7552,6.7176,-1.9363,0.4000,0.0464
1782675518.559689,-19.7624,6.6988,-1.9340,0.4000,0.0176
1782675518.609701,-19.7696,6.6800,-1.9331,0.4000,0.0168
1782675518.659717,-19.7767,6.6612,-1.9323,0.4000,-0.0247
1782675518.709764,-19.7838,6.6424,-1.9334,0.4000,0.0512
1782675518.759680,-19.7910,6.6235,-1.9309,0.4000,0.0400
1782675518.809713,-19.7980,6.6047,-1.9289,0.4000,-0.0282
1782675518.859693,-19.8051,6.5859,-1.9303,0.4000,0.0247
