# .PCD v0.7 - Point Cloud Data generated from ROS occupancy grid
VERSION 0.7
FIELDS x y z intensity
SIZE 4 4 4 4
TYPE F F F F
COUNT 1 1 1 1
WIDTH 24134
HEIGHT 1
VIEWPOINT 0 0 0 1 0 0 0
POINTS 24134
DATA ascii
4.6950 25.4850 0.0000 1.0000
3.6450 25.1550 0.0000 1.0000
3.7050 25.1550 0.0000 1.0000
3.7650 25.1550 0.0000 1.0000
3.7950 25.1550 0.0000 1.0000
3.8550 25.1550 0.0000 1.0000
3.9150 25.1550 0.0000 1.0000
3.9750 25.0650 0.0000 1.0000
4.0050 25.0650 0.0000 1.0000
4.0650 25.0650 0.0000 1.0000
4.1250 25.0650 0.0000 1.0000
4.4850 25.0050 0.0000 1.0000
4.5450 25.0050 0.0000 1.0000
4.6050 25.0050 0.0000 1.0000
4.6350 25.0050 0.0000 1.0000
3.4950 23.6250 0.0000 1.0000
3.5250 23.6250 0.0000 1.0000
3.5850 23.6250 0.0000 1.0000
3.6150 23.6250 0.0000 1.0000
4.8450 23.4750 0.0000 1.0000
4.9050 23.4750 0.0000 1.0000
4.9650 23.4750 0.0000 1.0000
4.9950 23.4750 0.0000 1.0000
5.0550 23.2650 0.0000 1.0000
5.1150 23.2650 0.0000 1.0000
5.1450 23.2650 0.0000 1.0000
4.9650 23.2350 0.0000 1.0000
4.9950 23.2350 0.0000 1.0000
5.0550 23.2350 0.0000 1.0000
5.2050 23.2350 0.0000 1.0000
4.6950 23.1450 0.0000 1.0000
4.7250 23.1450 0.0000 1.0000
4.6350 23.0850 0.0000 1.0000
4.6950 23.0850 0.0000 1.0000
4.7250 23.0850 0.0000 1.0000
4.7550 23.0850 0.0000 1.0000
4.7550 23.0250 0.0000 1.0000
4.7850 22.8150 0.0000 1.0000
4.8450 22.7850 0.0000 1.0000
4.8750 22.7850 0.0000 1.0000
4.9050 22.7850 0.0000 1.0000
4.9650 22.7850 0.0000 1.0000
3.4050 22.7250 0.0000 1.0000
3.4650 22.7250 0.0000 1.0000
-4.7550 22.4250 0.0000 1.0000
-4.6950 22.3950 0.0000 1.0000
-4.6650 22.3950 0.0000 1.0000
-4.6050 22.3950 0.0000 1.0000
-6.9450 22.3050 0.0000 1.0000
-6.8850 22.3050 0.0000 1.0000
-3.4050 22.3050 0.0000 1.0000
-3.3450 22.3050 0.0000 1.0000
-3.2850 22.3050 0.0000 1.0000
-3.2550 22.3050 0.0000 1.0000
-3.1950 22.3050 0.0000 1.0000
-3.1350 22.3050 0.0000 1.0000
-3.0750 22.3050 0.0000 1.0000
-6.9750 22.2750 0.0000 1.0000
-3.0450 22.2750 0.0000 1.0000
-7.0350 22.2450 0.0000 1.0000
-6.9450 22.2150 0.0000 1.0000
-6.8850 22.2150 0.0000 1.0000
3.4650 22.2150 0.0000 1.0000
3.4950 22.2150 0.0000 1.0000
-7.0050 22.1850 0.0000 1.0000
3.3750 22.1850 0.0000 1.0000
3.4050 22.1850 0.0000 1.0000
-7.0350 22.1550 0.0000 1.0000
-8.0250 22.0350 0.0000 1.0000
-7.0050 22.0350 0.0000 1.0000
-8.0850 22.0050 0.0000 1.0000
-7.0950 22.0050 0.0000 1.0000
-7.0350 22.0050 0.0000 1.0000
-4.7550 22.0050 0.0000 1.0000
-4.5750 22.0050 0.0000 1.0000
-4.5150 22.0050 0.0000 1.0000
-8.1150 21.9750 0.0000 1.0000
-7.9950 21.9750 0.0000 1.0000
-7.0950 21.9750 0.0000 1.0000
-4.7250 21.9750 0.0000 1.0000
-4.6050 21.9750 0.0000 1.0000
-4.5750 21.9750 0.0000 1.0000
-4.5150 21.9750 0.0000 1.0000
-4.4550 21.9750 0.0000 1.0000
-4.6050 21.9450 0.0000 1.0000
-4.9050 21.9150 0.0000 1.0000
-4.8750 21.9150 0.0000 1.0000
-4.8150 21.9150 0.0000 1.0000
-4.6650 21.9150 0.0000 1.0000
4.6350 21.9150 0.0000 1.0000
-7.0950 21.8550 0.0000 1.0000
-7.1250 21.8250 0.0000 1.0000
-4.2450 21.8250 0.0000 1.0000
-4.1850 21.8250 0.0000 1.0000
-7.1250 21.7950 0.0000 1.0000
-7.0650 21.7950 0.0000 1.0000
-4.1550 21.7950 0.0000 1.0000
4.6350 21.7950 0.0000 1.0000
4.6650 21.7950 0.0000 1.0000
4.6950 21.7950 0.0000 1.0000
4.7250 21.7950 0.0000 1.0000
-4.9650 21.7350 0.0000 1.0000
-7.0650 21.7050 0.0000 1.0000
-6.9450 21.7050 0.0000 1.0000
-7.1550 21.6750 0.0000 1.0000
-7.0950 21.6750 0.0000 1.0000
-6.9750 21.6750 0.0000 1.0000
-7.2150 21.6450 0.0000 1.0000
4.7850 21.6450 0.0000 1.0000
-7.0650 21.6150 0.0000 1.0000
-7.2150 21.5850 0.0000 1.0000
-7.1250 21.5550 0.0000 1.0000
-7.2150 21.5250 0.0000 1.0000
-7.1550 21.5250 0.0000 1.0000
-7.1250 21.5250 0.0000 1.0000
-7.0950 21.5250 0.0000 1.0000
-7.2450 21.4950 0.0000 1.0000
-7.1850 21.4650 0.0000 1.0000
4.6950 21.4650 0.0000 1.0000
4.7250 21.4650 0.0000 1.0000
4.7850 21.4650 0.0000 1.0000
4.6650 21.4350 0.0000 1.0000
-7.3050 21.4050 0.0000 1.0000
-7.2450 21.4050 0.0000 1.0000
-7.1850 21.4050 0.0000 1.0000
-7.3350 21.3750 0.0000 1.0000
-7.3050 21.3750 0.0000 1.0000
-7.1850 21.3750 0.0000 1.0000
-7.1250 21.3750 0.0000 1.0000
-7.0950 21.3750 0.0000 1.0000
-4.0650 21.3750 0.0000 1.0000
4.6950 21.3750 0.0000 1.0000
4.9650 21.3750 0.0000 1.0000
4.9950 21.3750 0.0000 1.0000
5.0550 21.3750 0.0000 1.0000
-7.4250 21.3450 0.0000 1.0000
-7.3650 21.3450 0.0000 1.0000
-7.2750 21.3450 0.0000 1.0000
-7.2150 21.3450 0.0000 1.0000
-7.1850 21.3450 0.0000 1.0000
5.1150 21.3450 0.0000 1.0000
-7.4850 21.3150 0.0000 1.0000
-7.3350 21.3150 0.0000 1.0000
-7.3050 21.3150 0.0000 1.0000
-7.2750 21.3150 0.0000 1.0000
4.5150 21.3150 0.0000 1.0000
4.5450 21.3150 0.0000 1.0000
-7.4550 21.2850 0.0000 1.0000
-7.4250 21.2850 0.0000 1.0000
-7.3650 21.2850 0.0000 1.0000
-7.5150 21.2550 0.0000 1.0000
-7.3050 21.2550 0.0000 1.0000
4.6350 21.2550 0.0000 1.0000
5.0250 21.2550 0.0000 1.0000
-7.6050 21.2250 0.0000 1.0000
-7.5450 21.2250 0.0000 1.0000
-7.3350 21.2250 0.0000 1.0000
-7.6350 21.1950 0.0000 1.0000
-7.4850 21.1950 0.0000 1.0000
-7.4250 21.1950 0.0000 1.0000
-7.3950 21.1950 0.0000 1.0000
-7.3650 21.1950 0.0000 1.0000
4.3050 21.1950 0.0000 1.0000
4.3350 21.1950 0.0000 1.0000
-7.7250 21.1650 0.0000 1.0000
-7.6950 21.1650 0.0000 1.0000
-7.6350 21.1650 0.0000 1.0000
-7.5450 21.1650 0.0000 1.0000
-7.5150 21.1650 0.0000 1.0000
-7.4850 21.1650 0.0000 1.0000
-7.3950 21.1650 0.0000 1.0000
-7.3650 21.1650 0.0000 1.0000
4.3650 21.1650 0.0000 1.0000
4.3950 21.1650 0.0000 1.0000
4.4250 21.1650 0.0000 1.0000
-8.8950 21.1350 0.0000 1.0000
-7.7850 21.1350 0.0000 1.0000
-7.6050 21.1350 0.0000 1.0000
-7.4850 21.1350 0.0000 1.0000
-7.4250 21.1350 0.0000 1.0000
4.2450 21.1350 0.0000 1.0000
4.6650 21.1350 0.0000 1.0000
-7.8150 21.1050 0.0000 1.0000
-7.6650 21.1050 0.0000 1.0000
-7.6350 21.1050 0.0000 1.0000
-7.5150 21.1050 0.0000 1.0000
-7.4250 21.1050 0.0000 1.0000
-8.8050 21.0750 0.0000 1.0000
-8.7750 21.0750 0.0000 1.0000
-7.9050 21.0750 0.0000 1.0000
-7.8450 21.0750 0.0000 1.0000
-7.7850 21.0750 0.0000 1.0000
-7.6650 21.0750 0.0000 1.0000
-7.6050 21.0750 0.0000 1.0000
-7.4850 21.0750 0.0000 1.0000
4.1550 21.0750 0.0000 1.0000
4.1850 21.0750 0.0000 1.0000
4.6650 21.0750 0.0000 1.0000
-8.5650 21.0450 0.0000 1.0000
-7.9350 21.0450 0.0000 1.0000
-7.8750 21.0450 0.0000 1.0000
-7.7250 21.0450 0.0000 1.0000
-7.6950 21.0450 0.0000 1.0000
-7.6350 21.0450 0.0000 1.0000
-7.5150 21.0450 0.0000 1.0000
4.0950 21.0450 0.0000 1.0000
4.1250 21.0450 0.0000 1.0000
-8.6850 21.0150 0.0000 1.0000
-8.6550 21.0150 0.0000 1.0000
-8.5950 21.0150 0.0000 1.0000
-8.5050 21.0150 0.0000 1.0000
-7.9650 21.0150 0.0000 1.0000
-7.8750 21.0150 0.0000 1.0000
-7.8150 21.0150 0.0000 1.0000
-7.7850 21.0150 0.0000 1.0000
-7.7550 21.0150 0.0000 1.0000
-7.6950 21.0150 0.0000 1.0000
-7.5750 21.0150 0.0000 1.0000
-7.3950 21.0150 0.0000 1.0000
-8.7150 20.9850 0.0000 1.0000
-8.5950 20.9850 0.0000 1.0000
-8.5650 20.9850 0.0000 1.0000
-7.9950 20.9850 0.0000 1.0000
-7.9650 20.9850 0.0000 1.0000
-7.9350 20.9850 0.0000 1.0000
-7.8450 20.9850 0.0000 1.0000
3.9450 20.9850 0.0000 1.0000
4.0050 20.9850 0.0000 1.0000
4.0350 20.9850 0.0000 1.0000
4.7250 20.9850 0.0000 1.0000
4.7550 20.9850 0.0000 1.0000
4.7850 20.9850 0.0000 1.0000
-8.6550 20.9550 0.0000 1.0000
-8.4750 20.9550 0.0000 1.0000
-8.4450 20.9550 0.0000 1.0000
-8.4150 20.9550 0.0000 1.0000
-8.3850 20.9550 0.0000 1.0000
-8.3550 20.9550 0.0000 1.0000
-8.3250 20.9550 0.0000 1.0000
-8.2950 20.9550 0.0000 1.0000
-8.2650 20.9550 0.0000 1.0000
-8.2050 20.9550 0.0000 1.0000
-8.1450 20.9550 0.0000 1.0000
-8.0850 20.9550 0.0000 1.0000
-8.0550 20.9550 0.0000 1.0000
-7.9350 20.9550 0.0000 1.0000
-7.8750 20.9550 0.0000 1.0000
-7.8150 20.9550 0.0000 1.0000
-3.4050 20.9550 0.0000 1.0000
-3.3750 20.9550 0.0000 1.0000
-3.3450 20.9550 0.0000 1.0000
-3.2850 20.9550 0.0000 1.0000
4.6650 20.9550 0.0000 1.0000
4.7550 20.9550 0.0000 1.0000
4.8150 20.9550 0.0000 1.0000
4.8450 20.9550 0.0000 1.0000
-8.5950 20.9250 0.0000 1.0000
-8.5350 20.9250 0.0000 1.0000
-8.4750 20.9250 0.0000 1.0000
-8.4150 20.9250 0.0000 1.0000
-8.3550 20.9250 0.0000 1.0000
-8.2950 20.9250 0.0000 1.0000
-8.2650 20.9250 0.0000 1.0000
-8.2350 20.9250 0.0000 1.0000
-8.2050 20.9250 0.0000 1.0000
-8.1450 20.9250 0.0000 1.0000
-8.1150 20.9250 0.0000 1.0000
-7.9950 20.9250 0.0000 1.0000
-7.9050 20.9250 0.0000 1.0000
-7.8450 20.9250 0.0000 1.0000
-7.8150 20.9250 0.0000 1.0000
-7.6950 20.9250 0.0000 1.0000
3.8550 20.9250 0.0000 1.0000
4.6650 20.9250 0.0000 1.0000
4.7250 20.9250 0.0000 1.0000
-8.0850 20.8950 0.0000 1.0000
-8.0550 20.8950 0.0000 1.0000
-7.9950 20.8950 0.0000 1.0000
-7.8750 20.8950 0.0000 1.0000
-7.6350 20.8950 0.0000 1.0000
3.8250 20.8950 0.0000 1.0000
4.9950 20.8950 0.0000 1.0000
5.0550 20.8950 0.0000 1.0000
5.1150 20.8950 0.0000 1.0000
-8.5050 20.8650 0.0000 1.0000
-8.3250 20.8650 0.0000 1.0000
5.1450 20.8650 0.0000 1.0000
-8.4450 20.8350 0.0000 1.0000
-8.3250 20.8350 0.0000 1.0000
-8.2050 20.8350 0.0000 1.0000
-7.9350 20.8350 0.0000 1.0000
4.7550 20.8350 0.0000 1.0000
-8.0250 20.8050 0.0000 1.0000
-7.9650 20.8050 0.0000 1.0000
4.8750 20.7750 0.0000 1.0000
4.9350 20.7750 0.0000 1.0000
4.9350 20.7450 0.0000 1.0000
-8.3850 20.6850 0.0000 1.0000
-3.4350 20.6850 0.0000 1.0000
4.9950 20.6850 0.0000 1.0000
5.0850 20.6850 0.0000 1.0000
4.4250 20.5950 0.0000 1.0000
3.0750 20.5650 0.0000 1.0000
4.2450 20.5650 0.0000 1.0000
2.9250 20.5350 0.0000 1.0000
2.9850 20.5350 0.0000 1.0000
3.0450 20.5350 0.0000 1.0000
3.3150 20.5350 0.0000 1.0000
3.3750 20.5350 0.0000 1.0000
4.3050 20.5350 0.0000 1.0000
4.3950 20.5350 0.0000 1.0000
-3.7950 20.5050 0.0000 1.0000
-3.7350 20.5050 0.0000 1.0000
-3.7050 20.5050 0.0000 1.0000
-3.6450 20.5050 0.0000 1.0000
-3.2850 20.5050 0.0000 1.0000
-3.2550 20.5050 0.0000 1.0000
-2.8050 20.4150 0.0000 1.0000
-2.7750 20.4150 0.0000 1.0000
-2.7450 20.4150 0.0000 1.0000
-2.6850 20.4150 0.0000 1.0000
3.2850 20.4150 0.0000 1.0000
4.2150 20.4150 0.0000 1.0000
-3.8250 20.3850 0.0000 1.0000
3.2250 20.3850 0.0000 1.0000
4.0350 20.3850 0.0000 1.0000
4.0650 20.3850 0.0000 1.0000
4.9350 20.3550 0.0000 1.0000
4.9950 20.3550 0.0000 1.0000
5.0550 20.3550 0.0000 1.0000
3.2850 20.3250 0.0000 1.0000
3.3450 20.3250 0.0000 1.0000
3.4050 20.3250 0.0000 1.0000
3.8550 20.3250 0.0000 1.0000
3.9750 20.3250 0.0000 1.0000
4.9950 20.3250 0.0000 1.0000
5.0550 20.3250 0.0000 1.0000
5.0850 20.3250 0.0000 1.0000
5.1150 20.3250 0.0000 1.0000
-3.1050 20.2950 0.0000 1.0000
3.9150 20.2950 0.0000 1.0000
4.9950 20.2950 0.0000 1.0000
-3.0750 20.2650 0.0000 1.0000
-3.0450 20.2650 0.0000 1.0000
-2.9850 20.2650 0.0000 1.0000
5.0550 20.2650 0.0000 1.0000
5.0850 20.2650 0.0000 1.0000
3.3750 20.2350 0.0000 1.0000
3.4050 20.2350 0.0000 1.0000
5.0850 20.2350 0.0000 1.0000
3.4650 20.2050 0.0000 1.0000
3.4950 20.2050 0.0000 1.0000
3.5250 20.2050 0.0000 1.0000
5.1150 20.2050 0.0000 1.0000
5.1450 20.2050 0.0000 1.0000
-3.7950 20.1750 0.0000 1.0000
-3.7650 20.1750 0.0000 1.0000
-3.7350 20.1750 0.0000 1.0000
-3.6750 20.1750 0.0000 1.0000
-2.8650 20.1750 0.0000 1.0000
-2.8050 20.1750 0.0000 1.0000
-2.7750 20.1750 0.0000 1.0000
5.1750 20.1750 0.0000 1.0000
-3.8550 20.1450 0.0000 1.0000
-3.3750 20.1450 0.0000 1.0000
-2.7450 20.1450 0.0000 1.0000
-2.6850 20.1450 0.0000 1.0000
-2.6550 20.1450 0.0000 1.0000
-2.6250 20.1450 0.0000 1.0000
3.5250 20.0850 0.0000 1.0000
-4.1250 20.0550 0.0000 1.0000
-4.0650 20.0550 0.0000 1.0000
-4.0350 20.0550 0.0000 1.0000
-4.2450 20.0250 0.0000 1.0000
-4.2150 20.0250 0.0000 1.0000
-4.1850 20.0250 0.0000 1.0000
-4.1550 20.0250 0.0000 1.0000
-4.1250 20.0250 0.0000 1.0000
-4.0950 20.0250 0.0000 1.0000
-3.9150 20.0250 0.0000 1.0000
-3.8250 20.0250 0.0000 1.0000
-3.7950 20.0250 0.0000 1.0000
-3.7350 20.0250 0.0000 1.0000
-3.2550 20.0250 0.0000 1.0000
-3.2250 20.0250 0.0000 1.0000
-3.1950 20.0250 0.0000 1.0000
-4.0350 19.9950 0.0000 1.0000
-4.0050 19.9950 0.0000 1.0000
-3.9750 19.9950 0.0000 1.0000
-3.9450 19.9950 0.0000 1.0000
-3.8550 19.9950 0.0000 1.0000
-4.0650 19.9650 0.0000 1.0000
3.2250 19.9350 0.0000 1.0000
3.2250 19.8150 0.0000 1.0000
3.2550 19.8150 0.0000 1.0000
2.9550 19.7850 0.0000 1.0000
2.9850 19.7850 0.0000 1.0000
3.1950 19.7550 0.0000 1.0000
-2.6550 19.7250 0.0000 1.0000
-2.6250 19.7250 0.0000 1.0000
-2.5950 19.7250 0.0000 1.0000
3.0150 19.7250 0.0000 1.0000
3.1350 19.7250 0.0000 1.0000
3.1650 19.7250 0.0000 1.0000
3.0450 19.6950 0.0000 1.0000
3.1650 19.6950 0.0000 1.0000
-2.5350 19.6650 0.0000 1.0000
-2.5050 19.6650 0.0000 1.0000
-2.4750 19.6650 0.0000 1.0000
3.0150 19.6650 0.0000 1.0000
3.0450 19.6650 0.0000 1.0000
3.0750 19.6650 0.0000 1.0000
3.1050 19.6650 0.0000 1.0000
3.1350 19.6650 0.0000 1.0000
3.1650 19.6650 0.0000 1.0000
-6.6750 19.6350 0.0000 1.0000
-6.6450 19.6350 0.0000 1.0000
-6.6150 19.6350 0.0000 1.0000
-3.1650 19.6350 0.0000 1.0000
-3.1350 19.6350 0.0000 1.0000
-2.4150 19.6350 0.0000 1.0000
-2.3850 19.6350 0.0000 1.0000
-2.3550 19.6350 0.0000 1.0000
-2.3250 19.6350 0.0000 1.0000
-2.2950 19.6350 0.0000 1.0000
-2.2650 19.6350 0.0000 1.0000
-2.2350 19.6350 0.0000 1.0000
3.0750 19.6350 0.0000 1.0000
4.9050 19.6350 0.0000 1.0000
4.9350 19.6350 0.0000 1.0000
-6.7350 19.6050 0.0000 1.0000
-6.6750 19.6050 0.0000 1.0000
-4.4550 19.6050 0.0000 1.0000
-4.4250 19.6050 0.0000 1.0000
-1.9950 19.6050 0.0000 1.0000
-1.9650 19.6050 0.0000 1.0000
-1.9350 19.6050 0.0000 1.0000
4.9650 19.6050 0.0000 1.0000
5.0250 19.6050 0.0000 1.0000
-6.7050 19.5750 0.0000 1.0000
-4.3950 19.5750 0.0000 1.0000
-4.3350 19.5750 0.0000 1.0000
-2.9550 19.5750 0.0000 1.0000
-2.9250 19.5750 0.0000 1.0000
-2.8950 19.5750 0.0000 1.0000
-2.8650 19.5750 0.0000 1.0000
-1.9050 19.5750 0.0000 1.0000
2.9250 19.5750 0.0000 1.0000
2.9550 19.5750 0.0000 1.0000
2.9850 19.5750 0.0000 1.0000
3.0150 19.5750 0.0000 1.0000
-3.5250 19.5450 0.0000 1.0000
-3.4950 19.5450 0.0000 1.0000
-3.4350 19.5450 0.0000 1.0000
-3.2550 19.5450 0.0000 1.0000
-3.0750 19.5450 0.0000 1.0000
-3.0150 19.5450 0.0000 1.0000
-2.9850 19.5450 0.0000 1.0000
-2.7150 19.5450 0.0000 1.0000
-2.5950 19.5450 0.0000 1.0000
-2.4450 19.5450 0.0000 1.0000
-2.4150 19.5450 0.0000 1.0000
2.8950 19.5450 0.0000 1.0000
2.9250 19.5450 0.0000 1.0000
2.9550 19.5450 0.0000 1.0000
2.9850 19.5450 0.0000 1.0000
3.0150 19.5450 0.0000 1.0000
3.1350 19.5450 0.0000 1.0000
-3.0750 19.5150 0.0000 1.0000
-2.6550 19.5150 0.0000 1.0000
-2.6250 19.5150 0.0000 1.0000
-2.3850 19.5150 0.0000 1.0000
2.8650 19.5150 0.0000 1.0000
2.8950 19.5150 0.0000 1.0000
2.9550 19.5150 0.0000 1.0000
2.9850 19.5150 0.0000 1.0000
3.0450 19.5150 0.0000 1.0000
3.0750 19.5150 0.0000 1.0000
3.1350 19.5150 0.0000 1.0000
3.1650 19.5150 0.0000 1.0000
-3.1650 19.4850 0.0000 1.0000
-3.1350 19.4850 0.0000 1.0000
2.8950 19.4850 0.0000 1.0000
2.9250 19.4850 0.0000 1.0000
2.9850 19.4850 0.0000 1.0000
3.0450 19.4850 0.0000 1.0000
-4.1850 19.4550 0.0000 1.0000
-4.1550 19.4550 0.0000 1.0000
-3.5550 19.4550 0.0000 1.0000
-3.4950 19.4550 0.0000 1.0000
2.8650 19.4550 0.0000 1.0000
-4.3350 19.4250 0.0000 1.0000
-4.3050 19.4250 0.0000 1.0000
-4.2450 19.4250 0.0000 1.0000
-4.2150 19.4250 0.0000 1.0000
-4.1250 19.4250 0.0000 1.0000
-3.5850 19.4250 0.0000 1.0000
-3.4350 19.4250 0.0000 1.0000
-2.5950 19.4250 0.0000 1.0000
2.8650 19.4250 0.0000 1.0000
2.8950 19.4250 0.0000 1.0000
3.1050 19.4250 0.0000 1.0000
-4.2750 19.3950 0.0000 1.0000
-4.2450 19.3950 0.0000 1.0000
-4.2150 19.3950 0.0000 1.0000
-4.1850 19.3950 0.0000 1.0000
-4.1550 19.3950 0.0000 1.0000
-3.9750 19.3950 0.0000 1.0000
-3.9150 19.3950 0.0000 1.0000
-3.8850 19.3950 0.0000 1.0000
-3.7650 19.3950 0.0000 1.0000
-3.6750 19.3950 0.0000 1.0000
-3.6450 19.3950 0.0000 1.0000
-3.1050 19.3950 0.0000 1.0000
-3.0750 19.3950 0.0000 1.0000
-3.0450 19.3950 0.0000 1.0000
-3.0150 19.3950 0.0000 1.0000
3.0450 19.3950 0.0000 1.0000
3.0750 19.3950 0.0000 1.0000
3.1350 19.3950 0.0000 1.0000
-10.3650 19.3650 0.0000 1.0000
-10.3350 19.3650 0.0000 1.0000
-10.2750 19.3650 0.0000 1.0000
-10.2150 19.3650 0.0000 1.0000
-4.3050 19.3650 0.0000 1.0000
-4.2750 19.3650 0.0000 1.0000
-4.2450 19.3650 0.0000 1.0000
-3.5850 19.3650 0.0000 1.0000
-2.8950 19.3650 0.0000 1.0000
-2.8650 19.3650 0.0000 1.0000
2.8650 19.3650 0.0000 1.0000
-4.3050 19.3350 0.0000 1.0000
-4.2450 19.3350 0.0000 1.0000
2.8650 19.3350 0.0000 1.0000
-4.3650 19.3050 0.0000 1.0000
-4.3350 19.3050 0.0000 1.0000
-2.5650 19.3050 0.0000 1.0000
-2.5350 19.3050 0.0000 1.0000
-2.4150 19.3050 0.0000 1.0000
-2.3850 19.3050 0.0000 1.0000
-4.3350 19.2750 0.0000 1.0000
-4.0650 19.2750 0.0000 1.0000
-2.5050 19.2750 0.0000 1.0000
-2.4750 19.2750 0.0000 1.0000
2.8650 19.2750 0.0000 1.0000
-4.0050 19.2450 0.0000 1.0000
-3.9750 19.2450 0.0000 1.0000
-3.9450 19.2450 0.0000 1.0000
-3.9150 19.2450 0.0000 1.0000
4.9050 19.2450 0.0000 1.0000
4.9350 19.2450 0.0000 1.0000
-3.9450 19.2150 0.0000 1.0000
2.8650 19.2150 0.0000 1.0000
-6.0750 19.1850 0.0000 1.0000
2.7750 19.1550 0.0000 1.0000
2.8050 19.1550 0.0000 1.0000
2.8350 19.1550 0.0000 1.0000
2.8650 19.1550 0.0000 1.0000
4.8150 19.1550 0.0000 1.0000
-4.0950 19.1250 0.0000 1.0000
2.7450 19.1250 0.0000 1.0000
2.7750 19.1250 0.0000 1.0000
2.8050 19.1250 0.0000 1.0000
4.7850 19.1250 0.0000 1.0000
4.8750 19.1250 0.0000 1.0000
-3.9450 19.0950 0.0000 1.0000
-0.7650 19.0950 0.0000 1.0000
-0.7350 19.0950 0.0000 1.0000
-0.7050 19.0950 0.0000 1.0000
-0.5250 19.0950 0.0000 1.0000
-0.4350 19.0950 0.0000 1.0000
-0.4050 19.0950 0.0000 1.0000
-0.2250 19.0950 0.0000 1.0000
-0.1950 19.0950 0.0000 1.0000
-0.1650 19.0950 0.0000 1.0000
-0.1350 19.0950 0.0000 1.0000
2.7750 19.0950 0.0000 1.0000
4.9050 19.0950 0.0000 1.0000
4.9350 19.0950 0.0000 1.0000
-0.7950 19.0650 0.0000 1.0000
-0.4950 19.0650 0.0000 1.0000
-0.4650 19.0650 0.0000 1.0000
-0.2550 19.0650 0.0000 1.0000
-0.0750 19.0650 0.0000 1.0000
-0.0450 19.0650 0.0000 1.0000
2.2050 19.0650 0.0000 1.0000
2.2350 19.0650 0.0000 1.0000
2.2650 19.0650 0.0000 1.0000
2.3250 19.0650 0.0000 1.0000
2.3550 19.0650 0.0000 1.0000
2.7450 19.0650 0.0000 1.0000
4.9650 19.0650 0.0000 1.0000
-2.1450 19.0350 0.0000 1.0000
-1.4550 19.0350 0.0000 1.0000
-1.3950 19.0350 0.0000 1.0000
-0.9750 19.0350 0.0000 1.0000
-0.9450 19.0350 0.0000 1.0000
-0.9150 19.0350 0.0000 1.0000
-0.8550 19.0350 0.0000 1.0000
-0.8250 19.0350 0.0000 1.0000
-0.7950 19.0350 0.0000 1.0000
-0.1350 19.0350 0.0000 1.0000
2.1750 19.0350 0.0000 1.0000
2.2950 19.0350 0.0000 1.0000
2.3850 19.0350 0.0000 1.0000
2.4150 19.0350 0.0000 1.0000
2.4450 19.0350 0.0000 1.0000
2.4750 19.0350 0.0000 1.0000
2.5350 19.0350 0.0000 1.0000
2.7450 19.0350 0.0000 1.0000
2.8650 19.0350 0.0000 1.0000
4.9950 19.0350 0.0000 1.0000
-4.3650 19.0050 0.0000 1.0000
-4.3350 19.0050 0.0000 1.0000
-2.1750 19.0050 0.0000 1.0000
-1.5450 19.0050 0.0000 1.0000
-1.4850 19.0050 0.0000 1.0000
-1.0050 19.0050 0.0000 1.0000
-0.9150 19.0050 0.0000 1.0000
-0.8850 19.0050 0.0000 1.0000
-0.5550 19.0050 0.0000 1.0000
-0.2850 19.0050 0.0000 1.0000
-0.2550 19.0050 0.0000 1.0000
-0.2250 19.0050 0.0000 1.0000
-0.1350 19.0050 0.0000 1.0000
-0.1050 19.0050 0.0000 1.0000
-0.0150 19.0050 0.0000 1.0000
0.0150 19.0050 0.0000 1.0000
0.2850 19.0050 0.0000 1.0000
1.0350 19.0050 0.0000 1.0000
1.2450 19.0050 0.0000 1.0000
1.9050 19.0050 0.0000 1.0000
1.9350 19.0050 0.0000 1.0000
1.9650 19.0050 0.0000 1.0000
2.2050 19.0050 0.0000 1.0000
2.3550 19.0050 0.0000 1.0000
2.3850 19.0050 0.0000 1.0000
2.4750 19.0050 0.0000 1.0000
2.5650 19.0050 0.0000 1.0000
2.8950 19.0050 0.0000 1.0000
5.0250 19.0050 0.0000 1.0000
5.0550 19.0050 0.0000 1.0000
5.0850 19.0050 0.0000 1.0000
5.1150 19.0050 0.0000 1.0000
5.1750 19.0050 0.0000 1.0000
-2.5050 18.9750 0.0000 1.0000
-2.1750 18.9750 0.0000 1.0000
-1.6050 18.9750 0.0000 1.0000
-1.1250 18.9750 0.0000 1.0000
-0.9450 18.9750 0.0000 1.0000
-0.4950 18.9750 0.0000 1.0000
-0.4650 18.9750 0.0000 1.0000
-0.4350 18.9750 0.0000 1.0000
-0.4050 18.9750 0.0000 1.0000
-0.3450 18.9750 0.0000 1.0000
-0.3150 18.9750 0.0000 1.0000
-0.2850 18.9750 0.0000 1.0000
-0.2250 18.9750 0.0000 1.0000
-0.1950 18.9750 0.0000 1.0000
-0.1650 18.9750 0.0000 1.0000
-0.1350 18.9750 0.0000 1.0000
0.0750 18.9750 0.0000 1.0000
1.0050 18.9750 0.0000 1.0000
1.8750 18.9750 0.0000 1.0000
2.1450 18.9750 0.0000 1.0000
2.1750 18.9750 0.0000 1.0000
2.2050 18.9750 0.0000 1.0000
2.2350 18.9750 0.0000 1.0000
2.2650 18.9750 0.0000 1.0000
2.2950 18.9750 0.0000 1.0000
2.3250 18.9750 0.0000 1.0000
2.3850 18.9750 0.0000 1.0000
2.4150 18.9750 0.0000 1.0000
2.5950 18.9750 0.0000 1.0000
2.7150 18.9750 0.0000 1.0000
2.7450 18.9750 0.0000 1.0000
2.7750 18.9750 0.0000 1.0000
2.8350 18.9750 0.0000 1.0000
4.9650 18.9750 0.0000 1.0000
4.9950 18.9750 0.0000 1.0000
5.0250 18.9750 0.0000 1.0000
5.0850 18.9750 0.0000 1.0000
5.1750 18.9750 0.0000 1.0000
5.2050 18.9750 0.0000 1.0000
-4.4850 18.9450 0.0000 1.0000
-4.3350 18.9450 0.0000 1.0000
-2.2050 18.9450 0.0000 1.0000
-1.8450 18.9450 0.0000 1.0000
-1.6950 18.9450 0.0000 1.0000
-1.4850 18.9450 0.0000 1.0000
-1.3950 18.9450 0.0000 1.0000
-1.1850 18.9450 0.0000 1.0000
-1.1550 18.9450 0.0000 1.0000
-1.1250 18.9450 0.0000 1.0000
-1.0650 18.9450 0.0000 1.0000
-1.0050 18.9450 0.0000 1.0000
-0.5550 18.9450 0.0000 1.0000
-0.4950 18.9450 0.0000 1.0000
-0.4650 18.9450 0.0000 1.0000
0.0150 18.9450 0.0000 1.0000
0.0450 18.9450 0.0000 1.0000
0.6450 18.9450 0.0000 1.0000
0.6750 18.9450 0.0000 1.0000
0.7650 18.9450 0.0000 1.0000
0.7950 18.9450 0.0000 1.0000
0.9750 18.9450 0.0000 1.0000
1.0050 18.9450 0.0000 1.0000
1.0350 18.9450 0.0000 1.0000
1.0650 18.9450 0.0000 1.0000
1.1550 18.9450 0.0000 1.0000
1.1850 18.9450 0.0000 1.0000
1.2450 18.9450 0.0000 1.0000
1.2750 18.9450 0.0000 1.0000
1.3050 18.9450 0.0000 1.0000
1.3350 18.9450 0.0000 1.0000
1.6650 18.9450 0.0000 1.0000
1.6950 18.9450 0.0000 1.0000
1.7250 18.9450 0.0000 1.0000
1.7550 18.9450 0.0000 1.0000
1.7850 18.9450 0.0000 1.0000
1.8150 18.9450 0.0000 1.0000
1.8450 18.9450 0.0000 1.0000
2.0850 18.9450 0.0000 1.0000
2.1150 18.9450 0.0000 1.0000
2.1750 18.9450 0.0000 1.0000
2.2350 18.9450 0.0000 1.0000
2.2650 18.9450 0.0000 1.0000
2.2950 18.9450 0.0000 1.0000
2.3250 18.9450 0.0000 1.0000
2.3550 18.9450 0.0000 1.0000
2.3850 18.9450 0.0000 1.0000
2.4150 18.9450 0.0000 1.0000
2.4450 18.9450 0.0000 1.0000
2.5050 18.9450 0.0000 1.0000
2.5350 18.9450 0.0000 1.0000
2.5650 18.9450 0.0000 1.0000
2.5950 18.9450 0.0000 1.0000
2.6250 18.9450 0.0000 1.0000
2.6550 18.9450 0.0000 1.0000
2.6850 18.9450 0.0000 1.0000
2.7150 18.9450 0.0000 1.0000
2.7450 18.9450 0.0000 1.0000
4.9650 18.9450 0.0000 1.0000
5.2350 18.9450 0.0000 1.0000
-2.4150 18.9150 0.0000 1.0000
-2.2350 18.9150 0.0000 1.0000
-1.9950 18.9150 0.0000 1.0000
-1.9650 18.9150 0.0000 1.0000
-1.9050 18.9150 0.0000 1.0000
-1.8150 18.9150 0.0000 1.0000
-1.7550 18.9150 0.0000 1.0000
-1.6050 18.9150 0.0000 1.0000
-1.5450 18.9150 0.0000 1.0000
-1.5150 18.9150 0.0000 1.0000
-1.4850 18.9150 0.0000 1.0000
-1.4250 18.9150 0.0000 1.0000
-1.3950 18.9150 0.0000 1.0000
-1.3050 18.9150 0.0000 1.0000
-1.2150 18.9150 0.0000 1.0000
-1.1250 18.9150 0.0000 1.0000
-1.0950 18.9150 0.0000 1.0000
-1.0050 18.9150 0.0000 1.0000
-0.9750 18.9150 0.0000 1.0000
-0.7350 18.9150 0.0000 1.0000
-0.6750 18.9150 0.0000 1.0000
-0.6450 18.9150 0.0000 1.0000
-0.5850 18.9150 0.0000 1.0000
-0.5250 18.9150 0.0000 1.0000
-0.4950 18.9150 0.0000 1.0000
-0.3450 18.9150 0.0000 1.0000
-0.2850 18.9150 0.0000 1.0000
-0.2250 18.9150 0.0000 1.0000
0.0150 18.9150 0.0000 1.0000
0.0450 18.9150 0.0000 1.0000
0.2250 18.9150 0.0000 1.0000
0.2550 18.9150 0.0000 1.0000
0.3150 18.9150 0.0000 1.0000
0.3450 18.9150 0.0000 1.0000
0.4350 18.9150 0.0000 1.0000
0.5250 18.9150 0.0000 1.0000
0.5550 18.9150 0.0000 1.0000
0.5850 18.9150 0.0000 1.0000
0.6150 18.9150 0.0000 1.0000
0.7050 18.9150 0.0000 1.0000
0.7650 18.9150 0.0000 1.0000
0.9150 18.9150 0.0000 1.0000
0.9450 18.9150 0.0000 1.0000
0.9750 18.9150 0.0000 1.0000
1.1250 18.9150 0.0000 1.0000
1.2150 18.9150 0.0000 1.0000
1.5750 18.9150 0.0000 1.0000
1.6050 18.9150 0.0000 1.0000
1.6350 18.9150 0.0000 1.0000
1.6650 18.9150 0.0000 1.0000
1.6950 18.9150 0.0000 1.0000
1.7250 18.9150 0.0000 1.0000
1.7550 18.9150 0.0000 1.0000
1.7850 18.9150 0.0000 1.0000
1.9050 18.9150 0.0000 1.0000
1.9950 18.9150 0.0000 1.0000
2.0250 18.9150 0.0000 1.0000
2.0550 18.9150 0.0000 1.0000
2.0850 18.9150 0.0000 1.0000
2.1150 18.9150 0.0000 1.0000
2.1450 18.9150 0.0000 1.0000
2.2350 18.9150 0.0000 1.0000
2.2650 18.9150 0.0000 1.0000
2.2950 18.9150 0.0000 1.0000
2.3250 18.9150 0.0000 1.0000
2.3550 18.9150 0.0000 1.0000
2.4450 18.9150 0.0000 1.0000
2.4750 18.9150 0.0000 1.0000
2.5050 18.9150 0.0000 1.0000
2.5950 18.9150 0.0000 1.0000
2.6250 18.9150 0.0000 1.0000
2.7750 18.9150 0.0000 1.0000
4.9050 18.9150 0.0000 1.0000
5.2650 18.9150 0.0000 1.0000
-3.6750 18.8850 0.0000 1.0000
-2.4750 18.8850 0.0000 1.0000
-2.4450 18.8850 0.0000 1.0000
-2.4150 18.8850 0.0000 1.0000
-2.3850 18.8850 0.0000 1.0000
-1.9350 18.8850 0.0000 1.0000
-1.9050 18.8850 0.0000 1.0000
-1.8750 18.8850 0.0000 1.0000
-1.8150 18.8850 0.0000 1.0000
-1.7550 18.8850 0.0000 1.0000
-1.6350 18.8850 0.0000 1.0000
-1.5750 18.8850 0.0000 1.0000
-1.3050 18.8850 0.0000 1.0000
-1.2750 18.8850 0.0000 1.0000
-1.2450 18.8850 0.0000 1.0000
-1.2150 18.8850 0.0000 1.0000
-1.1550 18.8850 0.0000 1.0000
-1.0950 18.8850 0.0000 1.0000
-1.0350 18.8850 0.0000 1.0000
-0.9150 18.8850 0.0000 1.0000
-0.8550 18.8850 0.0000 1.0000
-0.7350 18.8850 0.0000 1.0000
-0.6750 18.8850 0.0000 1.0000
-0.6150 18.8850 0.0000 1.0000
-0.5550 18.8850 0.0000 1.0000
-0.5250 18.8850 0.0000 1.0000
-0.4650 18.8850 0.0000 1.0000
-0.2850 18.8850 0.0000 1.0000
-0.2250 18.8850 0.0000 1.0000
-0.1650 18.8850 0.0000 1.0000
-0.1050 18.8850 0.0000 1.0000
-0.0450 18.8850 0.0000 1.0000
0.1050 18.8850 0.0000 1.0000
0.1650 18.8850 0.0000 1.0000
0.2250 18.8850 0.0000 1.0000
0.2550 18.8850 0.0000 1.0000
0.2850 18.8850 0.0000 1.0000
0.3150 18.8850 0.0000 1.0000
0.3450 18.8850 0.0000 1.0000
0.3750 18.8850 0.0000 1.0000
0.4050 18.8850 0.0000 1.0000
0.4650 18.8850 0.0000 1.0000
0.4950 18.8850 0.0000 1.0000
0.5250 18.8850 0.0000 1.0000
0.6150 18.8850 0.0000 1.0000
0.6450 18.8850 0.0000 1.0000
0.6750 18.8850 0.0000 1.0000
0.7050 18.8850 0.0000 1.0000
0.8250 18.8850 0.0000 1.0000
0.8550 18.8850 0.0000 1.0000
0.8850 18.8850 0.0000 1.0000
0.9150 18.8850 0.0000 1.0000
1.1550 18.8850 0.0000 1.0000
1.1850 18.8850 0.0000 1.0000
1.5450 18.8850 0.0000 1.0000
1.6050 18.8850 0.0000 1.0000
1.6650 18.8850 0.0000 1.0000
1.7850 18.8850 0.0000 1.0000
1.8150 18.8850 0.0000 1.0000
1.8450 18.8850 0.0000 1.0000
1.9350 18.8850 0.0000 1.0000
1.9650 18.8850 0.0000 1.0000
1.9950 18.8850 0.0000 1.0000
2.0250 18.8850 0.0000 1.0000
2.0550 18.8850 0.0000 1.0000
2.0850 18.8850 0.0000 1.0000
2.5050 18.8850 0.0000 1.0000
2.5350 18.8850 0.0000 1.0000
2.5950 18.8850 0.0000 1.0000
2.6850 18.8850 0.0000 1.0000
4.9050 18.8850 0.0000 1.0000
-2.2350 18.8550 0.0000 1.0000
-2.1750 18.8550 0.0000 1.0000
-1.9350 18.8550 0.0000 1.0000
-1.4850 18.8550 0.0000 1.0000
-1.3950 18.8550 0.0000 1.0000
-1.2750 18.8550 0.0000 1.0000
-1.1550 18.8550 0.0000 1.0000
-1.0950 18.8550 0.0000 1.0000
-0.8850 18.8550 0.0000 1.0000
-0.8250 18.8550 0.0000 1.0000
-0.7650 18.8550 0.0000 1.0000
-0.7050 18.8550 0.0000 1.0000
-0.6450 18.8550 0.0000 1.0000
-0.6150 18.8550 0.0000 1.0000
-0.5550 18.8550 0.0000 1.0000
-0.4950 18.8550 0.0000 1.0000
-0.4050 18.8550 0.0000 1.0000
-0.3450 18.8550 0.0000 1.0000
-0.2850 18.8550 0.0000 1.0000
-0.1950 18.8550 0.0000 1.0000
-0.0450 18.8550 0.0000 1.0000
-0.0150 18.8550 0.0000 1.0000
0.0150 18.8550 0.0000 1.0000
0.0450 18.8550 0.0000 1.0000
0.0750 18.8550 0.0000 1.0000
0.1050 18.8550 0.0000 1.0000
0.1350 18.8550 0.0000 1.0000
0.2250 18.8550 0.0000 1.0000
0.3450 18.8550 0.0000 1.0000
0.5250 18.8550 0.0000 1.0000
0.5550 18.8550 0.0000 1.0000
0.5850 18.8550 0.0000 1.0000
0.6750 18.8550 0.0000 1.0000
0.7050 18.8550 0.0000 1.0000
0.7650 18.8550 0.0000 1.0000
0.7950 18.8550 0.0000 1.0000
0.8250 18.8550 0.0000 1.0000
0.8850 18.8550 0.0000 1.0000
0.9150 18.8550 0.0000 1.0000
0.9750 18.8550 0.0000 1.0000
1.0050 18.8550 0.0000 1.0000
1.0950 18.8550 0.0000 1.0000
1.1250 18.8550 0.0000 1.0000
1.1550 18.8550 0.0000 1.0000
1.2750 18.8550 0.0000 1.0000
1.3050 18.8550 0.0000 1.0000
1.3350 18.8550 0.0000 1.0000
1.3650 18.8550 0.0000 1.0000
1.3950 18.8550 0.0000 1.0000
1.4250 18.8550 0.0000 1.0000
1.4550 18.8550 0.0000 1.0000
1.4850 18.8550 0.0000 1.0000
1.5150 18.8550 0.0000 1.0000
1.5450 18.8550 0.0000 1.0000
1.5750 18.8550 0.0000 1.0000
1.6050 18.8550 0.0000 1.0000
1.6350 18.8550 0.0000 1.0000
1.6650 18.8550 0.0000 1.0000
1.6950 18.8550 0.0000 1.0000
1.7250 18.8550 0.0000 1.0000
1.7550 18.8550 0.0000 1.0000
1.8150 18.8550 0.0000 1.0000
1.8750 18.8550 0.0000 1.0000
1.9050 18.8550 0.0000 1.0000
1.9350 18.8550 0.0000 1.0000
1.9650 18.8550 0.0000 1.0000
1.9950 18.8550 0.0000 1.0000
2.0250 18.8550 0.0000 1.0000
2.2650 18.8550 0.0000 1.0000
2.4750 18.8550 0.0000 1.0000
-2.3550 18.8250 0.0000 1.0000
-2.3250 18.8250 0.0000 1.0000
-2.2650 18.8250 0.0000 1.0000
-2.2050 18.8250 0.0000 1.0000
-1.7550 18.8250 0.0000 1.0000
-1.3950 18.8250 0.0000 1.0000
-0.7050 18.8250 0.0000 1.0000
-0.6450 18.8250 0.0000 1.0000
-0.2850 18.8250 0.0000 1.0000
-0.1950 18.8250 0.0000 1.0000
-0.1350 18.8250 0.0000 1.0000
-0.1050 18.8250 0.0000 1.0000
0.1050 18.8250 0.0000 1.0000
0.1950 18.8250 0.0000 1.0000
0.2250 18.8250 0.0000 1.0000
0.2850 18.8250 0.0000 1.0000
0.4050 18.8250 0.0000 1.0000
0.5250 18.8250 0.0000 1.0000
0.8250 18.8250 0.0000 1.0000
0.8550 18.8250 0.0000 1.0000
0.8850 18.8250 0.0000 1.0000
1.0650 18.8250 0.0000 1.0000
1.0950 18.8250 0.0000 1.0000
1.1850 18.8250 0.0000 1.0000
1.2150 18.8250 0.0000 1.0000
1.2450 18.8250 0.0000 1.0000
1.2750 18.8250 0.0000 1.0000
1.3050 18.8250 0.0000 1.0000
1.3350 18.8250 0.0000 1.0000
1.3650 18.8250 0.0000 1.0000
1.3950 18.8250 0.0000 1.0000
1.4250 18.8250 0.0000 1.0000
1.4550 18.8250 0.0000 1.0000
1.4850 18.8250 0.0000 1.0000
1.5150 18.8250 0.0000 1.0000
1.5450 18.8250 0.0000 1.0000
1.6050 18.8250 0.0000 1.0000
1.6650 18.8250 0.0000 1.0000
1.6950 18.8250 0.0000 1.0000
1.7250 18.8250 0.0000 1.0000
1.7550 18.8250 0.0000 1.0000
1.7850 18.8250 0.0000 1.0000
1.8150 18.8250 0.0000 1.0000
1.8450 18.8250 0.0000 1.0000
1.8750 18.8250 0.0000 1.0000
1.9350 18.8250 0.0000 1.0000
2.0250 18.8250 0.0000 1.0000
2.0550 18.8250 0.0000 1.0000
2.4150 18.8250 0.0000 1.0000
2.5050 18.8250 0.0000 1.0000
2.5650 18.8250 0.0000 1.0000
2.5950 18.8250 0.0000 1.0000
2.6250 18.8250 0.0000 1.0000
2.6550 18.8250 0.0000 1.0000
2.6850 18.8250 0.0000 1.0000
-2.0550 18.7950 0.0000 1.0000
0.1650 18.7950 0.0000 1.0000
0.2250 18.7950 0.0000 1.0000
0.4950 18.7950 0.0000 1.0000
0.5250 18.7950 0.0000 1.0000
0.5850 18.7950 0.0000 1.0000
1.4250 18.7950 0.0000 1.0000
1.6050 18.7950 0.0000 1.0000
1.6350 18.7950 0.0000 1.0000
1.6650 18.7950 0.0000 1.0000
4.8150 18.7950 0.0000 1.0000
-10.4250 18.7650 0.0000 1.0000
-10.3650 18.7650 0.0000 1.0000
-2.0550 18.7650 0.0000 1.0000
0.1650 18.7650 0.0000 1.0000
0.2850 18.7650 0.0000 1.0000
0.5550 18.7650 0.0000 1.0000
0.7050 18.7650 0.0000 1.0000
4.9950 18.7650 0.0000 1.0000
5.0550 18.7650 0.0000 1.0000
-2.0550 18.7350 0.0000 1.0000
1.3950 18.7350 0.0000 1.0000
-2.1450 18.7050 0.0000 1.0000
0.4350 18.7050 0.0000 1.0000
4.9950 18.7050 0.0000 1.0000
-2.1450 18.6750 0.0000 1.0000
0.3750 18.6750 0.0000 1.0000
0.5250 18.6750 0.0000 1.0000
0.6450 18.6750 0.0000 1.0000
-10.4550 18.6450 0.0000 1.0000
-2.1750 18.6450 0.0000 1.0000
0.6150 18.6450 0.0000 1.0000
5.0250 18.6450 0.0000 1.0000
-10.6050 18.6150 0.0000 1.0000
-10.5450 18.6150 0.0000 1.0000
-10.5150 18.6150 0.0000 1.0000
-2.2050 18.6150 0.0000 1.0000
-0.4350 18.6150 0.0000 1.0000
0.4350 18.6150 0.0000 1.0000
0.5850 18.6150 0.0000 1.0000
1.0350 18.6150 0.0000 1.0000
-2.2050 18.5850 0.0000 1.0000
-2.1150 18.5850 0.0000 1.0000
-1.4250 18.5850 0.0000 1.0000
0.5850 18.5850 0.0000 1.0000
-2.2050 18.5550 0.0000 1.0000
-1.7850 18.5550 0.0000 1.0000
-1.2450 18.5550 0.0000 1.0000
-2.2650 18.5250 0.0000 1.0000
-2.2350 18.5250 0.0000 1.0000
-0.9150 18.5250 0.0000 1.0000
-10.6350 18.4950 0.0000 1.0000
0.4350 18.4950 0.0000 1.0000
1.5450 18.4950 0.0000 1.0000
-0.9750 18.4650 0.0000 1.0000
-2.4150 18.4350 0.0000 1.0000
-2.1750 18.4350 0.0000 1.0000
-1.8450 18.4350 0.0000 1.0000
4.8750 18.4350 0.0000 1.0000
5.0550 18.4350 0.0000 1.0000
-2.2650 18.4050 0.0000 1.0000
4.9050 18.4050 0.0000 1.0000
4.9350 18.4050 0.0000 1.0000
-2.3250 18.3750 0.0000 1.0000
-2.2650 18.3750 0.0000 1.0000
4.8150 18.3750 0.0000 1.0000
4.9350 18.3750 0.0000 1.0000
4.9950 18.3750 0.0000 1.0000
5.0550 18.3750 0.0000 1.0000
5.0850 18.3750 0.0000 1.0000
5.2350 18.3750 0.0000 1.0000
-10.6650 18.3450 0.0000 1.0000
-2.4750 18.3450 0.0000 1.0000
-2.3250 18.3450 0.0000 1.0000
-2.2950 18.3450 0.0000 1.0000
4.8450 18.3450 0.0000 1.0000
4.8750 18.3450 0.0000 1.0000
4.9950 18.3450 0.0000 1.0000
5.0850 18.3450 0.0000 1.0000
5.1150 18.3450 0.0000 1.0000
5.2650 18.3450 0.0000 1.0000
5.3250 18.3450 0.0000 1.0000
-2.6250 18.3150 0.0000 1.0000
-2.5350 18.3150 0.0000 1.0000
-2.3850 18.3150 0.0000 1.0000
-2.3550 18.3150 0.0000 1.0000
-1.9350 18.3150 0.0000 1.0000
-1.4850 18.3150 0.0000 1.0000
4.8450 18.3150 0.0000 1.0000
4.8750 18.3150 0.0000 1.0000
4.9050 18.3150 0.0000 1.0000
4.9350 18.3150 0.0000 1.0000
4.9650 18.3150 0.0000 1.0000
4.9950 18.3150 0.0000 1.0000
5.0250 18.3150 0.0000 1.0000
5.0550 18.3150 0.0000 1.0000
5.0850 18.3150 0.0000 1.0000
5.1150 18.3150 0.0000 1.0000
-2.7750 18.2850 0.0000 1.0000
-2.7450 18.2850 0.0000 1.0000
-1.9350 18.2850 0.0000 1.0000
-1.6950 18.2850 0.0000 1.0000
4.9350 18.2850 0.0000 1.0000
5.1150 18.2850 0.0000 1.0000
5.1450 18.2850 0.0000 1.0000
5.1750 18.2850 0.0000 1.0000
4.8750 18.2550 0.0000 1.0000
4.9050 18.2550 0.0000 1.0000
5.1150 18.2550 0.0000 1.0000
5.1450 18.2550 0.0000 1.0000
5.3250 18.2550 0.0000 1.0000
-2.8050 18.2250 0.0000 1.0000
4.9350 18.2250 0.0000 1.0000
5.0250 18.2250 0.0000 1.0000
5.1450 18.2250 0.0000 1.0000
5.1750 18.2250 0.0000 1.0000
5.2950 18.2250 0.0000 1.0000
-3.0150 18.1950 0.0000 1.0000
-2.9550 18.1950 0.0000 1.0000
-2.9250 18.1950 0.0000 1.0000
4.9650 18.1950 0.0000 1.0000
4.9950 18.1950 0.0000 1.0000
5.0250 18.1950 0.0000 1.0000
5.0550 18.1950 0.0000 1.0000
5.0850 18.1950 0.0000 1.0000
5.1750 18.1950 0.0000 1.0000
5.2050 18.1950 0.0000 1.0000
5.2650 18.1950 0.0000 1.0000
5.3250 18.1950 0.0000 1.0000
-10.6950 18.1650 0.0000 1.0000
5.0250 18.1650 0.0000 1.0000
5.0550 18.1650 0.0000 1.0000
5.1450 18.1650 0.0000 1.0000
5.1750 18.1650 0.0000 1.0000
5.3250 18.1650 0.0000 1.0000
5.3550 18.1650 0.0000 1.0000
-10.7250 18.1350 0.0000 1.0000
5.0850 18.1350 0.0000 1.0000
5.1750 18.1350 0.0000 1.0000
5.2050 18.1350 0.0000 1.0000
5.2350 18.1350 0.0000 1.0000
5.2950 18.1350 0.0000 1.0000
5.3550 18.1350 0.0000 1.0000
-10.8750 18.1050 0.0000 1.0000
-10.7550 18.1050 0.0000 1.0000
5.1150 18.1050 0.0000 1.0000
5.1450 18.1050 0.0000 1.0000
5.1750 18.1050 0.0000 1.0000
5.2650 18.1050 0.0000 1.0000
5.3250 18.1050 0.0000 1.0000
-10.9050 18.0750 0.0000 1.0000
-2.2950 18.0750 0.0000 1.0000
5.1450 18.0750 0.0000 1.0000
5.2350 18.0750 0.0000 1.0000
5.3250 18.0750 0.0000 1.0000
5.3550 18.0750 0.0000 1.0000
-10.7550 18.0450 0.0000 1.0000
-1.6950 18.0450 0.0000 1.0000
5.2350 18.0450 0.0000 1.0000
5.2650 18.0450 0.0000 1.0000
5.2950 18.0450 0.0000 1.0000
5.3250 18.0450 0.0000 1.0000
5.3550 18.0450 0.0000 1.0000
5.3850 18.0450 0.0000 1.0000
5.4450 18.0450 0.0000 1.0000
-10.9350 18.0150 0.0000 1.0000
-10.7850 18.0150 0.0000 1.0000
-10.7550 18.0150 0.0000 1.0000
-10.6950 18.0150 0.0000 1.0000
-10.6650 18.0150 0.0000 1.0000
-4.3950 18.0150 0.0000 1.0000
5.1750 18.0150 0.0000 1.0000
5.3250 18.0150 0.0000 1.0000
5.3550 18.0150 0.0000 1.0000
-10.9650 17.9850 0.0000 1.0000
-10.8750 17.9850 0.0000 1.0000
-10.8150 17.9850 0.0000 1.0000
-10.7850 17.9850 0.0000 1.0000
5.4750 17.9850 0.0000 1.0000
-10.9050 17.9550 0.0000 1.0000
-10.8150 17.9550 0.0000 1.0000
5.3250 17.9550 0.0000 1.0000
5.3550 17.9550 0.0000 1.0000
5.5050 17.9550 0.0000 1.0000
-10.8450 17.9250 0.0000 1.0000
-1.5750 17.9250 0.0000 1.0000
5.2050 17.9250 0.0000 1.0000
5.2650 17.9250 0.0000 1.0000
5.5350 17.9250 0.0000 1.0000
-10.9050 17.8950 0.0000 1.0000
-10.8750 17.8950 0.0000 1.0000
5.2950 17.8950 0.0000 1.0000
-10.9350 17.8650 0.0000 1.0000
-10.6950 17.8650 0.0000 1.0000
5.2650 17.8650 0.0000 1.0000
-2.0550 17.8350 0.0000 1.0000
-2.0250 17.8350 0.0000 1.0000
-1.9950 17.8350 0.0000 1.0000
-1.9650 17.8350 0.0000 1.0000
-10.8750 17.8050 0.0000 1.0000
-10.8450 17.8050 0.0000 1.0000
-1.7250 17.8050 0.0000 1.0000
5.2050 17.8050 0.0000 1.0000
5.2650 17.8050 0.0000 1.0000
-10.8750 17.7750 0.0000 1.0000
5.2350 17.7750 0.0000 1.0000
5.2950 17.7750 0.0000 1.0000
-10.8750 17.7450 0.0000 1.0000
-2.0250 17.7450 0.0000 1.0000
5.2050 17.7450 0.0000 1.0000
5.2350 17.7150 0.0000 1.0000
5.2650 17.7150 0.0000 1.0000
-10.8750 17.6850 0.0000 1.0000
-10.8450 17.6850 0.0000 1.0000
5.1750 17.6850 0.0000 1.0000
-10.8450 17.6550 0.0000 1.0000
-2.1750 17.6550 0.0000 1.0000
5.2350 17.6550 0.0000 1.0000
-10.8750 17.6250 0.0000 1.0000
-7.1550 17.6250 0.0000 1.0000
4.8750 17.6250 0.0000 1.0000
5.1450 17.6250 0.0000 1.0000
5.2050 17.6250 0.0000 1.0000
-7.1850 17.5950 0.0000 1.0000
-2.5050 17.5950 0.0000 1.0000
-2.4750 17.5950 0.0000 1.0000
5.2050 17.5950 0.0000 1.0000
5.2350 17.5950 0.0000 1.0000
-10.7850 17.5650 0.0000 1.0000
-7.2150 17.5650 0.0000 1.0000
-2.5950 17.5650 0.0000 1.0000
-2.5650 17.5650 0.0000 1.0000
-2.5350 17.5650 0.0000 1.0000
-10.8750 17.5350 0.0000 1.0000
-7.2750 17.5350 0.0000 1.0000
-7.2450 17.5350 0.0000 1.0000
-7.2150 17.5350 0.0000 1.0000
5.2650 17.5350 0.0000 1.0000
-10.7850 17.5050 0.0000 1.0000
-7.3050 17.5050 0.0000 1.0000
-7.2450 17.5050 0.0000 1.0000
-7.2150 17.5050 0.0000 1.0000
4.8450 17.5050 0.0000 1.0000
5.1750 17.5050 0.0000 1.0000
-10.9050 17.4750 0.0000 1.0000
-10.8450 17.4750 0.0000 1.0000
-10.7550 17.4750 0.0000 1.0000
-7.3350 17.4750 0.0000 1.0000
-7.2750 17.4750 0.0000 1.0000
-7.2450 17.4750 0.0000 1.0000
-7.2150 17.4750 0.0000 1.0000
4.8750 17.4750 0.0000 1.0000
5.2350 17.4750 0.0000 1.0000
-10.9050 17.4450 0.0000 1.0000
-10.8750 17.4450 0.0000 1.0000
-10.8450 17.4450 0.0000 1.0000
-10.7550 17.4450 0.0000 1.0000
-7.3650 17.4450 0.0000 1.0000
-7.2750 17.4450 0.0000 1.0000
-7.0950 17.4450 0.0000 1.0000
5.1150 17.4450 0.0000 1.0000
-10.8150 17.4150 0.0000 1.0000
-10.7850 17.4150 0.0000 1.0000
-7.3050 17.4150 0.0000 1.0000
-7.2750 17.4150 0.0000 1.0000
-7.1550 17.4150 0.0000 1.0000
-7.1250 17.4150 0.0000 1.0000
-7.0350 17.4150 0.0000 1.0000
5.2050 17.4150 0.0000 1.0000
-10.8450 17.3850 0.0000 1.0000
-7.3050 17.3850 0.0000 1.0000
-7.2750 17.3850 0.0000 1.0000
-7.2450 17.3850 0.0000 1.0000
-7.1550 17.3850 0.0000 1.0000
-7.1250 17.3850 0.0000 1.0000
4.8750 17.3850 0.0000 1.0000
4.9050 17.3850 0.0000 1.0000
5.1450 17.3850 0.0000 1.0000
-10.9350 17.3550 0.0000 1.0000
-10.9050 17.3550 0.0000 1.0000
-10.8750 17.3550 0.0000 1.0000
-10.7850 17.3550 0.0000 1.0000
-7.3350 17.3550 0.0000 1.0000
-7.1550 17.3550 0.0000 1.0000
4.9050 17.3550 0.0000 1.0000
-10.9950 17.3250 0.0000 1.0000
-10.9350 17.3250 0.0000 1.0000
-10.7850 17.3250 0.0000 1.0000
-7.2150 17.3250 0.0000 1.0000
-7.1850 17.3250 0.0000 1.0000
5.1450 17.3250 0.0000 1.0000
-11.0550 17.2950 0.0000 1.0000
-10.9350 17.2950 0.0000 1.0000
-10.9050 17.2950 0.0000 1.0000
-7.3050 17.2950 0.0000 1.0000
-7.2150 17.2950 0.0000 1.0000
4.8450 17.2950 0.0000 1.0000
4.8750 17.2950 0.0000 1.0000
4.9050 17.2950 0.0000 1.0000
4.9350 17.2950 0.0000 1.0000
5.0850 17.2950 0.0000 1.0000
-11.0850 17.2650 0.0000 1.0000
-10.9050 17.2650 0.0000 1.0000
-10.8150 17.2650 0.0000 1.0000
-7.2450 17.2650 0.0000 1.0000
4.9350 17.2650 0.0000 1.0000
4.9650 17.2650 0.0000 1.0000
-10.9350 17.2350 0.0000 1.0000
-10.9050 17.2350 0.0000 1.0000
-7.3050 17.2350 0.0000 1.0000
-7.2150 17.2350 0.0000 1.0000
-7.1850 17.2350 0.0000 1.0000
-7.1250 17.2350 0.0000 1.0000
4.9650 17.2350 0.0000 1.0000
5.0550 17.2350 0.0000 1.0000
5.0850 17.2350 0.0000 1.0000
-11.0850 17.2050 0.0000 1.0000
-10.9350 17.2050 0.0000 1.0000
-7.2450 17.2050 0.0000 1.0000
5.1150 17.2050 0.0000 1.0000
-10.9050 17.1750 0.0000 1.0000
-7.2450 17.1750 0.0000 1.0000
-7.1850 17.1750 0.0000 1.0000
-7.1550 17.1750 0.0000 1.0000
-7.1250 17.1750 0.0000 1.0000
4.7850 17.1750 0.0000 1.0000
4.8750 17.1750 0.0000 1.0000
4.9050 17.1750 0.0000 1.0000
4.9350 17.1750 0.0000 1.0000
4.9650 17.1750 0.0000 1.0000
4.9950 17.1750 0.0000 1.0000
-11.0250 17.1450 0.0000 1.0000
-10.9350 17.1450 0.0000 1.0000
-10.9050 17.1450 0.0000 1.0000
-7.2450 17.1450 0.0000 1.0000
-7.1550 17.1450 0.0000 1.0000
4.9050 17.1450 0.0000 1.0000
5.0250 17.1450 0.0000 1.0000
5.1450 17.1450 0.0000 1.0000
-11.0250 17.1150 0.0000 1.0000
-10.9650 17.1150 0.0000 1.0000
-10.9350 17.1150 0.0000 1.0000
-7.2150 17.1150 0.0000 1.0000
-7.1550 17.1150 0.0000 1.0000
-7.0950 17.1150 0.0000 1.0000
4.7850 17.1150 0.0000 1.0000
4.8750 17.1150 0.0000 1.0000
5.0550 17.1150 0.0000 1.0000
-11.0250 17.0850 0.0000 1.0000
-10.9350 17.0850 0.0000 1.0000
-10.8750 17.0850 0.0000 1.0000
-10.8150 17.0850 0.0000 1.0000
-7.1250 17.0850 0.0000 1.0000
-7.0950 17.0850 0.0000 1.0000
4.7550 17.0850 0.0000 1.0000
4.8750 17.0850 0.0000 1.0000
4.9050 17.0850 0.0000 1.0000
5.0850 17.0850 0.0000 1.0000
-11.2650 17.0550 0.0000 1.0000
-11.1750 17.0550 0.0000 1.0000
-11.0550 17.0550 0.0000 1.0000
-11.0250 17.0550 0.0000 1.0000
-10.9050 17.0550 0.0000 1.0000
-10.8450 17.0550 0.0000 1.0000
-7.2150 17.0550 0.0000 1.0000
-7.1250 17.0550 0.0000 1.0000
-1.7250 17.0550 0.0000 1.0000
4.9350 17.0550 0.0000 1.0000
4.9950 17.0550 0.0000 1.0000
5.0550 17.0550 0.0000 1.0000
-11.2950 17.0250 0.0000 1.0000
-11.2650 17.0250 0.0000 1.0000
-11.2050 17.0250 0.0000 1.0000
-11.1150 17.0250 0.0000 1.0000
-11.0550 17.0250 0.0000 1.0000
-11.0250 17.0250 0.0000 1.0000
-10.9650 17.0250 0.0000 1.0000
-10.9350 17.0250 0.0000 1.0000
-10.9050 17.0250 0.0000 1.0000
-7.2450 17.0250 0.0000 1.0000
-7.1250 17.0250 0.0000 1.0000
4.9350 17.0250 0.0000 1.0000
5.0550 17.0250 0.0000 1.0000
5.0850 17.0250 0.0000 1.0000
-11.3250 16.9950 0.0000 1.0000
-11.2950 16.9950 0.0000 1.0000
-11.0550 16.9950 0.0000 1.0000
-11.0250 16.9950 0.0000 1.0000
-10.9950 16.9950 0.0000 1.0000
-10.9650 16.9950 0.0000 1.0000
-10.9050 16.9950 0.0000 1.0000
-7.1550 16.9950 0.0000 1.0000
-7.1250 16.9950 0.0000 1.0000
-7.0950 16.9950 0.0000 1.0000
-7.0650 16.9950 0.0000 1.0000
4.9650 16.9950 0.0000 1.0000
5.0250 16.9950 0.0000 1.0000
5.0550 16.9950 0.0000 1.0000
5.0850 16.9950 0.0000 1.0000
5.1150 16.9950 0.0000 1.0000
5.1450 16.9950 0.0000 1.0000
-11.2950 16.9650 0.0000 1.0000
-11.2350 16.9650 0.0000 1.0000
-11.1750 16.9650 0.0000 1.0000
-11.0550 16.9650 0.0000 1.0000
-7.0950 16.9650 0.0000 1.0000
-2.0850 16.9650 0.0000 1.0000
-1.9950 16.9650 0.0000 1.0000
-1.8450 16.9650 0.0000 1.0000
-1.7250 16.9650 0.0000 1.0000
-1.5150 16.9650 0.0000 1.0000
4.8450 16.9650 0.0000 1.0000
4.9050 16.9650 0.0000 1.0000
4.9950 16.9650 0.0000 1.0000
5.0550 16.9650 0.0000 1.0000
5.1450 16.9650 0.0000 1.0000
5.1750 16.9650 0.0000 1.0000
-11.3250 16.9350 0.0000 1.0000
-7.1250 16.9350 0.0000 1.0000
-7.0950 16.9350 0.0000 1.0000
-2.0250 16.9350 0.0000 1.0000
-1.9350 16.9350 0.0000 1.0000
-1.9050 16.9350 0.0000 1.0000
-1.8150 16.9350 0.0000 1.0000
-1.7550 16.9350 0.0000 1.0000
-1.6650 16.9350 0.0000 1.0000
-1.5750 16.9350 0.0000 1.0000
-1.5450 16.9350 0.0000 1.0000
-1.4250 16.9350 0.0000 1.0000
-1.0350 16.9350 0.0000 1.0000
-0.9750 16.9350 0.0000 1.0000
-0.8850 16.9350 0.0000 1.0000
-0.7350 16.9350 0.0000 1.0000
-0.6750 16.9350 0.0000 1.0000
1.1850 16.9350 0.0000 1.0000
4.8450 16.9350 0.0000 1.0000
4.8750 16.9350 0.0000 1.0000
4.9050 16.9350 0.0000 1.0000
4.9950 16.9350 0.0000 1.0000
5.0250 16.9350 0.0000 1.0000
5.0850 16.9350 0.0000 1.0000
5.1150 16.9350 0.0000 1.0000
5.1450 16.9350 0.0000 1.0000
5.1750 16.9350 0.0000 1.0000
5.2050 16.9350 0.0000 1.0000
-11.0550 16.9050 0.0000 1.0000
-7.0950 16.9050 0.0000 1.0000
-1.8750 16.9050 0.0000 1.0000
-1.7250 16.9050 0.0000 1.0000
-1.6650 16.9050 0.0000 1.0000
-1.6350 16.9050 0.0000 1.0000
-1.6050 16.9050 0.0000 1.0000
-1.5750 16.9050 0.0000 1.0000
-1.5450 16.9050 0.0000 1.0000
-1.4850 16.9050 0.0000 1.0000
-1.3650 16.9050 0.0000 1.0000
-1.2150 16.9050 0.0000 1.0000
-1.0050 16.9050 0.0000 1.0000
-0.9450 16.9050 0.0000 1.0000
-0.9150 16.9050 0.0000 1.0000
-0.7950 16.9050 0.0000 1.0000
-0.7050 16.9050 0.0000 1.0000
-0.6750 16.9050 0.0000 1.0000
-0.6450 16.9050 0.0000 1.0000
-0.6150 16.9050 0.0000 1.0000
-0.5850 16.9050 0.0000 1.0000
-0.5550 16.9050 0.0000 1.0000
-0.4650 16.9050 0.0000 1.0000
-0.4350 16.9050 0.0000 1.0000
-0.4050 16.9050 0.0000 1.0000
-0.3750 16.9050 0.0000 1.0000
-0.3150 16.9050 0.0000 1.0000
-0.2550 16.9050 0.0000 1.0000
-0.0450 16.9050 0.0000 1.0000
-0.0150 16.9050 0.0000 1.0000
0.1350 16.9050 0.0000 1.0000
0.1650 16.9050 0.0000 1.0000
0.1950 16.9050 0.0000 1.0000
0.2250 16.9050 0.0000 1.0000
0.3450 16.9050 0.0000 1.0000
0.4350 16.9050 0.0000 1.0000
0.7650 16.9050 0.0000 1.0000
0.8250 16.9050 0.0000 1.0000
1.0050 16.9050 0.0000 1.0000
2.0550 16.9050 0.0000 1.0000
2.1150 16.9050 0.0000 1.0000
2.1450 16.9050 0.0000 1.0000
2.1750 16.9050 0.0000 1.0000
2.2050 16.9050 0.0000 1.0000
2.2350 16.9050 0.0000 1.0000
2.3250 16.9050 0.0000 1.0000
2.5050 16.9050 0.0000 1.0000
4.9350 16.9050 0.0000 1.0000
5.0550 16.9050 0.0000 1.0000
5.0850 16.9050 0.0000 1.0000
5.1150 16.9050 0.0000 1.0000
5.1450 16.9050 0.0000 1.0000
5.1750 16.9050 0.0000 1.0000
5.2050 16.9050 0.0000 1.0000
5.2350 16.9050 0.0000 1.0000
-11.3550 16.8750 0.0000 1.0000
-11.3250 16.8750 0.0000 1.0000
-10.9950 16.8750 0.0000 1.0000
-7.1250 16.8750 0.0000 1.0000
-7.0950 16.8750 0.0000 1.0000
-7.0350 16.8750 0.0000 1.0000
-1.9950 16.8750 0.0000 1.0000
-1.7850 16.8750 0.0000 1.0000
-1.7550 16.8750 0.0000 1.0000
-1.6950 16.8750 0.0000 1.0000
-1.1550 16.8750 0.0000 1.0000
-0.8550 16.8750 0.0000 1.0000
-0.7650 16.8750 0.0000 1.0000
-0.7350 16.8750 0.0000 1.0000
-0.7050 16.8750 0.0000 1.0000
-0.4650 16.8750 0.0000 1.0000
-0.4350 16.8750 0.0000 1.0000
-0.3450 16.8750 0.0000 1.0000
-0.1950 16.8750 0.0000 1.0000
0.3150 16.8750 0.0000 1.0000
0.5250 16.8750 0.0000 1.0000
0.5550 16.8750 0.0000 1.0000
1.2750 16.8750 0.0000 1.0000
1.5450 16.8750 0.0000 1.0000
1.6050 16.8750 0.0000 1.0000
1.7250 16.8750 0.0000 1.0000
1.7850 16.8750 0.0000 1.0000
1.9050 16.8750 0.0000 1.0000
1.9350 16.8750 0.0000 1.0000
2.0250 16.8750 0.0000 1.0000
2.0550 16.8750 0.0000 1.0000
2.1150 16.8750 0.0000 1.0000
2.1450 16.8750 0.0000 1.0000
2.1750 16.8750 0.0000 1.0000
2.2050 16.8750 0.0000 1.0000
2.2350 16.8750 0.0000 1.0000
2.2650 16.8750 0.0000 1.0000
2.2950 16.8750 0.0000 1.0000
2.3550 16.8750 0.0000 1.0000
2.3850 16.8750 0.0000 1.0000
2.4450 16.8750 0.0000 1.0000
4.9650 16.8750 0.0000 1.0000
4.9950 16.8750 0.0000 1.0000
5.0550 16.8750 0.0000 1.0000
5.0850 16.8750 0.0000 1.0000
5.1450 16.8750 0.0000 1.0000
5.1750 16.8750 0.0000 1.0000
5.2050 16.8750 0.0000 1.0000
5.2350 16.8750 0.0000 1.0000
5.2650 16.8750 0.0000 1.0000
-11.3550 16.8450 0.0000 1.0000
-11.1750 16.8450 0.0000 1.0000
-11.0550 16.8450 0.0000 1.0000
-10.9650 16.8450 0.0000 1.0000
-9.4050 16.8450 0.0000 1.0000
-9.3450 16.8450 0.0000 1.0000
-7.0950 16.8450 0.0000 1.0000
-7.0650 16.8450 0.0000 1.0000
-7.0350 16.8450 0.0000 1.0000
-2.2950 16.8450 0.0000 1.0000
-1.8150 16.8450 0.0000 1.0000
-1.7250 16.8450 0.0000 1.0000
-1.6650 16.8450 0.0000 1.0000
-1.6350 16.8450 0.0000 1.0000
-0.0450 16.8450 0.0000 1.0000
0.1050 16.8450 0.0000 1.0000
0.3750 16.8450 0.0000 1.0000
5.0850 16.8450 0.0000 1.0000
5.1150 16.8450 0.0000 1.0000
5.1450 16.8450 0.0000 1.0000
5.1750 16.8450 0.0000 1.0000
5.2050 16.8450 0.0000 1.0000
5.2350 16.8450 0.0000 1.0000
5.2950 16.8450 0.0000 1.0000
-11.1750 16.8150 0.0000 1.0000
-11.1450 16.8150 0.0000 1.0000
-11.0250 16.8150 0.0000 1.0000
-7.1250 16.8150 0.0000 1.0000
-7.0350 16.8150 0.0000 1.0000
-1.9350 16.8150 0.0000 1.0000
5.1450 16.8150 0.0000 1.0000
5.1750 16.8150 0.0000 1.0000
5.2050 16.8150 0.0000 1.0000
5.2350 16.8150 0.0000 1.0000
5.2650 16.8150 0.0000 1.0000
-11.3250 16.7850 0.0000 1.0000
-11.2050 16.7850 0.0000 1.0000
-11.1750 16.7850 0.0000 1.0000
-11.0850 16.7850 0.0000 1.0000
-11.0550 16.7850 0.0000 1.0000
-7.1250 16.7850 0.0000 1.0000
-7.0950 16.7850 0.0000 1.0000
-7.0650 16.7850 0.0000 1.0000
-7.0350 16.7850 0.0000 1.0000
-6.2250 16.7850 0.0000 1.0000
-2.2950 16.7850 0.0000 1.0000
-2.2650 16.7850 0.0000 1.0000
5.1750 16.7850 0.0000 1.0000
5.2050 16.7850 0.0000 1.0000
5.2350 16.7850 0.0000 1.0000
5.2650 16.7850 0.0000 1.0000
5.2950 16.7850 0.0000 1.0000
5.3250 16.7850 0.0000 1.0000
-11.3550 16.7550 0.0000 1.0000
-11.2050 16.7550 0.0000 1.0000
-11.1150 16.7550 0.0000 1.0000
-11.0850 16.7550 0.0000 1.0000
-7.0950 16.7550 0.0000 1.0000
-7.0650 16.7550 0.0000 1.0000
-7.0350 16.7550 0.0000 1.0000
-2.3250 16.7550 0.0000 1.0000
5.2050 16.7550 0.0000 1.0000
5.2350 16.7550 0.0000 1.0000
5.2950 16.7550 0.0000 1.0000
-11.3550 16.7250 0.0000 1.0000
-11.2350 16.7250 0.0000 1.0000
-11.1750 16.7250 0.0000 1.0000
-11.1450 16.7250 0.0000 1.0000
-11.1150 16.7250 0.0000 1.0000
-11.0250 16.7250 0.0000 1.0000
-7.1250 16.7250 0.0000 1.0000
-7.0950 16.7250 0.0000 1.0000
-7.0650 16.7250 0.0000 1.0000
5.1750 16.7250 0.0000 1.0000
5.2050 16.7250 0.0000 1.0000
5.2350 16.7250 0.0000 1.0000
-11.3550 16.6950 0.0000 1.0000
-11.2350 16.6950 0.0000 1.0000
-11.2050 16.6950 0.0000 1.0000
-11.1750 16.6950 0.0000 1.0000
-11.1150 16.6950 0.0000 1.0000
-7.1250 16.6950 0.0000 1.0000
-7.0950 16.6950 0.0000 1.0000
-2.3550 16.6950 0.0000 1.0000
5.2050 16.6950 0.0000 1.0000
5.2350 16.6950 0.0000 1.0000
5.2650 16.6950 0.0000 1.0000
5.2950 16.6950 0.0000 1.0000
-11.3250 16.6650 0.0000 1.0000
-11.2650 16.6650 0.0000 1.0000
-11.2050 16.6650 0.0000 1.0000
-11.0250 16.6650 0.0000 1.0000
-7.1550 16.6650 0.0000 1.0000
-7.1250 16.6650 0.0000 1.0000
-7.0950 16.6650 0.0000 1.0000
5.1750 16.6650 0.0000 1.0000
5.2650 16.6650 0.0000 1.0000
-11.4150 16.6350 0.0000 1.0000
-11.3850 16.6350 0.0000 1.0000
-11.3550 16.6350 0.0000 1.0000
-11.3250 16.6350 0.0000 1.0000
-11.2950 16.6350 0.0000 1.0000
-11.2650 16.6350 0.0000 1.0000
-11.2050 16.6350 0.0000 1.0000
-11.1750 16.6350 0.0000 1.0000
-7.1250 16.6350 0.0000 1.0000
-7.0950 16.6350 0.0000 1.0000
-7.0650 16.6350 0.0000 1.0000
5.1750 16.6350 0.0000 1.0000
5.2050 16.6350 0.0000 1.0000
5.2650 16.6350 0.0000 1.0000
5.2950 16.6350 0.0000 1.0000
-11.5350 16.6050 0.0000 1.0000
-11.5050 16.6050 0.0000 1.0000
-11.4150 16.6050 0.0000 1.0000
-11.3850 16.6050 0.0000 1.0000
-11.3550 16.6050 0.0000 1.0000
-11.3250 16.6050 0.0000 1.0000
-11.2950 16.6050 0.0000 1.0000
-11.2650 16.6050 0.0000 1.0000
-11.1150 16.6050 0.0000 1.0000
-7.1250 16.6050 0.0000 1.0000
-7.0950 16.6050 0.0000 1.0000
-7.0650 16.6050 0.0000 1.0000
5.2350 16.6050 0.0000 1.0000
5.2950 16.6050 0.0000 1.0000
-11.5650 16.5750 0.0000 1.0000
-11.5350 16.5750 0.0000 1.0000
-11.4150 16.5750 0.0000 1.0000
-11.3850 16.5750 0.0000 1.0000
-11.3550 16.5750 0.0000 1.0000
-7.1250 16.5750 0.0000 1.0000
-7.0650 16.5750 0.0000 1.0000
5.2350 16.5750 0.0000 1.0000
5.2650 16.5750 0.0000 1.0000
5.2950 16.5750 0.0000 1.0000
-11.5650 16.5450 0.0000 1.0000
-11.4450 16.5450 0.0000 1.0000
-11.3850 16.5450 0.0000 1.0000
-11.3550 16.5450 0.0000 1.0000
-7.1550 16.5450 0.0000 1.0000
-7.1250 16.5450 0.0000 1.0000
-7.0650 16.5450 0.0000 1.0000
5.1150 16.5450 0.0000 1.0000
5.1750 16.5450 0.0000 1.0000
5.2350 16.5450 0.0000 1.0000
5.3250 16.5450 0.0000 1.0000
-11.5350 16.5150 0.0000 1.0000
-11.5050 16.5150 0.0000 1.0000
-11.4750 16.5150 0.0000 1.0000
-11.4450 16.5150 0.0000 1.0000
-11.3850 16.5150 0.0000 1.0000
-11.2650 16.5150 0.0000 1.0000
-7.1550 16.5150 0.0000 1.0000
-7.1250 16.5150 0.0000 1.0000
-7.0950 16.5150 0.0000 1.0000
-7.0650 16.5150 0.0000 1.0000
5.2350 16.5150 0.0000 1.0000
5.2650 16.5150 0.0000 1.0000
5.3250 16.5150 0.0000 1.0000
-11.5650 16.4850 0.0000 1.0000
-11.5350 16.4850 0.0000 1.0000
-11.5050 16.4850 0.0000 1.0000
-11.4450 16.4850 0.0000 1.0000
-11.4150 16.4850 0.0000 1.0000
-11.3850 16.4850 0.0000 1.0000
-9.4050 16.4850 0.0000 1.0000
-9.3750 16.4850 0.0000 1.0000
-7.0950 16.4850 0.0000 1.0000
-7.0650 16.4850 0.0000 1.0000
5.0850 16.4850 0.0000 1.0000
5.1750 16.4850 0.0000 1.0000
5.2050 16.4850 0.0000 1.0000
5.2350 16.4850 0.0000 1.0000
5.2650 16.4850 0.0000 1.0000
-11.5650 16.4550 0.0000 1.0000
-11.5350 16.4550 0.0000 1.0000
-11.5050 16.4550 0.0000 1.0000
-7.1250 16.4550 0.0000 1.0000
-7.0950 16.4550 0.0000 1.0000
4.8750 16.4550 0.0000 1.0000
5.0850 16.4550 0.0000 1.0000
5.1150 16.4550 0.0000 1.0000
5.2050 16.4550 0.0000 1.0000
5.2350 16.4550 0.0000 1.0000
5.2650 16.4550 0.0000 1.0000
5.2950 16.4550 0.0000 1.0000
-11.5950 16.4250 0.0000 1.0000
-11.5650 16.4250 0.0000 1.0000
-11.5350 16.4250 0.0000 1.0000
-9.3450 16.4250 0.0000 1.0000
-7.1250 16.4250 0.0000 1.0000
-7.0950 16.4250 0.0000 1.0000
-7.0650 16.4250 0.0000 1.0000
5.0550 16.4250 0.0000 1.0000
5.2050 16.4250 0.0000 1.0000
5.2950 16.4250 0.0000 1.0000
-11.5950 16.3950 0.0000 1.0000
-11.5650 16.3950 0.0000 1.0000
-11.5350 16.3950 0.0000 1.0000
-7.1850 16.3950 0.0000 1.0000
-7.1550 16.3950 0.0000 1.0000
-7.1250 16.3950 0.0000 1.0000
-7.0950 16.3950 0.0000 1.0000
5.0850 16.3950 0.0000 1.0000
5.2350 16.3950 0.0000 1.0000
5.2650 16.3950 0.0000 1.0000
5.2950 16.3950 0.0000 1.0000
5.3250 16.3950 0.0000 1.0000
-11.5650 16.3650 0.0000 1.0000
-11.5350 16.3650 0.0000 1.0000
-9.3450 16.3650 0.0000 1.0000
-9.2850 16.3650 0.0000 1.0000
-7.1550 16.3650 0.0000 1.0000
-7.1250 16.3650 0.0000 1.0000
5.2650 16.3650 0.0000 1.0000
5.2950 16.3650 0.0000 1.0000
5.3250 16.3650 0.0000 1.0000
5.3850 16.3650 0.0000 1.0000
-11.5950 16.3350 0.0000 1.0000
-11.5650 16.3350 0.0000 1.0000
-11.5350 16.3350 0.0000 1.0000
-9.3150 16.3350 0.0000 1.0000
-7.1850 16.3350 0.0000 1.0000
-7.1550 16.3350 0.0000 1.0000
-7.1250 16.3350 0.0000 1.0000
5.2050 16.3350 0.0000 1.0000
5.2650 16.3350 0.0000 1.0000
5.3250 16.3350 0.0000 1.0000
-11.5650 16.3050 0.0000 1.0000
-11.5350 16.3050 0.0000 1.0000
-7.2150 16.3050 0.0000 1.0000
-7.1850 16.3050 0.0000 1.0000
-7.1550 16.3050 0.0000 1.0000
-7.0950 16.3050 0.0000 1.0000
-7.0650 16.3050 0.0000 1.0000
5.2650 16.3050 0.0000 1.0000
-11.5950 16.2750 0.0000 1.0000
-11.5650 16.2750 0.0000 1.0000
-9.2550 16.2750 0.0000 1.0000
-7.2150 16.2750 0.0000 1.0000
-7.1850 16.2750 0.0000 1.0000
-7.1550 16.2750 0.0000 1.0000
5.2650 16.2750 0.0000 1.0000
5.2950 16.2750 0.0000 1.0000
5.3250 16.2750 0.0000 1.0000
-11.5950 16.2450 0.0000 1.0000
-11.5650 16.2450 0.0000 1.0000
-11.5350 16.2450 0.0000 1.0000
-11.5050 16.2450 0.0000 1.0000
-7.2450 16.2450 0.0000 1.0000
-7.2150 16.2450 0.0000 1.0000
-7.1850 16.2450 0.0000 1.0000
-7.1550 16.2450 0.0000 1.0000
5.2650 16.2450 0.0000 1.0000
5.2950 16.2450 0.0000 1.0000
5.3550 16.2450 0.0000 1.0000
-11.5650 16.2150 0.0000 1.0000
-11.5350 16.2150 0.0000 1.0000
-7.2450 16.2150 0.0000 1.0000
-7.2150 16.2150 0.0000 1.0000
-7.1850 16.2150 0.0000 1.0000
5.2350 16.2150 0.0000 1.0000
5.2650 16.2150 0.0000 1.0000
-11.5950 16.1850 0.0000 1.0000
-11.5650 16.1850 0.0000 1.0000
-11.5350 16.1850 0.0000 1.0000
-7.2450 16.1850 0.0000 1.0000
-7.2150 16.1850 0.0000 1.0000
5.2650 16.1850 0.0000 1.0000
5.3550 16.1850 0.0000 1.0000
-11.5650 16.1550 0.0000 1.0000
-11.5350 16.1550 0.0000 1.0000
-11.5050 16.1550 0.0000 1.0000
-7.2750 16.1550 0.0000 1.0000
-7.2450 16.1550 0.0000 1.0000
-7.2150 16.1550 0.0000 1.0000
5.2650 16.1550 0.0000 1.0000
-11.5650 16.1250 0.0000 1.0000
-7.3650 16.1250 0.0000 1.0000
-7.3050 16.1250 0.0000 1.0000
-7.2750 16.1250 0.0000 1.0000
-7.2450 16.1250 0.0000 1.0000
5.2650 16.1250 0.0000 1.0000
5.3250 16.1250 0.0000 1.0000
-11.5950 16.0950 0.0000 1.0000
-11.5650 16.0950 0.0000 1.0000
-11.5350 16.0950 0.0000 1.0000
-11.5050 16.0950 0.0000 1.0000
-9.1950 16.0950 0.0000 1.0000
-7.3350 16.0950 0.0000 1.0000
-7.3050 16.0950 0.0000 1.0000
-7.2750 16.0950 0.0000 1.0000
-7.2450 16.0950 0.0000 1.0000
5.2350 16.0950 0.0000 1.0000
5.2650 16.0950 0.0000 1.0000
-11.5650 16.0650 0.0000 1.0000
-11.5350 16.0650 0.0000 1.0000
-7.3650 16.0650 0.0000 1.0000
-7.3350 16.0650 0.0000 1.0000
-7.3050 16.0650 0.0000 1.0000
-7.2750 16.0650 0.0000 1.0000
-7.2450 16.0650 0.0000 1.0000
5.2050 16.0650 0.0000 1.0000
5.2650 16.0650 0.0000 1.0000
-11.5950 16.0350 0.0000 1.0000
-11.5650 16.0350 0.0000 1.0000
-11.5350 16.0350 0.0000 1.0000
-11.5050 16.0350 0.0000 1.0000
-7.3950 16.0350 0.0000 1.0000
-7.3650 16.0350 0.0000 1.0000
-7.3350 16.0350 0.0000 1.0000
-7.3050 16.0350 0.0000 1.0000
5.2650 16.0350 0.0000 1.0000
-11.5950 16.0050 0.0000 1.0000
-11.5650 16.0050 0.0000 1.0000
-11.5350 16.0050 0.0000 1.0000
-11.5050 16.0050 0.0000 1.0000
-7.3950 16.0050 0.0000 1.0000
-7.3650 16.0050 0.0000 1.0000
-7.3350 16.0050 0.0000 1.0000
5.2350 16.0050 0.0000 1.0000
5.2650 16.0050 0.0000 1.0000
-11.5650 15.9750 0.0000 1.0000
-11.5350 15.9750 0.0000 1.0000
-7.4250 15.9750 0.0000 1.0000
-7.3950 15.9750 0.0000 1.0000
-7.3650 15.9750 0.0000 1.0000
-7.3350 15.9750 0.0000 1.0000
5.2650 15.9750 0.0000 1.0000
-11.5950 15.9450 0.0000 1.0000
-11.5650 15.9450 0.0000 1.0000
-11.5050 15.9450 0.0000 1.0000
-7.4850 15.9450 0.0000 1.0000
-7.4550 15.9450 0.0000 1.0000
-7.4250 15.9450 0.0000 1.0000
-7.3950 15.9450 0.0000 1.0000
-7.3650 15.9450 0.0000 1.0000
5.2650 15.9450 0.0000 1.0000
5.2950 15.9450 0.0000 1.0000
-11.5950 15.9150 0.0000 1.0000
-11.5350 15.9150 0.0000 1.0000
-11.5050 15.9150 0.0000 1.0000
-7.4850 15.9150 0.0000 1.0000
-7.4550 15.9150 0.0000 1.0000
-7.4250 15.9150 0.0000 1.0000
-7.3650 15.9150 0.0000 1.0000
5.2650 15.9150 0.0000 1.0000
-11.5350 15.8850 0.0000 1.0000
-11.5050 15.8850 0.0000 1.0000
-7.5450 15.8850 0.0000 1.0000
-7.5150 15.8850 0.0000 1.0000
-7.4850 15.8850 0.0000 1.0000
-7.4550 15.8850 0.0000 1.0000
-7.4250 15.8850 0.0000 1.0000
-7.3950 15.8850 0.0000 1.0000
5.2050 15.8850 0.0000 1.0000
5.2350 15.8850 0.0000 1.0000
5.2650 15.8850 0.0000 1.0000
5.2950 15.8850 0.0000 1.0000
-11.5950 15.8550 0.0000 1.0000
-11.5350 15.8550 0.0000 1.0000
-11.4750 15.8550 0.0000 1.0000
-7.5750 15.8550 0.0000 1.0000
-7.5450 15.8550 0.0000 1.0000
-7.5150 15.8550 0.0000 1.0000
-7.4850 15.8550 0.0000 1.0000
-7.4550 15.8550 0.0000 1.0000
-7.4250 15.8550 0.0000 1.0000
5.2650 15.8550 0.0000 1.0000
5.2950 15.8550 0.0000 1.0000
-11.5350 15.8250 0.0000 1.0000
-11.5050 15.8250 0.0000 1.0000
-11.4450 15.8250 0.0000 1.0000
-8.8350 15.8250 0.0000 1.0000
-7.5750 15.8250 0.0000 1.0000
-7.5450 15.8250 0.0000 1.0000
-7.5150 15.8250 0.0000 1.0000
-7.4850 15.8250 0.0000 1.0000
5.2650 15.8250 0.0000 1.0000
5.2950 15.8250 0.0000 1.0000
5.3250 15.8250 0.0000 1.0000
-11.5350 15.7950 0.0000 1.0000
-8.7150 15.7950 0.0000 1.0000
-7.6650 15.7950 0.0000 1.0000
-7.6350 15.7950 0.0000 1.0000
-7.6050 15.7950 0.0000 1.0000
-7.5750 15.7950 0.0000 1.0000
-7.5450 15.7950 0.0000 1.0000
-7.5150 15.7950 0.0000 1.0000
5.2650 15.7950 0.0000 1.0000
5.2950 15.7950 0.0000 1.0000
5.3550 15.7950 0.0000 1.0000
5.8350 15.7950 0.0000 1.0000
5.9850 15.7950 0.0000 1.0000
6.4350 15.7950 0.0000 1.0000
-11.4150 15.7650 0.0000 1.0000
-8.7450 15.7650 0.0000 1.0000
-7.6950 15.7650 0.0000 1.0000
-7.6650 15.7650 0.0000 1.0000
-7.6350 15.7650 0.0000 1.0000
-7.6050 15.7650 0.0000 1.0000
-7.5750 15.7650 0.0000 1.0000
-7.5450 15.7650 0.0000 1.0000
5.2650 15.7650 0.0000 1.0000
5.2950 15.7650 0.0000 1.0000
5.3250 15.7650 0.0000 1.0000
5.3550 15.7650 0.0000 1.0000
5.4150 15.7650 0.0000 1.0000
5.4750 15.7650 0.0000 1.0000
5.5050 15.7650 0.0000 1.0000
5.5950 15.7650 0.0000 1.0000
5.6250 15.7650 0.0000 1.0000
5.7150 15.7650 0.0000 1.0000
5.9850 15.7650 0.0000 1.0000
6.0150 15.7650 0.0000 1.0000
6.1350 15.7650 0.0000 1.0000
6.3150 15.7650 0.0000 1.0000
6.4350 15.7650 0.0000 1.0000
7.4850 15.7650 0.0000 1.0000
-11.4750 15.7350 0.0000 1.0000
-11.4150 15.7350 0.0000 1.0000
-8.6850 15.7350 0.0000 1.0000
-8.6250 15.7350 0.0000 1.0000
-7.7850 15.7350 0.0000 1.0000
-7.7550 15.7350 0.0000 1.0000
-7.7250 15.7350 0.0000 1.0000
-7.6950 15.7350 0.0000 1.0000
-7.6650 15.7350 0.0000 1.0000
-7.6350 15.7350 0.0000 1.0000
-7.6050 15.7350 0.0000 1.0000
5.2350 15.7350 0.0000 1.0000
5.2950 15.7350 0.0000 1.0000
5.3250 15.7350 0.0000 1.0000
5.3550 15.7350 0.0000 1.0000
5.4150 15.7350 0.0000 1.0000
5.5650 15.7350 0.0000 1.0000
5.6550 15.7350 0.0000 1.0000
5.7150 15.7350 0.0000 1.0000
5.8350 15.7350 0.0000 1.0000
5.8950 15.7350 0.0000 1.0000
5.9550 15.7350 0.0000 1.0000
6.0750 15.7350 0.0000 1.0000
6.2550 15.7350 0.0000 1.0000
6.3450 15.7350 0.0000 1.0000
6.4350 15.7350 0.0000 1.0000
6.5250 15.7350 0.0000 1.0000
6.5850 15.7350 0.0000 1.0000
7.1250 15.7350 0.0000 1.0000
7.1850 15.7350 0.0000 1.0000
7.3950 15.7350 0.0000 1.0000
-8.6250 15.7050 0.0000 1.0000
-8.5650 15.7050 0.0000 1.0000
-7.8450 15.7050 0.0000 1.0000
-7.8150 15.7050 0.0000 1.0000
-7.7850 15.7050 0.0000 1.0000
-7.7550 15.7050 0.0000 1.0000
-7.7250 15.7050 0.0000 1.0000
-7.6950 15.7050 0.0000 1.0000
-7.6650 15.7050 0.0000 1.0000
-7.6350 15.7050 0.0000 1.0000
-7.6050 15.7050 0.0000 1.0000
5.3250 15.7050 0.0000 1.0000
5.3550 15.7050 0.0000 1.0000
5.3850 15.7050 0.0000 1.0000
5.5650 15.7050 0.0000 1.0000
5.6850 15.7050 0.0000 1.0000
5.7150 15.7050 0.0000 1.0000
5.7450 15.7050 0.0000 1.0000
5.7750 15.7050 0.0000 1.0000
5.9850 15.7050 0.0000 1.0000
6.1050 15.7050 0.0000 1.0000
6.1650 15.7050 0.0000 1.0000
6.2550 15.7050 0.0000 1.0000
6.3450 15.7050 0.0000 1.0000
6.4050 15.7050 0.0000 1.0000
6.4350 15.7050 0.0000 1.0000
6.5850 15.7050 0.0000 1.0000
6.6450 15.7050 0.0000 1.0000
6.7350 15.7050 0.0000 1.0000
6.7950 15.7050 0.0000 1.0000
6.8250 15.7050 0.0000 1.0000
6.8550 15.7050 0.0000 1.0000
6.8850 15.7050 0.0000 1.0000
6.9150 15.7050 0.0000 1.0000
6.9750 15.7050 0.0000 1.0000
7.0050 15.7050 0.0000 1.0000
7.0350 15.7050 0.0000 1.0000
7.0950 15.7050 0.0000 1.0000
7.1550 15.7050 0.0000 1.0000
7.2150 15.7050 0.0000 1.0000
7.2750 15.7050 0.0000 1.0000
7.3050 15.7050 0.0000 1.0000
7.3650 15.7050 0.0000 1.0000
7.3950 15.7050 0.0000 1.0000
7.6350 15.7050 0.0000 1.0000
7.6950 15.7050 0.0000 1.0000
7.7550 15.7050 0.0000 1.0000
7.9050 15.7050 0.0000 1.0000
8.0250 15.7050 0.0000 1.0000
8.0550 15.7050 0.0000 1.0000
8.0850 15.7050 0.0000 1.0000
-11.3550 15.6750 0.0000 1.0000
-11.3250 15.6750 0.0000 1.0000
-11.0850 15.6750 0.0000 1.0000
-8.4750 15.6750 0.0000 1.0000
-8.4450 15.6750 0.0000 1.0000
-8.4150 15.6750 0.0000 1.0000
-8.0550 15.6750 0.0000 1.0000
-7.9950 15.6750 0.0000 1.0000
-7.9650 15.6750 0.0000 1.0000
-7.9350 15.6750 0.0000 1.0000
-7.9050 15.6750 0.0000 1.0000
-7.8750 15.6750 0.0000 1.0000
-7.8450 15.6750 0.0000 1.0000
-7.8150 15.6750 0.0000 1.0000
-7.7850 15.6750 0.0000 1.0000
-7.7550 15.6750 0.0000 1.0000
-7.7250 15.6750 0.0000 1.0000
-7.6950 15.6750 0.0000 1.0000
5.3250 15.6750 0.0000 1.0000
5.3550 15.6750 0.0000 1.0000
5.3850 15.6750 0.0000 1.0000
5.4750 15.6750 0.0000 1.0000
5.5950 15.6750 0.0000 1.0000
5.7750 15.6750 0.0000 1.0000
5.9550 15.6750 0.0000 1.0000
5.9850 15.6750 0.0000 1.0000
6.0450 15.6750 0.0000 1.0000
6.0750 15.6750 0.0000 1.0000
6.1050 15.6750 0.0000 1.0000
6.1950 15.6750 0.0000 1.0000
6.2250 15.6750 0.0000 1.0000
6.2550 15.6750 0.0000 1.0000
6.3750 15.6750 0.0000 1.0000
6.4050 15.6750 0.0000 1.0000
6.4350 15.6750 0.0000 1.0000
6.4650 15.6750 0.0000 1.0000
6.5250 15.6750 0.0000 1.0000
6.5850 15.6750 0.0000 1.0000
6.6150 15.6750 0.0000 1.0000
6.6450 15.6750 0.0000 1.0000
6.6750 15.6750 0.0000 1.0000
6.7050 15.6750 0.0000 1.0000
6.7350 15.6750 0.0000 1.0000
6.7650 15.6750 0.0000 1.0000
6.7950 15.6750 0.0000 1.0000
6.9150 15.6750 0.0000 1.0000
6.9450 15.6750 0.0000 1.0000
6.9750 15.6750 0.0000 1.0000
7.0050 15.6750 0.0000 1.0000
7.0350 15.6750 0.0000 1.0000
7.0950 15.6750 0.0000 1.0000
7.1550 15.6750 0.0000 1.0000
7.2150 15.6750 0.0000 1.0000
7.3050 15.6750 0.0000 1.0000
7.3650 15.6750 0.0000 1.0000
7.3950 15.6750 0.0000 1.0000
7.4550 15.6750 0.0000 1.0000
7.6050 15.6750 0.0000 1.0000
7.8150 15.6750 0.0000 1.0000
7.8750 15.6750 0.0000 1.0000
7.9050 15.6750 0.0000 1.0000
7.9350 15.6750 0.0000 1.0000
7.9650 15.6750 0.0000 1.0000
8.1150 15.6750 0.0000 1.0000
8.3550 15.6750 0.0000 1.0000
-11.3850 15.6450 0.0000 1.0000
-11.2950 15.6450 0.0000 1.0000
-8.5650 15.6450 0.0000 1.0000
-8.4750 15.6450 0.0000 1.0000
-8.4450 15.6450 0.0000 1.0000
-8.4150 15.6450 0.0000 1.0000
-8.3850 15.6450 0.0000 1.0000
-8.3550 15.6450 0.0000 1.0000
-8.3250 15.6450 0.0000 1.0000
-8.2650 15.6450 0.0000 1.0000
-8.2050 15.6450 0.0000 1.0000
-8.1750 15.6450 0.0000 1.0000
-8.1150 15.6450 0.0000 1.0000
-8.0850 15.6450 0.0000 1.0000
-8.0550 15.6450 0.0000 1.0000
-8.0250 15.6450 0.0000 1.0000
-7.9950 15.6450 0.0000 1.0000
-7.9650 15.6450 0.0000 1.0000
-7.9050 15.6450 0.0000 1.0000
-7.8750 15.6450 0.0000 1.0000
-7.8450 15.6450 0.0000 1.0000
-7.8150 15.6450 0.0000 1.0000
-7.7850 15.6450 0.0000 1.0000
-7.7550 15.6450 0.0000 1.0000
-7.7250 15.6450 0.0000 1.0000
5.3550 15.6450 0.0000 1.0000
5.3850 15.6450 0.0000 1.0000
5.4150 15.6450 0.0000 1.0000
5.4450 15.6450 0.0000 1.0000
5.5350 15.6450 0.0000 1.0000
5.5950 15.6450 0.0000 1.0000
5.6250 15.6450 0.0000 1.0000
5.6550 15.6450 0.0000 1.0000
5.6850 15.6450 0.0000 1.0000
5.7450 15.6450 0.0000 1.0000
5.7750 15.6450 0.0000 1.0000
5.8050 15.6450 0.0000 1.0000
5.8350 15.6450 0.0000 1.0000
5.8950 15.6450 0.0000 1.0000
5.9250 15.6450 0.0000 1.0000
5.9550 15.6450 0.0000 1.0000
5.9850 15.6450 0.0000 1.0000
6.0150 15.6450 0.0000 1.0000
6.0450 15.6450 0.0000 1.0000
6.0750 15.6450 0.0000 1.0000
6.1050 15.6450 0.0000 1.0000
6.1350 15.6450 0.0000 1.0000
6.1650 15.6450 0.0000 1.0000
6.1950 15.6450 0.0000 1.0000
6.2250 15.6450 0.0000 1.0000
6.2550 15.6450 0.0000 1.0000
6.2850 15.6450 0.0000 1.0000
6.3150 15.6450 0.0000 1.0000
6.3450 15.6450 0.0000 1.0000
6.3750 15.6450 0.0000 1.0000
6.4050 15.6450 0.0000 1.0000
6.4350 15.6450 0.0000 1.0000
6.4950 15.6450 0.0000 1.0000
6.5250 15.6450 0.0000 1.0000
6.5550 15.6450 0.0000 1.0000
6.5850 15.6450 0.0000 1.0000
6.6150 15.6450 0.0000 1.0000
6.7350 15.6450 0.0000 1.0000
6.9750 15.6450 0.0000 1.0000
7.0350 15.6450 0.0000 1.0000
7.0650 15.6450 0.0000 1.0000
7.0950 15.6450 0.0000 1.0000
7.1250 15.6450 0.0000 1.0000
7.1550 15.6450 0.0000 1.0000
7.2150 15.6450 0.0000 1.0000
7.2450 15.6450 0.0000 1.0000
7.3050 15.6450 0.0000 1.0000
7.4250 15.6450 0.0000 1.0000
7.4850 15.6450 0.0000 1.0000
7.5150 15.6450 0.0000 1.0000
7.5450 15.6450 0.0000 1.0000
7.5750 15.6450 0.0000 1.0000
7.6050 15.6450 0.0000 1.0000
7.6350 15.6450 0.0000 1.0000
7.6650 15.6450 0.0000 1.0000
7.6950 15.6450 0.0000 1.0000
7.7250 15.6450 0.0000 1.0000
7.7550 15.6450 0.0000 1.0000
7.8150 15.6450 0.0000 1.0000
7.8450 15.6450 0.0000 1.0000
7.8750 15.6450 0.0000 1.0000
7.9650 15.6450 0.0000 1.0000
8.0250 15.6450 0.0000 1.0000
8.1150 15.6450 0.0000 1.0000
8.1450 15.6450 0.0000 1.0000
8.1750 15.6450 0.0000 1.0000
8.2350 15.6450 0.0000 1.0000
8.3550 15.6450 0.0000 1.0000
8.3850 15.6450 0.0000 1.0000
8.4150 15.6450 0.0000 1.0000
8.7450 15.6450 0.0000 1.0000
9.1950 15.6450 0.0000 1.0000
-11.3550 15.6150 0.0000 1.0000
-11.2350 15.6150 0.0000 1.0000
-8.4750 15.6150 0.0000 1.0000
-8.4150 15.6150 0.0000 1.0000
-8.3850 15.6150 0.0000 1.0000
-8.3550 15.6150 0.0000 1.0000
-8.2650 15.6150 0.0000 1.0000
-8.2350 15.6150 0.0000 1.0000
-8.2050 15.6150 0.0000 1.0000
-8.1750 15.6150 0.0000 1.0000
-8.1450 15.6150 0.0000 1.0000
-8.1150 15.6150 0.0000 1.0000
-8.0850 15.6150 0.0000 1.0000
-7.9950 15.6150 0.0000 1.0000
-7.9650 15.6150 0.0000 1.0000
-7.9350 15.6150 0.0000 1.0000
-7.9050 15.6150 0.0000 1.0000
-7.8750 15.6150 0.0000 1.0000
-7.8450 15.6150 0.0000 1.0000
-7.8150 15.6150 0.0000 1.0000
5.3250 15.6150 0.0000 1.0000
5.3550 15.6150 0.0000 1.0000
5.3850 15.6150 0.0000 1.0000
5.4150 15.6150 0.0000 1.0000
5.4450 15.6150 0.0000 1.0000
5.4750 15.6150 0.0000 1.0000
5.5050 15.6150 0.0000 1.0000
5.5350 15.6150 0.0000 1.0000
5.5650 15.6150 0.0000 1.0000
5.5950 15.6150 0.0000 1.0000
5.6250 15.6150 0.0000 1.0000
5.6550 15.6150 0.0000 1.0000
5.6850 15.6150 0.0000 1.0000
5.7150 15.6150 0.0000 1.0000
5.7450 15.6150 0.0000 1.0000
5.7750 15.6150 0.0000 1.0000
5.8050 15.6150 0.0000 1.0000
5.8350 15.6150 0.0000 1.0000
5.8650 15.6150 0.0000 1.0000
5.8950 15.6150 0.0000 1.0000
5.9550 15.6150 0.0000 1.0000
5.9850 15.6150 0.0000 1.0000
6.0150 15.6150 0.0000 1.0000
6.0450 15.6150 0.0000 1.0000
6.0750 15.6150 0.0000 1.0000
6.1950 15.6150 0.0000 1.0000
6.2250 15.6150 0.0000 1.0000
6.2550 15.6150 0.0000 1.0000
6.3150 15.6150 0.0000 1.0000
6.3750 15.6150 0.0000 1.0000
6.4050 15.6150 0.0000 1.0000
6.4650 15.6150 0.0000 1.0000
6.5550 15.6150 0.0000 1.0000
6.6150 15.6150 0.0000 1.0000
6.9750 15.6150 0.0000 1.0000
7.0650 15.6150 0.0000 1.0000
7.1250 15.6150 0.0000 1.0000
7.1850 15.6150 0.0000 1.0000
7.2750 15.6150 0.0000 1.0000
7.3050 15.6150 0.0000 1.0000
7.3650 15.6150 0.0000 1.0000
7.4250 15.6150 0.0000 1.0000
7.4550 15.6150 0.0000 1.0000
7.4850 15.6150 0.0000 1.0000
7.5450 15.6150 0.0000 1.0000
7.6050 15.6150 0.0000 1.0000
7.6350 15.6150 0.0000 1.0000
7.6650 15.6150 0.0000 1.0000
7.6950 15.6150 0.0000 1.0000
7.7550 15.6150 0.0000 1.0000
7.7850 15.6150 0.0000 1.0000
7.8150 15.6150 0.0000 1.0000
7.9650 15.6150 0.0000 1.0000
7.9950 15.6150 0.0000 1.0000
8.0550 15.6150 0.0000 1.0000
8.0850 15.6150 0.0000 1.0000
8.1450 15.6150 0.0000 1.0000
8.1750 15.6150 0.0000 1.0000
8.3850 15.6150 0.0000 1.0000
8.4150 15.6150 0.0000 1.0000
8.4450 15.6150 0.0000 1.0000
8.4750 15.6150 0.0000 1.0000
8.5050 15.6150 0.0000 1.0000
8.5350 15.6150 0.0000 1.0000
8.5950 15.6150 0.0000 1.0000
8.6550 15.6150 0.0000 1.0000
8.6850 15.6150 0.0000 1.0000
8.7750 15.6150 0.0000 1.0000
8.8350 15.6150 0.0000 1.0000
8.9550 15.6150 0.0000 1.0000
9.0450 15.6150 0.0000 1.0000
9.1050 15.6150 0.0000 1.0000
9.1650 15.6150 0.0000 1.0000
9.2550 15.6150 0.0000 1.0000
9.3150 15.6150 0.0000 1.0000
9.3450 15.6150 0.0000 1.0000
9.4350 15.6150 0.0000 1.0000
9.5850 15.6150 0.0000 1.0000
9.7050 15.6150 0.0000 1.0000
9.8250 15.6150 0.0000 1.0000
10.3650 15.6150 0.0000 1.0000
10.4850 15.6150 0.0000 1.0000
10.6050 15.6150 0.0000 1.0000
-11.3550 15.5850 0.0000 1.0000
-11.2650 15.5850 0.0000 1.0000
-11.1450 15.5850 0.0000 1.0000
-8.2950 15.5850 0.0000 1.0000
-8.2350 15.5850 0.0000 1.0000
-8.2050 15.5850 0.0000 1.0000
-8.1450 15.5850 0.0000 1.0000
-8.1150 15.5850 0.0000 1.0000
-8.0850 15.5850 0.0000 1.0000
-8.0550 15.5850 0.0000 1.0000
-8.0250 15.5850 0.0000 1.0000
-7.9950 15.5850 0.0000 1.0000
-7.9650 15.5850 0.0000 1.0000
-7.9350 15.5850 0.0000 1.0000
-7.9050 15.5850 0.0000 1.0000
5.3550 15.5850 0.0000 1.0000
5.3850 15.5850 0.0000 1.0000
5.4450 15.5850 0.0000 1.0000
5.4750 15.5850 0.0000 1.0000
5.5350 15.5850 0.0000 1.0000
5.5950 15.5850 0.0000 1.0000
5.6250 15.5850 0.0000 1.0000
5.6550 15.5850 0.0000 1.0000
5.6850 15.5850 0.0000 1.0000
5.7150 15.5850 0.0000 1.0000
5.7450 15.5850 0.0000 1.0000
5.7750 15.5850 0.0000 1.0000
5.8050 15.5850 0.0000 1.0000
5.8350 15.5850 0.0000 1.0000
5.8650 15.5850 0.0000 1.0000
5.8950 15.5850 0.0000 1.0000
5.9250 15.5850 0.0000 1.0000
5.9550 15.5850 0.0000 1.0000
6.0150 15.5850 0.0000 1.0000
6.0750 15.5850 0.0000 1.0000
6.1050 15.5850 0.0000 1.0000
6.3150 15.5850 0.0000 1.0000
6.3450 15.5850 0.0000 1.0000
6.4350 15.5850 0.0000 1.0000
6.4950 15.5850 0.0000 1.0000
6.5250 15.5850 0.0000 1.0000
6.6150 15.5850 0.0000 1.0000
6.6450 15.5850 0.0000 1.0000
6.6750 15.5850 0.0000 1.0000
6.7350 15.5850 0.0000 1.0000
6.7950 15.5850 0.0000 1.0000
6.9450 15.5850 0.0000 1.0000
6.9750 15.5850 0.0000 1.0000
7.1550 15.5850 0.0000 1.0000
7.2450 15.5850 0.0000 1.0000
7.3050 15.5850 0.0000 1.0000
7.3350 15.5850 0.0000 1.0000
7.8750 15.5850 0.0000 1.0000
8.3850 15.5850 0.0000 1.0000
8.4450 15.5850 0.0000 1.0000
8.5050 15.5850 0.0000 1.0000
8.5650 15.5850 0.0000 1.0000
8.6550 15.5850 0.0000 1.0000
8.8050 15.5850 0.0000 1.0000
8.8650 15.5850 0.0000 1.0000
8.9250 15.5850 0.0000 1.0000
8.9550 15.5850 0.0000 1.0000
9.1350 15.5850 0.0000 1.0000
9.1950 15.5850 0.0000 1.0000
9.3150 15.5850 0.0000 1.0000
9.3450 15.5850 0.0000 1.0000
9.4350 15.5850 0.0000 1.0000
9.5250 15.5850 0.0000 1.0000
9.5550 15.5850 0.0000 1.0000
9.6150 15.5850 0.0000 1.0000
9.7050 15.5850 0.0000 1.0000
9.8250 15.5850 0.0000 1.0000
9.8550 15.5850 0.0000 1.0000
9.9150 15.5850 0.0000 1.0000
9.9750 15.5850 0.0000 1.0000
10.0950 15.5850 0.0000 1.0000
10.1250 15.5850 0.0000 1.0000
10.4850 15.5850 0.0000 1.0000
10.6350 15.5850 0.0000 1.0000
11.0550 15.5850 0.0000 1.0000
-11.3250 15.5550 0.0000 1.0000
-11.2650 15.5550 0.0000 1.0000
-11.0850 15.5550 0.0000 1.0000
-8.2350 15.5550 0.0000 1.0000
-8.1450 15.5550 0.0000 1.0000
9.6150 15.5550 0.0000 1.0000
9.7350 15.5550 0.0000 1.0000
9.9450 15.5550 0.0000 1.0000
10.0350 15.5550 0.0000 1.0000
10.0950 15.5550 0.0000 1.0000
10.1250 15.5550 0.0000 1.0000
10.6350 15.5550 0.0000 1.0000
11.0250 15.5550 0.0000 1.0000
11.0850 15.5550 0.0000 1.0000
-11.3550 15.5250 0.0000 1.0000
-11.3250 15.5250 0.0000 1.0000
-11.2950 15.5250 0.0000 1.0000
-11.0850 15.5250 0.0000 1.0000
9.6150 15.5250 0.0000 1.0000
9.7350 15.5250 0.0000 1.0000
10.6350 15.5250 0.0000 1.0000
11.0250 15.5250 0.0000 1.0000
11.0850 15.5250 0.0000 1.0000
-11.2950 15.4950 0.0000 1.0000
-11.0550 15.4950 0.0000 1.0000
10.1550 15.4950 0.0000 1.0000
10.6350 15.4950 0.0000 1.0000
-11.3250 15.4650 0.0000 1.0000
-11.2650 15.4650 0.0000 1.0000
-11.0850 15.4650 0.0000 1.0000
-11.0550 15.4650 0.0000 1.0000
-10.9950 15.4650 0.0000 1.0000
11.0250 15.4650 0.0000 1.0000
11.0850 15.4650 0.0000 1.0000
-11.3250 15.4350 0.0000 1.0000
-11.2950 15.4350 0.0000 1.0000
-11.0850 15.4350 0.0000 1.0000
11.0250 15.4350 0.0000 1.0000
-11.2950 15.4050 0.0000 1.0000
-11.0550 15.4050 0.0000 1.0000
-11.3250 15.3750 0.0000 1.0000
-11.2350 15.3750 0.0000 1.0000
-11.0850 15.3750 0.0000 1.0000
11.3550 15.3750 0.0000 1.0000
-11.2950 15.3450 0.0000 1.0000
-11.2350 15.3450 0.0000 1.0000
-11.1150 15.3450 0.0000 1.0000
-11.0850 15.3450 0.0000 1.0000
11.3850 15.3450 0.0000 1.0000
-11.2950 15.3150 0.0000 1.0000
-11.2350 15.3150 0.0000 1.0000
-11.1150 15.3150 0.0000 1.0000
-11.0250 15.3150 0.0000 1.0000
11.3850 15.3150 0.0000 1.0000
-11.4450 15.2850 0.0000 1.0000
-11.3250 15.2850 0.0000 1.0000
-11.2050 15.2850 0.0000 1.0000
-11.0850 15.2850 0.0000 1.0000
-10.9950 15.2850 0.0000 1.0000
-11.4750 15.2550 0.0000 1.0000
-11.3250 15.2550 0.0000 1.0000
-11.2950 15.2550 0.0000 1.0000
-11.2350 15.2550 0.0000 1.0000
-11.1150 15.2550 0.0000 1.0000
-11.0850 15.2550 0.0000 1.0000
-11.0550 15.2550 0.0000 1.0000
11.3850 15.2550 0.0000 1.0000
-11.4750 15.2250 0.0000 1.0000
-11.3850 15.2250 0.0000 1.0000
-11.3550 15.2250 0.0000 1.0000
-11.3250 15.2250 0.0000 1.0000
-11.2350 15.2250 0.0000 1.0000
-11.2050 15.2250 0.0000 1.0000
-11.0550 15.2250 0.0000 1.0000
-11.5050 15.1950 0.0000 1.0000
-11.4750 15.1950 0.0000 1.0000
-11.4450 15.1950 0.0000 1.0000
-11.3550 15.1950 0.0000 1.0000
-11.2350 15.1950 0.0000 1.0000
-11.1150 15.1950 0.0000 1.0000
-11.0850 15.1950 0.0000 1.0000
10.2450 15.1950 0.0000 1.0000
-11.5350 15.1650 0.0000 1.0000
-11.5050 15.1650 0.0000 1.0000
-11.3250 15.1650 0.0000 1.0000
-11.2950 15.1650 0.0000 1.0000
-11.0850 15.1650 0.0000 1.0000
10.0950 15.1650 0.0000 1.0000
16.1850 15.1650 0.0000 1.0000
-11.5350 15.1350 0.0000 1.0000
-11.5050 15.1350 0.0000 1.0000
-11.4450 15.1350 0.0000 1.0000
-11.3850 15.1350 0.0000 1.0000
-11.2050 15.1350 0.0000 1.0000
-11.0850 15.1350 0.0000 1.0000
16.2150 15.1350 0.0000 1.0000
-11.5350 15.1050 0.0000 1.0000
-11.2650 15.1050 0.0000 1.0000
-11.2350 15.1050 0.0000 1.0000
10.0950 15.1050 0.0000 1.0000
10.6650 15.1050 0.0000 1.0000
16.2750 15.1050 0.0000 1.0000
-11.5650 15.0750 0.0000 1.0000
-11.5350 15.0750 0.0000 1.0000
-11.4750 15.0750 0.0000 1.0000
10.6650 15.0750 0.0000 1.0000
16.2450 15.0750 0.0000 1.0000
16.2750 15.0750 0.0000 1.0000
-11.5650 15.0450 0.0000 1.0000
-11.4750 15.0450 0.0000 1.0000
10.6650 15.0450 0.0000 1.0000
-11.5650 15.0150 0.0000 1.0000
-11.5350 15.0150 0.0000 1.0000
-11.4750 15.0150 0.0000 1.0000
16.3050 15.0150 0.0000 1.0000
-11.5650 14.9850 0.0000 1.0000
-11.4750 14.9850 0.0000 1.0000
-11.5950 14.9550 0.0000 1.0000
-11.5650 14.9550 0.0000 1.0000
-11.5350 14.9550 0.0000 1.0000
16.2750 14.9550 0.0000 1.0000
-11.5950 14.9250 0.0000 1.0000
-11.5650 14.9250 0.0000 1.0000
-11.5350 14.9250 0.0000 1.0000
-11.5050 14.9250 0.0000 1.0000
16.3050 14.9250 0.0000 1.0000
-11.5950 14.8950 0.0000 1.0000
-11.5650 14.8950 0.0000 1.0000
-11.5350 14.8950 0.0000 1.0000
-11.5050 14.8950 0.0000 1.0000
16.3350 14.8950 0.0000 1.0000
-11.5650 14.8650 0.0000 1.0000
-11.5350 14.8650 0.0000 1.0000
-11.5050 14.8650 0.0000 1.0000
16.3350 14.8650 0.0000 1.0000
16.4250 14.8650 0.0000 1.0000
-11.5950 14.8350 0.0000 1.0000
-11.5650 14.8350 0.0000 1.0000
-11.5350 14.8350 0.0000 1.0000
16.3650 14.8350 0.0000 1.0000
16.4550 14.8350 0.0000 1.0000
-11.5950 14.8050 0.0000 1.0000
-11.5650 14.8050 0.0000 1.0000
-11.5350 14.8050 0.0000 1.0000
16.4550 14.8050 0.0000 1.0000
-11.6250 14.7750 0.0000 1.0000
-11.5950 14.7750 0.0000 1.0000
-11.5650 14.7750 0.0000 1.0000
-11.5350 14.7750 0.0000 1.0000
-11.5950 14.7450 0.0000 1.0000
-11.5350 14.7450 0.0000 1.0000
-11.6250 14.7150 0.0000 1.0000
-11.5350 14.7150 0.0000 1.0000
-11.6250 14.6850 0.0000 1.0000
-11.5650 14.6850 0.0000 1.0000
-11.5350 14.6850 0.0000 1.0000
-11.6250 14.6550 0.0000 1.0000
-11.5650 14.6550 0.0000 1.0000
-11.5350 14.6550 0.0000 1.0000
-11.5050 14.6550 0.0000 1.0000
-11.5650 14.6250 0.0000 1.0000
-11.5350 14.6250 0.0000 1.0000
-11.5050 14.6250 0.0000 1.0000
-11.5950 14.5950 0.0000 1.0000
-11.5650 14.5950 0.0000 1.0000
-11.5350 14.5950 0.0000 1.0000
-11.5050 14.5950 0.0000 1.0000
12.7950 14.5950 0.0000 1.0000
-11.5950 14.5650 0.0000 1.0000
-11.5650 14.5650 0.0000 1.0000
-11.5350 14.5650 0.0000 1.0000
-11.5050 14.5650 0.0000 1.0000
-11.5650 14.5350 0.0000 1.0000
-11.5350 14.5350 0.0000 1.0000
-11.5050 14.5350 0.0000 1.0000
12.7050 14.5350 0.0000 1.0000
-11.5950 14.5050 0.0000 1.0000
-11.5350 14.5050 0.0000 1.0000
-11.4450 14.5050 0.0000 1.0000
12.5550 14.5050 0.0000 1.0000
-11.5650 14.4750 0.0000 1.0000
-11.5350 14.4750 0.0000 1.0000
12.4050 14.4750 0.0000 1.0000
-11.5950 14.4150 0.0000 1.0000
-11.4750 14.4150 0.0000 1.0000
-11.4150 14.4150 0.0000 1.0000
7.2150 14.4150 0.0000 1.0000
7.2750 14.4150 0.0000 1.0000
12.4050 14.4150 0.0000 1.0000
-11.5350 14.3850 0.0000 1.0000
-11.2350 14.3850 0.0000 1.0000
7.1850 14.3850 0.0000 1.0000
7.2150 14.3850 0.0000 1.0000
12.3450 14.3850 0.0000 1.0000
16.5150 14.3850 0.0000 1.0000
-11.3250 14.3550 0.0000 1.0000
-11.1750 14.3550 0.0000 1.0000
-11.1450 14.3550 0.0000 1.0000
7.1250 14.3550 0.0000 1.0000
7.1550 14.3550 0.0000 1.0000
12.3150 14.3550 0.0000 1.0000
16.5150 14.3550 0.0000 1.0000
-11.3550 14.3250 0.0000 1.0000
-11.3250 14.3250 0.0000 1.0000
-11.2350 14.3250 0.0000 1.0000
-11.0850 14.3250 0.0000 1.0000
7.0950 14.3250 0.0000 1.0000
7.1250 14.3250 0.0000 1.0000
16.5450 14.3250 0.0000 1.0000
-11.4150 14.2950 0.0000 1.0000
-11.2950 14.2950 0.0000 1.0000
-11.0850 14.2950 0.0000 1.0000
7.0650 14.2950 0.0000 1.0000
7.0950 14.2950 0.0000 1.0000
12.2550 14.2950 0.0000 1.0000
-11.3250 14.2650 0.0000 1.0000
-11.2950 14.2650 0.0000 1.0000
-11.1150 14.2650 0.0000 1.0000
-11.0850 14.2650 0.0000 1.0000
5.0250 14.2650 0.0000 1.0000
7.0350 14.2650 0.0000 1.0000
7.0650 14.2650 0.0000 1.0000
12.1950 14.2650 0.0000 1.0000
16.5450 14.2650 0.0000 1.0000
-11.3250 14.2350 0.0000 1.0000
-11.2050 14.2350 0.0000 1.0000
-11.1150 14.2350 0.0000 1.0000
-11.0850 14.2350 0.0000 1.0000
7.0050 14.2350 0.0000 1.0000
12.1350 14.2350 0.0000 1.0000
16.1250 14.2350 0.0000 1.0000
16.2150 14.2350 0.0000 1.0000
-11.2950 14.2050 0.0000 1.0000
-11.1750 14.2050 0.0000 1.0000
-11.1150 14.2050 0.0000 1.0000
6.9750 14.2050 0.0000 1.0000
16.2750 14.2050 0.0000 1.0000
-11.3250 14.1750 0.0000 1.0000
-11.2950 14.1750 0.0000 1.0000
-11.1450 14.1750 0.0000 1.0000
-11.1150 14.1750 0.0000 1.0000
6.9450 14.1750 0.0000 1.0000
12.1350 14.1750 0.0000 1.0000
-11.3550 14.1450 0.0000 1.0000
-11.2950 14.1450 0.0000 1.0000
-11.1750 14.1450 0.0000 1.0000
-11.1150 14.1450 0.0000 1.0000
-11.0850 14.1450 0.0000 1.0000
6.9150 14.1450 0.0000 1.0000
6.9450 14.1450 0.0000 1.0000
12.1350 14.1450 0.0000 1.0000
16.2450 14.1450 0.0000 1.0000
-11.3550 14.1150 0.0000 1.0000
-11.1750 14.1150 0.0000 1.0000
-11.0850 14.1150 0.0000 1.0000
5.0250 14.1150 0.0000 1.0000
6.8850 14.1150 0.0000 1.0000
6.9150 14.1150 0.0000 1.0000
16.2450 14.1150 0.0000 1.0000
-11.2650 14.0850 0.0000 1.0000
-11.2050 14.0850 0.0000 1.0000
-11.0550 14.0850 0.0000 1.0000
5.0250 14.0850 0.0000 1.0000
6.8550 14.0850 0.0000 1.0000
6.8850 14.0850 0.0000 1.0000
12.1350 14.0850 0.0000 1.0000
-11.3850 14.0550 0.0000 1.0000
-11.3550 14.0550 0.0000 1.0000
-11.2350 14.0550 0.0000 1.0000
-11.1150 14.0550 0.0000 1.0000
-11.0850 14.0550 0.0000 1.0000
-11.0550 14.0550 0.0000 1.0000
6.8550 14.0550 0.0000 1.0000
6.8850 14.0550 0.0000 1.0000
12.1050 14.0550 0.0000 1.0000
-11.3850 14.0250 0.0000 1.0000
-11.2350 14.0250 0.0000 1.0000
-11.2050 14.0250 0.0000 1.0000
-11.1450 14.0250 0.0000 1.0000
-11.1150 14.0250 0.0000 1.0000
-11.0850 14.0250 0.0000 1.0000
6.8250 14.0250 0.0000 1.0000
6.8550 14.0250 0.0000 1.0000
6.8850 14.0250 0.0000 1.0000
16.1850 14.0250 0.0000 1.0000
-11.2350 13.9950 0.0000 1.0000
-11.1150 13.9950 0.0000 1.0000
6.8250 13.9950 0.0000 1.0000
6.8550 13.9950 0.0000 1.0000
12.0750 13.9950 0.0000 1.0000
16.1850 13.9950 0.0000 1.0000
-11.3250 13.9650 0.0000 1.0000
-11.2350 13.9650 0.0000 1.0000
-11.2050 13.9650 0.0000 1.0000
-11.1450 13.9650 0.0000 1.0000
6.7350 13.9650 0.0000 1.0000
6.7950 13.9650 0.0000 1.0000
6.8250 13.9650 0.0000 1.0000
12.0750 13.9650 0.0000 1.0000
-11.3550 13.9350 0.0000 1.0000
-11.3250 13.9350 0.0000 1.0000
-11.2650 13.9350 0.0000 1.0000
-11.2050 13.9350 0.0000 1.0000
6.7650 13.9350 0.0000 1.0000
6.7950 13.9350 0.0000 1.0000
6.8250 13.9350 0.0000 1.0000
16.1850 13.9350 0.0000 1.0000
-11.3550 13.9050 0.0000 1.0000
-11.2650 13.9050 0.0000 1.0000
-11.2050 13.9050 0.0000 1.0000
6.7350 13.9050 0.0000 1.0000
6.7650 13.9050 0.0000 1.0000
6.7950 13.9050 0.0000 1.0000
16.1850 13.9050 0.0000 1.0000
16.2750 13.9050 0.0000 1.0000
-11.3550 13.8750 0.0000 1.0000
-11.2650 13.8750 0.0000 1.0000
-11.2350 13.8750 0.0000 1.0000
-11.2050 13.8750 0.0000 1.0000
-11.1450 13.8750 0.0000 1.0000
6.7350 13.8750 0.0000 1.0000
6.7650 13.8750 0.0000 1.0000
6.7950 13.8750 0.0000 1.0000
-11.3850 13.8450 0.0000 1.0000
-11.3550 13.8450 0.0000 1.0000
-11.2650 13.8450 0.0000 1.0000
-11.2350 13.8450 0.0000 1.0000
6.6750 13.8450 0.0000 1.0000
6.7050 13.8450 0.0000 1.0000
6.7650 13.8450 0.0000 1.0000
16.2750 13.8450 0.0000 1.0000
-11.3550 13.8150 0.0000 1.0000
-11.2950 13.8150 0.0000 1.0000
-11.2650 13.8150 0.0000 1.0000
-11.2350 13.8150 0.0000 1.0000
6.6750 13.8150 0.0000 1.0000
6.7050 13.8150 0.0000 1.0000
6.7350 13.8150 0.0000 1.0000
6.7650 13.8150 0.0000 1.0000
7.6650 13.8150 0.0000 1.0000
16.3050 13.8150 0.0000 1.0000
-11.3550 13.7850 0.0000 1.0000
-11.3250 13.7850 0.0000 1.0000
-11.2950 13.7850 0.0000 1.0000
6.7050 13.7850 0.0000 1.0000
6.7350 13.7850 0.0000 1.0000
6.7650 13.7850 0.0000 1.0000
7.3350 13.7850 0.0000 1.0000
16.1850 13.7850 0.0000 1.0000
16.3050 13.7850 0.0000 1.0000
-11.3850 13.7550 0.0000 1.0000
-11.3550 13.7550 0.0000 1.0000
-11.2950 13.7550 0.0000 1.0000
5.1150 13.7550 0.0000 1.0000
6.6450 13.7550 0.0000 1.0000
6.6750 13.7550 0.0000 1.0000
6.7350 13.7550 0.0000 1.0000
6.7650 13.7550 0.0000 1.0000
7.2150 13.7550 0.0000 1.0000
16.2150 13.7550 0.0000 1.0000
-11.3850 13.7250 0.0000 1.0000
-11.3550 13.7250 0.0000 1.0000
-11.2950 13.7250 0.0000 1.0000
5.1150 13.7250 0.0000 1.0000
6.6450 13.7250 0.0000 1.0000
6.6750 13.7250 0.0000 1.0000
6.7050 13.7250 0.0000 1.0000
6.7350 13.7250 0.0000 1.0000
6.7650 13.7250 0.0000 1.0000
6.7950 13.7250 0.0000 1.0000
6.8850 13.7250 0.0000 1.0000
7.0950 13.7250 0.0000 1.0000
7.1550 13.7250 0.0000 1.0000
7.3350 13.7250 0.0000 1.0000
7.5150 13.7250 0.0000 1.0000
7.6350 13.7250 0.0000 1.0000
7.6950 13.7250 0.0000 1.0000
13.5450 13.7250 0.0000 1.0000
13.6050 13.7250 0.0000 1.0000
16.1850 13.7250 0.0000 1.0000
-11.3250 13.6950 0.0000 1.0000
-11.2950 13.6950 0.0000 1.0000
6.6450 13.6950 0.0000 1.0000
6.6750 13.6950 0.0000 1.0000
6.7050 13.6950 0.0000 1.0000
6.7350 13.6950 0.0000 1.0000
6.9150 13.6950 0.0000 1.0000
6.9450 13.6950 0.0000 1.0000
7.0050 13.6950 0.0000 1.0000
7.0950 13.6950 0.0000 1.0000
7.1550 13.6950 0.0000 1.0000
7.2150 13.6950 0.0000 1.0000
7.2750 13.6950 0.0000 1.0000
7.3650 13.6950 0.0000 1.0000
7.4550 13.6950 0.0000 1.0000
7.6350 13.6950 0.0000 1.0000
7.6650 13.6950 0.0000 1.0000
13.4250 13.6950 0.0000 1.0000
13.6350 13.6950 0.0000 1.0000
-11.2950 13.6650 0.0000 1.0000
6.6150 13.6650 0.0000 1.0000
6.6750 13.6650 0.0000 1.0000
6.7050 13.6650 0.0000 1.0000
6.7350 13.6650 0.0000 1.0000
6.7650 13.6650 0.0000 1.0000
6.7950 13.6650 0.0000 1.0000
6.8250 13.6650 0.0000 1.0000
6.8850 13.6650 0.0000 1.0000
6.9150 13.6650 0.0000 1.0000
6.9450 13.6650 0.0000 1.0000
6.9750 13.6650 0.0000 1.0000
7.0050 13.6650 0.0000 1.0000
7.0350 13.6650 0.0000 1.0000
7.0650 13.6650 0.0000 1.0000
7.1250 13.6650 0.0000 1.0000
7.1550 13.6650 0.0000 1.0000
7.1850 13.6650 0.0000 1.0000
7.2450 13.6650 0.0000 1.0000
7.3050 13.6650 0.0000 1.0000
7.3350 13.6650 0.0000 1.0000
7.3650 13.6650 0.0000 1.0000
7.3950 13.6650 0.0000 1.0000
7.4250 13.6650 0.0000 1.0000
7.4550 13.6650 0.0000 1.0000
7.4850 13.6650 0.0000 1.0000
7.5150 13.6650 0.0000 1.0000
7.5750 13.6650 0.0000 1.0000
7.6050 13.6650 0.0000 1.0000
7.6950 13.6650 0.0000 1.0000
7.7550 13.6650 0.0000 1.0000
7.7850 13.6650 0.0000 1.0000
7.8450 13.6650 0.0000 1.0000
7.8750 13.6650 0.0000 1.0000
7.9050 13.6650 0.0000 1.0000
7.9650 13.6650 0.0000 1.0000
8.0250 13.6650 0.0000 1.0000
11.0550 13.6650 0.0000 1.0000
11.0850 13.6650 0.0000 1.0000
11.5950 13.6650 0.0000 1.0000
11.6250 13.6650 0.0000 1.0000
11.6550 13.6650 0.0000 1.0000
11.6850 13.6650 0.0000 1.0000
11.7150 13.6650 0.0000 1.0000
12.1650 13.6650 0.0000 1.0000
12.1950 13.6650 0.0000 1.0000
12.4950 13.6650 0.0000 1.0000
12.7350 13.6650 0.0000 1.0000
12.8550 13.6650 0.0000 1.0000
13.0050 13.6650 0.0000 1.0000
13.0950 13.6650 0.0000 1.0000
13.1250 13.6650 0.0000 1.0000
13.1550 13.6650 0.0000 1.0000
13.1850 13.6650 0.0000 1.0000
13.2450 13.6650 0.0000 1.0000
13.2750 13.6650 0.0000 1.0000
13.3050 13.6650 0.0000 1.0000
13.4550 13.6650 0.0000 1.0000
13.5150 13.6650 0.0000 1.0000
13.5750 13.6650 0.0000 1.0000
13.6050 13.6650 0.0000 1.0000
13.6350 13.6650 0.0000 1.0000
13.6650 13.6650 0.0000 1.0000
13.7250 13.6650 0.0000 1.0000
13.7850 13.6650 0.0000 1.0000
13.8750 13.6650 0.0000 1.0000
13.9050 13.6650 0.0000 1.0000
16.2150 13.6650 0.0000 1.0000
-11.2950 13.6350 0.0000 1.0000
-11.2650 13.6350 0.0000 1.0000
-11.2350 13.6350 0.0000 1.0000
6.5850 13.6350 0.0000 1.0000
6.6150 13.6350 0.0000 1.0000
6.6450 13.6350 0.0000 1.0000
6.6750 13.6350 0.0000 1.0000
6.7050 13.6350 0.0000 1.0000
6.7350 13.6350 0.0000 1.0000
6.7950 13.6350 0.0000 1.0000
6.8250 13.6350 0.0000 1.0000
6.8550 13.6350 0.0000 1.0000
6.8850 13.6350 0.0000 1.0000
6.9150 13.6350 0.0000 1.0000
6.9450 13.6350 0.0000 1.0000
6.9750 13.6350 0.0000 1.0000
7.0050 13.6350 0.0000 1.0000
7.0650 13.6350 0.0000 1.0000
7.1250 13.6350 0.0000 1.0000
7.1550 13.6350 0.0000 1.0000
7.1850 13.6350 0.0000 1.0000
7.2450 13.6350 0.0000 1.0000
7.2750 13.6350 0.0000 1.0000
7.3050 13.6350 0.0000 1.0000
7.3350 13.6350 0.0000 1.0000
7.3650 13.6350 0.0000 1.0000
7.3950 13.6350 0.0000 1.0000
7.4250 13.6350 0.0000 1.0000
7.4550 13.6350 0.0000 1.0000
7.4850 13.6350 0.0000 1.0000
7.5150 13.6350 0.0000 1.0000
7.5450 13.6350 0.0000 1.0000
7.6350 13.6350 0.0000 1.0000
7.6650 13.6350 0.0000 1.0000
7.7250 13.6350 0.0000 1.0000
7.7550 13.6350 0.0000 1.0000
7.8150 13.6350 0.0000 1.0000
7.8450 13.6350 0.0000 1.0000
7.9050 13.6350 0.0000 1.0000
7.9650 13.6350 0.0000 1.0000
7.9950 13.6350 0.0000 1.0000
8.0250 13.6350 0.0000 1.0000
8.0550 13.6350 0.0000 1.0000
8.0850 13.6350 0.0000 1.0000
8.1150 13.6350 0.0000 1.0000
8.1450 13.6350 0.0000 1.0000
8.1750 13.6350 0.0000 1.0000
8.2350 13.6350 0.0000 1.0000
8.2950 13.6350 0.0000 1.0000
8.3250 13.6350 0.0000 1.0000
8.3550 13.6350 0.0000 1.0000
8.3850 13.6350 0.0000 1.0000
8.4150 13.6350 0.0000 1.0000
8.4450 13.6350 0.0000 1.0000
8.4750 13.6350 0.0000 1.0000
8.5350 13.6350 0.0000 1.0000
8.5650 13.6350 0.0000 1.0000
8.5950 13.6350 0.0000 1.0000
8.6250 13.6350 0.0000 1.0000
8.7150 13.6350 0.0000 1.0000
8.8050 13.6350 0.0000 1.0000
8.8950 13.6350 0.0000 1.0000
9.2850 13.6350 0.0000 1.0000
9.4050 13.6350 0.0000 1.0000
10.9050 13.6350 0.0000 1.0000
10.9350 13.6350 0.0000 1.0000
11.0250 13.6350 0.0000 1.0000
11.1150 13.6350 0.0000 1.0000
11.1450 13.6350 0.0000 1.0000
11.3250 13.6350 0.0000 1.0000
11.3550 13.6350 0.0000 1.0000
11.4150 13.6350 0.0000 1.0000
11.4450 13.6350 0.0000 1.0000
11.4750 13.6350 0.0000 1.0000
11.5050 13.6350 0.0000 1.0000
11.5350 13.6350 0.0000 1.0000
11.5650 13.6350 0.0000 1.0000
11.6250 13.6350 0.0000 1.0000
11.6550 13.6350 0.0000 1.0000
11.6850 13.6350 0.0000 1.0000
11.7150 13.6350 0.0000 1.0000
11.7450 13.6350 0.0000 1.0000
11.7750 13.6350 0.0000 1.0000
11.8050 13.6350 0.0000 1.0000
11.8350 13.6350 0.0000 1.0000
11.9250 13.6350 0.0000 1.0000
11.9550 13.6350 0.0000 1.0000
11.9850 13.6350 0.0000 1.0000
12.0150 13.6350 0.0000 1.0000
12.0450 13.6350 0.0000 1.0000
12.0750 13.6350 0.0000 1.0000
12.1050 13.6350 0.0000 1.0000
12.1350 13.6350 0.0000 1.0000
12.1650 13.6350 0.0000 1.0000
12.1950 13.6350 0.0000 1.0000
12.2250 13.6350 0.0000 1.0000
12.2550 13.6350 0.0000 1.0000
12.2850 13.6350 0.0000 1.0000
12.3150 13.6350 0.0000 1.0000
12.3450 13.6350 0.0000 1.0000
12.3750 13.6350 0.0000 1.0000
12.4050 13.6350 0.0000 1.0000
12.4650 13.6350 0.0000 1.0000
12.4950 13.6350 0.0000 1.0000
12.5250 13.6350 0.0000 1.0000
12.5550 13.6350 0.0000 1.0000
12.5850 13.6350 0.0000 1.0000
12.6150 13.6350 0.0000 1.0000
12.6450 13.6350 0.0000 1.0000
12.6750 13.6350 0.0000 1.0000
12.7350 13.6350 0.0000 1.0000
12.7650 13.6350 0.0000 1.0000
12.7950 13.6350 0.0000 1.0000
12.8250 13.6350 0.0000 1.0000
12.8550 13.6350 0.0000 1.0000
12.8850 13.6350 0.0000 1.0000
12.9450 13.6350 0.0000 1.0000
13.0050 13.6350 0.0000 1.0000
13.0650 13.6350 0.0000 1.0000
13.0950 13.6350 0.0000 1.0000
13.1550 13.6350 0.0000 1.0000
13.1850 13.6350 0.0000 1.0000
13.2450 13.6350 0.0000 1.0000
13.3050 13.6350 0.0000 1.0000
13.3350 13.6350 0.0000 1.0000
13.3650 13.6350 0.0000 1.0000
13.3950 13.6350 0.0000 1.0000
13.4550 13.6350 0.0000 1.0000
13.5450 13.6350 0.0000 1.0000
13.6350 13.6350 0.0000 1.0000
13.6950 13.6350 0.0000 1.0000
13.7550 13.6350 0.0000 1.0000
13.8150 13.6350 0.0000 1.0000
13.8450 13.6350 0.0000 1.0000
13.9050 13.6350 0.0000 1.0000
16.2750 13.6350 0.0000 1.0000
-11.3250 13.6050 0.0000 1.0000
-11.2650 13.6050 0.0000 1.0000
-11.2350 13.6050 0.0000 1.0000
-11.1750 13.6050 0.0000 1.0000
5.2350 13.6050 0.0000 1.0000
5.3850 13.6050 0.0000 1.0000
5.4150 13.6050 0.0000 1.0000
5.4750 13.6050 0.0000 1.0000
5.5050 13.6050 0.0000 1.0000
5.5350 13.6050 0.0000 1.0000
5.5650 13.6050 0.0000 1.0000
5.6250 13.6050 0.0000 1.0000
6.3450 13.6050 0.0000 1.0000
6.6450 13.6050 0.0000 1.0000
6.6750 13.6050 0.0000 1.0000
6.7050 13.6050 0.0000 1.0000
6.7350 13.6050 0.0000 1.0000
6.7650 13.6050 0.0000 1.0000
6.8250 13.6050 0.0000 1.0000
6.8850 13.6050 0.0000 1.0000
6.9150 13.6050 0.0000 1.0000
6.9450 13.6050 0.0000 1.0000
6.9750 13.6050 0.0000 1.0000
7.0350 13.6050 0.0000 1.0000
7.1850 13.6050 0.0000 1.0000
7.2450 13.6050 0.0000 1.0000
7.3350 13.6050 0.0000 1.0000
7.3650 13.6050 0.0000 1.0000
7.4550 13.6050 0.0000 1.0000
7.5150 13.6050 0.0000 1.0000
7.6350 13.6050 0.0000 1.0000
7.6950 13.6050 0.0000 1.0000
7.7550 13.6050 0.0000 1.0000
7.7850 13.6050 0.0000 1.0000
7.8750 13.6050 0.0000 1.0000
8.0550 13.6050 0.0000 1.0000
8.1450 13.6050 0.0000 1.0000
8.1750 13.6050 0.0000 1.0000
8.2350 13.6050 0.0000 1.0000
8.2650 13.6050 0.0000 1.0000
8.3550 13.6050 0.0000 1.0000
8.5650 13.6050 0.0000 1.0000
8.5950 13.6050 0.0000 1.0000
8.6250 13.6050 0.0000 1.0000
8.7150 13.6050 0.0000 1.0000
8.7750 13.6050 0.0000 1.0000
8.8950 13.6050 0.0000 1.0000
8.9250 13.6050 0.0000 1.0000
9.0150 13.6050 0.0000 1.0000
9.3150 13.6050 0.0000 1.0000
9.3750 13.6050 0.0000 1.0000
9.4350 13.6050 0.0000 1.0000
9.5550 13.6050 0.0000 1.0000
9.7350 13.6050 0.0000 1.0000
9.8850 13.6050 0.0000 1.0000
9.9150 13.6050 0.0000 1.0000
9.9450 13.6050 0.0000 1.0000
9.9750 13.6050 0.0000 1.0000
10.0050 13.6050 0.0000 1.0000
10.1850 13.6050 0.0000 1.0000
10.2150 13.6050 0.0000 1.0000
10.2750 13.6050 0.0000 1.0000
10.3050 13.6050 0.0000 1.0000
10.3650 13.6050 0.0000 1.0000
10.3950 13.6050 0.0000 1.0000
10.4250 13.6050 0.0000 1.0000
10.4550 13.6050 0.0000 1.0000
10.4850 13.6050 0.0000 1.0000
10.5150 13.6050 0.0000 1.0000
10.5450 13.6050 0.0000 1.0000
10.5750 13.6050 0.0000 1.0000
10.6050 13.6050 0.0000 1.0000
10.6350 13.6050 0.0000 1.0000
10.6650 13.6050 0.0000 1.0000
10.6950 13.6050 0.0000 1.0000
10.7250 13.6050 0.0000 1.0000
10.7550 13.6050 0.0000 1.0000
10.7850 13.6050 0.0000 1.0000
10.8150 13.6050 0.0000 1.0000
10.8450 13.6050 0.0000 1.0000
10.8750 13.6050 0.0000 1.0000
10.9050 13.6050 0.0000 1.0000
10.9350 13.6050 0.0000 1.0000
10.9650 13.6050 0.0000 1.0000
10.9950 13.6050 0.0000 1.0000
11.1150 13.6050 0.0000 1.0000
11.1450 13.6050 0.0000 1.0000
11.1750 13.6050 0.0000 1.0000
11.2050 13.6050 0.0000 1.0000
11.2650 13.6050 0.0000 1.0000
11.2950 13.6050 0.0000 1.0000
11.3250 13.6050 0.0000 1.0000
11.3550 13.6050 0.0000 1.0000
11.3850 13.6050 0.0000 1.0000
11.4150 13.6050 0.0000 1.0000
11.4450 13.6050 0.0000 1.0000
11.4750 13.6050 0.0000 1.0000
11.5050 13.6050 0.0000 1.0000
11.5350 13.6050 0.0000 1.0000
11.5650 13.6050 0.0000 1.0000
11.5950 13.6050 0.0000 1.0000
11.6250 13.6050 0.0000 1.0000
11.6550 13.6050 0.0000 1.0000
11.6850 13.6050 0.0000 1.0000
11.7150 13.6050 0.0000 1.0000
11.7450 13.6050 0.0000 1.0000
11.7750 13.6050 0.0000 1.0000
11.8050 13.6050 0.0000 1.0000
11.8350 13.6050 0.0000 1.0000
11.8650 13.6050 0.0000 1.0000
11.8950 13.6050 0.0000 1.0000
11.9250 13.6050 0.0000 1.0000
11.9550 13.6050 0.0000 1.0000
11.9850 13.6050 0.0000 1.0000
12.0150 13.6050 0.0000 1.0000
12.0450 13.6050 0.0000 1.0000
12.1050 13.6050 0.0000 1.0000
12.1650 13.6050 0.0000 1.0000
12.1950 13.6050 0.0000 1.0000
12.2250 13.6050 0.0000 1.0000
12.2550 13.6050 0.0000 1.0000
12.2850 13.6050 0.0000 1.0000
12.3150 13.6050 0.0000 1.0000
12.3450 13.6050 0.0000 1.0000
12.3750 13.6050 0.0000 1.0000
12.4050 13.6050 0.0000 1.0000
12.4350 13.6050 0.0000 1.0000
12.4650 13.6050 0.0000 1.0000
12.4950 13.6050 0.0000 1.0000
12.5250 13.6050 0.0000 1.0000
12.5550 13.6050 0.0000 1.0000
12.5850 13.6050 0.0000 1.0000
12.6450 13.6050 0.0000 1.0000
12.6750 13.6050 0.0000 1.0000
12.7350 13.6050 0.0000 1.0000
12.8250 13.6050 0.0000 1.0000
12.8850 13.6050 0.0000 1.0000
12.9150 13.6050 0.0000 1.0000
12.9450 13.6050 0.0000 1.0000
13.0050 13.6050 0.0000 1.0000
13.0950 13.6050 0.0000 1.0000
13.1250 13.6050 0.0000 1.0000
13.1550 13.6050 0.0000 1.0000
13.1850 13.6050 0.0000 1.0000
13.2450 13.6050 0.0000 1.0000
13.2750 13.6050 0.0000 1.0000
13.4250 13.6050 0.0000 1.0000
13.4550 13.6050 0.0000 1.0000
13.6650 13.6050 0.0000 1.0000
13.6950 13.6050 0.0000 1.0000
13.8450 13.6050 0.0000 1.0000
13.9350 13.6050 0.0000 1.0000
13.9950 13.6050 0.0000 1.0000
16.2750 13.6050 0.0000 1.0000
16.3050 13.6050 0.0000 1.0000
-11.2350 13.5750 0.0000 1.0000
5.9550 13.5750 0.0000 1.0000
6.1350 13.5750 0.0000 1.0000
6.3750 13.5750 0.0000 1.0000
6.4050 13.5750 0.0000 1.0000
6.4350 13.5750 0.0000 1.0000
6.4650 13.5750 0.0000 1.0000
6.4950 13.5750 0.0000 1.0000
6.5250 13.5750 0.0000 1.0000
6.5550 13.5750 0.0000 1.0000
6.5850 13.5750 0.0000 1.0000
6.6150 13.5750 0.0000 1.0000
6.6450 13.5750 0.0000 1.0000
6.6750 13.5750 0.0000 1.0000
6.7050 13.5750 0.0000 1.0000
6.7350 13.5750 0.0000 1.0000
6.7650 13.5750 0.0000 1.0000
6.7950 13.5750 0.0000 1.0000
6.8250 13.5750 0.0000 1.0000
6.8550 13.5750 0.0000 1.0000
6.8850 13.5750 0.0000 1.0000
6.9150 13.5750 0.0000 1.0000
6.9450 13.5750 0.0000 1.0000
6.9750 13.5750 0.0000 1.0000
7.0050 13.5750 0.0000 1.0000
7.0350 13.5750 0.0000 1.0000
7.0650 13.5750 0.0000 1.0000
7.0950 13.5750 0.0000 1.0000
7.1250 13.5750 0.0000 1.0000
7.1550 13.5750 0.0000 1.0000
7.1850 13.5750 0.0000 1.0000
7.2150 13.5750 0.0000 1.0000
7.2450 13.5750 0.0000 1.0000
7.2750 13.5750 0.0000 1.0000
7.3050 13.5750 0.0000 1.0000
7.3350 13.5750 0.0000 1.0000
7.3650 13.5750 0.0000 1.0000
7.3950 13.5750 0.0000 1.0000
7.4250 13.5750 0.0000 1.0000
7.4550 13.5750 0.0000 1.0000
7.4850 13.5750 0.0000 1.0000
7.5150 13.5750 0.0000 1.0000
7.5450 13.5750 0.0000 1.0000
7.5750 13.5750 0.0000 1.0000
7.6050 13.5750 0.0000 1.0000
7.6350 13.5750 0.0000 1.0000
7.6650 13.5750 0.0000 1.0000
7.6950 13.5750 0.0000 1.0000
7.7250 13.5750 0.0000 1.0000
7.7550 13.5750 0.0000 1.0000
7.7850 13.5750 0.0000 1.0000
7.8150 13.5750 0.0000 1.0000
7.8450 13.5750 0.0000 1.0000
7.8750 13.5750 0.0000 1.0000
7.9050 13.5750 0.0000 1.0000
7.9350 13.5750 0.0000 1.0000
7.9650 13.5750 0.0000 1.0000
7.9950 13.5750 0.0000 1.0000
8.0250 13.5750 0.0000 1.0000
8.0550 13.5750 0.0000 1.0000
8.0850 13.5750 0.0000 1.0000
8.1150 13.5750 0.0000 1.0000
8.1450 13.5750 0.0000 1.0000
8.1750 13.5750 0.0000 1.0000
8.2050 13.5750 0.0000 1.0000
8.2350 13.5750 0.0000 1.0000
8.2650 13.5750 0.0000 1.0000
8.2950 13.5750 0.0000 1.0000
8.3250 13.5750 0.0000 1.0000
8.3550 13.5750 0.0000 1.0000
8.3850 13.5750 0.0000 1.0000
8.4150 13.5750 0.0000 1.0000
8.4450 13.5750 0.0000 1.0000
8.4750 13.5750 0.0000 1.0000
8.5050 13.5750 0.0000 1.0000
8.5350 13.5750 0.0000 1.0000
8.5650 13.5750 0.0000 1.0000
8.5950 13.5750 0.0000 1.0000
8.6250 13.5750 0.0000 1.0000
8.6550 13.5750 0.0000 1.0000
8.6850 13.5750 0.0000 1.0000
8.7150 13.5750 0.0000 1.0000
8.7450 13.5750 0.0000 1.0000
8.7750 13.5750 0.0000 1.0000
8.8050 13.5750 0.0000 1.0000
8.8350 13.5750 0.0000 1.0000
8.8650 13.5750 0.0000 1.0000
8.8950 13.5750 0.0000 1.0000
8.9250 13.5750 0.0000 1.0000
8.9550 13.5750 0.0000 1.0000
8.9850 13.5750 0.0000 1.0000
9.0150 13.5750 0.0000 1.0000
9.0450 13.5750 0.0000 1.0000
9.0750 13.5750 0.0000 1.0000
9.1050 13.5750 0.0000 1.0000
9.1350 13.5750 0.0000 1.0000
9.1650 13.5750 0.0000 1.0000
9.1950 13.5750 0.0000 1.0000
9.2250 13.5750 0.0000 1.0000
9.2550 13.5750 0.0000 1.0000
9.2850 13.5750 0.0000 1.0000
9.3150 13.5750 0.0000 1.0000
9.3450 13.5750 0.0000 1.0000
9.3750 13.5750 0.0000 1.0000
9.4050 13.5750 0.0000 1.0000
9.4350 13.5750 0.0000 1.0000
9.4650 13.5750 0.0000 1.0000
9.4950 13.5750 0.0000 1.0000
9.5250 13.5750 0.0000 1.0000
9.5550 13.5750 0.0000 1.0000
9.5850 13.5750 0.0000 1.0000
9.6150 13.5750 0.0000 1.0000
9.6450 13.5750 0.0000 1.0000
9.6750 13.5750 0.0000 1.0000
9.7050 13.5750 0.0000 1.0000
9.7350 13.5750 0.0000 1.0000
9.7650 13.5750 0.0000 1.0000
9.7950 13.5750 0.0000 1.0000
9.8250 13.5750 0.0000 1.0000
9.8550 13.5750 0.0000 1.0000
9.8850 13.5750 0.0000 1.0000
9.9150 13.5750 0.0000 1.0000
9.9450 13.5750 0.0000 1.0000
9.9750 13.5750 0.0000 1.0000
10.0050 13.5750 0.0000 1.0000
10.0350 13.5750 0.0000 1.0000
10.0650 13.5750 0.0000 1.0000
10.0950 13.5750 0.0000 1.0000
10.1250 13.5750 0.0000 1.0000
10.1550 13.5750 0.0000 1.0000
10.1850 13.5750 0.0000 1.0000
10.2150 13.5750 0.0000 1.0000
10.2450 13.5750 0.0000 1.0000
10.2750 13.5750 0.0000 1.0000
10.3050 13.5750 0.0000 1.0000
10.3350 13.5750 0.0000 1.0000
10.3650 13.5750 0.0000 1.0000
10.3950 13.5750 0.0000 1.0000
10.4250 13.5750 0.0000 1.0000
10.4550 13.5750 0.0000 1.0000
10.4850 13.5750 0.0000 1.0000
10.5150 13.5750 0.0000 1.0000
10.5450 13.5750 0.0000 1.0000
10.5750 13.5750 0.0000 1.0000
10.6050 13.5750 0.0000 1.0000
10.6350 13.5750 0.0000 1.0000
10.6650 13.5750 0.0000 1.0000
10.6950 13.5750 0.0000 1.0000
10.7250 13.5750 0.0000 1.0000
10.7550 13.5750 0.0000 1.0000
10.7850 13.5750 0.0000 1.0000
10.8150 13.5750 0.0000 1.0000
10.8450 13.5750 0.0000 1.0000
10.8750 13.5750 0.0000 1.0000
10.9050 13.5750 0.0000 1.0000
10.9350 13.5750 0.0000 1.0000
10.9650 13.5750 0.0000 1.0000
10.9950 13.5750 0.0000 1.0000
11.0250 13.5750 0.0000 1.0000
11.0550 13.5750 0.0000 1.0000
11.0850 13.5750 0.0000 1.0000
11.1150 13.5750 0.0000 1.0000
11.1450 13.5750 0.0000 1.0000
11.1750 13.5750 0.0000 1.0000
11.2050 13.5750 0.0000 1.0000
11.2350 13.5750 0.0000 1.0000
11.2950 13.5750 0.0000 1.0000
11.3550 13.5750 0.0000 1.0000
11.3850 13.5750 0.0000 1.0000
11.4450 13.5750 0.0000 1.0000
11.4750 13.5750 0.0000 1.0000
11.5350 13.5750 0.0000 1.0000
11.5650 13.5750 0.0000 1.0000
11.5950 13.5750 0.0000 1.0000
11.8050 13.5750 0.0000 1.0000
11.9250 13.5750 0.0000 1.0000
12.0450 13.5750 0.0000 1.0000
12.0750 13.5750 0.0000 1.0000
12.3750 13.5750 0.0000 1.0000
12.6750 13.5750 0.0000 1.0000
12.7350 13.5750 0.0000 1.0000
13.7550 13.5750 0.0000 1.0000
13.9350 13.5750 0.0000 1.0000
16.2750 13.5750 0.0000 1.0000
16.3350 13.5750 0.0000 1.0000
-11.2950 13.5450 0.0000 1.0000
-11.2650 13.5450 0.0000 1.0000
-11.2350 13.5450 0.0000 1.0000
6.6150 13.5450 0.0000 1.0000
6.6750 13.5450 0.0000 1.0000
7.3350 13.5450 0.0000 1.0000
7.4550 13.5450 0.0000 1.0000
7.4850 13.5450 0.0000 1.0000
7.5750 13.5450 0.0000 1.0000
7.6950 13.5450 0.0000 1.0000
7.7250 13.5450 0.0000 1.0000
7.8450 13.5450 0.0000 1.0000
7.8750 13.5450 0.0000 1.0000
7.9350 13.5450 0.0000 1.0000
7.9950 13.5450 0.0000 1.0000
8.0550 13.5450 0.0000 1.0000
8.0850 13.5450 0.0000 1.0000
8.1150 13.5450 0.0000 1.0000
8.1450 13.5450 0.0000 1.0000
8.1750 13.5450 0.0000 1.0000
8.2050 13.5450 0.0000 1.0000
8.2350 13.5450 0.0000 1.0000
8.2650 13.5450 0.0000 1.0000
8.2950 13.5450 0.0000 1.0000
8.3250 13.5450 0.0000 1.0000
8.3550 13.5450 0.0000 1.0000
8.3850 13.5450 0.0000 1.0000
8.4150 13.5450 0.0000 1.0000
8.4450 13.5450 0.0000 1.0000
8.4750 13.5450 0.0000 1.0000
8.5050 13.5450 0.0000 1.0000
8.5350 13.5450 0.0000 1.0000
8.5650 13.5450 0.0000 1.0000
8.5950 13.5450 0.0000 1.0000
8.6250 13.5450 0.0000 1.0000
8.6850 13.5450 0.0000 1.0000
8.7150 13.5450 0.0000 1.0000
8.7450 13.5450 0.0000 1.0000
8.7750 13.5450 0.0000 1.0000
8.8050 13.5450 0.0000 1.0000
8.8350 13.5450 0.0000 1.0000
8.8650 13.5450 0.0000 1.0000
8.8950 13.5450 0.0000 1.0000
8.9250 13.5450 0.0000 1.0000
8.9550 13.5450 0.0000 1.0000
8.9850 13.5450 0.0000 1.0000
9.0150 13.5450 0.0000 1.0000
9.0450 13.5450 0.0000 1.0000
9.0750 13.5450 0.0000 1.0000
9.1050 13.5450 0.0000 1.0000
9.1350 13.5450 0.0000 1.0000
9.1650 13.5450 0.0000 1.0000
9.1950 13.5450 0.0000 1.0000
9.2250 13.5450 0.0000 1.0000
9.2550 13.5450 0.0000 1.0000
9.2850 13.5450 0.0000 1.0000
9.3150 13.5450 0.0000 1.0000
9.3450 13.5450 0.0000 1.0000
9.3750 13.5450 0.0000 1.0000
9.4050 13.5450 0.0000 1.0000
9.4350 13.5450 0.0000 1.0000
9.4650 13.5450 0.0000 1.0000
9.4950 13.5450 0.0000 1.0000
9.5250 13.5450 0.0000 1.0000
9.5550 13.5450 0.0000 1.0000
9.5850 13.5450 0.0000 1.0000
9.6150 13.5450 0.0000 1.0000
9.6450 13.5450 0.0000 1.0000
9.6750 13.5450 0.0000 1.0000
9.7050 13.5450 0.0000 1.0000
9.7350 13.5450 0.0000 1.0000
9.7650 13.5450 0.0000 1.0000
9.7950 13.5450 0.0000 1.0000
9.8250 13.5450 0.0000 1.0000
9.8550 13.5450 0.0000 1.0000
9.8850 13.5450 0.0000 1.0000
9.9150 13.5450 0.0000 1.0000
9.9450 13.5450 0.0000 1.0000
9.9750 13.5450 0.0000 1.0000
10.0050 13.5450 0.0000 1.0000
10.0350 13.5450 0.0000 1.0000
10.0650 13.5450 0.0000 1.0000
10.0950 13.5450 0.0000 1.0000
10.1250 13.5450 0.0000 1.0000
10.1850 13.5450 0.0000 1.0000
10.2150 13.5450 0.0000 1.0000
10.2450 13.5450 0.0000 1.0000
10.2750 13.5450 0.0000 1.0000
10.3050 13.5450 0.0000 1.0000
10.6350 13.5450 0.0000 1.0000
10.7250 13.5450 0.0000 1.0000
11.1450 13.5450 0.0000 1.0000
11.1750 13.5450 0.0000 1.0000
11.2050 13.5450 0.0000 1.0000
11.4150 13.5450 0.0000 1.0000
12.7050 13.5450 0.0000 1.0000
13.7550 13.5450 0.0000 1.0000
14.0250 13.5450 0.0000 1.0000
16.3350 13.5450 0.0000 1.0000
16.3650 13.5450 0.0000 1.0000
16.3950 13.5450 0.0000 1.0000
-11.3550 13.5150 0.0000 1.0000
-11.2950 13.5150 0.0000 1.0000
-11.2650 13.5150 0.0000 1.0000
-11.1750 13.5150 0.0000 1.0000
8.7150 13.5150 0.0000 1.0000
8.7450 13.5150 0.0000 1.0000
8.8050 13.5150 0.0000 1.0000
8.8350 13.5150 0.0000 1.0000
8.8950 13.5150 0.0000 1.0000
8.9850 13.5150 0.0000 1.0000
13.9050 13.5150 0.0000 1.0000
14.0250 13.5150 0.0000 1.0000
14.0550 13.5150 0.0000 1.0000
16.3950 13.5150 0.0000 1.0000
-11.3550 13.4850 0.0000 1.0000
-11.2950 13.4850 0.0000 1.0000
-11.1750 13.4850 0.0000 1.0000
14.0550 13.4850 0.0000 1.0000
14.0850 13.4850 0.0000 1.0000
16.3950 13.4850 0.0000 1.0000
16.4250 13.4850 0.0000 1.0000
-11.3550 13.4550 0.0000 1.0000
-11.3250 13.4550 0.0000 1.0000
-11.2950 13.4550 0.0000 1.0000
-11.2050 13.4550 0.0000 1.0000
14.0550 13.4550 0.0000 1.0000
14.0850 13.4550 0.0000 1.0000
16.3650 13.4550 0.0000 1.0000
16.3950 13.4550 0.0000 1.0000
-11.3250 13.4250 0.0000 1.0000
-11.2950 13.4250 0.0000 1.0000
-11.2050 13.4250 0.0000 1.0000
-11.1750 13.4250 0.0000 1.0000
14.0550 13.4250 0.0000 1.0000
14.0850 13.4250 0.0000 1.0000
16.3950 13.4250 0.0000 1.0000
16.4550 13.4250 0.0000 1.0000
-11.2350 13.3950 0.0000 1.0000
-11.2050 13.3950 0.0000 1.0000
14.0250 13.3950 0.0000 1.0000
14.0550 13.3950 0.0000 1.0000
16.3950 13.3950 0.0000 1.0000
16.4550 13.3950 0.0000 1.0000
-11.2650 13.3650 0.0000 1.0000
-11.2350 13.3650 0.0000 1.0000
11.1150 13.3650 0.0000 1.0000
14.0550 13.3650 0.0000 1.0000
16.3950 13.3650 0.0000 1.0000
16.4250 13.3650 0.0000 1.0000
16.4550 13.3650 0.0000 1.0000
-11.2350 13.3350 0.0000 1.0000
-11.2050 13.3350 0.0000 1.0000
14.0550 13.3350 0.0000 1.0000
16.3950 13.3350 0.0000 1.0000
16.4550 13.3350 0.0000 1.0000
16.4850 13.3350 0.0000 1.0000
-11.2650 13.3050 0.0000 1.0000
-11.2350 13.3050 0.0000 1.0000
-11.1750 13.3050 0.0000 1.0000
-11.1450 13.3050 0.0000 1.0000
10.9950 13.3050 0.0000 1.0000
11.0250 13.3050 0.0000 1.0000
11.0550 13.3050 0.0000 1.0000
12.2850 13.3050 0.0000 1.0000
12.4350 13.3050 0.0000 1.0000
14.0550 13.3050 0.0000 1.0000
16.3950 13.3050 0.0000 1.0000
16.4850 13.3050 0.0000 1.0000
-11.2350 13.2750 0.0000 1.0000
-11.2050 13.2750 0.0000 1.0000
-11.1750 13.2750 0.0000 1.0000
-11.0250 13.2750 0.0000 1.0000
11.0250 13.2750 0.0000 1.0000
12.2850 13.2750 0.0000 1.0000
16.3950 13.2750 0.0000 1.0000
16.4850 13.2750 0.0000 1.0000
-11.2050 13.2450 0.0000 1.0000
-11.1750 13.2450 0.0000 1.0000
-11.0850 13.2450 0.0000 1.0000
11.0250 13.2450 0.0000 1.0000
12.2850 13.2450 0.0000 1.0000
16.4250 13.2450 0.0000 1.0000
16.4550 13.2450 0.0000 1.0000
-11.2350 13.2150 0.0000 1.0000
-11.0850 13.2150 0.0000 1.0000
-11.0250 13.2150 0.0000 1.0000
12.2850 13.2150 0.0000 1.0000
16.4250 13.2150 0.0000 1.0000
16.4550 13.2150 0.0000 1.0000
-11.2350 13.1850 0.0000 1.0000
-11.1150 13.1850 0.0000 1.0000
-11.0850 13.1850 0.0000 1.0000
-10.9650 13.1850 0.0000 1.0000
-10.9350 13.1850 0.0000 1.0000
12.2850 13.1850 0.0000 1.0000
12.3150 13.1850 0.0000 1.0000
16.4250 13.1850 0.0000 1.0000
16.4550 13.1850 0.0000 1.0000
-11.2350 13.1550 0.0000 1.0000
-11.0850 13.1550 0.0000 1.0000
-11.0250 13.1550 0.0000 1.0000
16.4250 13.1550 0.0000 1.0000
16.4850 13.1550 0.0000 1.0000
-11.2650 13.1250 0.0000 1.0000
-11.1150 13.1250 0.0000 1.0000
-11.0550 13.1250 0.0000 1.0000
-11.0250 13.1250 0.0000 1.0000
9.9150 13.1250 0.0000 1.0000
9.9450 13.1250 0.0000 1.0000
9.9750 13.1250 0.0000 1.0000
16.4250 13.1250 0.0000 1.0000
16.4550 13.1250 0.0000 1.0000
-11.1150 13.0950 0.0000 1.0000
-11.0550 13.0950 0.0000 1.0000
-10.9650 13.0950 0.0000 1.0000
-10.9050 13.0950 0.0000 1.0000
9.8850 13.0950 0.0000 1.0000
9.9150 13.0950 0.0000 1.0000
9.9750 13.0950 0.0000 1.0000
10.0050 13.0950 0.0000 1.0000
16.3950 13.0950 0.0000 1.0000
16.4550 13.0950 0.0000 1.0000
16.4850 13.0950 0.0000 1.0000
-11.2050 13.0650 0.0000 1.0000
-11.1150 13.0650 0.0000 1.0000
-10.9950 13.0650 0.0000 1.0000
-10.9050 13.0650 0.0000 1.0000
9.8550 13.0650 0.0000 1.0000
9.9150 13.0650 0.0000 1.0000
16.3950 13.0650 0.0000 1.0000
16.4850 13.0650 0.0000 1.0000
-11.1750 13.0350 0.0000 1.0000
-11.1450 13.0350 0.0000 1.0000
-11.1150 13.0350 0.0000 1.0000
-11.0250 13.0350 0.0000 1.0000
-10.9950 13.0350 0.0000 1.0000
-10.9050 13.0350 0.0000 1.0000
16.3350 13.0350 0.0000 1.0000
16.3950 13.0350 0.0000 1.0000
16.4550 13.0350 0.0000 1.0000
-11.2050 13.0050 0.0000 1.0000
16.3950 13.0050 0.0000 1.0000
16.4550 13.0050 0.0000 1.0000
16.4850 13.0050 0.0000 1.0000
-11.2050 12.9750 0.0000 1.0000
-11.0850 12.9750 0.0000 1.0000
-10.9950 12.9750 0.0000 1.0000
-10.8750 12.9750 0.0000 1.0000
16.4550 12.9750 0.0000 1.0000
-11.2050 12.9450 0.0000 1.0000
-11.0850 12.9450 0.0000 1.0000
-10.9950 12.9450 0.0000 1.0000
-10.8750 12.9450 0.0000 1.0000
16.2750 12.9450 0.0000 1.0000
16.3950 12.9450 0.0000 1.0000
-11.1150 12.9150 0.0000 1.0000
-11.0850 12.9150 0.0000 1.0000
-10.9950 12.9150 0.0000 1.0000
-10.9350 12.9150 0.0000 1.0000
16.2750 12.9150 0.0000 1.0000
16.3950 12.9150 0.0000 1.0000
16.4550 12.9150 0.0000 1.0000
-11.1450 12.8850 0.0000 1.0000
-11.0250 12.8850 0.0000 1.0000
-10.9950 12.8850 0.0000 1.0000
-10.9350 12.8850 0.0000 1.0000
-10.9050 12.8850 0.0000 1.0000
16.1550 12.8850 0.0000 1.0000
16.4550 12.8850 0.0000 1.0000
-11.0250 12.8550 0.0000 1.0000
-10.9650 12.8550 0.0000 1.0000
-10.9350 12.8550 0.0000 1.0000
-10.8750 12.8550 0.0000 1.0000
15.9150 12.8550 0.0000 1.0000
16.3950 12.8550 0.0000 1.0000
-11.2050 12.8250 0.0000 1.0000
-11.0250 12.8250 0.0000 1.0000
-10.9650 12.8250 0.0000 1.0000
16.1250 12.8250 0.0000 1.0000
16.3950 12.8250 0.0000 1.0000
-11.2350 12.7950 0.0000 1.0000
-11.1750 12.7950 0.0000 1.0000
-11.0550 12.7950 0.0000 1.0000
-10.9050 12.7950 0.0000 1.0000
16.1250 12.7950 0.0000 1.0000
-11.2050 12.7650 0.0000 1.0000
-11.0850 12.7650 0.0000 1.0000
-10.9950 12.7650 0.0000 1.0000
-10.9350 12.7650 0.0000 1.0000
15.8250 12.7650 0.0000 1.0000
16.0950 12.7650 0.0000 1.0000
-11.1750 12.7350 0.0000 1.0000
-11.0850 12.7350 0.0000 1.0000
15.8250 12.7350 0.0000 1.0000
16.0650 12.7350 0.0000 1.0000
16.0950 12.7350 0.0000 1.0000
-11.1150 12.7050 0.0000 1.0000
-11.0250 12.7050 0.0000 1.0000
15.7950 12.7050 0.0000 1.0000
16.0050 12.7050 0.0000 1.0000
16.0950 12.7050 0.0000 1.0000
-11.0250 12.6750 0.0000 1.0000
-10.8750 12.6750 0.0000 1.0000
-11.0250 12.6450 0.0000 1.0000
-10.9950 12.6450 0.0000 1.0000
2.1450 12.6450 0.0000 1.0000
2.1750 12.6450 0.0000 1.0000
2.2050 12.6450 0.0000 1.0000
2.2350 12.6450 0.0000 1.0000
2.2650 12.6450 0.0000 1.0000
2.2950 12.6450 0.0000 1.0000
2.3250 12.6450 0.0000 1.0000
2.3550 12.6450 0.0000 1.0000
2.3850 12.6450 0.0000 1.0000
2.4150 12.6450 0.0000 1.0000
2.4450 12.6450 0.0000 1.0000
2.4750 12.6450 0.0000 1.0000
2.5050 12.6450 0.0000 1.0000
15.7950 12.6450 0.0000 1.0000
16.0950 12.6450 0.0000 1.0000
-11.1150 12.6150 0.0000 1.0000
-11.0250 12.6150 0.0000 1.0000
-10.9650 12.6150 0.0000 1.0000
2.0250 12.6150 0.0000 1.0000
2.0550 12.6150 0.0000 1.0000
2.0850 12.6150 0.0000 1.0000
2.1150 12.6150 0.0000 1.0000
2.1450 12.6150 0.0000 1.0000
2.1750 12.6150 0.0000 1.0000
2.2050 12.6150 0.0000 1.0000
2.2350 12.6150 0.0000 1.0000
2.2650 12.6150 0.0000 1.0000
2.2950 12.6150 0.0000 1.0000
2.3250 12.6150 0.0000 1.0000
2.3550 12.6150 0.0000 1.0000
2.3850 12.6150 0.0000 1.0000
2.4150 12.6150 0.0000 1.0000
2.4450 12.6150 0.0000 1.0000
2.4750 12.6150 0.0000 1.0000
2.5050 12.6150 0.0000 1.0000
2.5350 12.6150 0.0000 1.0000
2.5650 12.6150 0.0000 1.0000
-11.0250 12.5850 0.0000 1.0000
-10.9950 12.5850 0.0000 1.0000
-10.9650 12.5850 0.0000 1.0000
-10.9050 12.5850 0.0000 1.0000
-7.9050 12.5850 0.0000 1.0000
-3.1650 12.5850 0.0000 1.0000
-3.1350 12.5850 0.0000 1.0000
-3.1050 12.5850 0.0000 1.0000
-3.0750 12.5850 0.0000 1.0000
-3.0450 12.5850 0.0000 1.0000
-3.0150 12.5850 0.0000 1.0000
-2.9850 12.5850 0.0000 1.0000
-2.9550 12.5850 0.0000 1.0000
-2.9250 12.5850 0.0000 1.0000
-2.8950 12.5850 0.0000 1.0000
-2.8650 12.5850 0.0000 1.0000
-2.8350 12.5850 0.0000 1.0000
-2.8050 12.5850 0.0000 1.0000
-2.7750 12.5850 0.0000 1.0000
1.9650 12.5850 0.0000 1.0000
1.9950 12.5850 0.0000 1.0000
2.0250 12.5850 0.0000 1.0000
2.0550 12.5850 0.0000 1.0000
2.0850 12.5850 0.0000 1.0000
2.1150 12.5850 0.0000 1.0000
2.1450 12.5850 0.0000 1.0000
2.4150 12.5850 0.0000 1.0000
2.4450 12.5850 0.0000 1.0000
2.4750 12.5850 0.0000 1.0000
2.5050 12.5850 0.0000 1.0000
2.5350 12.5850 0.0000 1.0000
2.5650 12.5850 0.0000 1.0000
2.5950 12.5850 0.0000 1.0000
2.6250 12.5850 0.0000 1.0000
-10.9950 12.5550 0.0000 1.0000
-10.9650 12.5550 0.0000 1.0000
-10.8450 12.5550 0.0000 1.0000
-8.0250 12.5550 0.0000 1.0000
-7.9950 12.5550 0.0000 1.0000
-7.9050 12.5550 0.0000 1.0000
-7.8750 12.5550 0.0000 1.0000
-7.8450 12.5550 0.0000 1.0000
-3.2550 12.5550 0.0000 1.0000
-3.2250 12.5550 0.0000 1.0000
-3.1950 12.5550 0.0000 1.0000
-3.1650 12.5550 0.0000 1.0000
-3.1350 12.5550 0.0000 1.0000
-3.1050 12.5550 0.0000 1.0000
-3.0750 12.5550 0.0000 1.0000
-3.0450 12.5550 0.0000 1.0000
-3.0150 12.5550 0.0000 1.0000
-2.9850 12.5550 0.0000 1.0000
-2.9550 12.5550 0.0000 1.0000
-2.9250 12.5550 0.0000 1.0000
-2.8950 12.5550 0.0000 1.0000
-2.8650 12.5550 0.0000 1.0000
-2.8350 12.5550 0.0000 1.0000
-2.8050 12.5550 0.0000 1.0000
-2.7750 12.5550 0.0000 1.0000
-2.7450 12.5550 0.0000 1.0000
-2.7150 12.5550 0.0000 1.0000
-2.6850 12.5550 0.0000 1.0000
1.8750 12.5550 0.0000 1.0000
1.9050 12.5550 0.0000 1.0000
1.9350 12.5550 0.0000 1.0000
1.9650 12.5550 0.0000 1.0000
1.9950 12.5550 0.0000 1.0000
2.0250 12.5550 0.0000 1.0000
2.0550 12.5550 0.0000 1.0000
2.1750 12.5550 0.0000 1.0000
2.2350 12.5550 0.0000 1.0000
2.5050 12.5550 0.0000 1.0000
2.5650 12.5550 0.0000 1.0000
2.5950 12.5550 0.0000 1.0000
2.6250 12.5550 0.0000 1.0000
2.6550 12.5550 0.0000 1.0000
2.6850 12.5550 0.0000 1.0000
2.7150 12.5550 0.0000 1.0000
12.9750 12.5550 0.0000 1.0000
-10.9650 12.5250 0.0000 1.0000
-10.8750 12.5250 0.0000 1.0000
-10.8450 12.5250 0.0000 1.0000
-10.7850 12.5250 0.0000 1.0000
-8.0250 12.5250 0.0000 1.0000
-7.9350 12.5250 0.0000 1.0000
-7.9050 12.5250 0.0000 1.0000
-7.8450 12.5250 0.0000 1.0000
-7.6950 12.5250 0.0000 1.0000
-3.3150 12.5250 0.0000 1.0000
-3.2850 12.5250 0.0000 1.0000
-3.2550 12.5250 0.0000 1.0000
-3.2250 12.5250 0.0000 1.0000
-3.1950 12.5250 0.0000 1.0000
-3.1650 12.5250 0.0000 1.0000
-3.1350 12.5250 0.0000 1.0000
-3.1050 12.5250 0.0000 1.0000
-3.0750 12.5250 0.0000 1.0000
-2.7750 12.5250 0.0000 1.0000
-2.7450 12.5250 0.0000 1.0000
-2.7150 12.5250 0.0000 1.0000
-2.6850 12.5250 0.0000 1.0000
-2.6550 12.5250 0.0000 1.0000
-2.6250 12.5250 0.0000 1.0000
-2.5950 12.5250 0.0000 1.0000
-2.5650 12.5250 0.0000 1.0000
1.8150 12.5250 0.0000 1.0000
1.8450 12.5250 0.0000 1.0000
1.8750 12.5250 0.0000 1.0000
1.9050 12.5250 0.0000 1.0000
1.9350 12.5250 0.0000 1.0000
1.9650 12.5250 0.0000 1.0000
2.4750 12.5250 0.0000 1.0000
2.6550 12.5250 0.0000 1.0000
2.6850 12.5250 0.0000 1.0000
2.7150 12.5250 0.0000 1.0000
2.7450 12.5250 0.0000 1.0000
2.7750 12.5250 0.0000 1.0000
7.3650 12.5250 0.0000 1.0000
7.3950 12.5250 0.0000 1.0000
7.4250 12.5250 0.0000 1.0000
7.4550 12.5250 0.0000 1.0000
7.4850 12.5250 0.0000 1.0000
7.5150 12.5250 0.0000 1.0000
7.5450 12.5250 0.0000 1.0000
7.5750 12.5250 0.0000 1.0000
7.6050 12.5250 0.0000 1.0000
7.6350 12.5250 0.0000 1.0000
7.6650 12.5250 0.0000 1.0000
7.6950 12.5250 0.0000 1.0000
7.7250 12.5250 0.0000 1.0000
12.5250 12.5250 0.0000 1.0000
12.9750 12.5250 0.0000 1.0000
-10.9350 12.4950 0.0000 1.0000
-10.8450 12.4950 0.0000 1.0000
-10.8150 12.4950 0.0000 1.0000
-10.7850 12.4950 0.0000 1.0000
-10.7550 12.4950 0.0000 1.0000
-10.7250 12.4950 0.0000 1.0000
-10.6950 12.4950 0.0000 1.0000
-10.6650 12.4950 0.0000 1.0000
-10.6350 12.4950 0.0000 1.0000
-7.9350 12.4950 0.0000 1.0000
-7.9050 12.4950 0.0000 1.0000
-7.7550 12.4950 0.0000 1.0000
-3.3750 12.4950 0.0000 1.0000
-3.3450 12.4950 0.0000 1.0000
-3.3150 12.4950 0.0000 1.0000
-3.2850 12.4950 0.0000 1.0000
-3.2550 12.4950 0.0000 1.0000
-2.6250 12.4950 0.0000 1.0000
-2.5950 12.4950 0.0000 1.0000
-2.5650 12.4950 0.0000 1.0000
-2.5350 12.4950 0.0000 1.0000
-2.5050 12.4950 0.0000 1.0000
1.7850 12.4950 0.0000 1.0000
1.8150 12.4950 0.0000 1.0000
1.8450 12.4950 0.0000 1.0000
1.9050 12.4950 0.0000 1.0000
1.9350 12.4950 0.0000 1.0000
1.9650 12.4950 0.0000 1.0000
1.9950 12.4950 0.0000 1.0000
2.3550 12.4950 0.0000 1.0000
2.4450 12.4950 0.0000 1.0000
2.7450 12.4950 0.0000 1.0000
2.7750 12.4950 0.0000 1.0000
2.8050 12.4950 0.0000 1.0000
2.8350 12.4950 0.0000 1.0000
7.2450 12.4950 0.0000 1.0000
7.2750 12.4950 0.0000 1.0000
7.3050 12.4950 0.0000 1.0000
7.3350 12.4950 0.0000 1.0000
7.3650 12.4950 0.0000 1.0000
7.3950 12.4950 0.0000 1.0000
7.4250 12.4950 0.0000 1.0000
7.5150 12.4950 0.0000 1.0000
7.6050 12.4950 0.0000 1.0000
7.6950 12.4950 0.0000 1.0000
7.7250 12.4950 0.0000 1.0000
7.7550 12.4950 0.0000 1.0000
7.7850 12.4950 0.0000 1.0000
7.8150 12.4950 0.0000 1.0000
7.8450 12.4950 0.0000 1.0000
12.4650 12.4950 0.0000 1.0000
12.4950 12.4950 0.0000 1.0000
-10.9050 12.4650 0.0000 1.0000
-10.8750 12.4650 0.0000 1.0000
-10.8450 12.4650 0.0000 1.0000
-10.8150 12.4650 0.0000 1.0000
-10.7550 12.4650 0.0000 1.0000
-10.7250 12.4650 0.0000 1.0000
-10.6650 12.4650 0.0000 1.0000
-7.8450 12.4650 0.0000 1.0000
-7.8150 12.4650 0.0000 1.0000
-7.7250 12.4650 0.0000 1.0000
-7.6650 12.4650 0.0000 1.0000
-3.4350 12.4650 0.0000 1.0000
-3.4050 12.4650 0.0000 1.0000
-3.3750 12.4650 0.0000 1.0000
-3.3450 12.4650 0.0000 1.0000
-2.5350 12.4650 0.0000 1.0000
-2.5050 12.4650 0.0000 1.0000
-2.4750 12.4650 0.0000 1.0000
-2.4450 12.4650 0.0000 1.0000
-2.4150 12.4650 0.0000 1.0000
1.7250 12.4650 0.0000 1.0000
1.7550 12.4650 0.0000 1.0000
1.7850 12.4650 0.0000 1.0000
1.9650 12.4650 0.0000 1.0000
1.9950 12.4650 0.0000 1.0000
2.0250 12.4650 0.0000 1.0000
2.0550 12.4650 0.0000 1.0000
2.5650 12.4650 0.0000 1.0000
2.7450 12.4650 0.0000 1.0000
2.7750 12.4650 0.0000 1.0000
2.8050 12.4650 0.0000 1.0000
2.8350 12.4650 0.0000 1.0000
2.8650 12.4650 0.0000 1.0000
7.1550 12.4650 0.0000 1.0000
7.1850 12.4650 0.0000 1.0000
7.2150 12.4650 0.0000 1.0000
7.2450 12.4650 0.0000 1.0000
7.3650 12.4650 0.0000 1.0000
7.3950 12.4650 0.0000 1.0000
7.4250 12.4650 0.0000 1.0000
7.4550 12.4650 0.0000 1.0000
7.5150 12.4650 0.0000 1.0000
7.5750 12.4650 0.0000 1.0000
7.6350 12.4650 0.0000 1.0000
7.7550 12.4650 0.0000 1.0000
7.7850 12.4650 0.0000 1.0000
7.8450 12.4650 0.0000 1.0000
7.8750 12.4650 0.0000 1.0000
7.9050 12.4650 0.0000 1.0000
7.9350 12.4650 0.0000 1.0000
12.4050 12.4650 0.0000 1.0000
12.9750 12.4650 0.0000 1.0000
-10.9050 12.4350 0.0000 1.0000
-10.8450 12.4350 0.0000 1.0000
-10.7550 12.4350 0.0000 1.0000
-7.7850 12.4350 0.0000 1.0000
-7.7550 12.4350 0.0000 1.0000
-7.7250 12.4350 0.0000 1.0000
-7.6950 12.4350 0.0000 1.0000
-7.6650 12.4350 0.0000 1.0000
-7.6350 12.4350 0.0000 1.0000
-7.5750 12.4350 0.0000 1.0000
-3.4950 12.4350 0.0000 1.0000
-3.4650 12.4350 0.0000 1.0000
-3.4350 12.4350 0.0000 1.0000
-3.4050 12.4350 0.0000 1.0000
-2.4750 12.4350 0.0000 1.0000
-2.4450 12.4350 0.0000 1.0000
-2.4150 12.4350 0.0000 1.0000
-2.3850 12.4350 0.0000 1.0000
1.6950 12.4350 0.0000 1.0000
1.7250 12.4350 0.0000 1.0000
2.0250 12.4350 0.0000 1.0000
2.0550 12.4350 0.0000 1.0000
2.0850 12.4350 0.0000 1.0000
2.1150 12.4350 0.0000 1.0000
2.1450 12.4350 0.0000 1.0000
2.1750 12.4350 0.0000 1.0000
2.2050 12.4350 0.0000 1.0000
2.2350 12.4350 0.0000 1.0000
2.2650 12.4350 0.0000 1.0000
2.4150 12.4350 0.0000 1.0000
2.4450 12.4350 0.0000 1.0000
2.4750 12.4350 0.0000 1.0000
2.5050 12.4350 0.0000 1.0000
2.5350 12.4350 0.0000 1.0000
2.5650 12.4350 0.0000 1.0000
2.6250 12.4350 0.0000 1.0000
2.6550 12.4350 0.0000 1.0000
2.6850 12.4350 0.0000 1.0000
2.7150 12.4350 0.0000 1.0000
2.8050 12.4350 0.0000 1.0000
2.8350 12.4350 0.0000 1.0000
2.8650 12.4350 0.0000 1.0000
2.8950 12.4350 0.0000 1.0000
2.9250 12.4350 0.0000 1.0000
7.0650 12.4350 0.0000 1.0000
7.0950 12.4350 0.0000 1.0000
7.1250 12.4350 0.0000 1.0000
7.1550 12.4350 0.0000 1.0000
7.4550 12.4350 0.0000 1.0000
7.4850 12.4350 0.0000 1.0000
7.5150 12.4350 0.0000 1.0000
7.5450 12.4350 0.0000 1.0000
7.6350 12.4350 0.0000 1.0000
7.7850 12.4350 0.0000 1.0000
7.8450 12.4350 0.0000 1.0000
7.8750 12.4350 0.0000 1.0000
7.9350 12.4350 0.0000 1.0000
7.9650 12.4350 0.0000 1.0000
7.9950 12.4350 0.0000 1.0000
-10.8750 12.4050 0.0000 1.0000
-10.8150 12.4050 0.0000 1.0000
-7.6650 12.4050 0.0000 1.0000
-7.6350 12.4050 0.0000 1.0000
-7.6050 12.4050 0.0000 1.0000
-7.5750 12.4050 0.0000 1.0000
-7.5450 12.4050 0.0000 1.0000
-3.5250 12.4050 0.0000 1.0000
-3.4950 12.4050 0.0000 1.0000
-3.4650 12.4050 0.0000 1.0000
-2.4150 12.4050 0.0000 1.0000
-2.3850 12.4050 0.0000 1.0000
-2.3550 12.4050 0.0000 1.0000
1.6350 12.4050 0.0000 1.0000
1.6650 12.4050 0.0000 1.0000
1.6950 12.4050 0.0000 1.0000
2.1150 12.4050 0.0000 1.0000
2.1450 12.4050 0.0000 1.0000
2.1750 12.4050 0.0000 1.0000
2.2050 12.4050 0.0000 1.0000
2.2350 12.4050 0.0000 1.0000
2.2650 12.4050 0.0000 1.0000
2.2950 12.4050 0.0000 1.0000
2.3250 12.4050 0.0000 1.0000
2.3550 12.4050 0.0000 1.0000
2.3850 12.4050 0.0000 1.0000
2.4150 12.4050 0.0000 1.0000
2.4450 12.4050 0.0000 1.0000
2.4750 12.4050 0.0000 1.0000
2.5350 12.4050 0.0000 1.0000
2.5650 12.4050 0.0000 1.0000
2.5950 12.4050 0.0000 1.0000
2.6250 12.4050 0.0000 1.0000
2.6550 12.4050 0.0000 1.0000
2.6850 12.4050 0.0000 1.0000
2.7150 12.4050 0.0000 1.0000
2.7450 12.4050 0.0000 1.0000
2.7750 12.4050 0.0000 1.0000
2.8050 12.4050 0.0000 1.0000
2.8350 12.4050 0.0000 1.0000
2.8650 12.4050 0.0000 1.0000
2.9250 12.4050 0.0000 1.0000
2.9550 12.4050 0.0000 1.0000
7.0350 12.4050 0.0000 1.0000
7.0650 12.4050 0.0000 1.0000
7.0950 12.4050 0.0000 1.0000
7.5150 12.4050 0.0000 1.0000
7.5450 12.4050 0.0000 1.0000
7.5750 12.4050 0.0000 1.0000
7.6050 12.4050 0.0000 1.0000
7.6350 12.4050 0.0000 1.0000
7.6950 12.4050 0.0000 1.0000
7.9650 12.4050 0.0000 1.0000
7.9950 12.4050 0.0000 1.0000
8.0250 12.4050 0.0000 1.0000
8.0550 12.4050 0.0000 1.0000
12.2550 12.4050 0.0000 1.0000
12.2850 12.4050 0.0000 1.0000
12.4650 12.4050 0.0000 1.0000
12.9750 12.4050 0.0000 1.0000
-10.9050 12.3750 0.0000 1.0000
-10.8750 12.3750 0.0000 1.0000
-10.7550 12.3750 0.0000 1.0000
-7.7250 12.3750 0.0000 1.0000
-7.6350 12.3750 0.0000 1.0000
-7.6050 12.3750 0.0000 1.0000
-7.5750 12.3750 0.0000 1.0000
-7.5150 12.3750 0.0000 1.0000
-7.4850 12.3750 0.0000 1.0000
-3.5850 12.3750 0.0000 1.0000
-3.5550 12.3750 0.0000 1.0000
-3.5250 12.3750 0.0000 1.0000
-2.3550 12.3750 0.0000 1.0000
-2.3250 12.3750 0.0000 1.0000
-2.2950 12.3750 0.0000 1.0000
1.6350 12.3750 0.0000 1.0000
2.2650 12.3750 0.0000 1.0000
2.2950 12.3750 0.0000 1.0000
2.3250 12.3750 0.0000 1.0000
2.3550 12.3750 0.0000 1.0000
2.3850 12.3750 0.0000 1.0000
2.4150 12.3750 0.0000 1.0000
2.4450 12.3750 0.0000 1.0000
2.4750 12.3750 0.0000 1.0000
2.5050 12.3750 0.0000 1.0000
2.5350 12.3750 0.0000 1.0000
2.5650 12.3750 0.0000 1.0000
2.5950 12.3750 0.0000 1.0000
2.6250 12.3750 0.0000 1.0000
2.6550 12.3750 0.0000 1.0000
2.6850 12.3750 0.0000 1.0000
2.7150 12.3750 0.0000 1.0000
2.7450 12.3750 0.0000 1.0000
2.7750 12.3750 0.0000 1.0000
2.8050 12.3750 0.0000 1.0000
2.9550 12.3750 0.0000 1.0000
2.9850 12.3750 0.0000 1.0000
6.9750 12.3750 0.0000 1.0000
7.0050 12.3750 0.0000 1.0000
7.7250 12.3750 0.0000 1.0000
7.7850 12.3750 0.0000 1.0000
7.9950 12.3750 0.0000 1.0000
8.0550 12.3750 0.0000 1.0000
8.0850 12.3750 0.0000 1.0000
8.1150 12.3750 0.0000 1.0000
12.1650 12.3750 0.0000 1.0000
12.1950 12.3750 0.0000 1.0000
12.2250 12.3750 0.0000 1.0000
12.4650 12.3750 0.0000 1.0000
-10.9650 12.3450 0.0000 1.0000
-10.9350 12.3450 0.0000 1.0000
-10.9050 12.3450 0.0000 1.0000
-10.8750 12.3450 0.0000 1.0000
-10.7850 12.3450 0.0000 1.0000
-10.7250 12.3450 0.0000 1.0000
-7.6950 12.3450 0.0000 1.0000
-7.6050 12.3450 0.0000 1.0000
-7.5450 12.3450 0.0000 1.0000
-7.5150 12.3450 0.0000 1.0000
-7.4850 12.3450 0.0000 1.0000
-7.4550 12.3450 0.0000 1.0000
-3.6450 12.3450 0.0000 1.0000
-3.6150 12.3450 0.0000 1.0000
-3.5850 12.3450 0.0000 1.0000
-3.5550 12.3450 0.0000 1.0000
-2.3250 12.3450 0.0000 1.0000
-2.2950 12.3450 0.0000 1.0000
-2.2650 12.3450 0.0000 1.0000
-2.1750 12.3450 0.0000 1.0000
1.5750 12.3450 0.0000 1.0000
1.6050 12.3450 0.0000 1.0000
2.9850 12.3450 0.0000 1.0000
3.0150 12.3450 0.0000 1.0000
6.9150 12.3450 0.0000 1.0000
6.9450 12.3450 0.0000 1.0000
7.9950 12.3450 0.0000 1.0000
8.1150 12.3450 0.0000 1.0000
8.1450 12.3450 0.0000 1.0000
8.1750 12.3450 0.0000 1.0000
12.1050 12.3450 0.0000 1.0000
12.1350 12.3450 0.0000 1.0000
-10.9650 12.3150 0.0000 1.0000
-10.9350 12.3150 0.0000 1.0000
-10.7550 12.3150 0.0000 1.0000
-10.7250 12.3150 0.0000 1.0000
-7.7550 12.3150 0.0000 1.0000
-7.6350 12.3150 0.0000 1.0000
-7.5450 12.3150 0.0000 1.0000
-7.5150 12.3150 0.0000 1.0000
-7.4850 12.3150 0.0000 1.0000
-7.4550 12.3150 0.0000 1.0000
-7.4250 12.3150 0.0000 1.0000
-3.6750 12.3150 0.0000 1.0000
-3.6450 12.3150 0.0000 1.0000
-3.6150 12.3150 0.0000 1.0000
-3.5850 12.3150 0.0000 1.0000
-2.2650 12.3150 0.0000 1.0000
-2.2350 12.3150 0.0000 1.0000
-2.2050 12.3150 0.0000 1.0000
-2.1450 12.3150 0.0000 1.0000
1.5750 12.3150 0.0000 1.0000
3.0450 12.3150 0.0000 1.0000
6.8850 12.3150 0.0000 1.0000
6.9150 12.3150 0.0000 1.0000
7.7850 12.3150 0.0000 1.0000
8.1450 12.3150 0.0000 1.0000
8.1750 12.3150 0.0000 1.0000
8.2050 12.3150 0.0000 1.0000
12.0750 12.3150 0.0000 1.0000
12.1050 12.3150 0.0000 1.0000
12.2550 12.3150 0.0000 1.0000
-10.9650 12.2850 0.0000 1.0000
-10.7550 12.2850 0.0000 1.0000
-10.7250 12.2850 0.0000 1.0000
-7.7550 12.2850 0.0000 1.0000
-7.5150 12.2850 0.0000 1.0000
-7.4850 12.2850 0.0000 1.0000
-7.4550 12.2850 0.0000 1.0000
-7.4250 12.2850 0.0000 1.0000
-7.3950 12.2850 0.0000 1.0000
-3.7050 12.2850 0.0000 1.0000
-3.6750 12.2850 0.0000 1.0000
-3.6450 12.2850 0.0000 1.0000
-2.2350 12.2850 0.0000 1.0000
-2.2050 12.2850 0.0000 1.0000
-2.1750 12.2850 0.0000 1.0000
-2.1450 12.2850 0.0000 1.0000
1.5450 12.2850 0.0000 1.0000
3.0750 12.2850 0.0000 1.0000
6.8550 12.2850 0.0000 1.0000
6.8850 12.2850 0.0000 1.0000
8.2050 12.2850 0.0000 1.0000
8.2350 12.2850 0.0000 1.0000
8.2650 12.2850 0.0000 1.0000
12.0450 12.2850 0.0000 1.0000
12.0750 12.2850 0.0000 1.0000
12.1350 12.2850 0.0000 1.0000
-10.9350 12.2550 0.0000 1.0000
-10.7550 12.2550 0.0000 1.0000
-10.7250 12.2550 0.0000 1.0000
-7.6350 12.2550 0.0000 1.0000
-7.4550 12.2550 0.0000 1.0000
-7.4250 12.2550 0.0000 1.0000
-7.3950 12.2550 0.0000 1.0000
-7.3650 12.2550 0.0000 1.0000
-7.3350 12.2550 0.0000 1.0000
-3.7350 12.2550 0.0000 1.0000
-3.7050 12.2550 0.0000 1.0000
-3.6750 12.2550 0.0000 1.0000
-2.1750 12.2550 0.0000 1.0000
-2.1450 12.2550 0.0000 1.0000
-2.0850 12.2550 0.0000 1.0000
1.5150 12.2550 0.0000 1.0000
3.1050 12.2550 0.0000 1.0000
6.7950 12.2550 0.0000 1.0000
6.8250 12.2550 0.0000 1.0000
8.2350 12.2550 0.0000 1.0000
8.2650 12.2550 0.0000 1.0000
8.2950 12.2550 0.0000 1.0000
11.9850 12.2550 0.0000 1.0000
12.0150 12.2550 0.0000 1.0000
12.0450 12.2550 0.0000 1.0000
12.0750 12.2550 0.0000 1.0000
-7.8150 12.2250 0.0000 1.0000
-7.5750 12.2250 0.0000 1.0000
-7.4250 12.2250 0.0000 1.0000
-7.3950 12.2250 0.0000 1.0000
-7.3650 12.2250 0.0000 1.0000
-7.3050 12.2250 0.0000 1.0000
-3.7650 12.2250 0.0000 1.0000
-3.7350 12.2250 0.0000 1.0000
-3.7050 12.2250 0.0000 1.0000
-2.1450 12.2250 0.0000 1.0000
-2.1150 12.2250 0.0000 1.0000
-2.0550 12.2250 0.0000 1.0000
1.4850 12.2250 0.0000 1.0000
3.1350 12.2250 0.0000 1.0000
6.7650 12.2250 0.0000 1.0000
6.7950 12.2250 0.0000 1.0000
8.2950 12.2250 0.0000 1.0000
8.3250 12.2250 0.0000 1.0000
11.9550 12.2250 0.0000 1.0000
12.0150 12.2250 0.0000 1.0000
12.0750 12.2250 0.0000 1.0000
12.1050 12.2250 0.0000 1.0000
-7.8750 12.1950 0.0000 1.0000
-7.5450 12.1950 0.0000 1.0000
-7.3950 12.1950 0.0000 1.0000
-7.3650 12.1950 0.0000 1.0000
-7.3350 12.1950 0.0000 1.0000
-7.3050 12.1950 0.0000 1.0000
-7.2750 12.1950 0.0000 1.0000
-3.7650 12.1950 0.0000 1.0000
-3.7350 12.1950 0.0000 1.0000
-2.1450 12.1950 0.0000 1.0000
-2.1150 12.1950 0.0000 1.0000
-2.0850 12.1950 0.0000 1.0000
-2.0550 12.1950 0.0000 1.0000
1.4550 12.1950 0.0000 1.0000
3.1650 12.1950 0.0000 1.0000
6.7350 12.1950 0.0000 1.0000
6.7650 12.1950 0.0000 1.0000
8.3250 12.1950 0.0000 1.0000
8.3550 12.1950 0.0000 1.0000
11.9250 12.1950 0.0000 1.0000
11.9850 12.1950 0.0000 1.0000
12.1050 12.1950 0.0000 1.0000
-7.3350 12.1650 0.0000 1.0000
-7.3050 12.1650 0.0000 1.0000
-7.2750 12.1650 0.0000 1.0000
-7.2450 12.1650 0.0000 1.0000
-3.7950 12.1650 0.0000 1.0000
-3.7650 12.1650 0.0000 1.0000
-2.1150 12.1650 0.0000 1.0000
-2.0850 12.1650 0.0000 1.0000
-2.0550 12.1650 0.0000 1.0000
1.4250 12.1650 0.0000 1.0000
1.4550 12.1650 0.0000 1.0000
3.1650 12.1650 0.0000 1.0000
6.7050 12.1650 0.0000 1.0000
6.7350 12.1650 0.0000 1.0000
8.3550 12.1650 0.0000 1.0000
8.3850 12.1650 0.0000 1.0000
11.9250 12.1650 0.0000 1.0000
11.9550 12.1650 0.0000 1.0000
11.9850 12.1650 0.0000 1.0000
-10.8450 12.1350 0.0000 1.0000
-8.5050 12.1350 0.0000 1.0000
-7.5150 12.1350 0.0000 1.0000
-7.3650 12.1350 0.0000 1.0000
-7.3050 12.1350 0.0000 1.0000
-7.2750 12.1350 0.0000 1.0000
-7.2450 12.1350 0.0000 1.0000
-7.2150 12.1350 0.0000 1.0000
-3.8250 12.1350 0.0000 1.0000
-3.7950 12.1350 0.0000 1.0000
-3.7650 12.1350 0.0000 1.0000
-2.0850 12.1350 0.0000 1.0000
-2.0550 12.1350 0.0000 1.0000
-1.9950 12.1350 0.0000 1.0000
1.4250 12.1350 0.0000 1.0000
3.1950 12.1350 0.0000 1.0000
6.6750 12.1350 0.0000 1.0000
6.7050 12.1350 0.0000 1.0000
8.3850 12.1350 0.0000 1.0000
8.4150 12.1350 0.0000 1.0000
11.8650 12.1350 0.0000 1.0000
11.8950 12.1350 0.0000 1.0000
11.9250 12.1350 0.0000 1.0000
11.9550 12.1350 0.0000 1.0000
-10.8450 12.1050 0.0000 1.0000
-7.4550 12.1050 0.0000 1.0000
-7.3350 12.1050 0.0000 1.0000
-7.3050 12.1050 0.0000 1.0000
-7.2750 12.1050 0.0000 1.0000
-7.2450 12.1050 0.0000 1.0000
-7.2150 12.1050 0.0000 1.0000
-3.8550 12.1050 0.0000 1.0000
-3.8250 12.1050 0.0000 1.0000
-3.7950 12.1050 0.0000 1.0000
-2.0550 12.1050 0.0000 1.0000
-2.0250 12.1050 0.0000 1.0000
1.3950 12.1050 0.0000 1.0000
3.2250 12.1050 0.0000 1.0000
6.6750 12.1050 0.0000 1.0000
8.4150 12.1050 0.0000 1.0000
8.4450 12.1050 0.0000 1.0000
11.8650 12.1050 0.0000 1.0000
11.8950 12.1050 0.0000 1.0000
-10.8150 12.0750 0.0000 1.0000
-10.7850 12.0750 0.0000 1.0000
-8.5050 12.0750 0.0000 1.0000
-7.3950 12.0750 0.0000 1.0000
-7.2750 12.0750 0.0000 1.0000
-7.2450 12.0750 0.0000 1.0000
-7.2150 12.0750 0.0000 1.0000
-7.1850 12.0750 0.0000 1.0000
-3.8850 12.0750 0.0000 1.0000
-3.8550 12.0750 0.0000 1.0000
-3.8250 12.0750 0.0000 1.0000
-2.0550 12.0750 0.0000 1.0000
-2.0250 12.0750 0.0000 1.0000
-1.9950 12.0750 0.0000 1.0000
1.3650 12.0750 0.0000 1.0000
1.3950 12.0750 0.0000 1.0000
6.6450 12.0750 0.0000 1.0000
8.4450 12.0750 0.0000 1.0000
8.4750 12.0750 0.0000 1.0000
11.8350 12.0750 0.0000 1.0000
11.8650 12.0750 0.0000 1.0000
11.8950 12.0750 0.0000 1.0000
-10.8750 12.0450 0.0000 1.0000
-10.8450 12.0450 0.0000 1.0000
-10.8150 12.0450 0.0000 1.0000
-8.1450 12.0450 0.0000 1.0000
-7.3950 12.0450 0.0000 1.0000
-7.2450 12.0450 0.0000 1.0000
-7.2150 12.0450 0.0000 1.0000
-7.1850 12.0450 0.0000 1.0000
-3.8850 12.0450 0.0000 1.0000
-3.8550 12.0450 0.0000 1.0000
-2.0250 12.0450 0.0000 1.0000
-1.9950 12.0450 0.0000 1.0000
1.3650 12.0450 0.0000 1.0000
6.6150 12.0450 0.0000 1.0000
8.4450 12.0450 0.0000 1.0000
8.4750 12.0450 0.0000 1.0000
8.5050 12.0450 0.0000 1.0000
11.8050 12.0450 0.0000 1.0000
11.8350 12.0450 0.0000 1.0000
11.8650 12.0450 0.0000 1.0000
11.8950 12.0450 0.0000 1.0000
-10.8750 12.0150 0.0000 1.0000
-10.8450 12.0150 0.0000 1.0000
-10.8150 12.0150 0.0000 1.0000
-7.2150 12.0150 0.0000 1.0000
-7.1850 12.0150 0.0000 1.0000
-7.1550 12.0150 0.0000 1.0000
-3.9150 12.0150 0.0000 1.0000
-3.8850 12.0150 0.0000 1.0000
-3.8550 12.0150 0.0000 1.0000
-1.9950 12.0150 0.0000 1.0000
-1.9650 12.0150 0.0000 1.0000
1.3350 12.0150 0.0000 1.0000
1.3650 12.0150 0.0000 1.0000
3.2250 12.0150 0.0000 1.0000
6.6150 12.0150 0.0000 1.0000
8.4750 12.0150 0.0000 1.0000
8.5050 12.0150 0.0000 1.0000
11.8050 12.0150 0.0000 1.0000
11.8350 12.0150 0.0000 1.0000
11.8950 12.0150 0.0000 1.0000
-10.9350 11.9850 0.0000 1.0000
-10.9050 11.9850 0.0000 1.0000
-10.8750 11.9850 0.0000 1.0000
-8.1450 11.9850 0.0000 1.0000
-7.3950 11.9850 0.0000 1.0000
-7.2150 11.9850 0.0000 1.0000
-7.1850 11.9850 0.0000 1.0000
-7.1550 11.9850 0.0000 1.0000
-3.9150 11.9850 0.0000 1.0000
-3.8850 11.9850 0.0000 1.0000
-1.9950 11.9850 0.0000 1.0000
-1.9650 11.9850 0.0000 1.0000
6.5850 11.9850 0.0000 1.0000
8.5050 11.9850 0.0000 1.0000
8.5350 11.9850 0.0000 1.0000
11.7750 11.9850 0.0000 1.0000
11.8050 11.9850 0.0000 1.0000
11.8350 11.9850 0.0000 1.0000
-10.8150 11.9550 0.0000 1.0000
-7.3650 11.9550 0.0000 1.0000
-7.2150 11.9550 0.0000 1.0000
-7.1850 11.9550 0.0000 1.0000
-7.1550 11.9550 0.0000 1.0000
-7.1250 11.9550 0.0000 1.0000
-3.9450 11.9550 0.0000 1.0000
-3.9150 11.9550 0.0000 1.0000
-3.8850 11.9550 0.0000 1.0000
-3.8550 11.9550 0.0000 1.0000
-1.9950 11.9550 0.0000 1.0000
-1.9650 11.9550 0.0000 1.0000
-1.9350 11.9550 0.0000 1.0000
6.5550 11.9550 0.0000 1.0000
6.5850 11.9550 0.0000 1.0000
8.5050 11.9550 0.0000 1.0000
8.5350 11.9550 0.0000 1.0000
11.7450 11.9550 0.0000 1.0000
11.7750 11.9550 0.0000 1.0000
11.8050 11.9550 0.0000 1.0000
-10.7550 11.9250 0.0000 1.0000
-8.1450 11.9250 0.0000 1.0000
-7.1850 11.9250 0.0000 1.0000
-7.1550 11.9250 0.0000 1.0000
-7.1250 11.9250 0.0000 1.0000
-3.9450 11.9250 0.0000 1.0000
-3.9150 11.9250 0.0000 1.0000
-3.8850 11.9250 0.0000 1.0000
-3.6450 11.9250 0.0000 1.0000
-1.9650 11.9250 0.0000 1.0000
-1.9350 11.9250 0.0000 1.0000
6.5550 11.9250 0.0000 1.0000
8.5350 11.9250 0.0000 1.0000
8.5650 11.9250 0.0000 1.0000
11.7450 11.9250 0.0000 1.0000
11.7750 11.9250 0.0000 1.0000
11.8050 11.9250 0.0000 1.0000
11.8350 11.9250 0.0000 1.0000
-10.8750 11.8950 0.0000 1.0000
-8.1450 11.8950 0.0000 1.0000
-7.1850 11.8950 0.0000 1.0000
-7.1550 11.8950 0.0000 1.0000
-7.1250 11.8950 0.0000 1.0000
-7.0950 11.8950 0.0000 1.0000
-3.9750 11.8950 0.0000 1.0000
-3.9450 11.8950 0.0000 1.0000
-3.9150 11.8950 0.0000 1.0000
-3.8250 11.8950 0.0000 1.0000
-1.9350 11.8950 0.0000 1.0000
3.2850 11.8950 0.0000 1.0000
6.5250 11.8950 0.0000 1.0000
6.5550 11.8950 0.0000 1.0000
8.5350 11.8950 0.0000 1.0000
8.5650 11.8950 0.0000 1.0000
11.7150 11.8950 0.0000 1.0000
11.7450 11.8950 0.0000 1.0000
11.7750 11.8950 0.0000 1.0000
-10.9050 11.8650 0.0000 1.0000
-10.8750 11.8650 0.0000 1.0000
-10.8450 11.8650 0.0000 1.0000
-7.1850 11.8650 0.0000 1.0000
-7.1550 11.8650 0.0000 1.0000
-7.1250 11.8650 0.0000 1.0000
-7.0950 11.8650 0.0000 1.0000
-4.0050 11.8650 0.0000 1.0000
-3.9750 11.8650 0.0000 1.0000
-3.9450 11.8650 0.0000 1.0000
-3.8850 11.8650 0.0000 1.0000
-1.9650 11.8650 0.0000 1.0000
-1.9350 11.8650 0.0000 1.0000
1.3050 11.8650 0.0000 1.0000
3.2550 11.8650 0.0000 1.0000
3.2850 11.8650 0.0000 1.0000
6.5250 11.8650 0.0000 1.0000
8.5650 11.8650 0.0000 1.0000
8.5950 11.8650 0.0000 1.0000
11.7150 11.8650 0.0000 1.0000
11.7450 11.8650 0.0000 1.0000
11.7750 11.8650 0.0000 1.0000
-10.9350 11.8350 0.0000 1.0000
-10.8450 11.8350 0.0000 1.0000
-7.1850 11.8350 0.0000 1.0000
-7.1550 11.8350 0.0000 1.0000
-7.1250 11.8350 0.0000 1.0000
-7.0950 11.8350 0.0000 1.0000
-7.0650 11.8350 0.0000 1.0000
-4.0050 11.8350 0.0000 1.0000
-3.9750 11.8350 0.0000 1.0000
-3.9450 11.8350 0.0000 1.0000
-1.9350 11.8350 0.0000 1.0000
-1.9050 11.8350 0.0000 1.0000
6.5250 11.8350 0.0000 1.0000
8.5950 11.8350 0.0000 1.0000
11.6850 11.8350 0.0000 1.0000
11.7150 11.8350 0.0000 1.0000
11.7450 11.8350 0.0000 1.0000
11.7750 11.8350 0.0000 1.0000
-10.8750 11.8050 0.0000 1.0000
-7.1850 11.8050 0.0000 1.0000
-7.1550 11.8050 0.0000 1.0000
-7.1250 11.8050 0.0000 1.0000
-7.0950 11.8050 0.0000 1.0000
-7.0650 11.8050 0.0000 1.0000
-4.0050 11.8050 0.0000 1.0000
-3.9750 11.8050 0.0000 1.0000
-3.9450 11.8050 0.0000 1.0000
-1.9350 11.8050 0.0000 1.0000
-1.9050 11.8050 0.0000 1.0000
6.4950 11.8050 0.0000 1.0000
8.6250 11.8050 0.0000 1.0000
11.7150 11.8050 0.0000 1.0000
11.7450 11.8050 0.0000 1.0000
11.9250 11.8050 0.0000 1.0000
-9.2850 11.7750 0.0000 1.0000
-7.2150 11.7750 0.0000 1.0000
-7.1550 11.7750 0.0000 1.0000
-7.1250 11.7750 0.0000 1.0000
-7.0950 11.7750 0.0000 1.0000
-7.0650 11.7750 0.0000 1.0000
-4.0050 11.7750 0.0000 1.0000
-3.9750 11.7750 0.0000 1.0000
-1.9350 11.7750 0.0000 1.0000
-1.9050 11.7750 0.0000 1.0000
6.4950 11.7750 0.0000 1.0000
8.6250 11.7750 0.0000 1.0000
11.6850 11.7750 0.0000 1.0000
11.7150 11.7750 0.0000 1.0000
-10.8750 11.7450 0.0000 1.0000
-10.8450 11.7450 0.0000 1.0000
-7.2150 11.7450 0.0000 1.0000
-7.1850 11.7450 0.0000 1.0000
-7.1250 11.7450 0.0000 1.0000
-7.0950 11.7450 0.0000 1.0000
-7.0650 11.7450 0.0000 1.0000
-7.0350 11.7450 0.0000 1.0000
-4.0050 11.7450 0.0000 1.0000
-3.9750 11.7450 0.0000 1.0000
-1.9650 11.7450 0.0000 1.0000
-1.9050 11.7450 0.0000 1.0000
-1.8750 11.7450 0.0000 1.0000
6.4950 11.7450 0.0000 1.0000
8.6250 11.7450 0.0000 1.0000
8.6550 11.7450 0.0000 1.0000
11.6850 11.7450 0.0000 1.0000
11.9550 11.7450 0.0000 1.0000
-10.9050 11.7150 0.0000 1.0000
-10.8750 11.7150 0.0000 1.0000
-7.1550 11.7150 0.0000 1.0000
-7.0950 11.7150 0.0000 1.0000
-7.0650 11.7150 0.0000 1.0000
-4.0350 11.7150 0.0000 1.0000
-4.0050 11.7150 0.0000 1.0000
-3.9750 11.7150 0.0000 1.0000
-1.9650 11.7150 0.0000 1.0000
-1.9050 11.7150 0.0000 1.0000
-1.8750 11.7150 0.0000 1.0000
6.4650 11.7150 0.0000 1.0000
8.6550 11.7150 0.0000 1.0000
11.6550 11.7150 0.0000 1.0000
11.6850 11.7150 0.0000 1.0000
11.7150 11.7150 0.0000 1.0000
-10.8450 11.6850 0.0000 1.0000
-7.1550 11.6850 0.0000 1.0000
-7.1250 11.6850 0.0000 1.0000
-7.0950 11.6850 0.0000 1.0000
-7.0650 11.6850 0.0000 1.0000
-7.0350 11.6850 0.0000 1.0000
-4.0350 11.6850 0.0000 1.0000
-4.0050 11.6850 0.0000 1.0000
-3.9750 11.6850 0.0000 1.0000
-1.9050 11.6850 0.0000 1.0000
-1.8750 11.6850 0.0000 1.0000
6.4650 11.6850 0.0000 1.0000
8.6550 11.6850 0.0000 1.0000
11.6550 11.6850 0.0000 1.0000
11.6850 11.6850 0.0000 1.0000
11.7450 11.6850 0.0000 1.0000
-10.9950 11.6550 0.0000 1.0000
-10.9650 11.6550 0.0000 1.0000
-10.8750 11.6550 0.0000 1.0000
-10.8450 11.6550 0.0000 1.0000
-7.1550 11.6550 0.0000 1.0000
-7.1250 11.6550 0.0000 1.0000
-7.0950 11.6550 0.0000 1.0000
-7.0650 11.6550 0.0000 1.0000
-7.0350 11.6550 0.0000 1.0000
-4.0350 11.6550 0.0000 1.0000
-4.0050 11.6550 0.0000 1.0000
-3.9750 11.6550 0.0000 1.0000
-3.5550 11.6550 0.0000 1.0000
-1.8750 11.6550 0.0000 1.0000
3.3450 11.6550 0.0000 1.0000
6.4650 11.6550 0.0000 1.0000
8.6550 11.6550 0.0000 1.0000
11.6550 11.6550 0.0000 1.0000
11.7450 11.6550 0.0000 1.0000
-11.0250 11.6250 0.0000 1.0000
-10.9950 11.6250 0.0000 1.0000
-10.9650 11.6250 0.0000 1.0000
-10.9350 11.6250 0.0000 1.0000
-10.9050 11.6250 0.0000 1.0000
-7.1550 11.6250 0.0000 1.0000
-7.1250 11.6250 0.0000 1.0000
-7.0950 11.6250 0.0000 1.0000
-7.0650 11.6250 0.0000 1.0000
-7.0350 11.6250 0.0000 1.0000
-4.0650 11.6250 0.0000 1.0000
-4.0350 11.6250 0.0000 1.0000
-4.0050 11.6250 0.0000 1.0000
-3.9750 11.6250 0.0000 1.0000
-1.8450 11.6250 0.0000 1.0000
3.3450 11.6250 0.0000 1.0000
6.4650 11.6250 0.0000 1.0000
8.6550 11.6250 0.0000 1.0000
8.6850 11.6250 0.0000 1.0000
11.6550 11.6250 0.0000 1.0000
11.7150 11.6250 0.0000 1.0000
-11.0250 11.5950 0.0000 1.0000
-10.9950 11.5950 0.0000 1.0000
-10.8450 11.5950 0.0000 1.0000
-10.8150 11.5950 0.0000 1.0000
-7.1250 11.5950 0.0000 1.0000
-7.0950 11.5950 0.0000 1.0000
-7.0650 11.5950 0.0000 1.0000
-7.0350 11.5950 0.0000 1.0000
-4.0650 11.5950 0.0000 1.0000
-4.0350 11.5950 0.0000 1.0000
-4.0050 11.5950 0.0000 1.0000
-3.7950 11.5950 0.0000 1.0000
-3.7650 11.5950 0.0000 1.0000
-3.4950 11.5950 0.0000 1.0000
-3.4350 11.5950 0.0000 1.0000
-1.9950 11.5950 0.0000 1.0000
-1.9050 11.5950 0.0000 1.0000
-1.8450 11.5950 0.0000 1.0000
6.4350 11.5950 0.0000 1.0000
8.6850 11.5950 0.0000 1.0000
11.6550 11.5950 0.0000 1.0000
11.7450 11.5950 0.0000 1.0000
-11.0250 11.5650 0.0000 1.0000
-10.9650 11.5650 0.0000 1.0000
-10.8750 11.5650 0.0000 1.0000
-10.8450 11.5650 0.0000 1.0000
-10.8150 11.5650 0.0000 1.0000
-10.7850 11.5650 0.0000 1.0000
-10.7550 11.5650 0.0000 1.0000
-10.7250 11.5650 0.0000 1.0000
-10.6950 11.5650 0.0000 1.0000
-7.1250 11.5650 0.0000 1.0000
-7.0950 11.5650 0.0000 1.0000
-7.0650 11.5650 0.0000 1.0000
-7.0350 11.5650 0.0000 1.0000
-4.0650 11.5650 0.0000 1.0000
-4.0350 11.5650 0.0000 1.0000
-4.0050 11.5650 0.0000 1.0000
-3.9750 11.5650 0.0000 1.0000
-3.9450 11.5650 0.0000 1.0000
-3.9150 11.5650 0.0000 1.0000
-3.8550 11.5650 0.0000 1.0000
-3.7950 11.5650 0.0000 1.0000
-3.7650 11.5650 0.0000 1.0000
-3.7350 11.5650 0.0000 1.0000
-3.7050 11.5650 0.0000 1.0000
-3.6450 11.5650 0.0000 1.0000
-3.5550 11.5650 0.0000 1.0000
-3.5250 11.5650 0.0000 1.0000
-3.4950 11.5650 0.0000 1.0000
-3.4350 11.5650 0.0000 1.0000
-3.4050 11.5650 0.0000 1.0000
-3.3450 11.5650 0.0000 1.0000
-3.3150 11.5650 0.0000 1.0000
-3.2850 11.5650 0.0000 1.0000
-3.2550 11.5650 0.0000 1.0000
-3.2250 11.5650 0.0000 1.0000
-3.1950 11.5650 0.0000 1.0000
-3.1650 11.5650 0.0000 1.0000
-3.1350 11.5650 0.0000 1.0000
-3.0750 11.5650 0.0000 1.0000
-3.0150 11.5650 0.0000 1.0000
-2.9250 11.5650 0.0000 1.0000
-2.6850 11.5650 0.0000 1.0000
-2.6550 11.5650 0.0000 1.0000
-2.6250 11.5650 0.0000 1.0000
-2.5650 11.5650 0.0000 1.0000
-2.4150 11.5650 0.0000 1.0000
-2.2050 11.5650 0.0000 1.0000
-2.0850 11.5650 0.0000 1.0000
-1.9050 11.5650 0.0000 1.0000
-1.8450 11.5650 0.0000 1.0000
6.4350 11.5650 0.0000 1.0000
8.6850 11.5650 0.0000 1.0000
11.6550 11.5650 0.0000 1.0000
-10.8150 11.5350 0.0000 1.0000
-10.7850 11.5350 0.0000 1.0000
-7.1250 11.5350 0.0000 1.0000
-7.0950 11.5350 0.0000 1.0000
-7.0650 11.5350 0.0000 1.0000
-7.0350 11.5350 0.0000 1.0000
-4.0650 11.5350 0.0000 1.0000
-4.0350 11.5350 0.0000 1.0000
-4.0050 11.5350 0.0000 1.0000
-3.9450 11.5350 0.0000 1.0000
-3.8850 11.5350 0.0000 1.0000
-3.8550 11.5350 0.0000 1.0000
-3.7350 11.5350 0.0000 1.0000
-3.6750 11.5350 0.0000 1.0000
-3.6450 11.5350 0.0000 1.0000
-3.5550 11.5350 0.0000 1.0000
-3.4950 11.5350 0.0000 1.0000
-3.3150 11.5350 0.0000 1.0000
-3.0150 11.5350 0.0000 1.0000
-2.9550 11.5350 0.0000 1.0000
-2.8950 11.5350 0.0000 1.0000
-2.8650 11.5350 0.0000 1.0000
-2.8350 11.5350 0.0000 1.0000
-2.8050 11.5350 0.0000 1.0000
-2.5650 11.5350 0.0000 1.0000
-2.3850 11.5350 0.0000 1.0000
-2.3250 11.5350 0.0000 1.0000
-2.2950 11.5350 0.0000 1.0000
-2.2650 11.5350 0.0000 1.0000
-2.1450 11.5350 0.0000 1.0000
-2.0550 11.5350 0.0000 1.0000
-1.8450 11.5350 0.0000 1.0000
6.4350 11.5350 0.0000 1.0000
8.6850 11.5350 0.0000 1.0000
11.6250 11.5350 0.0000 1.0000
11.6550 11.5350 0.0000 1.0000
11.7450 11.5350 0.0000 1.0000
11.7750 11.5350 0.0000 1.0000
-8.5650 11.5050 0.0000 1.0000
-7.1250 11.5050 0.0000 1.0000
-7.0950 11.5050 0.0000 1.0000
-7.0650 11.5050 0.0000 1.0000
-7.0350 11.5050 0.0000 1.0000
-4.0650 11.5050 0.0000 1.0000
-4.0350 11.5050 0.0000 1.0000
-4.0050 11.5050 0.0000 1.0000
-3.7350 11.5050 0.0000 1.0000
-3.4650 11.5050 0.0000 1.0000
-3.4050 11.5050 0.0000 1.0000
-3.2850 11.5050 0.0000 1.0000
-3.2250 11.5050 0.0000 1.0000
-3.1950 11.5050 0.0000 1.0000
-3.0750 11.5050 0.0000 1.0000
-3.0150 11.5050 0.0000 1.0000
-2.9250 11.5050 0.0000 1.0000
-2.4750 11.5050 0.0000 1.0000
-2.3550 11.5050 0.0000 1.0000
-2.2650 11.5050 0.0000 1.0000
-2.2350 11.5050 0.0000 1.0000
-2.1750 11.5050 0.0000 1.0000
-2.1450 11.5050 0.0000 1.0000
-1.9650 11.5050 0.0000 1.0000
-1.9050 11.5050 0.0000 1.0000
-1.8450 11.5050 0.0000 1.0000
3.3450 11.5050 0.0000 1.0000
6.4350 11.5050 0.0000 1.0000
8.6850 11.5050 0.0000 1.0000
11.6250 11.5050 0.0000 1.0000
11.6550 11.5050 0.0000 1.0000
11.7750 11.5050 0.0000 1.0000
-10.9650 11.4750 0.0000 1.0000
-10.9350 11.4750 0.0000 1.0000
-8.5650 11.4750 0.0000 1.0000
-7.1250 11.4750 0.0000 1.0000
-7.0950 11.4750 0.0000 1.0000
-7.0650 11.4750 0.0000 1.0000
-7.0350 11.4750 0.0000 1.0000
-4.0650 11.4750 0.0000 1.0000
-4.0350 11.4750 0.0000 1.0000
-4.0050 11.4750 0.0000 1.0000
-3.1350 11.4750 0.0000 1.0000
-2.4450 11.4750 0.0000 1.0000
-2.4150 11.4750 0.0000 1.0000
-1.9050 11.4750 0.0000 1.0000
-1.8450 11.4750 0.0000 1.0000
6.4350 11.4750 0.0000 1.0000
8.6850 11.4750 0.0000 1.0000
8.7150 11.4750 0.0000 1.0000
11.6250 11.4750 0.0000 1.0000
11.6550 11.4750 0.0000 1.0000
11.7150 11.4750 0.0000 1.0000
11.7450 11.4750 0.0000 1.0000
-11.0550 11.4450 0.0000 1.0000
-11.0250 11.4450 0.0000 1.0000
-10.9950 11.4450 0.0000 1.0000
-10.9650 11.4450 0.0000 1.0000
-10.8750 11.4450 0.0000 1.0000
-7.1250 11.4450 0.0000 1.0000
-7.0950 11.4450 0.0000 1.0000
-7.0650 11.4450 0.0000 1.0000
-7.0350 11.4450 0.0000 1.0000
-4.0650 11.4450 0.0000 1.0000
-4.0350 11.4450 0.0000 1.0000
-4.0050 11.4450 0.0000 1.0000
-1.8450 11.4450 0.0000 1.0000
6.4350 11.4450 0.0000 1.0000
8.6850 11.4450 0.0000 1.0000
8.7150 11.4450 0.0000 1.0000
11.6250 11.4450 0.0000 1.0000
11.6550 11.4450 0.0000 1.0000
11.7450 11.4450 0.0000 1.0000
11.7750 11.4450 0.0000 1.0000
-11.0550 11.4150 0.0000 1.0000
-11.0250 11.4150 0.0000 1.0000
-10.8750 11.4150 0.0000 1.0000
-10.8450 11.4150 0.0000 1.0000
-9.3450 11.4150 0.0000 1.0000
-8.5650 11.4150 0.0000 1.0000
-7.1250 11.4150 0.0000 1.0000
-7.0950 11.4150 0.0000 1.0000
-7.0650 11.4150 0.0000 1.0000
-7.0350 11.4150 0.0000 1.0000
-4.0650 11.4150 0.0000 1.0000
-4.0350 11.4150 0.0000 1.0000
-4.0050 11.4150 0.0000 1.0000
-1.9050 11.4150 0.0000 1.0000
-1.8450 11.4150 0.0000 1.0000
3.3750 11.4150 0.0000 1.0000
6.4350 11.4150 0.0000 1.0000
8.7150 11.4150 0.0000 1.0000
11.6250 11.4150 0.0000 1.0000
11.6550 11.4150 0.0000 1.0000
11.7450 11.4150 0.0000 1.0000
11.7750 11.4150 0.0000 1.0000
11.9250 11.4150 0.0000 1.0000
-11.0850 11.3850 0.0000 1.0000
-10.9050 11.3850 0.0000 1.0000
-10.8450 11.3850 0.0000 1.0000
-9.3150 11.3850 0.0000 1.0000
-7.1250 11.3850 0.0000 1.0000
-7.0950 11.3850 0.0000 1.0000
-7.0650 11.3850 0.0000 1.0000
-7.0350 11.3850 0.0000 1.0000
-4.0650 11.3850 0.0000 1.0000
-4.0350 11.3850 0.0000 1.0000
-4.0050 11.3850 0.0000 1.0000
-1.9050 11.3850 0.0000 1.0000
-1.8450 11.3850 0.0000 1.0000
6.4350 11.3850 0.0000 1.0000
6.4650 11.3850 0.0000 1.0000
8.6850 11.3850 0.0000 1.0000
8.7150 11.3850 0.0000 1.0000
11.6250 11.3850 0.0000 1.0000
11.6550 11.3850 0.0000 1.0000
12.0150 11.3850 0.0000 1.0000
-11.1450 11.3550 0.0000 1.0000
-11.1150 11.3550 0.0000 1.0000
-10.9050 11.3550 0.0000 1.0000
-10.8750 11.3550 0.0000 1.0000
-9.3150 11.3550 0.0000 1.0000
-8.5650 11.3550 0.0000 1.0000
-7.1250 11.3550 0.0000 1.0000
-7.0950 11.3550 0.0000 1.0000
-7.0650 11.3550 0.0000 1.0000
-7.0350 11.3550 0.0000 1.0000
-4.0650 11.3550 0.0000 1.0000
-4.0350 11.3550 0.0000 1.0000
-4.0050 11.3550 0.0000 1.0000
-2.0250 11.3550 0.0000 1.0000
-1.9350 11.3550 0.0000 1.0000
-1.8450 11.3550 0.0000 1.0000
6.4350 11.3550 0.0000 1.0000
8.6850 11.3550 0.0000 1.0000
8.7150 11.3550 0.0000 1.0000
11.6250 11.3550 0.0000 1.0000
11.6550 11.3550 0.0000 1.0000
-11.0550 11.3250 0.0000 1.0000
-10.9050 11.3250 0.0000 1.0000
-10.8750 11.3250 0.0000 1.0000
-7.1250 11.3250 0.0000 1.0000
-7.0950 11.3250 0.0000 1.0000
-7.0650 11.3250 0.0000 1.0000
-7.0350 11.3250 0.0000 1.0000
-4.0650 11.3250 0.0000 1.0000
-4.0350 11.3250 0.0000 1.0000
-4.0050 11.3250 0.0000 1.0000
-2.8050 11.3250 0.0000 1.0000
-2.0250 11.3250 0.0000 1.0000
-1.9350 11.3250 0.0000 1.0000
-1.8450 11.3250 0.0000 1.0000
6.4350 11.3250 0.0000 1.0000
6.4650 11.3250 0.0000 1.0000
8.6850 11.3250 0.0000 1.0000
8.7150 11.3250 0.0000 1.0000
11.6250 11.3250 0.0000 1.0000
11.6550 11.3250 0.0000 1.0000
11.7150 11.3250 0.0000 1.0000
12.0150 11.3250 0.0000 1.0000
-11.0550 11.2950 0.0000 1.0000
-10.9050 11.2950 0.0000 1.0000
-8.6550 11.2950 0.0000 1.0000
-7.1250 11.2950 0.0000 1.0000
-7.0950 11.2950 0.0000 1.0000
-7.0650 11.2950 0.0000 1.0000
-4.0350 11.2950 0.0000 1.0000
-4.0050 11.2950 0.0000 1.0000
-3.9750 11.2950 0.0000 1.0000
-3.9450 11.2950 0.0000 1.0000
-2.5650 11.2950 0.0000 1.0000
-2.2950 11.2950 0.0000 1.0000
-2.2650 11.2950 0.0000 1.0000
-2.1450 11.2950 0.0000 1.0000
-1.9950 11.2950 0.0000 1.0000
-1.9650 11.2950 0.0000 1.0000
-1.9350 11.2950 0.0000 1.0000
-1.9050 11.2950 0.0000 1.0000
-1.8750 11.2950 0.0000 1.0000
6.4350 11.2950 0.0000 1.0000
6.4650 11.2950 0.0000 1.0000
8.6850 11.2950 0.0000 1.0000
11.6250 11.2950 0.0000 1.0000
11.6550 11.2950 0.0000 1.0000
11.6850 11.2950 0.0000 1.0000
11.7150 11.2950 0.0000 1.0000
-11.0850 11.2650 0.0000 1.0000
-11.0550 11.2650 0.0000 1.0000
-10.9350 11.2650 0.0000 1.0000
-10.9050 11.2650 0.0000 1.0000
-10.8150 11.2650 0.0000 1.0000
-9.3150 11.2650 0.0000 1.0000
-8.6550 11.2650 0.0000 1.0000
-7.1250 11.2650 0.0000 1.0000
-7.0950 11.2650 0.0000 1.0000
-7.0650 11.2650 0.0000 1.0000
-4.0350 11.2650 0.0000 1.0000
-4.0050 11.2650 0.0000 1.0000
-3.9750 11.2650 0.0000 1.0000
-3.9450 11.2650 0.0000 1.0000
-3.7650 11.2650 0.0000 1.0000
-3.4950 11.2650 0.0000 1.0000
-3.1350 11.2650 0.0000 1.0000
-3.0750 11.2650 0.0000 1.0000
-3.0150 11.2650 0.0000 1.0000
-2.9250 11.2650 0.0000 1.0000
-2.8650 11.2650 0.0000 1.0000
-2.7750 11.2650 0.0000 1.0000
-2.7150 11.2650 0.0000 1.0000
-2.6850 11.2650 0.0000 1.0000
-2.6250 11.2650 0.0000 1.0000
-2.5650 11.2650 0.0000 1.0000
-2.5050 11.2650 0.0000 1.0000
-2.4450 11.2650 0.0000 1.0000
-2.2350 11.2650 0.0000 1.0000
-2.2050 11.2650 0.0000 1.0000
-2.1450 11.2650 0.0000 1.0000
-2.1150 11.2650 0.0000 1.0000
-2.0850 11.2650 0.0000 1.0000
-2.0550 11.2650 0.0000 1.0000
-1.9650 11.2650 0.0000 1.0000
-1.9350 11.2650 0.0000 1.0000
-1.9050 11.2650 0.0000 1.0000
-1.8750 11.2650 0.0000 1.0000
6.4350 11.2650 0.0000 1.0000
8.6850 11.2650 0.0000 1.0000
11.6550 11.2650 0.0000 1.0000
11.6850 11.2650 0.0000 1.0000
11.7150 11.2650 0.0000 1.0000
11.9550 11.2650 0.0000 1.0000
-10.9050 11.2350 0.0000 1.0000
-7.1550 11.2350 0.0000 1.0000
-7.1250 11.2350 0.0000 1.0000
-7.0950 11.2350 0.0000 1.0000
-7.0650 11.2350 0.0000 1.0000
-4.0350 11.2350 0.0000 1.0000
-4.0050 11.2350 0.0000 1.0000
-3.9750 11.2350 0.0000 1.0000
-3.9150 11.2350 0.0000 1.0000
-3.8250 11.2350 0.0000 1.0000
-3.7650 11.2350 0.0000 1.0000
-3.6750 11.2350 0.0000 1.0000
-3.5850 11.2350 0.0000 1.0000
-3.4950 11.2350 0.0000 1.0000
-3.4050 11.2350 0.0000 1.0000
-3.3450 11.2350 0.0000 1.0000
-3.2850 11.2350 0.0000 1.0000
-3.1950 11.2350 0.0000 1.0000
-2.9250 11.2350 0.0000 1.0000
-2.4750 11.2350 0.0000 1.0000
-1.9650 11.2350 0.0000 1.0000
-1.9350 11.2350 0.0000 1.0000
-1.8750 11.2350 0.0000 1.0000
6.4350 11.2350 0.0000 1.0000
6.4650 11.2350 0.0000 1.0000
8.6850 11.2350 0.0000 1.0000
11.6550 11.2350 0.0000 1.0000
11.7150 11.2350 0.0000 1.0000
11.7450 11.2350 0.0000 1.0000
-10.9050 11.2050 0.0000 1.0000
-9.3150 11.2050 0.0000 1.0000
-9.2850 11.2050 0.0000 1.0000
-8.6550 11.2050 0.0000 1.0000
-7.2150 11.2050 0.0000 1.0000
-7.1550 11.2050 0.0000 1.0000
-7.1250 11.2050 0.0000 1.0000
-7.0950 11.2050 0.0000 1.0000
-7.0650 11.2050 0.0000 1.0000
-4.0350 11.2050 0.0000 1.0000
-4.0050 11.2050 0.0000 1.0000
-3.9750 11.2050 0.0000 1.0000
-1.9650 11.2050 0.0000 1.0000
-1.9050 11.2050 0.0000 1.0000
-1.8750 11.2050 0.0000 1.0000
6.4350 11.2050 0.0000 1.0000
6.4650 11.2050 0.0000 1.0000
8.6850 11.2050 0.0000 1.0000
11.6550 11.2050 0.0000 1.0000
11.7150 11.2050 0.0000 1.0000
11.9550 11.2050 0.0000 1.0000
-10.9950 11.1750 0.0000 1.0000
-10.9650 11.1750 0.0000 1.0000
-10.8750 11.1750 0.0000 1.0000
-9.3150 11.1750 0.0000 1.0000
-9.2850 11.1750 0.0000 1.0000
-7.2150 11.1750 0.0000 1.0000
-7.1850 11.1750 0.0000 1.0000
-7.1550 11.1750 0.0000 1.0000
-7.0950 11.1750 0.0000 1.0000
-7.0650 11.1750 0.0000 1.0000
-4.0050 11.1750 0.0000 1.0000
-3.9750 11.1750 0.0000 1.0000
-3.9450 11.1750 0.0000 1.0000
-1.9950 11.1750 0.0000 1.0000
-1.9650 11.1750 0.0000 1.0000
-1.9350 11.1750 0.0000 1.0000
-1.9050 11.1750 0.0000 1.0000
-1.8750 11.1750 0.0000 1.0000
3.3150 11.1750 0.0000 1.0000
6.4350 11.1750 0.0000 1.0000
6.4650 11.1750 0.0000 1.0000
8.6850 11.1750 0.0000 1.0000
11.6550 11.1750 0.0000 1.0000
11.7450 11.1750 0.0000 1.0000
-10.9950 11.1450 0.0000 1.0000
-10.8750 11.1450 0.0000 1.0000
-10.7850 11.1450 0.0000 1.0000
-9.2850 11.1450 0.0000 1.0000
-9.2550 11.1450 0.0000 1.0000
-7.1850 11.1450 0.0000 1.0000
-7.1550 11.1450 0.0000 1.0000
-7.0950 11.1450 0.0000 1.0000
-7.0650 11.1450 0.0000 1.0000
-4.0050 11.1450 0.0000 1.0000
-3.9750 11.1450 0.0000 1.0000
-3.9450 11.1450 0.0000 1.0000
-1.9950 11.1450 0.0000 1.0000
-1.9650 11.1450 0.0000 1.0000
-1.9350 11.1450 0.0000 1.0000
-1.9050 11.1450 0.0000 1.0000
-1.8750 11.1450 0.0000 1.0000
3.3150 11.1450 0.0000 1.0000
6.4650 11.1450 0.0000 1.0000
6.4950 11.1450 0.0000 1.0000
6.5250 11.1450 0.0000 1.0000
8.6550 11.1450 0.0000 1.0000
8.6850 11.1450 0.0000 1.0000
11.6550 11.1450 0.0000 1.0000
11.6850 11.1450 0.0000 1.0000
11.7450 11.1450 0.0000 1.0000
-10.9050 11.1150 0.0000 1.0000
-9.2850 11.1150 0.0000 1.0000
-9.2550 11.1150 0.0000 1.0000
-7.1850 11.1150 0.0000 1.0000
-7.1550 11.1150 0.0000 1.0000
-7.1250 11.1150 0.0000 1.0000
-7.0950 11.1150 0.0000 1.0000
-7.0650 11.1150 0.0000 1.0000
-4.0050 11.1150 0.0000 1.0000
-3.9750 11.1150 0.0000 1.0000
-3.9450 11.1150 0.0000 1.0000
-1.9950 11.1150 0.0000 1.0000
-1.9350 11.1150 0.0000 1.0000
3.3150 11.1150 0.0000 1.0000
6.4650 11.1150 0.0000 1.0000
6.4950 11.1150 0.0000 1.0000
6.5550 11.1150 0.0000 1.0000
6.5850 11.1150 0.0000 1.0000
8.6550 11.1150 0.0000 1.0000
11.6550 11.1150 0.0000 1.0000
11.6850 11.1150 0.0000 1.0000
11.7150 11.1150 0.0000 1.0000
-10.8750 11.0850 0.0000 1.0000
-9.2850 11.0850 0.0000 1.0000
-9.2550 11.0850 0.0000 1.0000
-7.1850 11.0850 0.0000 1.0000
-7.1550 11.0850 0.0000 1.0000
-7.1250 11.0850 0.0000 1.0000
-7.0950 11.0850 0.0000 1.0000
-3.9750 11.0850 0.0000 1.0000
-3.9450 11.0850 0.0000 1.0000
-3.9150 11.0850 0.0000 1.0000
-1.9950 11.0850 0.0000 1.0000
-1.9650 11.0850 0.0000 1.0000
-1.9350 11.0850 0.0000 1.0000
3.2850 11.0850 0.0000 1.0000
6.4950 11.0850 0.0000 1.0000
8.6550 11.0850 0.0000 1.0000
11.6550 11.0850 0.0000 1.0000
11.6850 11.0850 0.0000 1.0000
11.7150 11.0850 0.0000 1.0000
-10.8750 11.0550 0.0000 1.0000
-9.2550 11.0550 0.0000 1.0000
-7.2150 11.0550 0.0000 1.0000
-7.1850 11.0550 0.0000 1.0000
-7.1550 11.0550 0.0000 1.0000
-7.1250 11.0550 0.0000 1.0000
-3.9750 11.0550 0.0000 1.0000
-3.9450 11.0550 0.0000 1.0000
-3.9150 11.0550 0.0000 1.0000
-3.8850 11.0550 0.0000 1.0000
-2.0250 11.0550 0.0000 1.0000
-1.9950 11.0550 0.0000 1.0000
-1.9650 11.0550 0.0000 1.0000
3.2850 11.0550 0.0000 1.0000
6.4950 11.0550 0.0000 1.0000
6.5250 11.0550 0.0000 1.0000
8.6550 11.0550 0.0000 1.0000
11.6850 11.0550 0.0000 1.0000
11.7150 11.0550 0.0000 1.0000
11.7450 11.0550 0.0000 1.0000
-10.9650 11.0250 0.0000 1.0000
-10.8750 11.0250 0.0000 1.0000
-10.8450 11.0250 0.0000 1.0000
-10.8150 11.0250 0.0000 1.0000
-10.7550 11.0250 0.0000 1.0000
-9.2250 11.0250 0.0000 1.0000
-7.2150 11.0250 0.0000 1.0000
-7.1850 11.0250 0.0000 1.0000
-7.1550 11.0250 0.0000 1.0000
-7.1250 11.0250 0.0000 1.0000
-3.9450 11.0250 0.0000 1.0000
-3.9150 11.0250 0.0000 1.0000
-3.8850 11.0250 0.0000 1.0000
-2.0250 11.0250 0.0000 1.0000
-1.9950 11.0250 0.0000 1.0000
-1.9650 11.0250 0.0000 1.0000
3.2850 11.0250 0.0000 1.0000
6.5250 11.0250 0.0000 1.0000
8.6250 11.0250 0.0000 1.0000
8.6550 11.0250 0.0000 1.0000
11.6850 11.0250 0.0000 1.0000
-11.0250 10.9950 0.0000 1.0000
-10.9650 10.9950 0.0000 1.0000
-10.8750 10.9950 0.0000 1.0000
-10.8450 10.9950 0.0000 1.0000
-10.8150 10.9950 0.0000 1.0000
-10.7850 10.9950 0.0000 1.0000
-10.7550 10.9950 0.0000 1.0000
-9.2250 10.9950 0.0000 1.0000
-7.2450 10.9950 0.0000 1.0000
-7.2150 10.9950 0.0000 1.0000
-7.1850 10.9950 0.0000 1.0000
-7.1550 10.9950 0.0000 1.0000
-3.9450 10.9950 0.0000 1.0000
-3.9150 10.9950 0.0000 1.0000
-3.8850 10.9950 0.0000 1.0000
-2.0850 10.9950 0.0000 1.0000
-2.0550 10.9950 0.0000 1.0000
-2.0250 10.9950 0.0000 1.0000
-1.9950 10.9950 0.0000 1.0000
3.2550 10.9950 0.0000 1.0000
6.5250 10.9950 0.0000 1.0000
6.5550 10.9950 0.0000 1.0000
8.6250 10.9950 0.0000 1.0000
11.6850 10.9950 0.0000 1.0000
11.7150 10.9950 0.0000 1.0000
11.7450 10.9950 0.0000 1.0000
-11.0550 10.9650 0.0000 1.0000
-11.0250 10.9650 0.0000 1.0000
-10.9650 10.9650 0.0000 1.0000
-10.9050 10.9650 0.0000 1.0000
-10.8750 10.9650 0.0000 1.0000
-10.8450 10.9650 0.0000 1.0000
-9.2250 10.9650 0.0000 1.0000
-9.1950 10.9650 0.0000 1.0000
-7.2450 10.9650 0.0000 1.0000
-7.2150 10.9650 0.0000 1.0000
-3.9150 10.9650 0.0000 1.0000
-3.8850 10.9650 0.0000 1.0000
-3.8550 10.9650 0.0000 1.0000
-2.0850 10.9650 0.0000 1.0000
-2.0550 10.9650 0.0000 1.0000
-2.0250 10.9650 0.0000 1.0000
-1.9950 10.9650 0.0000 1.0000
3.2550 10.9650 0.0000 1.0000
6.5550 10.9650 0.0000 1.0000
8.5950 10.9650 0.0000 1.0000
8.6250 10.9650 0.0000 1.0000
11.6850 10.9650 0.0000 1.0000
11.7150 10.9650 0.0000 1.0000
11.7450 10.9650 0.0000 1.0000
11.8050 10.9650 0.0000 1.0000
-10.9050 10.9350 0.0000 1.0000
-9.2250 10.9350 0.0000 1.0000
-9.1950 10.9350 0.0000 1.0000
-7.2750 10.9350 0.0000 1.0000
-7.2450 10.9350 0.0000 1.0000
-7.2150 10.9350 0.0000 1.0000
-3.9150 10.9350 0.0000 1.0000
-3.8850 10.9350 0.0000 1.0000
-3.8550 10.9350 0.0000 1.0000
-3.7950 10.9350 0.0000 1.0000
-2.0550 10.9350 0.0000 1.0000
-2.0250 10.9350 0.0000 1.0000
-1.9950 10.9350 0.0000 1.0000
3.2250 10.9350 0.0000 1.0000
6.5550 10.9350 0.0000 1.0000
6.5850 10.9350 0.0000 1.0000
8.5950 10.9350 0.0000 1.0000
8.6250 10.9350 0.0000 1.0000
11.6850 10.9350 0.0000 1.0000
11.7150 10.9350 0.0000 1.0000
11.7450 10.9350 0.0000 1.0000
11.7750 10.9350 0.0000 1.0000
11.8050 10.9350 0.0000 1.0000
-10.9650 10.9050 0.0000 1.0000
-10.9050 10.9050 0.0000 1.0000
-10.7850 10.9050 0.0000 1.0000
-9.1950 10.9050 0.0000 1.0000
-9.1650 10.9050 0.0000 1.0000
-7.2750 10.9050 0.0000 1.0000
-7.2450 10.9050 0.0000 1.0000
-7.2150 10.9050 0.0000 1.0000
-3.8850 10.9050 0.0000 1.0000
-3.8550 10.9050 0.0000 1.0000
-3.8250 10.9050 0.0000 1.0000
-3.7650 10.9050 0.0000 1.0000
-2.0850 10.9050 0.0000 1.0000
-2.0550 10.9050 0.0000 1.0000
-2.0250 10.9050 0.0000 1.0000
-1.9950 10.9050 0.0000 1.0000
3.2250 10.9050 0.0000 1.0000
6.5850 10.9050 0.0000 1.0000
6.6150 10.9050 0.0000 1.0000
8.5650 10.9050 0.0000 1.0000
8.5950 10.9050 0.0000 1.0000
11.7150 10.9050 0.0000 1.0000
11.7450 10.9050 0.0000 1.0000
11.7750 10.9050 0.0000 1.0000
11.8050 10.9050 0.0000 1.0000
12.0750 10.9050 0.0000 1.0000
-10.9650 10.8750 0.0000 1.0000
-10.9350 10.8750 0.0000 1.0000
-10.9050 10.8750 0.0000 1.0000
-10.8750 10.8750 0.0000 1.0000
-9.1950 10.8750 0.0000 1.0000
-9.1650 10.8750 0.0000 1.0000
-9.1350 10.8750 0.0000 1.0000
-7.4850 10.8750 0.0000 1.0000
-7.3050 10.8750 0.0000 1.0000
-7.2750 10.8750 0.0000 1.0000
-7.2450 10.8750 0.0000 1.0000
-3.8550 10.8750 0.0000 1.0000
-3.8250 10.8750 0.0000 1.0000
-3.7950 10.8750 0.0000 1.0000
-3.7350 10.8750 0.0000 1.0000
-2.1150 10.8750 0.0000 1.0000
-2.0850 10.8750 0.0000 1.0000
-2.0550 10.8750 0.0000 1.0000
3.1950 10.8750 0.0000 1.0000
6.5850 10.8750 0.0000 1.0000
6.6150 10.8750 0.0000 1.0000
6.6450 10.8750 0.0000 1.0000
8.5650 10.8750 0.0000 1.0000
8.5950 10.8750 0.0000 1.0000
11.7450 10.8750 0.0000 1.0000
11.7750 10.8750 0.0000 1.0000
11.8050 10.8750 0.0000 1.0000
11.8350 10.8750 0.0000 1.0000
-10.9950 10.8450 0.0000 1.0000
-10.9650 10.8450 0.0000 1.0000
-10.9350 10.8450 0.0000 1.0000
-10.8750 10.8450 0.0000 1.0000
-9.1650 10.8450 0.0000 1.0000
-9.1350 10.8450 0.0000 1.0000
-7.5150 10.8450 0.0000 1.0000
-7.3350 10.8450 0.0000 1.0000
-7.3050 10.8450 0.0000 1.0000
-7.2750 10.8450 0.0000 1.0000
-7.2450 10.8450 0.0000 1.0000
-3.8550 10.8450 0.0000 1.0000
-3.8250 10.8450 0.0000 1.0000
-3.7950 10.8450 0.0000 1.0000
-3.7650 10.8450 0.0000 1.0000
-3.7050 10.8450 0.0000 1.0000
-2.1750 10.8450 0.0000 1.0000
-2.1450 10.8450 0.0000 1.0000
-2.1150 10.8450 0.0000 1.0000
-2.0850 10.8450 0.0000 1.0000
6.6150 10.8450 0.0000 1.0000
6.6450 10.8450 0.0000 1.0000
6.6750 10.8450 0.0000 1.0000
8.5350 10.8450 0.0000 1.0000
8.5650 10.8450 0.0000 1.0000
11.7750 10.8450 0.0000 1.0000
11.8050 10.8450 0.0000 1.0000
11.8350 10.8450 0.0000 1.0000
12.0750 10.8450 0.0000 1.0000
-10.9950 10.8150 0.0000 1.0000
-10.9350 10.8150 0.0000 1.0000
-9.1650 10.8150 0.0000 1.0000
-9.1350 10.8150 0.0000 1.0000
-9.1050 10.8150 0.0000 1.0000
-7.3650 10.8150 0.0000 1.0000
-7.3350 10.8150 0.0000 1.0000
-7.3050 10.8150 0.0000 1.0000
-3.8250 10.8150 0.0000 1.0000
-3.7950 10.8150 0.0000 1.0000
-3.7650 10.8150 0.0000 1.0000
-3.6450 10.8150 0.0000 1.0000
-2.1750 10.8150 0.0000 1.0000
-2.1450 10.8150 0.0000 1.0000
-2.1150 10.8150 0.0000 1.0000
3.1650 10.8150 0.0000 1.0000
6.6750 10.8150 0.0000 1.0000
6.7050 10.8150 0.0000 1.0000
8.5350 10.8150 0.0000 1.0000
11.7750 10.8150 0.0000 1.0000
11.8050 10.8150 0.0000 1.0000
11.8350 10.8150 0.0000 1.0000
-10.9950 10.7850 0.0000 1.0000
-10.9350 10.7850 0.0000 1.0000
-10.8150 10.7850 0.0000 1.0000
-9.1350 10.7850 0.0000 1.0000
-9.1050 10.7850 0.0000 1.0000
-9.0750 10.7850 0.0000 1.0000
-7.5150 10.7850 0.0000 1.0000
-7.3650 10.7850 0.0000 1.0000
-7.3350 10.7850 0.0000 1.0000
-7.3050 10.7850 0.0000 1.0000
-3.7950 10.7850 0.0000 1.0000
-3.7650 10.7850 0.0000 1.0000
-3.7350 10.7850 0.0000 1.0000
-3.7050 10.7850 0.0000 1.0000
-3.6150 10.7850 0.0000 1.0000
-2.2050 10.7850 0.0000 1.0000
-2.1750 10.7850 0.0000 1.0000
-2.1450 10.7850 0.0000 1.0000
6.6450 10.7850 0.0000 1.0000
6.7050 10.7850 0.0000 1.0000
6.7350 10.7850 0.0000 1.0000
8.5050 10.7850 0.0000 1.0000
8.5350 10.7850 0.0000 1.0000
11.8050 10.7850 0.0000 1.0000
11.8350 10.7850 0.0000 1.0000
11.8650 10.7850 0.0000 1.0000
11.8950 10.7850 0.0000 1.0000
-11.2350 10.7550 0.0000 1.0000
-10.8750 10.7550 0.0000 1.0000
-9.1050 10.7550 0.0000 1.0000
-9.0750 10.7550 0.0000 1.0000
-9.0450 10.7550 0.0000 1.0000
-7.5150 10.7550 0.0000 1.0000
-7.3950 10.7550 0.0000 1.0000
-7.3650 10.7550 0.0000 1.0000
-7.3350 10.7550 0.0000 1.0000
-7.3050 10.7550 0.0000 1.0000
-3.7950 10.7550 0.0000 1.0000
-3.7650 10.7550 0.0000 1.0000
-3.7350 10.7550 0.0000 1.0000
-3.7050 10.7550 0.0000 1.0000
-3.6750 10.7550 0.0000 1.0000
-3.6150 10.7550 0.0000 1.0000
-2.2350 10.7550 0.0000 1.0000
-2.2050 10.7550 0.0000 1.0000
-2.1750 10.7550 0.0000 1.0000
-2.1450 10.7550 0.0000 1.0000
-2.1150 10.7550 0.0000 1.0000
6.6750 10.7550 0.0000 1.0000
6.7350 10.7550 0.0000 1.0000
6.7650 10.7550 0.0000 1.0000
8.5050 10.7550 0.0000 1.0000
11.8350 10.7550 0.0000 1.0000
11.8950 10.7550 0.0000 1.0000
-11.2350 10.7250 0.0000 1.0000
-11.1450 10.7250 0.0000 1.0000
-10.9350 10.7250 0.0000 1.0000
-10.9050 10.7250 0.0000 1.0000
-10.8750 10.7250 0.0000 1.0000
-10.8450 10.7250 0.0000 1.0000
-9.0750 10.7250 0.0000 1.0000
-9.0450 10.7250 0.0000 1.0000
-7.4250 10.7250 0.0000 1.0000
-7.3950 10.7250 0.0000 1.0000
-7.3650 10.7250 0.0000 1.0000
-7.3350 10.7250 0.0000 1.0000
-3.7650 10.7250 0.0000 1.0000
-3.7350 10.7250 0.0000 1.0000
-3.7050 10.7250 0.0000 1.0000
-3.6750 10.7250 0.0000 1.0000
-3.6450 10.7250 0.0000 1.0000
-3.6150 10.7250 0.0000 1.0000
-3.5850 10.7250 0.0000 1.0000
-2.2650 10.7250 0.0000 1.0000
-2.2350 10.7250 0.0000 1.0000
-2.2050 10.7250 0.0000 1.0000
-2.1750 10.7250 0.0000 1.0000
6.7950 10.7250 0.0000 1.0000
8.4750 10.7250 0.0000 1.0000
8.5050 10.7250 0.0000 1.0000
11.8350 10.7250 0.0000 1.0000
11.8650 10.7250 0.0000 1.0000
11.8950 10.7250 0.0000 1.0000
11.9250 10.7250 0.0000 1.0000
16.2750 10.7250 0.0000 1.0000
-11.2050 10.6950 0.0000 1.0000
-11.1450 10.6950 0.0000 1.0000
-10.9650 10.6950 0.0000 1.0000
-10.9350 10.6950 0.0000 1.0000
-10.9050 10.6950 0.0000 1.0000
-10.8750 10.6950 0.0000 1.0000
-10.8450 10.6950 0.0000 1.0000
-10.8150 10.6950 0.0000 1.0000
-9.0450 10.6950 0.0000 1.0000
-9.0150 10.6950 0.0000 1.0000
-7.5150 10.6950 0.0000 1.0000
-7.4550 10.6950 0.0000 1.0000
-7.4250 10.6950 0.0000 1.0000
-7.3950 10.6950 0.0000 1.0000
-7.3650 10.6950 0.0000 1.0000
-3.7350 10.6950 0.0000 1.0000
-3.7050 10.6950 0.0000 1.0000
-3.6750 10.6950 0.0000 1.0000
-3.6150 10.6950 0.0000 1.0000
-3.5850 10.6950 0.0000 1.0000
-3.5550 10.6950 0.0000 1.0000
-2.3250 10.6950 0.0000 1.0000
-2.2950 10.6950 0.0000 1.0000
-2.2650 10.6950 0.0000 1.0000
-2.2350 10.6950 0.0000 1.0000
-2.2050 10.6950 0.0000 1.0000
6.7050 10.6950 0.0000 1.0000
6.8550 10.6950 0.0000 1.0000
8.4450 10.6950 0.0000 1.0000
8.4750 10.6950 0.0000 1.0000
11.8650 10.6950 0.0000 1.0000
11.8950 10.6950 0.0000 1.0000
11.9250 10.6950 0.0000 1.0000
11.9550 10.6950 0.0000 1.0000
12.0150 10.6950 0.0000 1.0000
16.2750 10.6950 0.0000 1.0000
-12.1950 10.6650 0.0000 1.0000
-10.9350 10.6650 0.0000 1.0000
-10.9050 10.6650 0.0000 1.0000
-10.8450 10.6650 0.0000 1.0000
-10.8150 10.6650 0.0000 1.0000
-9.0150 10.6650 0.0000 1.0000
-8.9850 10.6650 0.0000 1.0000
-7.5150 10.6650 0.0000 1.0000
-7.4850 10.6650 0.0000 1.0000
-7.4550 10.6650 0.0000 1.0000
-7.4250 10.6650 0.0000 1.0000
-7.3950 10.6650 0.0000 1.0000
-3.7050 10.6650 0.0000 1.0000
-3.6750 10.6650 0.0000 1.0000
-3.6450 10.6650 0.0000 1.0000
-3.5850 10.6650 0.0000 1.0000
-3.5550 10.6650 0.0000 1.0000
-2.3550 10.6650 0.0000 1.0000
-2.3250 10.6650 0.0000 1.0000
-2.2950 10.6650 0.0000 1.0000
-2.2650 10.6650 0.0000 1.0000
-2.1750 10.6650 0.0000 1.0000
6.7350 10.6650 0.0000 1.0000
6.8550 10.6650 0.0000 1.0000
6.8850 10.6650 0.0000 1.0000
8.4150 10.6650 0.0000 1.0000
8.4450 10.6650 0.0000 1.0000
11.8350 10.6650 0.0000 1.0000
11.8950 10.6650 0.0000 1.0000
11.9550 10.6650 0.0000 1.0000
12.0750 10.6650 0.0000 1.0000
16.0950 10.6650 0.0000 1.0000
16.2750 10.6650 0.0000 1.0000
-12.2250 10.6350 0.0000 1.0000
-11.1450 10.6350 0.0000 1.0000
-11.0550 10.6350 0.0000 1.0000
-10.9050 10.6350 0.0000 1.0000
-8.9850 10.6350 0.0000 1.0000
-8.9550 10.6350 0.0000 1.0000
-7.5150 10.6350 0.0000 1.0000
-7.4850 10.6350 0.0000 1.0000
-7.4550 10.6350 0.0000 1.0000
-7.4250 10.6350 0.0000 1.0000
-3.6750 10.6350 0.0000 1.0000
-3.6450 10.6350 0.0000 1.0000
-3.6150 10.6350 0.0000 1.0000
-3.5550 10.6350 0.0000 1.0000
-3.5250 10.6350 0.0000 1.0000
-3.4950 10.6350 0.0000 1.0000
-2.4150 10.6350 0.0000 1.0000
-2.3850 10.6350 0.0000 1.0000
-2.3550 10.6350 0.0000 1.0000
-2.3250 10.6350 0.0000 1.0000
-2.2950 10.6350 0.0000 1.0000
-2.2650 10.6350 0.0000 1.0000
6.7650 10.6350 0.0000 1.0000
6.7950 10.6350 0.0000 1.0000
8.3850 10.6350 0.0000 1.0000
8.4150 10.6350 0.0000 1.0000
11.8950 10.6350 0.0000 1.0000
11.9250 10.6350 0.0000 1.0000
11.9550 10.6350 0.0000 1.0000
11.9850 10.6350 0.0000 1.0000
12.0150 10.6350 0.0000 1.0000
12.0450 10.6350 0.0000 1.0000
12.1050 10.6350 0.0000 1.0000
16.1550 10.6350 0.0000 1.0000
16.3050 10.6350 0.0000 1.0000
-11.1450 10.6050 0.0000 1.0000
-10.9950 10.6050 0.0000 1.0000
-10.9050 10.6050 0.0000 1.0000
-8.9550 10.6050 0.0000 1.0000
-8.9250 10.6050 0.0000 1.0000
-8.8950 10.6050 0.0000 1.0000
-7.5750 10.6050 0.0000 1.0000
-7.5450 10.6050 0.0000 1.0000
-7.5150 10.6050 0.0000 1.0000
-7.4850 10.6050 0.0000 1.0000
-7.4550 10.6050 0.0000 1.0000
-3.6450 10.6050 0.0000 1.0000
-3.6150 10.6050 0.0000 1.0000
-3.5850 10.6050 0.0000 1.0000
-3.4950 10.6050 0.0000 1.0000
-3.4650 10.6050 0.0000 1.0000
-3.4350 10.6050 0.0000 1.0000
-2.4750 10.6050 0.0000 1.0000
-2.4450 10.6050 0.0000 1.0000
-2.4150 10.6050 0.0000 1.0000
-2.3850 10.6050 0.0000 1.0000
-2.3550 10.6050 0.0000 1.0000
-2.3250 10.6050 0.0000 1.0000
-2.2950 10.6050 0.0000 1.0000
6.7950 10.6050 0.0000 1.0000
6.8250 10.6050 0.0000 1.0000
8.3550 10.6050 0.0000 1.0000
8.3850 10.6050 0.0000 1.0000
11.9250 10.6050 0.0000 1.0000
11.9550 10.6050 0.0000 1.0000
11.9850 10.6050 0.0000 1.0000
12.0450 10.6050 0.0000 1.0000
12.1050 10.6050 0.0000 1.0000
12.1350 10.6050 0.0000 1.0000
16.1250 10.6050 0.0000 1.0000
16.2750 10.6050 0.0000 1.0000
-10.9950 10.5750 0.0000 1.0000
-10.9350 10.5750 0.0000 1.0000
-10.9050 10.5750 0.0000 1.0000
-8.9250 10.5750 0.0000 1.0000
-8.8950 10.5750 0.0000 1.0000
-8.8650 10.5750 0.0000 1.0000
-7.6050 10.5750 0.0000 1.0000
-7.5750 10.5750 0.0000 1.0000
-7.5450 10.5750 0.0000 1.0000
-7.5150 10.5750 0.0000 1.0000
-3.6150 10.5750 0.0000 1.0000
-3.5850 10.5750 0.0000 1.0000
-3.5550 10.5750 0.0000 1.0000
-3.5250 10.5750 0.0000 1.0000
-3.4650 10.5750 0.0000 1.0000
-3.4350 10.5750 0.0000 1.0000
-3.3750 10.5750 0.0000 1.0000
-2.5950 10.5750 0.0000 1.0000
-2.5050 10.5750 0.0000 1.0000
-2.4450 10.5750 0.0000 1.0000
-2.4150 10.5750 0.0000 1.0000
-2.3850 10.5750 0.0000 1.0000
-2.3550 10.5750 0.0000 1.0000
-2.3250 10.5750 0.0000 1.0000
-2.2950 10.5750 0.0000 1.0000
6.8250 10.5750 0.0000 1.0000
6.8550 10.5750 0.0000 1.0000
6.8850 10.5750 0.0000 1.0000
8.3250 10.5750 0.0000 1.0000
8.3550 10.5750 0.0000 1.0000
11.9550 10.5750 0.0000 1.0000
11.9850 10.5750 0.0000 1.0000
12.0150 10.5750 0.0000 1.0000
12.0750 10.5750 0.0000 1.0000
12.1050 10.5750 0.0000 1.0000
12.1350 10.5750 0.0000 1.0000
12.1650 10.5750 0.0000 1.0000
16.2750 10.5750 0.0000 1.0000
16.3050 10.5750 0.0000 1.0000
-11.0250 10.5450 0.0000 1.0000
-10.9950 10.5450 0.0000 1.0000
-10.9650 10.5450 0.0000 1.0000
-10.9050 10.5450 0.0000 1.0000
-10.8750 10.5450 0.0000 1.0000
-8.8950 10.5450 0.0000 1.0000
-8.8650 10.5450 0.0000 1.0000
-8.8350 10.5450 0.0000 1.0000
-8.8050 10.5450 0.0000 1.0000
-7.6650 10.5450 0.0000 1.0000
-7.6350 10.5450 0.0000 1.0000
-7.6050 10.5450 0.0000 1.0000
-7.5750 10.5450 0.0000 1.0000
-7.5450 10.5450 0.0000 1.0000
-3.5550 10.5450 0.0000 1.0000
-3.5250 10.5450 0.0000 1.0000
-3.4950 10.5450 0.0000 1.0000
-3.4650 10.5450 0.0000 1.0000
-3.4050 10.5450 0.0000 1.0000
-3.3750 10.5450 0.0000 1.0000
-2.6550 10.5450 0.0000 1.0000
-2.4750 10.5450 0.0000 1.0000
-2.4450 10.5450 0.0000 1.0000
-2.4150 10.5450 0.0000 1.0000
-2.3850 10.5450 0.0000 1.0000
-2.3550 10.5450 0.0000 1.0000
-2.3250 10.5450 0.0000 1.0000
6.8850 10.5450 0.0000 1.0000
8.2950 10.5450 0.0000 1.0000
8.3250 10.5450 0.0000 1.0000
8.3550 10.5450 0.0000 1.0000
12.0150 10.5450 0.0000 1.0000
12.0450 10.5450 0.0000 1.0000
12.1350 10.5450 0.0000 1.0000
12.1950 10.5450 0.0000 1.0000
12.2250 10.5450 0.0000 1.0000
16.1550 10.5450 0.0000 1.0000
16.2750 10.5450 0.0000 1.0000
-11.0250 10.5150 0.0000 1.0000
-10.9950 10.5150 0.0000 1.0000
-10.9650 10.5150 0.0000 1.0000
-10.8750 10.5150 0.0000 1.0000
-8.8350 10.5150 0.0000 1.0000
-8.8050 10.5150 0.0000 1.0000
-8.7750 10.5150 0.0000 1.0000
-7.7250 10.5150 0.0000 1.0000
-7.6950 10.5150 0.0000 1.0000
-7.6650 10.5150 0.0000 1.0000
-7.6350 10.5150 0.0000 1.0000
-7.6050 10.5150 0.0000 1.0000
-3.5250 10.5150 0.0000 1.0000
-3.4950 10.5150 0.0000 1.0000
-3.4650 10.5150 0.0000 1.0000
-3.4350 10.5150 0.0000 1.0000
-3.4050 10.5150 0.0000 1.0000
-3.3750 10.5150 0.0000 1.0000
-3.3450 10.5150 0.0000 1.0000
-3.3150 10.5150 0.0000 1.0000
-2.7750 10.5150 0.0000 1.0000
-2.5350 10.5150 0.0000 1.0000
-2.5050 10.5150 0.0000 1.0000
-2.4750 10.5150 0.0000 1.0000
-2.4450 10.5150 0.0000 1.0000
-2.4150 10.5150 0.0000 1.0000
6.8850 10.5150 0.0000 1.0000
6.9150 10.5150 0.0000 1.0000
8.2650 10.5150 0.0000 1.0000
8.2950 10.5150 0.0000 1.0000
12.0450 10.5150 0.0000 1.0000
12.0750 10.5150 0.0000 1.0000
12.1050 10.5150 0.0000 1.0000
12.1650 10.5150 0.0000 1.0000
12.2550 10.5150 0.0000 1.0000
12.2850 10.5150 0.0000 1.0000
12.3450 10.5150 0.0000 1.0000
16.2150 10.5150 0.0000 1.0000
-11.1150 10.4850 0.0000 1.0000
-11.0850 10.4850 0.0000 1.0000
-11.0250 10.4850 0.0000 1.0000
-10.9950 10.4850 0.0000 1.0000
-10.9650 10.4850 0.0000 1.0000
-8.8050 10.4850 0.0000 1.0000
-8.7750 10.4850 0.0000 1.0000
-8.7450 10.4850 0.0000 1.0000
-8.7150 10.4850 0.0000 1.0000
-7.7550 10.4850 0.0000 1.0000
-7.7250 10.4850 0.0000 1.0000
-7.6650 10.4850 0.0000 1.0000
-7.6350 10.4850 0.0000 1.0000
-3.4650 10.4850 0.0000 1.0000
-3.4350 10.4850 0.0000 1.0000
-3.4050 10.4850 0.0000 1.0000
-3.3750 10.4850 0.0000 1.0000
-3.3450 10.4850 0.0000 1.0000
-3.3150 10.4850 0.0000 1.0000
-3.2850 10.4850 0.0000 1.0000
-3.2550 10.4850 0.0000 1.0000
-3.2250 10.4850 0.0000 1.0000
-3.1350 10.4850 0.0000 1.0000
-2.6550 10.4850 0.0000 1.0000
-2.6250 10.4850 0.0000 1.0000
-2.5950 10.4850 0.0000 1.0000
-2.5650 10.4850 0.0000 1.0000
-2.5350 10.4850 0.0000 1.0000
-2.5050 10.4850 0.0000 1.0000
-2.4750 10.4850 0.0000 1.0000
6.9150 10.4850 0.0000 1.0000
6.9450 10.4850 0.0000 1.0000
6.9750 10.4850 0.0000 1.0000
8.2350 10.4850 0.0000 1.0000
8.2650 10.4850 0.0000 1.0000
12.0750 10.4850 0.0000 1.0000
12.1050 10.4850 0.0000 1.0000
12.1350 10.4850 0.0000 1.0000
12.1650 10.4850 0.0000 1.0000
12.1950 10.4850 0.0000 1.0000
12.2550 10.4850 0.0000 1.0000
12.3150 10.4850 0.0000 1.0000
12.4050 10.4850 0.0000 1.0000
12.4950 10.4850 0.0000 1.0000
12.6150 10.4850 0.0000 1.0000
15.8550 10.4850 0.0000 1.0000
16.2150 10.4850 0.0000 1.0000
-11.0850 10.4550 0.0000 1.0000
-11.0250 10.4550 0.0000 1.0000
-10.9950 10.4550 0.0000 1.0000
-8.7450 10.4550 0.0000 1.0000
-8.7150 10.4550 0.0000 1.0000
-8.6850 10.4550 0.0000 1.0000
-8.6550 10.4550 0.0000 1.0000
-7.8450 10.4550 0.0000 1.0000
-7.8150 10.4550 0.0000 1.0000
-7.7850 10.4550 0.0000 1.0000
-7.7250 10.4550 0.0000 1.0000
-7.6950 10.4550 0.0000 1.0000
-3.3750 10.4550 0.0000 1.0000
-3.3450 10.4550 0.0000 1.0000
-3.3150 10.4550 0.0000 1.0000
-3.2850 10.4550 0.0000 1.0000
-3.2550 10.4550 0.0000 1.0000
-3.2250 10.4550 0.0000 1.0000
-3.1950 10.4550 0.0000 1.0000
-3.1650 10.4550 0.0000 1.0000
-3.1350 10.4550 0.0000 1.0000
-2.8950 10.4550 0.0000 1.0000
-2.7750 10.4550 0.0000 1.0000
-2.7450 10.4550 0.0000 1.0000
-2.7150 10.4550 0.0000 1.0000
-2.6850 10.4550 0.0000 1.0000
-2.6550 10.4550 0.0000 1.0000
-2.6250 10.4550 0.0000 1.0000
-2.5950 10.4550 0.0000 1.0000
-2.5650 10.4550 0.0000 1.0000
-2.5350 10.4550 0.0000 1.0000
-2.5050 10.4550 0.0000 1.0000
2.7750 10.4550 0.0000 1.0000
6.9750 10.4550 0.0000 1.0000
7.0050 10.4550 0.0000 1.0000
8.1750 10.4550 0.0000 1.0000
8.2050 10.4550 0.0000 1.0000
12.1350 10.4550 0.0000 1.0000
12.1650 10.4550 0.0000 1.0000
12.1950 10.4550 0.0000 1.0000
12.2850 10.4550 0.0000 1.0000
12.3450 10.4550 0.0000 1.0000
12.4050 10.4550 0.0000 1.0000
12.6750 10.4550 0.0000 1.0000
16.1850 10.4550 0.0000 1.0000
-11.3850 10.4250 0.0000 1.0000
-11.3550 10.4250 0.0000 1.0000
-11.1150 10.4250 0.0000 1.0000
-11.0850 10.4250 0.0000 1.0000
-11.0550 10.4250 0.0000 1.0000
-11.0250 10.4250 0.0000 1.0000
-8.6850 10.4250 0.0000 1.0000
-8.6550 10.4250 0.0000 1.0000
-8.6250 10.4250 0.0000 1.0000
-8.5950 10.4250 0.0000 1.0000
-8.5650 10.4250 0.0000 1.0000
-8.5350 10.4250 0.0000 1.0000
-7.9950 10.4250 0.0000 1.0000
-7.9050 10.4250 0.0000 1.0000
-7.8750 10.4250 0.0000 1.0000
-7.8450 10.4250 0.0000 1.0000
-7.7850 10.4250 0.0000 1.0000
-7.7550 10.4250 0.0000 1.0000
-3.2850 10.4250 0.0000 1.0000
-3.2550 10.4250 0.0000 1.0000
-3.2250 10.4250 0.0000 1.0000
-3.1950 10.4250 0.0000 1.0000
-3.1650 10.4250 0.0000 1.0000
-3.1350 10.4250 0.0000 1.0000
-3.1050 10.4250 0.0000 1.0000
-3.0750 10.4250 0.0000 1.0000
-3.0450 10.4250 0.0000 1.0000
-3.0150 10.4250 0.0000 1.0000
-2.9850 10.4250 0.0000 1.0000
-2.9550 10.4250 0.0000 1.0000
-2.9250 10.4250 0.0000 1.0000
-2.8950 10.4250 0.0000 1.0000
-2.8650 10.4250 0.0000 1.0000
-2.8350 10.4250 0.0000 1.0000
-2.8050 10.4250 0.0000 1.0000
-2.7750 10.4250 0.0000 1.0000
-2.7450 10.4250 0.0000 1.0000
-2.7150 10.4250 0.0000 1.0000
-2.6850 10.4250 0.0000 1.0000
-2.6550 10.4250 0.0000 1.0000
-2.6250 10.4250 0.0000 1.0000
-2.5950 10.4250 0.0000 1.0000
7.0350 10.4250 0.0000 1.0000
7.0650 10.4250 0.0000 1.0000
7.1550 10.4250 0.0000 1.0000
8.1450 10.4250 0.0000 1.0000
8.1750 10.4250 0.0000 1.0000
12.1650 10.4250 0.0000 1.0000
12.1950 10.4250 0.0000 1.0000
12.2250 10.4250 0.0000 1.0000
12.2550 10.4250 0.0000 1.0000
12.3450 10.4250 0.0000 1.0000
12.3750 10.4250 0.0000 1.0000
12.4050 10.4250 0.0000 1.0000
12.4950 10.4250 0.0000 1.0000
12.5550 10.4250 0.0000 1.0000
12.7350 10.4250 0.0000 1.0000
12.8550 10.4250 0.0000 1.0000
15.8550 10.4250 0.0000 1.0000
16.1550 10.4250 0.0000 1.0000
16.2450 10.4250 0.0000 1.0000
-11.3850 10.3950 0.0000 1.0000
-11.2650 10.3950 0.0000 1.0000
-11.1450 10.3950 0.0000 1.0000
-11.1150 10.3950 0.0000 1.0000
-11.0550 10.3950 0.0000 1.0000
-11.0250 10.3950 0.0000 1.0000
-8.6550 10.3950 0.0000 1.0000
-8.6250 10.3950 0.0000 1.0000
-8.5950 10.3950 0.0000 1.0000
-8.5650 10.3950 0.0000 1.0000
-8.5050 10.3950 0.0000 1.0000
-8.4750 10.3950 0.0000 1.0000
-8.4450 10.3950 0.0000 1.0000
-8.4150 10.3950 0.0000 1.0000
-8.3850 10.3950 0.0000 1.0000
-8.3550 10.3950 0.0000 1.0000
-8.1150 10.3950 0.0000 1.0000
-8.0850 10.3950 0.0000 1.0000
-8.0550 10.3950 0.0000 1.0000
-7.9950 10.3950 0.0000 1.0000
-7.9050 10.3950 0.0000 1.0000
-7.8750 10.3950 0.0000 1.0000
-7.8450 10.3950 0.0000 1.0000
-7.8150 10.3950 0.0000 1.0000
-3.1950 10.3950 0.0000 1.0000
-3.1650 10.3950 0.0000 1.0000
-3.1350 10.3950 0.0000 1.0000
-3.1050 10.3950 0.0000 1.0000
-3.0750 10.3950 0.0000 1.0000
-3.0450 10.3950 0.0000 1.0000
-3.0150 10.3950 0.0000 1.0000
-2.9850 10.3950 0.0000 1.0000
-2.9550 10.3950 0.0000 1.0000
-2.9250 10.3950 0.0000 1.0000
-2.8950 10.3950 0.0000 1.0000
-2.8650 10.3950 0.0000 1.0000
-2.8350 10.3950 0.0000 1.0000
-2.8050 10.3950 0.0000 1.0000
-2.7750 10.3950 0.0000 1.0000
-2.7450 10.3950 0.0000 1.0000
-2.6850 10.3950 0.0000 1.0000
2.6250 10.3950 0.0000 1.0000
7.0650 10.3950 0.0000 1.0000
7.0950 10.3950 0.0000 1.0000
7.3650 10.3950 0.0000 1.0000
8.0550 10.3950 0.0000 1.0000
8.0850 10.3950 0.0000 1.0000
8.1150 10.3950 0.0000 1.0000
12.2550 10.3950 0.0000 1.0000
12.2850 10.3950 0.0000 1.0000
12.3750 10.3950 0.0000 1.0000
12.4650 10.3950 0.0000 1.0000
12.5850 10.3950 0.0000 1.0000
12.6450 10.3950 0.0000 1.0000
12.7650 10.3950 0.0000 1.0000
12.8850 10.3950 0.0000 1.0000
16.1850 10.3950 0.0000 1.0000
16.2450 10.3950 0.0000 1.0000
-11.3850 10.3650 0.0000 1.0000
-11.3550 10.3650 0.0000 1.0000
-11.2650 10.3650 0.0000 1.0000
-11.0550 10.3650 0.0000 1.0000
-11.0250 10.3650 0.0000 1.0000
-8.5650 10.3650 0.0000 1.0000
-8.5350 10.3650 0.0000 1.0000
-8.5050 10.3650 0.0000 1.0000
-8.4750 10.3650 0.0000 1.0000
-8.3250 10.3650 0.0000 1.0000
-8.2950 10.3650 0.0000 1.0000
-8.2650 10.3650 0.0000 1.0000
-8.2050 10.3650 0.0000 1.0000
-8.1450 10.3650 0.0000 1.0000
-7.9950 10.3650 0.0000 1.0000
-7.9650 10.3650 0.0000 1.0000
-7.9350 10.3650 0.0000 1.0000
-7.9050 10.3650 0.0000 1.0000
-2.9550 10.3650 0.0000 1.0000
-2.9250 10.3650 0.0000 1.0000
-2.8950 10.3650 0.0000 1.0000
2.5650 10.3650 0.0000 1.0000
2.5950 10.3650 0.0000 1.0000
7.3650 10.3650 0.0000 1.0000
7.8750 10.3650 0.0000 1.0000
7.9350 10.3650 0.0000 1.0000
8.0250 10.3650 0.0000 1.0000
8.0550 10.3650 0.0000 1.0000
12.2550 10.3650 0.0000 1.0000
12.3450 10.3650 0.0000 1.0000
12.3750 10.3650 0.0000 1.0000
12.4650 10.3650 0.0000 1.0000
12.5250 10.3650 0.0000 1.0000
12.6450 10.3650 0.0000 1.0000
12.7650 10.3650 0.0000 1.0000
13.0050 10.3650 0.0000 1.0000
16.0650 10.3650 0.0000 1.0000
16.2750 10.3650 0.0000 1.0000
-11.3550 10.3350 0.0000 1.0000
-11.0850 10.3350 0.0000 1.0000
-11.0550 10.3350 0.0000 1.0000
-11.0250 10.3350 0.0000 1.0000
-8.4750 10.3350 0.0000 1.0000
-8.4450 10.3350 0.0000 1.0000
-8.4150 10.3350 0.0000 1.0000
-8.3850 10.3350 0.0000 1.0000
-8.3550 10.3350 0.0000 1.0000
-8.2950 10.3350 0.0000 1.0000
-8.2650 10.3350 0.0000 1.0000
-8.2050 10.3350 0.0000 1.0000
-8.1750 10.3350 0.0000 1.0000
-8.1450 10.3350 0.0000 1.0000
-8.0850 10.3350 0.0000 1.0000
-8.0550 10.3350 0.0000 1.0000
-8.0250 10.3350 0.0000 1.0000
2.3550 10.3350 0.0000 1.0000
2.3850 10.3350 0.0000 1.0000
2.4150 10.3350 0.0000 1.0000
7.3050 10.3350 0.0000 1.0000
7.3350 10.3350 0.0000 1.0000
7.3650 10.3350 0.0000 1.0000
7.3950 10.3350 0.0000 1.0000
7.4850 10.3350 0.0000 1.0000
7.6050 10.3350 0.0000 1.0000
7.6950 10.3350 0.0000 1.0000
7.7250 10.3350 0.0000 1.0000
7.7850 10.3350 0.0000 1.0000
7.9650 10.3350 0.0000 1.0000
7.9950 10.3350 0.0000 1.0000
12.4050 10.3350 0.0000 1.0000
12.4650 10.3350 0.0000 1.0000
12.5250 10.3350 0.0000 1.0000
12.5550 10.3350 0.0000 1.0000
12.6450 10.3350 0.0000 1.0000
12.7050 10.3350 0.0000 1.0000
13.0050 10.3350 0.0000 1.0000
16.0950 10.3350 0.0000 1.0000
16.1850 10.3350 0.0000 1.0000
16.2750 10.3350 0.0000 1.0000
-11.3550 10.3050 0.0000 1.0000
-11.2650 10.3050 0.0000 1.0000
-11.1450 10.3050 0.0000 1.0000
-11.0850 10.3050 0.0000 1.0000
-11.0550 10.3050 0.0000 1.0000
-10.9950 10.3050 0.0000 1.0000
-8.3250 10.3050 0.0000 1.0000
-8.2950 10.3050 0.0000 1.0000
-8.2650 10.3050 0.0000 1.0000
-8.2350 10.3050 0.0000 1.0000
-8.1750 10.3050 0.0000 1.0000
-8.1450 10.3050 0.0000 1.0000
-8.1150 10.3050 0.0000 1.0000
-8.0850 10.3050 0.0000 1.0000
7.8150 10.3050 0.0000 1.0000
7.8450 10.3050 0.0000 1.0000
7.8750 10.3050 0.0000 1.0000
7.9050 10.3050 0.0000 1.0000
7.9350 10.3050 0.0000 1.0000
12.5250 10.3050 0.0000 1.0000
12.6150 10.3050 0.0000 1.0000
12.7050 10.3050 0.0000 1.0000
12.7350 10.3050 0.0000 1.0000
12.7950 10.3050 0.0000 1.0000
13.5150 10.3050 0.0000 1.0000
16.1550 10.3050 0.0000 1.0000
16.1850 10.3050 0.0000 1.0000
-11.3550 10.2750 0.0000 1.0000
-11.1750 10.2750 0.0000 1.0000
-11.1450 10.2750 0.0000 1.0000
-11.0850 10.2750 0.0000 1.0000
-11.0550 10.2750 0.0000 1.0000
-11.0250 10.2750 0.0000 1.0000
-10.9950 10.2750 0.0000 1.0000
-10.9350 10.2750 0.0000 1.0000
7.7850 10.2750 0.0000 1.0000
7.8150 10.2750 0.0000 1.0000
12.6450 10.2750 0.0000 1.0000
12.7050 10.2750 0.0000 1.0000
12.7350 10.2750 0.0000 1.0000
12.7950 10.2750 0.0000 1.0000
12.8250 10.2750 0.0000 1.0000
12.9150 10.2750 0.0000 1.0000
13.0350 10.2750 0.0000 1.0000
16.0650 10.2750 0.0000 1.0000
16.1250 10.2750 0.0000 1.0000
16.2750 10.2750 0.0000 1.0000
-11.3550 10.2450 0.0000 1.0000
-11.3250 10.2450 0.0000 1.0000
-11.1750 10.2450 0.0000 1.0000
-11.0850 10.2450 0.0000 1.0000
-11.0550 10.2450 0.0000 1.0000
-11.0250 10.2450 0.0000 1.0000
-10.9950 10.2450 0.0000 1.0000
-10.8750 10.2450 0.0000 1.0000
12.9450 10.2450 0.0000 1.0000
16.0650 10.2450 0.0000 1.0000
16.2150 10.2450 0.0000 1.0000
16.2750 10.2450 0.0000 1.0000
-11.3250 10.2150 0.0000 1.0000
-11.2950 10.2150 0.0000 1.0000
-11.1450 10.2150 0.0000 1.0000
-10.9950 10.2150 0.0000 1.0000
16.0950 10.2150 0.0000 1.0000
16.2150 10.2150 0.0000 1.0000
-11.3250 10.1850 0.0000 1.0000
-11.2650 10.1850 0.0000 1.0000
-11.1450 10.1850 0.0000 1.0000
-11.1150 10.1850 0.0000 1.0000
-10.8150 10.1850 0.0000 1.0000
16.1250 10.1850 0.0000 1.0000
16.2150 10.1850 0.0000 1.0000
16.2750 10.1850 0.0000 1.0000
-11.3550 10.1550 0.0000 1.0000
-11.3250 10.1550 0.0000 1.0000
-11.2950 10.1550 0.0000 1.0000
-11.2650 10.1550 0.0000 1.0000
-11.2350 10.1550 0.0000 1.0000
-11.0550 10.1550 0.0000 1.0000
16.0350 10.1550 0.0000 1.0000
16.1250 10.1550 0.0000 1.0000
16.2750 10.1550 0.0000 1.0000
-11.3850 10.1250 0.0000 1.0000
-11.2950 10.1250 0.0000 1.0000
-11.2650 10.1250 0.0000 1.0000
-11.2350 10.1250 0.0000 1.0000
16.0350 10.1250 0.0000 1.0000
16.2450 10.1250 0.0000 1.0000
16.2750 10.1250 0.0000 1.0000
-11.6250 10.0950 0.0000 1.0000
-11.5950 10.0950 0.0000 1.0000
-11.5650 10.0950 0.0000 1.0000
-11.4450 10.0950 0.0000 1.0000
-11.4150 10.0950 0.0000 1.0000
-11.3250 10.0950 0.0000 1.0000
-11.2950 10.0950 0.0000 1.0000
-11.2650 10.0950 0.0000 1.0000
-11.2350 10.0950 0.0000 1.0000
16.1850 10.0950 0.0000 1.0000
16.2150 10.0950 0.0000 1.0000
-11.6850 10.0650 0.0000 1.0000
-11.6550 10.0650 0.0000 1.0000
-11.5950 10.0650 0.0000 1.0000
-11.5650 10.0650 0.0000 1.0000
-11.5350 10.0650 0.0000 1.0000
-11.5050 10.0650 0.0000 1.0000
-11.4750 10.0650 0.0000 1.0000
-11.4450 10.0650 0.0000 1.0000
-11.4150 10.0650 0.0000 1.0000
-11.3850 10.0650 0.0000 1.0000
-11.3550 10.0650 0.0000 1.0000
-11.3250 10.0650 0.0000 1.0000
-11.2950 10.0650 0.0000 1.0000
-11.2650 10.0650 0.0000 1.0000
-11.2050 10.0650 0.0000 1.0000
15.7350 10.0650 0.0000 1.0000
16.1250 10.0650 0.0000 1.0000
16.2750 10.0650 0.0000 1.0000
-11.7150 10.0350 0.0000 1.0000
-11.6850 10.0350 0.0000 1.0000
-11.4750 10.0350 0.0000 1.0000
-11.1450 10.0350 0.0000 1.0000
16.2450 10.0350 0.0000 1.0000
16.2750 10.0350 0.0000 1.0000
-11.6850 10.0050 0.0000 1.0000
16.2450 10.0050 0.0000 1.0000
-11.6850 9.9750 0.0000 1.0000
-11.6550 9.9750 0.0000 1.0000
16.2750 9.9750 0.0000 1.0000
16.3050 9.9750 0.0000 1.0000
-11.6850 9.9450 0.0000 1.0000
-11.6550 9.9450 0.0000 1.0000
-11.6250 9.9450 0.0000 1.0000
16.0350 9.9450 0.0000 1.0000
16.2750 9.9450 0.0000 1.0000
16.3050 9.9450 0.0000 1.0000
-11.6850 9.9150 0.0000 1.0000
-11.6550 9.9150 0.0000 1.0000
-11.6250 9.9150 0.0000 1.0000
-11.5950 9.9150 0.0000 1.0000
15.7350 9.9150 0.0000 1.0000
16.1550 9.9150 0.0000 1.0000
16.2750 9.9150 0.0000 1.0000
-11.7150 9.8850 0.0000 1.0000
-11.6850 9.8850 0.0000 1.0000
-11.6550 9.8850 0.0000 1.0000
-11.6250 9.8850 0.0000 1.0000
16.2750 9.8850 0.0000 1.0000
16.3350 9.8850 0.0000 1.0000
-11.7150 9.8550 0.0000 1.0000
-11.6850 9.8550 0.0000 1.0000
-11.6550 9.8550 0.0000 1.0000
-11.6250 9.8550 0.0000 1.0000
16.0650 9.8550 0.0000 1.0000
16.2450 9.8550 0.0000 1.0000
16.3350 9.8550 0.0000 1.0000
-11.7150 9.8250 0.0000 1.0000
-11.6850 9.8250 0.0000 1.0000
-11.6550 9.8250 0.0000 1.0000
-11.6250 9.8250 0.0000 1.0000
-11.5950 9.8250 0.0000 1.0000
16.2750 9.8250 0.0000 1.0000
16.3050 9.8250 0.0000 1.0000
-11.6850 9.7950 0.0000 1.0000
-11.6550 9.7950 0.0000 1.0000
-11.6250 9.7950 0.0000 1.0000
-11.5950 9.7950 0.0000 1.0000
16.3050 9.7950 0.0000 1.0000
-11.6850 9.7650 0.0000 1.0000
-11.6250 9.7650 0.0000 1.0000
-11.5950 9.7650 0.0000 1.0000
-11.5650 9.7650 0.0000 1.0000
16.2750 9.7650 0.0000 1.0000
16.3050 9.7650 0.0000 1.0000
-11.6850 9.7350 0.0000 1.0000
-11.6550 9.7350 0.0000 1.0000
-11.6250 9.7350 0.0000 1.0000
-11.5950 9.7350 0.0000 1.0000
16.3050 9.7350 0.0000 1.0000
-11.6850 9.7050 0.0000 1.0000
-11.6550 9.7050 0.0000 1.0000
-11.6250 9.7050 0.0000 1.0000
-11.5950 9.7050 0.0000 1.0000
-11.5650 9.7050 0.0000 1.0000
16.3050 9.7050 0.0000 1.0000
16.3350 9.7050 0.0000 1.0000
-11.6550 9.6750 0.0000 1.0000
-11.6250 9.6750 0.0000 1.0000
-11.5950 9.6750 0.0000 1.0000
-11.5650 9.6750 0.0000 1.0000
15.7650 9.6750 0.0000 1.0000
15.9150 9.6750 0.0000 1.0000
16.0350 9.6750 0.0000 1.0000
-11.6550 9.6450 0.0000 1.0000
-11.6250 9.6450 0.0000 1.0000
-11.5950 9.6450 0.0000 1.0000
-11.5650 9.6450 0.0000 1.0000
16.3350 9.6450 0.0000 1.0000
-11.6550 9.6150 0.0000 1.0000
-11.6250 9.6150 0.0000 1.0000
-11.5950 9.6150 0.0000 1.0000
-11.5650 9.6150 0.0000 1.0000
-11.5350 9.6150 0.0000 1.0000
-9.2850 9.6150 0.0000 1.0000
16.3050 9.6150 0.0000 1.0000
16.3350 9.6150 0.0000 1.0000
-11.6550 9.5850 0.0000 1.0000
-11.6250 9.5850 0.0000 1.0000
-11.5950 9.5850 0.0000 1.0000
-11.5650 9.5850 0.0000 1.0000
-11.5350 9.5850 0.0000 1.0000
-9.1950 9.5850 0.0000 1.0000
-9.1650 9.5850 0.0000 1.0000
-9.1350 9.5850 0.0000 1.0000
15.8550 9.5850 0.0000 1.0000
16.0350 9.5850 0.0000 1.0000
16.2750 9.5850 0.0000 1.0000
-11.6250 9.5550 0.0000 1.0000
-11.5950 9.5550 0.0000 1.0000
-11.5650 9.5550 0.0000 1.0000
-11.5350 9.5550 0.0000 1.0000
-9.1650 9.5550 0.0000 1.0000
-9.1350 9.5550 0.0000 1.0000
16.2450 9.5550 0.0000 1.0000
16.2750 9.5550 0.0000 1.0000
16.3350 9.5550 0.0000 1.0000
-11.6250 9.5250 0.0000 1.0000
-11.5650 9.5250 0.0000 1.0000
-11.5350 9.5250 0.0000 1.0000
-9.2550 9.5250 0.0000 1.0000
-9.2250 9.5250 0.0000 1.0000
-9.1650 9.5250 0.0000 1.0000
-9.1350 9.5250 0.0000 1.0000
-9.1050 9.5250 0.0000 1.0000
15.8550 9.5250 0.0000 1.0000
16.2450 9.5250 0.0000 1.0000
16.2750 9.5250 0.0000 1.0000
-11.6250 9.4950 0.0000 1.0000
-11.5950 9.4950 0.0000 1.0000
-11.5650 9.4950 0.0000 1.0000
-11.5350 9.4950 0.0000 1.0000
-11.5050 9.4950 0.0000 1.0000
-9.3450 9.4950 0.0000 1.0000
-9.2550 9.4950 0.0000 1.0000
-9.2250 9.4950 0.0000 1.0000
-9.1950 9.4950 0.0000 1.0000
-9.1650 9.4950 0.0000 1.0000
-9.1350 9.4950 0.0000 1.0000
16.2450 9.4950 0.0000 1.0000
16.2750 9.4950 0.0000 1.0000
-11.6250 9.4650 0.0000 1.0000
-11.5950 9.4650 0.0000 1.0000
-11.5650 9.4650 0.0000 1.0000
-11.5350 9.4650 0.0000 1.0000
-11.5050 9.4650 0.0000 1.0000
-9.3450 9.4650 0.0000 1.0000
-9.2550 9.4650 0.0000 1.0000
-9.1950 9.4650 0.0000 1.0000
-9.1650 9.4650 0.0000 1.0000
-9.1350 9.4650 0.0000 1.0000
-9.1050 9.4650 0.0000 1.0000
-9.0750 9.4650 0.0000 1.0000
-9.0450 9.4650 0.0000 1.0000
-8.4450 9.4650 0.0000 1.0000
15.9750 9.4650 0.0000 1.0000
16.1550 9.4650 0.0000 1.0000
-11.6250 9.4350 0.0000 1.0000
-11.5650 9.4350 0.0000 1.0000
-11.5350 9.4350 0.0000 1.0000
-11.5050 9.4350 0.0000 1.0000
-9.3450 9.4350 0.0000 1.0000
-9.3150 9.4350 0.0000 1.0000
-9.2850 9.4350 0.0000 1.0000
-9.2550 9.4350 0.0000 1.0000
-9.2250 9.4350 0.0000 1.0000
-9.1950 9.4350 0.0000 1.0000
-9.1350 9.4350 0.0000 1.0000
-9.1050 9.4350 0.0000 1.0000
-9.0750 9.4350 0.0000 1.0000
-8.4150 9.4350 0.0000 1.0000
16.0650 9.4350 0.0000 1.0000
16.2450 9.4350 0.0000 1.0000
-11.5350 9.4050 0.0000 1.0000
-11.5050 9.4050 0.0000 1.0000
-9.4950 9.4050 0.0000 1.0000
-9.3150 9.4050 0.0000 1.0000
-9.2550 9.4050 0.0000 1.0000
-9.2250 9.4050 0.0000 1.0000
-9.1950 9.4050 0.0000 1.0000
-9.1650 9.4050 0.0000 1.0000
-9.1350 9.4050 0.0000 1.0000
-9.0750 9.4050 0.0000 1.0000
-9.0450 9.4050 0.0000 1.0000
-9.0150 9.4050 0.0000 1.0000
-1.9350 9.4050 0.0000 1.0000
15.8850 9.4050 0.0000 1.0000
15.9450 9.4050 0.0000 1.0000
16.1550 9.4050 0.0000 1.0000
16.2450 9.4050 0.0000 1.0000
16.2750 9.4050 0.0000 1.0000
-11.5650 9.3750 0.0000 1.0000
-11.5350 9.3750 0.0000 1.0000
-11.4750 9.3750 0.0000 1.0000
-9.5550 9.3750 0.0000 1.0000
-9.3750 9.3750 0.0000 1.0000
-9.3450 9.3750 0.0000 1.0000
-9.3150 9.3750 0.0000 1.0000
-9.1650 9.3750 0.0000 1.0000
-9.1350 9.3750 0.0000 1.0000
-9.1050 9.3750 0.0000 1.0000
-9.0750 9.3750 0.0000 1.0000
-9.0450 9.3750 0.0000 1.0000
-9.0150 9.3750 0.0000 1.0000
-8.9850 9.3750 0.0000 1.0000
-0.4650 9.3750 0.0000 1.0000
16.0650 9.3750 0.0000 1.0000
16.2450 9.3750 0.0000 1.0000
-11.5350 9.3450 0.0000 1.0000
-11.4750 9.3450 0.0000 1.0000
-11.2650 9.3450 0.0000 1.0000
-9.5550 9.3450 0.0000 1.0000
-9.4950 9.3450 0.0000 1.0000
-9.4050 9.3450 0.0000 1.0000
-9.3750 9.3450 0.0000 1.0000
-9.3150 9.3450 0.0000 1.0000
-9.2850 9.3450 0.0000 1.0000
-9.2550 9.3450 0.0000 1.0000
-9.0750 9.3450 0.0000 1.0000
-9.0450 9.3450 0.0000 1.0000
-9.0150 9.3450 0.0000 1.0000
-5.9250 9.3450 0.0000 1.0000
-5.8950 9.3450 0.0000 1.0000
-5.8350 9.3450 0.0000 1.0000
-5.8050 9.3450 0.0000 1.0000
-3.9150 9.3450 0.0000 1.0000
-3.5850 9.3450 0.0000 1.0000
-3.5250 9.3450 0.0000 1.0000
-3.4950 9.3450 0.0000 1.0000
-3.4650 9.3450 0.0000 1.0000
-3.4350 9.3450 0.0000 1.0000
-3.4050 9.3450 0.0000 1.0000
-3.3750 9.3450 0.0000 1.0000
-3.3450 9.3450 0.0000 1.0000
-3.3150 9.3450 0.0000 1.0000
-3.2850 9.3450 0.0000 1.0000
-3.2550 9.3450 0.0000 1.0000
-3.2250 9.3450 0.0000 1.0000
-3.1950 9.3450 0.0000 1.0000
-3.1650 9.3450 0.0000 1.0000
-3.1350 9.3450 0.0000 1.0000
-3.1050 9.3450 0.0000 1.0000
-3.0750 9.3450 0.0000 1.0000
-3.0450 9.3450 0.0000 1.0000
-2.9850 9.3450 0.0000 1.0000
-2.9550 9.3450 0.0000 1.0000
-2.9250 9.3450 0.0000 1.0000
-2.8950 9.3450 0.0000 1.0000
-2.8650 9.3450 0.0000 1.0000
-2.7750 9.3450 0.0000 1.0000
-2.6550 9.3450 0.0000 1.0000
-2.5650 9.3450 0.0000 1.0000
-1.3350 9.3450 0.0000 1.0000
-1.3050 9.3450 0.0000 1.0000
-1.2750 9.3450 0.0000 1.0000
-1.2450 9.3450 0.0000 1.0000
-1.2150 9.3450 0.0000 1.0000
-1.1850 9.3450 0.0000 1.0000
-1.1550 9.3450 0.0000 1.0000
-1.1250 9.3450 0.0000 1.0000
-1.0950 9.3450 0.0000 1.0000
-1.0650 9.3450 0.0000 1.0000
-1.0350 9.3450 0.0000 1.0000
-1.0050 9.3450 0.0000 1.0000
-0.9750 9.3450 0.0000 1.0000
-0.9450 9.3450 0.0000 1.0000
-0.9150 9.3450 0.0000 1.0000
-0.8850 9.3450 0.0000 1.0000
-0.8550 9.3450 0.0000 1.0000
-0.8250 9.3450 0.0000 1.0000
-0.7350 9.3450 0.0000 1.0000
16.0650 9.3450 0.0000 1.0000
16.1850 9.3450 0.0000 1.0000
16.2750 9.3450 0.0000 1.0000
-11.5350 9.3150 0.0000 1.0000
-11.4750 9.3150 0.0000 1.0000
-11.2650 9.3150 0.0000 1.0000
-11.1750 9.3150 0.0000 1.0000
-11.1450 9.3150 0.0000 1.0000
-11.1150 9.3150 0.0000 1.0000
-9.4950 9.3150 0.0000 1.0000
-9.2850 9.3150 0.0000 1.0000
-9.2550 9.3150 0.0000 1.0000
-9.0750 9.3150 0.0000 1.0000
-9.0450 9.3150 0.0000 1.0000
-9.0150 9.3150 0.0000 1.0000
-8.9850 9.3150 0.0000 1.0000
-8.9550 9.3150 0.0000 1.0000
-8.9250 9.3150 0.0000 1.0000
-8.8950 9.3150 0.0000 1.0000
-6.8250 9.3150 0.0000 1.0000
-6.7350 9.3150 0.0000 1.0000
-6.6150 9.3150 0.0000 1.0000
-6.5550 9.3150 0.0000 1.0000
-6.4950 9.3150 0.0000 1.0000
-6.4650 9.3150 0.0000 1.0000
-6.4350 9.3150 0.0000 1.0000
-6.4050 9.3150 0.0000 1.0000
-6.3750 9.3150 0.0000 1.0000
-6.3450 9.3150 0.0000 1.0000
-6.3150 9.3150 0.0000 1.0000
-6.2850 9.3150 0.0000 1.0000
-6.2550 9.3150 0.0000 1.0000
-6.2250 9.3150 0.0000 1.0000
-6.1950 9.3150 0.0000 1.0000
-6.1650 9.3150 0.0000 1.0000
-6.1350 9.3150 0.0000 1.0000
-6.1050 9.3150 0.0000 1.0000
-6.0750 9.3150 0.0000 1.0000
-6.0450 9.3150 0.0000 1.0000
-6.0150 9.3150 0.0000 1.0000
-5.9850 9.3150 0.0000 1.0000
-5.9550 9.3150 0.0000 1.0000
-5.9250 9.3150 0.0000 1.0000
-5.8950 9.3150 0.0000 1.0000
-5.8650 9.3150 0.0000 1.0000
-5.8350 9.3150 0.0000 1.0000
-5.8050 9.3150 0.0000 1.0000
-5.7750 9.3150 0.0000 1.0000
-5.7450 9.3150 0.0000 1.0000
-5.7150 9.3150 0.0000 1.0000
-5.6850 9.3150 0.0000 1.0000
-5.6550 9.3150 0.0000 1.0000
-5.6250 9.3150 0.0000 1.0000
-5.5950 9.3150 0.0000 1.0000
-5.5650 9.3150 0.0000 1.0000
-5.5350 9.3150 0.0000 1.0000
-5.5050 9.3150 0.0000 1.0000
-5.4750 9.3150 0.0000 1.0000
-5.4450 9.3150 0.0000 1.0000
-5.4150 9.3150 0.0000 1.0000
-5.3850 9.3150 0.0000 1.0000
-5.3550 9.3150 0.0000 1.0000
-5.3250 9.3150 0.0000 1.0000
-5.2950 9.3150 0.0000 1.0000
-5.2650 9.3150 0.0000 1.0000
-5.2350 9.3150 0.0000 1.0000
-5.2050 9.3150 0.0000 1.0000
-5.1750 9.3150 0.0000 1.0000
-5.1450 9.3150 0.0000 1.0000
-5.1150 9.3150 0.0000 1.0000
-5.0850 9.3150 0.0000 1.0000
-5.0550 9.3150 0.0000 1.0000
-5.0250 9.3150 0.0000 1.0000
-4.9950 9.3150 0.0000 1.0000
-4.9650 9.3150 0.0000 1.0000
-4.9350 9.3150 0.0000 1.0000
-4.9050 9.3150 0.0000 1.0000
-4.8750 9.3150 0.0000 1.0000
-4.8450 9.3150 0.0000 1.0000
-4.8150 9.3150 0.0000 1.0000
-4.7850 9.3150 0.0000 1.0000
-4.7550 9.3150 0.0000 1.0000
-4.7250 9.3150 0.0000 1.0000
-4.6950 9.3150 0.0000 1.0000
-4.6650 9.3150 0.0000 1.0000
-4.6350 9.3150 0.0000 1.0000
-4.6050 9.3150 0.0000 1.0000
-4.5750 9.3150 0.0000 1.0000
-4.5450 9.3150 0.0000 1.0000
-4.5150 9.3150 0.0000 1.0000
-4.4850 9.3150 0.0000 1.0000
-4.4550 9.3150 0.0000 1.0000
-4.4250 9.3150 0.0000 1.0000
-4.3950 9.3150 0.0000 1.0000
-4.3650 9.3150 0.0000 1.0000
-4.3350 9.3150 0.0000 1.0000
-4.3050 9.3150 0.0000 1.0000
-4.2750 9.3150 0.0000 1.0000
-4.2450 9.3150 0.0000 1.0000
-4.2150 9.3150 0.0000 1.0000
-4.1850 9.3150 0.0000 1.0000
-4.1550 9.3150 0.0000 1.0000
-4.1250 9.3150 0.0000 1.0000
-4.0950 9.3150 0.0000 1.0000
-4.0650 9.3150 0.0000 1.0000
-4.0350 9.3150 0.0000 1.0000
-4.0050 9.3150 0.0000 1.0000
-3.9750 9.3150 0.0000 1.0000
-3.9450 9.3150 0.0000 1.0000
-3.9150 9.3150 0.0000 1.0000
-3.8850 9.3150 0.0000 1.0000
-3.8550 9.3150 0.0000 1.0000
-3.8250 9.3150 0.0000 1.0000
-3.7950 9.3150 0.0000 1.0000
-3.7650 9.3150 0.0000 1.0000
-3.7350 9.3150 0.0000 1.0000
-3.7050 9.3150 0.0000 1.0000
-3.6750 9.3150 0.0000 1.0000
-3.6450 9.3150 0.0000 1.0000
-3.6150 9.3150 0.0000 1.0000
-3.5850 9.3150 0.0000 1.0000
-3.5550 9.3150 0.0000 1.0000
-3.5250 9.3150 0.0000 1.0000
-3.4950 9.3150 0.0000 1.0000
-3.4650 9.3150 0.0000 1.0000
-3.4350 9.3150 0.0000 1.0000
-3.4050 9.3150 0.0000 1.0000
-3.3750 9.3150 0.0000 1.0000
-3.3450 9.3150 0.0000 1.0000
-3.3150 9.3150 0.0000 1.0000
-3.2850 9.3150 0.0000 1.0000
-3.2550 9.3150 0.0000 1.0000
-3.2250 9.3150 0.0000 1.0000
-3.1950 9.3150 0.0000 1.0000
-3.1650 9.3150 0.0000 1.0000
-3.1350 9.3150 0.0000 1.0000
-3.1050 9.3150 0.0000 1.0000
-3.0750 9.3150 0.0000 1.0000
-3.0450 9.3150 0.0000 1.0000
-3.0150 9.3150 0.0000 1.0000
-2.9850 9.3150 0.0000 1.0000
-2.9550 9.3150 0.0000 1.0000
-2.9250 9.3150 0.0000 1.0000
-2.8950 9.3150 0.0000 1.0000
-2.8650 9.3150 0.0000 1.0000
-2.8350 9.3150 0.0000 1.0000
-2.8050 9.3150 0.0000 1.0000
-2.7750 9.3150 0.0000 1.0000
-2.7450 9.3150 0.0000 1.0000
-2.7150 9.3150 0.0000 1.0000
-2.6850 9.3150 0.0000 1.0000
-2.6550 9.3150 0.0000 1.0000
-2.6250 9.3150 0.0000 1.0000
-2.5950 9.3150 0.0000 1.0000
-2.5650 9.3150 0.0000 1.0000
-2.5350 9.3150 0.0000 1.0000
-2.5050 9.3150 0.0000 1.0000
-2.4750 9.3150 0.0000 1.0000
-2.4450 9.3150 0.0000 1.0000
-2.4150 9.3150 0.0000 1.0000
-2.3850 9.3150 0.0000 1.0000
-2.3550 9.3150 0.0000 1.0000
-2.3250 9.3150 0.0000 1.0000
-2.2950 9.3150 0.0000 1.0000
-2.2650 9.3150 0.0000 1.0000
-2.2350 9.3150 0.0000 1.0000
-2.2050 9.3150 0.0000 1.0000
-2.1750 9.3150 0.0000 1.0000
-2.1450 9.3150 0.0000 1.0000
-2.1150 9.3150 0.0000 1.0000
-2.0850 9.3150 0.0000 1.0000
-2.0550 9.3150 0.0000 1.0000
-2.0250 9.3150 0.0000 1.0000
-1.9950 9.3150 0.0000 1.0000
-1.9650 9.3150 0.0000 1.0000
-1.9350 9.3150 0.0000 1.0000
-1.9050 9.3150 0.0000 1.0000
-1.8750 9.3150 0.0000 1.0000
-1.8450 9.3150 0.0000 1.0000
-1.8150 9.3150 0.0000 1.0000
-1.7850 9.3150 0.0000 1.0000
-1.7550 9.3150 0.0000 1.0000
-1.7250 9.3150 0.0000 1.0000
-1.6950 9.3150 0.0000 1.0000
-1.6650 9.3150 0.0000 1.0000
-1.6350 9.3150 0.0000 1.0000
-1.6050 9.3150 0.0000 1.0000
-1.5750 9.3150 0.0000 1.0000
-1.5450 9.3150 0.0000 1.0000
-1.5150 9.3150 0.0000 1.0000
-1.4850 9.3150 0.0000 1.0000
-1.4550 9.3150 0.0000 1.0000
-1.4250 9.3150 0.0000 1.0000
-1.3950 9.3150 0.0000 1.0000
-1.3650 9.3150 0.0000 1.0000
-1.3350 9.3150 0.0000 1.0000
-1.3050 9.3150 0.0000 1.0000
-1.2750 9.3150 0.0000 1.0000
-1.2450 9.3150 0.0000 1.0000
-1.2150 9.3150 0.0000 1.0000
-1.1850 9.3150 0.0000 1.0000
-1.1550 9.3150 0.0000 1.0000
-1.1250 9.3150 0.0000 1.0000
-1.0950 9.3150 0.0000 1.0000
-1.0350 9.3150 0.0000 1.0000
-1.0050 9.3150 0.0000 1.0000
-0.9750 9.3150 0.0000 1.0000
-0.9450 9.3150 0.0000 1.0000
-0.9150 9.3150 0.0000 1.0000
-0.8850 9.3150 0.0000 1.0000
-0.8550 9.3150 0.0000 1.0000
-0.8250 9.3150 0.0000 1.0000
-0.7950 9.3150 0.0000 1.0000
-0.7650 9.3150 0.0000 1.0000
-0.7350 9.3150 0.0000 1.0000
-0.7050 9.3150 0.0000 1.0000
-0.6750 9.3150 0.0000 1.0000
-0.5850 9.3150 0.0000 1.0000
-0.5550 9.3150 0.0000 1.0000
-0.5250 9.3150 0.0000 1.0000
-0.4950 9.3150 0.0000 1.0000
-0.4650 9.3150 0.0000 1.0000
-0.4350 9.3150 0.0000 1.0000
-0.4050 9.3150 0.0000 1.0000
-0.3750 9.3150 0.0000 1.0000
-0.3450 9.3150 0.0000 1.0000
-0.3150 9.3150 0.0000 1.0000
-0.2850 9.3150 0.0000 1.0000
-0.2550 9.3150 0.0000 1.0000
-0.2250 9.3150 0.0000 1.0000
16.1550 9.3150 0.0000 1.0000
16.2450 9.3150 0.0000 1.0000
16.2750 9.3150 0.0000 1.0000
-11.4750 9.2850 0.0000 1.0000
-11.1750 9.2850 0.0000 1.0000
-11.1450 9.2850 0.0000 1.0000
-11.1150 9.2850 0.0000 1.0000
-9.5250 9.2850 0.0000 1.0000
-9.3150 9.2850 0.0000 1.0000
-9.2850 9.2850 0.0000 1.0000
-9.2550 9.2850 0.0000 1.0000
-9.0150 9.2850 0.0000 1.0000
-8.9850 9.2850 0.0000 1.0000
-8.9250 9.2850 0.0000 1.0000
-8.8650 9.2850 0.0000 1.0000
-8.7750 9.2850 0.0000 1.0000
-8.5950 9.2850 0.0000 1.0000
-8.5650 9.2850 0.0000 1.0000
-8.5350 9.2850 0.0000 1.0000
-7.4550 9.2850 0.0000 1.0000
-7.3350 9.2850 0.0000 1.0000
-7.3050 9.2850 0.0000 1.0000
-7.2750 9.2850 0.0000 1.0000
-7.2450 9.2850 0.0000 1.0000
-7.2150 9.2850 0.0000 1.0000
-7.1850 9.2850 0.0000 1.0000
-7.1550 9.2850 0.0000 1.0000
-7.1250 9.2850 0.0000 1.0000
-7.0950 9.2850 0.0000 1.0000
-7.0650 9.2850 0.0000 1.0000
-7.0350 9.2850 0.0000 1.0000
-7.0050 9.2850 0.0000 1.0000
-6.9750 9.2850 0.0000 1.0000
-6.9450 9.2850 0.0000 1.0000
-6.9150 9.2850 0.0000 1.0000
-6.8850 9.2850 0.0000 1.0000
-6.8550 9.2850 0.0000 1.0000
-6.8250 9.2850 0.0000 1.0000
-6.7950 9.2850 0.0000 1.0000
-6.7650 9.2850 0.0000 1.0000
-6.7350 9.2850 0.0000 1.0000
-6.7050 9.2850 0.0000 1.0000
-6.6750 9.2850 0.0000 1.0000
-6.6450 9.2850 0.0000 1.0000
-6.6150 9.2850 0.0000 1.0000
-6.5850 9.2850 0.0000 1.0000
-6.5550 9.2850 0.0000 1.0000
-6.5250 9.2850 0.0000 1.0000
-6.4950 9.2850 0.0000 1.0000
-6.4650 9.2850 0.0000 1.0000
-6.4350 9.2850 0.0000 1.0000
-6.4050 9.2850 0.0000 1.0000
-6.3750 9.2850 0.0000 1.0000
-6.3450 9.2850 0.0000 1.0000
-6.3150 9.2850 0.0000 1.0000
-6.2850 9.2850 0.0000 1.0000
-6.2550 9.2850 0.0000 1.0000
-6.2250 9.2850 0.0000 1.0000
-6.1950 9.2850 0.0000 1.0000
-6.1650 9.2850 0.0000 1.0000
-6.1350 9.2850 0.0000 1.0000
-6.1050 9.2850 0.0000 1.0000
-6.0750 9.2850 0.0000 1.0000
-6.0450 9.2850 0.0000 1.0000
-6.0150 9.2850 0.0000 1.0000
-5.9850 9.2850 0.0000 1.0000
-5.9550 9.2850 0.0000 1.0000
-5.9250 9.2850 0.0000 1.0000
-5.8950 9.2850 0.0000 1.0000
-5.8650 9.2850 0.0000 1.0000
-5.8350 9.2850 0.0000 1.0000
-5.8050 9.2850 0.0000 1.0000
-5.7750 9.2850 0.0000 1.0000
-5.7450 9.2850 0.0000 1.0000
-5.7150 9.2850 0.0000 1.0000
-5.6850 9.2850 0.0000 1.0000
-5.6550 9.2850 0.0000 1.0000
-5.6250 9.2850 0.0000 1.0000
-5.5950 9.2850 0.0000 1.0000
-5.5650 9.2850 0.0000 1.0000
-5.5350 9.2850 0.0000 1.0000
-5.5050 9.2850 0.0000 1.0000
-5.4750 9.2850 0.0000 1.0000
-5.4450 9.2850 0.0000 1.0000
-5.4150 9.2850 0.0000 1.0000
-5.3850 9.2850 0.0000 1.0000
-5.3550 9.2850 0.0000 1.0000
-5.3250 9.2850 0.0000 1.0000
-5.2950 9.2850 0.0000 1.0000
-5.2650 9.2850 0.0000 1.0000
-5.2350 9.2850 0.0000 1.0000
-5.2050 9.2850 0.0000 1.0000
-5.1750 9.2850 0.0000 1.0000
-5.1450 9.2850 0.0000 1.0000
-5.1150 9.2850 0.0000 1.0000
-5.0850 9.2850 0.0000 1.0000
-5.0550 9.2850 0.0000 1.0000
-5.0250 9.2850 0.0000 1.0000
-4.9950 9.2850 0.0000 1.0000
-4.9650 9.2850 0.0000 1.0000
-4.9350 9.2850 0.0000 1.0000
-4.9050 9.2850 0.0000 1.0000
-4.8750 9.2850 0.0000 1.0000
-4.8450 9.2850 0.0000 1.0000
-4.8150 9.2850 0.0000 1.0000
-4.7850 9.2850 0.0000 1.0000
-4.7550 9.2850 0.0000 1.0000
-4.7250 9.2850 0.0000 1.0000
-4.6950 9.2850 0.0000 1.0000
-4.6650 9.2850 0.0000 1.0000
-4.6350 9.2850 0.0000 1.0000
-4.6050 9.2850 0.0000 1.0000
-4.5750 9.2850 0.0000 1.0000
-4.5450 9.2850 0.0000 1.0000
-4.5150 9.2850 0.0000 1.0000
-4.4850 9.2850 0.0000 1.0000
-4.4550 9.2850 0.0000 1.0000
-4.4250 9.2850 0.0000 1.0000
-4.3950 9.2850 0.0000 1.0000
-4.3650 9.2850 0.0000 1.0000
-4.3350 9.2850 0.0000 1.0000
-4.3050 9.2850 0.0000 1.0000
-4.2750 9.2850 0.0000 1.0000
-4.2450 9.2850 0.0000 1.0000
-4.2150 9.2850 0.0000 1.0000
-4.1850 9.2850 0.0000 1.0000
-4.1550 9.2850 0.0000 1.0000
-4.1250 9.2850 0.0000 1.0000
-4.0950 9.2850 0.0000 1.0000
-4.0650 9.2850 0.0000 1.0000
-4.0350 9.2850 0.0000 1.0000
-4.0050 9.2850 0.0000 1.0000
-3.9750 9.2850 0.0000 1.0000
-3.9450 9.2850 0.0000 1.0000
-3.9150 9.2850 0.0000 1.0000
-3.8850 9.2850 0.0000 1.0000
-3.8550 9.2850 0.0000 1.0000
-3.8250 9.2850 0.0000 1.0000
-3.7950 9.2850 0.0000 1.0000
-3.7650 9.2850 0.0000 1.0000
-3.7350 9.2850 0.0000 1.0000
-3.7050 9.2850 0.0000 1.0000
-3.6750 9.2850 0.0000 1.0000
-3.6450 9.2850 0.0000 1.0000
-3.6150 9.2850 0.0000 1.0000
-3.5850 9.2850 0.0000 1.0000
-3.5550 9.2850 0.0000 1.0000
-3.5250 9.2850 0.0000 1.0000
-3.4950 9.2850 0.0000 1.0000
-3.4650 9.2850 0.0000 1.0000
-3.4350 9.2850 0.0000 1.0000
-3.4050 9.2850 0.0000 1.0000
-3.3750 9.2850 0.0000 1.0000
-3.3450 9.2850 0.0000 1.0000
-3.3150 9.2850 0.0000 1.0000
-3.2850 9.2850 0.0000 1.0000
-3.2550 9.2850 0.0000 1.0000
-3.2250 9.2850 0.0000 1.0000
-3.1950 9.2850 0.0000 1.0000
-3.1650 9.2850 0.0000 1.0000
-3.1350 9.2850 0.0000 1.0000
-3.1050 9.2850 0.0000 1.0000
-3.0750 9.2850 0.0000 1.0000
-3.0450 9.2850 0.0000 1.0000
-3.0150 9.2850 0.0000 1.0000
-2.9850 9.2850 0.0000 1.0000
-2.9550 9.2850 0.0000 1.0000
-2.9250 9.2850 0.0000 1.0000
-2.8950 9.2850 0.0000 1.0000
-2.8650 9.2850 0.0000 1.0000
-2.8350 9.2850 0.0000 1.0000
-2.8050 9.2850 0.0000 1.0000
-2.7750 9.2850 0.0000 1.0000
-2.7450 9.2850 0.0000 1.0000
-2.7150 9.2850 0.0000 1.0000
-2.6850 9.2850 0.0000 1.0000
-2.6550 9.2850 0.0000 1.0000
-2.6250 9.2850 0.0000 1.0000
-2.5950 9.2850 0.0000 1.0000
-2.5650 9.2850 0.0000 1.0000
-2.5350 9.2850 0.0000 1.0000
-2.5050 9.2850 0.0000 1.0000
-2.4750 9.2850 0.0000 1.0000
-2.4450 9.2850 0.0000 1.0000
-2.4150 9.2850 0.0000 1.0000
-2.3850 9.2850 0.0000 1.0000
-2.3550 9.2850 0.0000 1.0000
-2.3250 9.2850 0.0000 1.0000
-2.2950 9.2850 0.0000 1.0000
-2.2650 9.2850 0.0000 1.0000
-2.2350 9.2850 0.0000 1.0000
-2.2050 9.2850 0.0000 1.0000
-2.1750 9.2850 0.0000 1.0000
-2.1450 9.2850 0.0000 1.0000
-2.1150 9.2850 0.0000 1.0000
-2.0850 9.2850 0.0000 1.0000
-2.0550 9.2850 0.0000 1.0000
-2.0250 9.2850 0.0000 1.0000
-1.9950 9.2850 0.0000 1.0000
-1.9650 9.2850 0.0000 1.0000
-1.9350 9.2850 0.0000 1.0000
-1.9050 9.2850 0.0000 1.0000
-1.8750 9.2850 0.0000 1.0000
-1.8450 9.2850 0.0000 1.0000
-1.8150 9.2850 0.0000 1.0000
-1.7850 9.2850 0.0000 1.0000
-1.7550 9.2850 0.0000 1.0000
-1.7250 9.2850 0.0000 1.0000
-1.6950 9.2850 0.0000 1.0000
-1.6650 9.2850 0.0000 1.0000
-1.6350 9.2850 0.0000 1.0000
-1.6050 9.2850 0.0000 1.0000
-1.5750 9.2850 0.0000 1.0000
-1.5450 9.2850 0.0000 1.0000
-1.5150 9.2850 0.0000 1.0000
-1.4850 9.2850 0.0000 1.0000
-1.4550 9.2850 0.0000 1.0000
-1.4250 9.2850 0.0000 1.0000
-1.3950 9.2850 0.0000 1.0000
-1.3650 9.2850 0.0000 1.0000
-1.3350 9.2850 0.0000 1.0000
-1.3050 9.2850 0.0000 1.0000
-1.2750 9.2850 0.0000 1.0000
-1.2450 9.2850 0.0000 1.0000
-1.2150 9.2850 0.0000 1.0000
-1.1850 9.2850 0.0000 1.0000
-1.1550 9.2850 0.0000 1.0000
-1.1250 9.2850 0.0000 1.0000
-1.0950 9.2850 0.0000 1.0000
-1.0650 9.2850 0.0000 1.0000
-1.0350 9.2850 0.0000 1.0000
-1.0050 9.2850 0.0000 1.0000
-0.9750 9.2850 0.0000 1.0000
-0.9450 9.2850 0.0000 1.0000
-0.9150 9.2850 0.0000 1.0000
-0.8850 9.2850 0.0000 1.0000
-0.8550 9.2850 0.0000 1.0000
-0.8250 9.2850 0.0000 1.0000
-0.7950 9.2850 0.0000 1.0000
-0.7650 9.2850 0.0000 1.0000
-0.7350 9.2850 0.0000 1.0000
-0.7050 9.2850 0.0000 1.0000
-0.6750 9.2850 0.0000 1.0000
-0.6450 9.2850 0.0000 1.0000
-0.6150 9.2850 0.0000 1.0000
-0.5850 9.2850 0.0000 1.0000
-0.5550 9.2850 0.0000 1.0000
-0.5250 9.2850 0.0000 1.0000
-0.4950 9.2850 0.0000 1.0000
-0.4650 9.2850 0.0000 1.0000
-0.4350 9.2850 0.0000 1.0000
-0.4050 9.2850 0.0000 1.0000
-0.3750 9.2850 0.0000 1.0000
-0.3450 9.2850 0.0000 1.0000
-0.3150 9.2850 0.0000 1.0000
-0.2850 9.2850 0.0000 1.0000
-0.2550 9.2850 0.0000 1.0000
-0.2250 9.2850 0.0000 1.0000
15.9750 9.2850 0.0000 1.0000
16.0950 9.2850 0.0000 1.0000
16.2450 9.2850 0.0000 1.0000
16.2750 9.2850 0.0000 1.0000
-11.5050 9.2550 0.0000 1.0000
-11.4750 9.2550 0.0000 1.0000
-11.2950 9.2550 0.0000 1.0000
-11.2650 9.2550 0.0000 1.0000
-11.1750 9.2550 0.0000 1.0000
-11.1450 9.2550 0.0000 1.0000
-10.9950 9.2550 0.0000 1.0000
-9.4050 9.2550 0.0000 1.0000
-9.3750 9.2550 0.0000 1.0000
-9.3150 9.2550 0.0000 1.0000
-9.0150 9.2550 0.0000 1.0000
-8.9850 9.2550 0.0000 1.0000
-8.9550 9.2550 0.0000 1.0000
-8.9250 9.2550 0.0000 1.0000
-8.8950 9.2550 0.0000 1.0000
-8.8350 9.2550 0.0000 1.0000
-8.7450 9.2550 0.0000 1.0000
-8.6850 9.2550 0.0000 1.0000
-8.6250 9.2550 0.0000 1.0000
-8.5950 9.2550 0.0000 1.0000
-8.5650 9.2550 0.0000 1.0000
-8.5350 9.2550 0.0000 1.0000
-8.5050 9.2550 0.0000 1.0000
-8.4750 9.2550 0.0000 1.0000
-8.4450 9.2550 0.0000 1.0000
-8.4150 9.2550 0.0000 1.0000
-8.3850 9.2550 0.0000 1.0000
-8.3550 9.2550 0.0000 1.0000
-8.3250 9.2550 0.0000 1.0000
-8.2950 9.2550 0.0000 1.0000
-8.2650 9.2550 0.0000 1.0000
-8.2350 9.2550 0.0000 1.0000
-8.2050 9.2550 0.0000 1.0000
-8.1750 9.2550 0.0000 1.0000
-8.1450 9.2550 0.0000 1.0000
-8.1150 9.2550 0.0000 1.0000
-8.0850 9.2550 0.0000 1.0000
-8.0550 9.2550 0.0000 1.0000
-8.0250 9.2550 0.0000 1.0000
-7.9950 9.2550 0.0000 1.0000
-7.9650 9.2550 0.0000 1.0000
-7.9350 9.2550 0.0000 1.0000
-7.9050 9.2550 0.0000 1.0000
-7.8750 9.2550 0.0000 1.0000
-7.8450 9.2550 0.0000 1.0000
-7.8150 9.2550 0.0000 1.0000
-7.7850 9.2550 0.0000 1.0000
-7.7550 9.2550 0.0000 1.0000
-7.7250 9.2550 0.0000 1.0000
-7.6950 9.2550 0.0000 1.0000
-7.6650 9.2550 0.0000 1.0000
-7.6350 9.2550 0.0000 1.0000
-7.6050 9.2550 0.0000 1.0000
-7.5750 9.2550 0.0000 1.0000
-7.5450 9.2550 0.0000 1.0000
-7.5150 9.2550 0.0000 1.0000
-7.4850 9.2550 0.0000 1.0000
-7.4550 9.2550 0.0000 1.0000
-7.4250 9.2550 0.0000 1.0000
-7.3950 9.2550 0.0000 1.0000
-7.3650 9.2550 0.0000 1.0000
-7.3350 9.2550 0.0000 1.0000
-7.3050 9.2550 0.0000 1.0000
-7.2750 9.2550 0.0000 1.0000
-7.2450 9.2550 0.0000 1.0000
-7.2150 9.2550 0.0000 1.0000
-7.1850 9.2550 0.0000 1.0000
-7.1550 9.2550 0.0000 1.0000
-7.1250 9.2550 0.0000 1.0000
-7.0950 9.2550 0.0000 1.0000
-7.0650 9.2550 0.0000 1.0000
-7.0350 9.2550 0.0000 1.0000
-7.0050 9.2550 0.0000 1.0000
-6.9750 9.2550 0.0000 1.0000
-6.9450 9.2550 0.0000 1.0000
-6.9150 9.2550 0.0000 1.0000
-6.8850 9.2550 0.0000 1.0000
-6.8550 9.2550 0.0000 1.0000
-6.8250 9.2550 0.0000 1.0000
-6.7950 9.2550 0.0000 1.0000
-6.7650 9.2550 0.0000 1.0000
-6.7350 9.2550 0.0000 1.0000
-6.7050 9.2550 0.0000 1.0000
-6.6750 9.2550 0.0000 1.0000
-6.6450 9.2550 0.0000 1.0000
-6.6150 9.2550 0.0000 1.0000
-6.5850 9.2550 0.0000 1.0000
-6.5550 9.2550 0.0000 1.0000
-6.5250 9.2550 0.0000 1.0000
-6.4950 9.2550 0.0000 1.0000
-6.4650 9.2550 0.0000 1.0000
-6.4350 9.2550 0.0000 1.0000
-6.4050 9.2550 0.0000 1.0000
-6.3750 9.2550 0.0000 1.0000
-6.3450 9.2550 0.0000 1.0000
-6.3150 9.2550 0.0000 1.0000
-6.2850 9.2550 0.0000 1.0000
-6.2550 9.2550 0.0000 1.0000
-6.2250 9.2550 0.0000 1.0000
-6.1950 9.2550 0.0000 1.0000
-6.1650 9.2550 0.0000 1.0000
-6.1350 9.2550 0.0000 1.0000
-6.1050 9.2550 0.0000 1.0000
-6.0750 9.2550 0.0000 1.0000
-6.0450 9.2550 0.0000 1.0000
-6.0150 9.2550 0.0000 1.0000
-5.9850 9.2550 0.0000 1.0000
-5.9250 9.2550 0.0000 1.0000
-5.8950 9.2550 0.0000 1.0000
-5.8650 9.2550 0.0000 1.0000
-5.8350 9.2550 0.0000 1.0000
-5.8050 9.2550 0.0000 1.0000
-5.7750 9.2550 0.0000 1.0000
-5.7450 9.2550 0.0000 1.0000
-5.7150 9.2550 0.0000 1.0000
-5.6850 9.2550 0.0000 1.0000
-5.6550 9.2550 0.0000 1.0000
-5.6250 9.2550 0.0000 1.0000
-5.5950 9.2550 0.0000 1.0000
-5.5650 9.2550 0.0000 1.0000
-5.5350 9.2550 0.0000 1.0000
-5.5050 9.2550 0.0000 1.0000
-5.4750 9.2550 0.0000 1.0000
-5.4450 9.2550 0.0000 1.0000
-5.4150 9.2550 0.0000 1.0000
-5.3850 9.2550 0.0000 1.0000
-5.3550 9.2550 0.0000 1.0000
-5.3250 9.2550 0.0000 1.0000
-5.2950 9.2550 0.0000 1.0000
-5.2650 9.2550 0.0000 1.0000
-5.2350 9.2550 0.0000 1.0000
-5.2050 9.2550 0.0000 1.0000
-5.1750 9.2550 0.0000 1.0000
-5.1450 9.2550 0.0000 1.0000
-5.1150 9.2550 0.0000 1.0000
-5.0850 9.2550 0.0000 1.0000
-5.0550 9.2550 0.0000 1.0000
-5.0250 9.2550 0.0000 1.0000
-4.9950 9.2550 0.0000 1.0000
-4.9650 9.2550 0.0000 1.0000
-4.9350 9.2550 0.0000 1.0000
-4.9050 9.2550 0.0000 1.0000
-4.8750 9.2550 0.0000 1.0000
-4.8450 9.2550 0.0000 1.0000
-4.8150 9.2550 0.0000 1.0000
-4.7850 9.2550 0.0000 1.0000
-4.7550 9.2550 0.0000 1.0000
-4.7250 9.2550 0.0000 1.0000
-4.6950 9.2550 0.0000 1.0000
-4.6650 9.2550 0.0000 1.0000
-4.6350 9.2550 0.0000 1.0000
-4.6050 9.2550 0.0000 1.0000
-4.5750 9.2550 0.0000 1.0000
-4.5450 9.2550 0.0000 1.0000
-4.5150 9.2550 0.0000 1.0000
-4.4850 9.2550 0.0000 1.0000
-4.4250 9.2550 0.0000 1.0000
-4.3950 9.2550 0.0000 1.0000
-4.3650 9.2550 0.0000 1.0000
-4.3050 9.2550 0.0000 1.0000
-4.2750 9.2550 0.0000 1.0000
-4.2450 9.2550 0.0000 1.0000
-4.2150 9.2550 0.0000 1.0000
-4.1850 9.2550 0.0000 1.0000
-4.1250 9.2550 0.0000 1.0000
-4.0950 9.2550 0.0000 1.0000
-4.0650 9.2550 0.0000 1.0000
-4.0350 9.2550 0.0000 1.0000
-4.0050 9.2550 0.0000 1.0000
-3.9750 9.2550 0.0000 1.0000
-3.9450 9.2550 0.0000 1.0000
-3.9150 9.2550 0.0000 1.0000
-3.8550 9.2550 0.0000 1.0000
-3.8250 9.2550 0.0000 1.0000
-3.7950 9.2550 0.0000 1.0000
-3.7650 9.2550 0.0000 1.0000
-3.7350 9.2550 0.0000 1.0000
-3.7050 9.2550 0.0000 1.0000
-3.6750 9.2550 0.0000 1.0000
-3.6450 9.2550 0.0000 1.0000
-3.6150 9.2550 0.0000 1.0000
-3.5850 9.2550 0.0000 1.0000
-3.5550 9.2550 0.0000 1.0000
-3.5250 9.2550 0.0000 1.0000
-3.4950 9.2550 0.0000 1.0000
-3.4650 9.2550 0.0000 1.0000
-3.4350 9.2550 0.0000 1.0000
-3.4050 9.2550 0.0000 1.0000
-3.3750 9.2550 0.0000 1.0000
-3.3150 9.2550 0.0000 1.0000
-3.2850 9.2550 0.0000 1.0000
-3.1950 9.2550 0.0000 1.0000
-3.0750 9.2550 0.0000 1.0000
-3.0450 9.2550 0.0000 1.0000
-3.0150 9.2550 0.0000 1.0000
-2.9850 9.2550 0.0000 1.0000
-2.9550 9.2550 0.0000 1.0000
-2.9250 9.2550 0.0000 1.0000
-2.8950 9.2550 0.0000 1.0000
-2.8650 9.2550 0.0000 1.0000
-2.8350 9.2550 0.0000 1.0000
-2.8050 9.2550 0.0000 1.0000
-2.7450 9.2550 0.0000 1.0000
-2.7150 9.2550 0.0000 1.0000
-2.6850 9.2550 0.0000 1.0000
-2.6550 9.2550 0.0000 1.0000
-2.6250 9.2550 0.0000 1.0000
-2.5950 9.2550 0.0000 1.0000
-2.5650 9.2550 0.0000 1.0000
-2.5350 9.2550 0.0000 1.0000
-2.5050 9.2550 0.0000 1.0000
-2.4750 9.2550 0.0000 1.0000
-2.4450 9.2550 0.0000 1.0000
-2.4150 9.2550 0.0000 1.0000
-2.3850 9.2550 0.0000 1.0000
-2.3550 9.2550 0.0000 1.0000
-2.3250 9.2550 0.0000 1.0000
-2.2950 9.2550 0.0000 1.0000
-2.2650 9.2550 0.0000 1.0000
-2.2350 9.2550 0.0000 1.0000
-2.2050 9.2550 0.0000 1.0000
-2.1450 9.2550 0.0000 1.0000
-2.0850 9.2550 0.0000 1.0000
-2.0550 9.2550 0.0000 1.0000
-2.0250 9.2550 0.0000 1.0000
-1.9950 9.2550 0.0000 1.0000
-1.9650 9.2550 0.0000 1.0000
-1.9350 9.2550 0.0000 1.0000
-1.9050 9.2550 0.0000 1.0000
-1.8750 9.2550 0.0000 1.0000
-1.8450 9.2550 0.0000 1.0000
-1.8150 9.2550 0.0000 1.0000
-1.7850 9.2550 0.0000 1.0000
-1.7550 9.2550 0.0000 1.0000
-1.7250 9.2550 0.0000 1.0000
-1.6950 9.2550 0.0000 1.0000
-1.6650 9.2550 0.0000 1.0000
-1.6350 9.2550 0.0000 1.0000
-1.6050 9.2550 0.0000 1.0000
-1.5750 9.2550 0.0000 1.0000
-1.5450 9.2550 0.0000 1.0000
-1.5150 9.2550 0.0000 1.0000
-1.4850 9.2550 0.0000 1.0000
-1.4550 9.2550 0.0000 1.0000
-1.4250 9.2550 0.0000 1.0000
-1.3950 9.2550 0.0000 1.0000
-1.3650 9.2550 0.0000 1.0000
-1.3350 9.2550 0.0000 1.0000
-1.3050 9.2550 0.0000 1.0000
-1.2750 9.2550 0.0000 1.0000
-1.2450 9.2550 0.0000 1.0000
-1.2150 9.2550 0.0000 1.0000
-1.1850 9.2550 0.0000 1.0000
-1.1550 9.2550 0.0000 1.0000
-1.1250 9.2550 0.0000 1.0000
-1.0950 9.2550 0.0000 1.0000
-1.0650 9.2550 0.0000 1.0000
-1.0350 9.2550 0.0000 1.0000
-1.0050 9.2550 0.0000 1.0000
-0.9750 9.2550 0.0000 1.0000
-0.9450 9.2550 0.0000 1.0000
-0.9150 9.2550 0.0000 1.0000
-0.8850 9.2550 0.0000 1.0000
-0.8550 9.2550 0.0000 1.0000
-0.8250 9.2550 0.0000 1.0000
-0.7950 9.2550 0.0000 1.0000
-0.7650 9.2550 0.0000 1.0000
-0.7350 9.2550 0.0000 1.0000
-0.7050 9.2550 0.0000 1.0000
-0.6750 9.2550 0.0000 1.0000
-0.6150 9.2550 0.0000 1.0000
-0.5850 9.2550 0.0000 1.0000
-0.5550 9.2550 0.0000 1.0000
-0.5250 9.2550 0.0000 1.0000
-0.4950 9.2550 0.0000 1.0000
-0.4650 9.2550 0.0000 1.0000
-0.4350 9.2550 0.0000 1.0000
-0.4050 9.2550 0.0000 1.0000
-0.3750 9.2550 0.0000 1.0000
-0.3450 9.2550 0.0000 1.0000
-0.3150 9.2550 0.0000 1.0000
-0.2850 9.2550 0.0000 1.0000
-0.2550 9.2550 0.0000 1.0000
16.0650 9.2550 0.0000 1.0000
16.1250 9.2550 0.0000 1.0000
-11.2050 9.2250 0.0000 1.0000
-11.1750 9.2250 0.0000 1.0000
-11.1450 9.2250 0.0000 1.0000
-11.1150 9.2250 0.0000 1.0000
-11.0850 9.2250 0.0000 1.0000
-9.4050 9.2250 0.0000 1.0000
-9.3450 9.2250 0.0000 1.0000
-9.3150 9.2250 0.0000 1.0000
-9.2850 9.2250 0.0000 1.0000
-9.2550 9.2250 0.0000 1.0000
-9.0150 9.2250 0.0000 1.0000
-8.9850 9.2250 0.0000 1.0000
-8.9550 9.2250 0.0000 1.0000
-8.9250 9.2250 0.0000 1.0000
-8.8950 9.2250 0.0000 1.0000
-8.8650 9.2250 0.0000 1.0000
-8.8350 9.2250 0.0000 1.0000
-8.8050 9.2250 0.0000 1.0000
-8.7750 9.2250 0.0000 1.0000
-8.7450 9.2250 0.0000 1.0000
-8.7150 9.2250 0.0000 1.0000
-8.6850 9.2250 0.0000 1.0000
-8.6550 9.2250 0.0000 1.0000
-8.6250 9.2250 0.0000 1.0000
-8.5950 9.2250 0.0000 1.0000
-8.5650 9.2250 0.0000 1.0000
-8.5350 9.2250 0.0000 1.0000
-8.5050 9.2250 0.0000 1.0000
-8.4750 9.2250 0.0000 1.0000
-8.4450 9.2250 0.0000 1.0000
-8.4150 9.2250 0.0000 1.0000
-8.3850 9.2250 0.0000 1.0000
-8.3550 9.2250 0.0000 1.0000
-8.3250 9.2250 0.0000 1.0000
-8.2950 9.2250 0.0000 1.0000
-8.2650 9.2250 0.0000 1.0000
-8.2350 9.2250 0.0000 1.0000
-8.2050 9.2250 0.0000 1.0000
-8.1750 9.2250 0.0000 1.0000
-8.1450 9.2250 0.0000 1.0000
-8.1150 9.2250 0.0000 1.0000
-8.0850 9.2250 0.0000 1.0000
-8.0550 9.2250 0.0000 1.0000
-8.0250 9.2250 0.0000 1.0000
-7.9950 9.2250 0.0000 1.0000
-7.9650 9.2250 0.0000 1.0000
-7.9350 9.2250 0.0000 1.0000
-7.9050 9.2250 0.0000 1.0000
-7.8750 9.2250 0.0000 1.0000
-7.8450 9.2250 0.0000 1.0000
-7.8150 9.2250 0.0000 1.0000
-7.7850 9.2250 0.0000 1.0000
-7.7550 9.2250 0.0000 1.0000
-7.7250 9.2250 0.0000 1.0000
-7.6950 9.2250 0.0000 1.0000
-7.6650 9.2250 0.0000 1.0000
-7.6350 9.2250 0.0000 1.0000
-7.6050 9.2250 0.0000 1.0000
-7.5750 9.2250 0.0000 1.0000
-7.5450 9.2250 0.0000 1.0000
-7.5150 9.2250 0.0000 1.0000
-7.4850 9.2250 0.0000 1.0000
-7.4550 9.2250 0.0000 1.0000
-7.4250 9.2250 0.0000 1.0000
-7.3950 9.2250 0.0000 1.0000
-7.3650 9.2250 0.0000 1.0000
-7.3350 9.2250 0.0000 1.0000
-7.3050 9.2250 0.0000 1.0000
-7.2450 9.2250 0.0000 1.0000
-7.1850 9.2250 0.0000 1.0000
-7.1550 9.2250 0.0000 1.0000
-7.0950 9.2250 0.0000 1.0000
-7.0650 9.2250 0.0000 1.0000
-6.9750 9.2250 0.0000 1.0000
-6.9450 9.2250 0.0000 1.0000
-6.9150 9.2250 0.0000 1.0000
-6.8850 9.2250 0.0000 1.0000
-6.8550 9.2250 0.0000 1.0000
-6.7950 9.2250 0.0000 1.0000
-6.7650 9.2250 0.0000 1.0000
-6.7350 9.2250 0.0000 1.0000
-6.6750 9.2250 0.0000 1.0000
-6.6150 9.2250 0.0000 1.0000
-6.4950 9.2250 0.0000 1.0000
-6.4050 9.2250 0.0000 1.0000
-6.3450 9.2250 0.0000 1.0000
-6.0450 9.2250 0.0000 1.0000
-5.4150 9.2250 0.0000 1.0000
-4.5750 9.2250 0.0000 1.0000
-4.5450 9.2250 0.0000 1.0000
-4.1250 9.2250 0.0000 1.0000
-4.0950 9.2250 0.0000 1.0000
-4.0350 9.2250 0.0000 1.0000
-4.0050 9.2250 0.0000 1.0000
-3.9450 9.2250 0.0000 1.0000
-3.8550 9.2250 0.0000 1.0000
-3.7650 9.2250 0.0000 1.0000
-3.5250 9.2250 0.0000 1.0000
-3.4050 9.2250 0.0000 1.0000
-3.3750 9.2250 0.0000 1.0000
-3.3450 9.2250 0.0000 1.0000
-3.3150 9.2250 0.0000 1.0000
-3.2850 9.2250 0.0000 1.0000
-3.2550 9.2250 0.0000 1.0000
-3.2250 9.2250 0.0000 1.0000
-3.1950 9.2250 0.0000 1.0000
-3.1650 9.2250 0.0000 1.0000
-3.1350 9.2250 0.0000 1.0000
-3.1050 9.2250 0.0000 1.0000
-3.0750 9.2250 0.0000 1.0000
-3.0450 9.2250 0.0000 1.0000
-3.0150 9.2250 0.0000 1.0000
-2.9850 9.2250 0.0000 1.0000
-2.9550 9.2250 0.0000 1.0000
-2.9250 9.2250 0.0000 1.0000
-2.8950 9.2250 0.0000 1.0000
-2.8650 9.2250 0.0000 1.0000
-2.8350 9.2250 0.0000 1.0000
-2.7750 9.2250 0.0000 1.0000
-2.7450 9.2250 0.0000 1.0000
-2.7150 9.2250 0.0000 1.0000
-2.6550 9.2250 0.0000 1.0000
-2.6250 9.2250 0.0000 1.0000
-2.5950 9.2250 0.0000 1.0000
-2.5650 9.2250 0.0000 1.0000
-2.5350 9.2250 0.0000 1.0000
-2.5050 9.2250 0.0000 1.0000
-2.4750 9.2250 0.0000 1.0000
-2.4450 9.2250 0.0000 1.0000
-2.4150 9.2250 0.0000 1.0000
-2.3850 9.2250 0.0000 1.0000
-2.3550 9.2250 0.0000 1.0000
-2.3250 9.2250 0.0000 1.0000
-2.2950 9.2250 0.0000 1.0000
-2.2650 9.2250 0.0000 1.0000
-2.2050 9.2250 0.0000 1.0000
-2.1750 9.2250 0.0000 1.0000
-2.1150 9.2250 0.0000 1.0000
-2.0850 9.2250 0.0000 1.0000
-2.0550 9.2250 0.0000 1.0000
-2.0250 9.2250 0.0000 1.0000
-1.9950 9.2250 0.0000 1.0000
-1.9650 9.2250 0.0000 1.0000
-1.9050 9.2250 0.0000 1.0000
-1.8750 9.2250 0.0000 1.0000
-1.8450 9.2250 0.0000 1.0000
-1.7850 9.2250 0.0000 1.0000
-1.7550 9.2250 0.0000 1.0000
-1.7250 9.2250 0.0000 1.0000
-1.6950 9.2250 0.0000 1.0000
-1.6650 9.2250 0.0000 1.0000
-1.6350 9.2250 0.0000 1.0000
-1.5750 9.2250 0.0000 1.0000
-1.4550 9.2250 0.0000 1.0000
-1.4250 9.2250 0.0000 1.0000
-1.3950 9.2250 0.0000 1.0000
-1.3650 9.2250 0.0000 1.0000
-1.3350 9.2250 0.0000 1.0000
-1.3050 9.2250 0.0000 1.0000
-1.1250 9.2250 0.0000 1.0000
-1.0950 9.2250 0.0000 1.0000
-1.0650 9.2250 0.0000 1.0000
-1.0350 9.2250 0.0000 1.0000
-1.0050 9.2250 0.0000 1.0000
-0.9750 9.2250 0.0000 1.0000
-0.9450 9.2250 0.0000 1.0000
-0.9150 9.2250 0.0000 1.0000
-0.8850 9.2250 0.0000 1.0000
-0.8250 9.2250 0.0000 1.0000
-0.7950 9.2250 0.0000 1.0000
-0.7650 9.2250 0.0000 1.0000
-0.7050 9.2250 0.0000 1.0000
-0.6750 9.2250 0.0000 1.0000
-0.6450 9.2250 0.0000 1.0000
-0.4950 9.2250 0.0000 1.0000
-0.4350 9.2250 0.0000 1.0000
-0.3750 9.2250 0.0000 1.0000
-0.3150 9.2250 0.0000 1.0000
-0.2850 9.2250 0.0000 1.0000
-0.2550 9.2250 0.0000 1.0000
16.2150 9.2250 0.0000 1.0000
16.2450 9.2250 0.0000 1.0000
16.2750 9.2250 0.0000 1.0000
-11.2350 9.1950 0.0000 1.0000
-11.1450 9.1950 0.0000 1.0000
-11.1150 9.1950 0.0000 1.0000
-11.0850 9.1950 0.0000 1.0000
-9.3750 9.1950 0.0000 1.0000
-9.3450 9.1950 0.0000 1.0000
-9.0150 9.1950 0.0000 1.0000
-8.9550 9.1950 0.0000 1.0000
-8.9250 9.1950 0.0000 1.0000
-8.8950 9.1950 0.0000 1.0000
-8.8650 9.1950 0.0000 1.0000
-8.8350 9.1950 0.0000 1.0000
-8.7450 9.1950 0.0000 1.0000
-8.7150 9.1950 0.0000 1.0000
-8.6550 9.1950 0.0000 1.0000
-8.5050 9.1950 0.0000 1.0000
-8.4750 9.1950 0.0000 1.0000
-8.3550 9.1950 0.0000 1.0000
-8.3250 9.1950 0.0000 1.0000
-8.2950 9.1950 0.0000 1.0000
-8.2350 9.1950 0.0000 1.0000
-7.9650 9.1950 0.0000 1.0000
-7.8450 9.1950 0.0000 1.0000
-7.7850 9.1950 0.0000 1.0000
-7.7250 9.1950 0.0000 1.0000
-7.6350 9.1950 0.0000 1.0000
-7.5150 9.1950 0.0000 1.0000
-7.0350 9.1950 0.0000 1.0000
-5.3250 9.1950 0.0000 1.0000
-3.4050 9.1950 0.0000 1.0000
-3.1950 9.1950 0.0000 1.0000
-3.1650 9.1950 0.0000 1.0000
-3.1050 9.1950 0.0000 1.0000
-3.0750 9.1950 0.0000 1.0000
-2.9250 9.1950 0.0000 1.0000
-2.8050 9.1950 0.0000 1.0000
-2.7750 9.1950 0.0000 1.0000
-2.7450 9.1950 0.0000 1.0000
-2.7150 9.1950 0.0000 1.0000
-2.6850 9.1950 0.0000 1.0000
-2.6550 9.1950 0.0000 1.0000
-2.5950 9.1950 0.0000 1.0000
-2.4750 9.1950 0.0000 1.0000
-2.4450 9.1950 0.0000 1.0000
-1.8750 9.1950 0.0000 1.0000
-1.4550 9.1950 0.0000 1.0000
-1.3950 9.1950 0.0000 1.0000
-0.7350 9.1950 0.0000 1.0000
-0.4050 9.1950 0.0000 1.0000
-0.3450 9.1950 0.0000 1.0000
-0.3150 9.1950 0.0000 1.0000
-0.2850 9.1950 0.0000 1.0000
-0.2550 9.1950 0.0000 1.0000
-0.2250 9.1950 0.0000 1.0000
-0.1950 9.1950 0.0000 1.0000
15.9450 9.1950 0.0000 1.0000
16.1850 9.1950 0.0000 1.0000
16.2450 9.1950 0.0000 1.0000
16.2750 9.1950 0.0000 1.0000
-11.2050 9.1650 0.0000 1.0000
-11.1150 9.1650 0.0000 1.0000
-11.0550 9.1650 0.0000 1.0000
-10.9650 9.1650 0.0000 1.0000
-10.9350 9.1650 0.0000 1.0000
-9.4050 9.1650 0.0000 1.0000
-9.3750 9.1650 0.0000 1.0000
-9.3450 9.1650 0.0000 1.0000
-9.3150 9.1650 0.0000 1.0000
-9.2850 9.1650 0.0000 1.0000
-9.2550 9.1650 0.0000 1.0000
-8.8050 9.1650 0.0000 1.0000
-8.7150 9.1650 0.0000 1.0000
-8.6550 9.1650 0.0000 1.0000
-8.5350 9.1650 0.0000 1.0000
-5.3250 9.1650 0.0000 1.0000
-3.3750 9.1650 0.0000 1.0000
-3.1050 9.1650 0.0000 1.0000
-2.6850 9.1650 0.0000 1.0000
-2.4750 9.1650 0.0000 1.0000
-2.2650 9.1650 0.0000 1.0000
-1.3650 9.1650 0.0000 1.0000
-0.4050 9.1650 0.0000 1.0000
-0.3450 9.1650 0.0000 1.0000
-0.2850 9.1650 0.0000 1.0000
-0.2250 9.1650 0.0000 1.0000
16.0650 9.1650 0.0000 1.0000
16.2150 9.1650 0.0000 1.0000
16.2750 9.1650 0.0000 1.0000
-11.2650 9.1350 0.0000 1.0000
-11.0550 9.1350 0.0000 1.0000
-10.9050 9.1350 0.0000 1.0000
-9.4350 9.1350 0.0000 1.0000
-9.4050 9.1350 0.0000 1.0000
-9.3750 9.1350 0.0000 1.0000
-5.2950 9.1350 0.0000 1.0000
-2.5050 9.1350 0.0000 1.0000
-0.3750 9.1350 0.0000 1.0000
-0.3150 9.1350 0.0000 1.0000
-0.2250 9.1350 0.0000 1.0000
-0.1950 9.1350 0.0000 1.0000
16.2450 9.1350 0.0000 1.0000
16.2750 9.1350 0.0000 1.0000
-11.2350 9.1050 0.0000 1.0000
-11.0850 9.1050 0.0000 1.0000
-10.9950 9.1050 0.0000 1.0000
-10.9650 9.1050 0.0000 1.0000
-10.9350 9.1050 0.0000 1.0000
-10.9050 9.1050 0.0000 1.0000
-9.5250 9.1050 0.0000 1.0000
-9.4950 9.1050 0.0000 1.0000
-9.4650 9.1050 0.0000 1.0000
-9.4350 9.1050 0.0000 1.0000
-9.4050 9.1050 0.0000 1.0000
-9.3750 9.1050 0.0000 1.0000
-9.2850 9.1050 0.0000 1.0000
-9.2550 9.1050 0.0000 1.0000
-9.1950 9.1050 0.0000 1.0000
-0.3750 9.1050 0.0000 1.0000
-0.3150 9.1050 0.0000 1.0000
-0.2850 9.1050 0.0000 1.0000
-0.2550 9.1050 0.0000 1.0000
-0.2250 9.1050 0.0000 1.0000
-0.1950 9.1050 0.0000 1.0000
-0.1650 9.1050 0.0000 1.0000
-0.1350 9.1050 0.0000 1.0000
16.0050 9.1050 0.0000 1.0000
16.2150 9.1050 0.0000 1.0000
16.2750 9.1050 0.0000 1.0000
-11.2350 9.0750 0.0000 1.0000
-11.0850 9.0750 0.0000 1.0000
-11.0550 9.0750 0.0000 1.0000
-11.0250 9.0750 0.0000 1.0000
-10.9950 9.0750 0.0000 1.0000
-10.9050 9.0750 0.0000 1.0000
-10.8750 9.0750 0.0000 1.0000
-9.5250 9.0750 0.0000 1.0000
-9.4050 9.0750 0.0000 1.0000
-9.2850 9.0750 0.0000 1.0000
-9.2250 9.0750 0.0000 1.0000
-9.1950 9.0750 0.0000 1.0000
-2.9250 9.0750 0.0000 1.0000
-0.2550 9.0750 0.0000 1.0000
-0.2250 9.0750 0.0000 1.0000
-0.1950 9.0750 0.0000 1.0000
-0.1650 9.0750 0.0000 1.0000
-0.1350 9.0750 0.0000 1.0000
16.1850 9.0750 0.0000 1.0000
16.3050 9.0750 0.0000 1.0000
-11.2350 9.0450 0.0000 1.0000
-11.0850 9.0450 0.0000 1.0000
-11.0550 9.0450 0.0000 1.0000
-10.9950 9.0450 0.0000 1.0000
-10.9650 9.0450 0.0000 1.0000
-10.9350 9.0450 0.0000 1.0000
-9.4650 9.0450 0.0000 1.0000
-9.4350 9.0450 0.0000 1.0000
-0.2250 9.0450 0.0000 1.0000
-0.1950 9.0450 0.0000 1.0000
-0.1650 9.0450 0.0000 1.0000
16.0050 9.0450 0.0000 1.0000
16.2750 9.0450 0.0000 1.0000
16.3050 9.0450 0.0000 1.0000
-11.2050 9.0150 0.0000 1.0000
-11.0850 9.0150 0.0000 1.0000
-10.9950 9.0150 0.0000 1.0000
-10.9650 9.0150 0.0000 1.0000
-10.9350 9.0150 0.0000 1.0000
-10.9050 9.0150 0.0000 1.0000
-9.4050 9.0150 0.0000 1.0000
-9.3750 9.0150 0.0000 1.0000
-9.3150 9.0150 0.0000 1.0000
-9.2250 9.0150 0.0000 1.0000
-9.1350 9.0150 0.0000 1.0000
-2.9250 9.0150 0.0000 1.0000
-0.5850 9.0150 0.0000 1.0000
-0.2250 9.0150 0.0000 1.0000
-0.1350 9.0150 0.0000 1.0000
11.7150 9.0150 0.0000 1.0000
11.7450 9.0150 0.0000 1.0000
16.3050 9.0150 0.0000 1.0000
16.3350 9.0150 0.0000 1.0000
-11.2950 8.9850 0.0000 1.0000
-11.2650 8.9850 0.0000 1.0000
-11.2350 8.9850 0.0000 1.0000
-11.1750 8.9850 0.0000 1.0000
-11.0550 8.9850 0.0000 1.0000
-10.9950 8.9850 0.0000 1.0000
-10.9650 8.9850 0.0000 1.0000
-10.9350 8.9850 0.0000 1.0000
-10.9050 8.9850 0.0000 1.0000
-9.4950 8.9850 0.0000 1.0000
-9.4050 8.9850 0.0000 1.0000
-9.3150 8.9850 0.0000 1.0000
-9.2250 8.9850 0.0000 1.0000
-9.1950 8.9850 0.0000 1.0000
-9.1350 8.9850 0.0000 1.0000
-2.8950 8.9850 0.0000 1.0000
-0.5850 8.9850 0.0000 1.0000
-0.2550 8.9850 0.0000 1.0000
-0.2250 8.9850 0.0000 1.0000
-0.1650 8.9850 0.0000 1.0000
-0.1350 8.9850 0.0000 1.0000
11.6250 8.9850 0.0000 1.0000
11.6850 8.9850 0.0000 1.0000
11.7150 8.9850 0.0000 1.0000
11.8050 8.9850 0.0000 1.0000
16.1850 8.9850 0.0000 1.0000
16.3050 8.9850 0.0000 1.0000
-11.2650 8.9550 0.0000 1.0000
-11.1750 8.9550 0.0000 1.0000
-11.0550 8.9550 0.0000 1.0000
-10.9350 8.9550 0.0000 1.0000
-10.8750 8.9550 0.0000 1.0000
-9.4950 8.9550 0.0000 1.0000
-9.3450 8.9550 0.0000 1.0000
-9.3150 8.9550 0.0000 1.0000
-9.1650 8.9550 0.0000 1.0000
-0.5850 8.9550 0.0000 1.0000
-0.2850 8.9550 0.0000 1.0000
-0.2550 8.9550 0.0000 1.0000
-0.2250 8.9550 0.0000 1.0000
-0.1950 8.9550 0.0000 1.0000
-0.1650 8.9550 0.0000 1.0000
-0.1350 8.9550 0.0000 1.0000
11.7150 8.9550 0.0000 1.0000
16.0050 8.9550 0.0000 1.0000
16.1850 8.9550 0.0000 1.0000
16.3050 8.9550 0.0000 1.0000
16.3350 8.9550 0.0000 1.0000
-11.2950 8.9250 0.0000 1.0000
-11.1450 8.9250 0.0000 1.0000
-11.0250 8.9250 0.0000 1.0000
-10.9950 8.9250 0.0000 1.0000
-10.9650 8.9250 0.0000 1.0000
-10.9050 8.9250 0.0000 1.0000
-9.1350 8.9250 0.0000 1.0000
-2.8950 8.9250 0.0000 1.0000
-0.5850 8.9250 0.0000 1.0000
-0.2550 8.9250 0.0000 1.0000
-0.2250 8.9250 0.0000 1.0000
-0.1350 8.9250 0.0000 1.0000
11.7150 8.9250 0.0000 1.0000
16.2750 8.9250 0.0000 1.0000
16.3050 8.9250 0.0000 1.0000
-11.2950 8.8950 0.0000 1.0000
-11.1750 8.8950 0.0000 1.0000
-11.1450 8.8950 0.0000 1.0000
-11.0850 8.8950 0.0000 1.0000
-10.9950 8.8950 0.0000 1.0000
-10.9650 8.8950 0.0000 1.0000
-9.2550 8.8950 0.0000 1.0000
-0.2550 8.8950 0.0000 1.0000
-0.1350 8.8950 0.0000 1.0000
11.7450 8.8950 0.0000 1.0000
16.0350 8.8950 0.0000 1.0000
16.2450 8.8950 0.0000 1.0000
16.3050 8.8950 0.0000 1.0000
-11.3250 8.8650 0.0000 1.0000
-11.2950 8.8650 0.0000 1.0000
-11.1450 8.8650 0.0000 1.0000
-9.2550 8.8650 0.0000 1.0000
-0.2550 8.8650 0.0000 1.0000
-0.1950 8.8650 0.0000 1.0000
-0.1350 8.8650 0.0000 1.0000
12.1350 8.8650 0.0000 1.0000
12.5550 8.8650 0.0000 1.0000
15.6450 8.8650 0.0000 1.0000
16.2450 8.8650 0.0000 1.0000
16.2750 8.8650 0.0000 1.0000
-11.3550 8.8350 0.0000 1.0000
-11.3250 8.8350 0.0000 1.0000
-11.2950 8.8350 0.0000 1.0000
-11.1450 8.8350 0.0000 1.0000
-9.4350 8.8350 0.0000 1.0000
-9.4050 8.8350 0.0000 1.0000
-9.2550 8.8350 0.0000 1.0000
-0.2550 8.8350 0.0000 1.0000
-0.2250 8.8350 0.0000 1.0000
-0.1950 8.8350 0.0000 1.0000
-0.1350 8.8350 0.0000 1.0000
16.2750 8.8350 0.0000 1.0000
16.3050 8.8350 0.0000 1.0000
-11.3550 8.8050 0.0000 1.0000
-11.3250 8.8050 0.0000 1.0000
-11.2650 8.8050 0.0000 1.0000
-9.4350 8.8050 0.0000 1.0000
-9.2550 8.8050 0.0000 1.0000
-9.2250 8.8050 0.0000 1.0000
-9.1950 8.8050 0.0000 1.0000
-0.2550 8.8050 0.0000 1.0000
-0.2250 8.8050 0.0000 1.0000
-0.1950 8.8050 0.0000 1.0000
-0.1350 8.8050 0.0000 1.0000
16.0650 8.8050 0.0000 1.0000
16.2750 8.8050 0.0000 1.0000
16.3050 8.8050 0.0000 1.0000
-11.3850 8.7750 0.0000 1.0000
-11.3550 8.7750 0.0000 1.0000
-11.3250 8.7750 0.0000 1.0000
-9.4050 8.7750 0.0000 1.0000
-9.2550 8.7750 0.0000 1.0000
-9.0150 8.7750 0.0000 1.0000
-0.2550 8.7750 0.0000 1.0000
-0.2250 8.7750 0.0000 1.0000
-0.1950 8.7750 0.0000 1.0000
-0.1350 8.7750 0.0000 1.0000
-0.1050 8.7750 0.0000 1.0000
16.2750 8.7750 0.0000 1.0000
-11.5350 8.7450 0.0000 1.0000
-11.5050 8.7450 0.0000 1.0000
-11.4750 8.7450 0.0000 1.0000
-11.4450 8.7450 0.0000 1.0000
-11.4150 8.7450 0.0000 1.0000
-11.3850 8.7450 0.0000 1.0000
-11.3550 8.7450 0.0000 1.0000
-11.1750 8.7450 0.0000 1.0000
-9.4050 8.7450 0.0000 1.0000
-9.3750 8.7450 0.0000 1.0000
-9.3450 8.7450 0.0000 1.0000
-9.2550 8.7450 0.0000 1.0000
-9.0150 8.7450 0.0000 1.0000
-0.2550 8.7450 0.0000 1.0000
-0.2250 8.7450 0.0000 1.0000
-0.1950 8.7450 0.0000 1.0000
16.1250 8.7450 0.0000 1.0000
16.2750 8.7450 0.0000 1.0000
16.3050 8.7450 0.0000 1.0000
-11.5650 8.7150 0.0000 1.0000
-11.5350 8.7150 0.0000 1.0000
-11.5050 8.7150 0.0000 1.0000
-11.3850 8.7150 0.0000 1.0000
-11.3550 8.7150 0.0000 1.0000
-11.1750 8.7150 0.0000 1.0000
-9.3750 8.7150 0.0000 1.0000
-9.2550 8.7150 0.0000 1.0000
-0.2550 8.7150 0.0000 1.0000
-0.2250 8.7150 0.0000 1.0000
-0.1950 8.7150 0.0000 1.0000
-0.1350 8.7150 0.0000 1.0000
16.2450 8.7150 0.0000 1.0000
16.2750 8.7150 0.0000 1.0000
16.3050 8.7150 0.0000 1.0000
-11.5650 8.6850 0.0000 1.0000
-11.5350 8.6850 0.0000 1.0000
-11.4150 8.6850 0.0000 1.0000
-9.3750 8.6850 0.0000 1.0000
-9.3450 8.6850 0.0000 1.0000
-9.2550 8.6850 0.0000 1.0000
-0.2550 8.6850 0.0000 1.0000
-0.1950 8.6850 0.0000 1.0000
16.2450 8.6850 0.0000 1.0000
16.2750 8.6850 0.0000 1.0000
16.3050 8.6850 0.0000 1.0000
-11.5950 8.6550 0.0000 1.0000
-11.5650 8.6550 0.0000 1.0000
-11.5350 8.6550 0.0000 1.0000
-9.4050 8.6550 0.0000 1.0000
-9.3750 8.6550 0.0000 1.0000
-9.3150 8.6550 0.0000 1.0000
-0.2550 8.6550 0.0000 1.0000
-0.1950 8.6550 0.0000 1.0000
-0.1650 8.6550 0.0000 1.0000
-0.0150 8.6550 0.0000 1.0000
16.1550 8.6550 0.0000 1.0000
16.1850 8.6550 0.0000 1.0000
16.3050 8.6550 0.0000 1.0000
-11.5650 8.6250 0.0000 1.0000
-11.5350 8.6250 0.0000 1.0000
-9.3750 8.6250 0.0000 1.0000
-9.3150 8.6250 0.0000 1.0000
-9.2550 8.6250 0.0000 1.0000
-0.2850 8.6250 0.0000 1.0000
-0.2550 8.6250 0.0000 1.0000
-0.1950 8.6250 0.0000 1.0000
16.1550 8.6250 0.0000 1.0000
16.2450 8.6250 0.0000 1.0000
16.2750 8.6250 0.0000 1.0000
-11.5650 8.5950 0.0000 1.0000
-11.5350 8.5950 0.0000 1.0000
-9.5850 8.5950 0.0000 1.0000
-9.4650 8.5950 0.0000 1.0000
-9.3750 8.5950 0.0000 1.0000
-9.3450 8.5950 0.0000 1.0000
-9.2850 8.5950 0.0000 1.0000
-0.2850 8.5950 0.0000 1.0000
-0.1950 8.5950 0.0000 1.0000
-0.1350 8.5950 0.0000 1.0000
16.1550 8.5950 0.0000 1.0000
16.2450 8.5950 0.0000 1.0000
16.2750 8.5950 0.0000 1.0000
-11.5650 8.5650 0.0000 1.0000
-11.5350 8.5650 0.0000 1.0000
-9.5850 8.5650 0.0000 1.0000
-9.5550 8.5650 0.0000 1.0000
-9.5250 8.5650 0.0000 1.0000
-9.4950 8.5650 0.0000 1.0000
-9.4650 8.5650 0.0000 1.0000
-9.4050 8.5650 0.0000 1.0000
-9.2850 8.5650 0.0000 1.0000
-9.2550 8.5650 0.0000 1.0000
-0.2250 8.5650 0.0000 1.0000
-0.1950 8.5650 0.0000 1.0000
-0.1350 8.5650 0.0000 1.0000
16.1250 8.5650 0.0000 1.0000
16.2750 8.5650 0.0000 1.0000
-11.5650 8.5350 0.0000 1.0000
-11.5350 8.5350 0.0000 1.0000
-9.5850 8.5350 0.0000 1.0000
-9.5550 8.5350 0.0000 1.0000
-9.4650 8.5350 0.0000 1.0000
-9.4350 8.5350 0.0000 1.0000
-9.4050 8.5350 0.0000 1.0000
-9.3450 8.5350 0.0000 1.0000
-9.2850 8.5350 0.0000 1.0000
-9.2550 8.5350 0.0000 1.0000
-0.2250 8.5350 0.0000 1.0000
-0.1950 8.5350 0.0000 1.0000
-0.1350 8.5350 0.0000 1.0000
16.0950 8.5350 0.0000 1.0000
16.2750 8.5350 0.0000 1.0000
16.3050 8.5350 0.0000 1.0000
-11.5650 8.5050 0.0000 1.0000
-11.5350 8.5050 0.0000 1.0000
-9.5550 8.5050 0.0000 1.0000
-9.5250 8.5050 0.0000 1.0000
-9.4950 8.5050 0.0000 1.0000
-9.3750 8.5050 0.0000 1.0000
-9.3450 8.5050 0.0000 1.0000
-9.2550 8.5050 0.0000 1.0000
-0.2250 8.5050 0.0000 1.0000
-0.1950 8.5050 0.0000 1.0000
-0.1350 8.5050 0.0000 1.0000
16.2750 8.5050 0.0000 1.0000
-11.5350 8.4750 0.0000 1.0000
-9.5550 8.4750 0.0000 1.0000
-9.5250 8.4750 0.0000 1.0000
-9.4950 8.4750 0.0000 1.0000
-9.3450 8.4750 0.0000 1.0000
-3.8550 8.4750 0.0000 1.0000
-0.2250 8.4750 0.0000 1.0000
-0.1950 8.4750 0.0000 1.0000
-0.1650 8.4750 0.0000 1.0000
-0.1350 8.4750 0.0000 1.0000
16.3050 8.4750 0.0000 1.0000
16.3950 8.4750 0.0000 1.0000
-11.5350 8.4450 0.0000 1.0000
-11.5050 8.4450 0.0000 1.0000
-9.4950 8.4450 0.0000 1.0000
-9.4650 8.4450 0.0000 1.0000
-0.2250 8.4450 0.0000 1.0000
-0.1950 8.4450 0.0000 1.0000
16.2450 8.4450 0.0000 1.0000
16.3650 8.4450 0.0000 1.0000
16.3950 8.4450 0.0000 1.0000
-11.5650 8.4150 0.0000 1.0000
-11.5350 8.4150 0.0000 1.0000
-9.5250 8.4150 0.0000 1.0000
-9.4650 8.4150 0.0000 1.0000
-3.8250 8.4150 0.0000 1.0000
-1.3950 8.4150 0.0000 1.0000
-0.2550 8.4150 0.0000 1.0000
-0.2250 8.4150 0.0000 1.0000
-0.1950 8.4150 0.0000 1.0000
16.3950 8.4150 0.0000 1.0000
16.4550 8.4150 0.0000 1.0000
-11.5650 8.3850 0.0000 1.0000
-11.5350 8.3850 0.0000 1.0000
-9.5850 8.3850 0.0000 1.0000
-9.5550 8.3850 0.0000 1.0000
-9.5250 8.3850 0.0000 1.0000
-9.4950 8.3850 0.0000 1.0000
-9.4650 8.3850 0.0000 1.0000
-9.3450 8.3850 0.0000 1.0000
-1.3650 8.3850 0.0000 1.0000
-0.2250 8.3850 0.0000 1.0000
-0.1950 8.3850 0.0000 1.0000
-0.1650 8.3850 0.0000 1.0000
16.4250 8.3850 0.0000 1.0000
16.4550 8.3850 0.0000 1.0000
-11.5650 8.3550 0.0000 1.0000
-11.5350 8.3550 0.0000 1.0000
-9.5850 8.3550 0.0000 1.0000
-9.5550 8.3550 0.0000 1.0000
-9.4950 8.3550 0.0000 1.0000
-9.2550 8.3550 0.0000 1.0000
-3.8250 8.3550 0.0000 1.0000
-1.3650 8.3550 0.0000 1.0000
-0.2250 8.3550 0.0000 1.0000
-0.1950 8.3550 0.0000 1.0000
-0.1650 8.3550 0.0000 1.0000
16.4550 8.3550 0.0000 1.0000
-11.5650 8.3250 0.0000 1.0000
-11.5350 8.3250 0.0000 1.0000
-11.5050 8.3250 0.0000 1.0000
-9.6450 8.3250 0.0000 1.0000
-9.6150 8.3250 0.0000 1.0000
-9.4950 8.3250 0.0000 1.0000
-9.4650 8.3250 0.0000 1.0000
-9.4050 8.3250 0.0000 1.0000
-9.2850 8.3250 0.0000 1.0000
-9.2550 8.3250 0.0000 1.0000
-3.8250 8.3250 0.0000 1.0000
-0.2250 8.3250 0.0000 1.0000
-0.1950 8.3250 0.0000 1.0000
-0.1650 8.3250 0.0000 1.0000
-0.1350 8.3250 0.0000 1.0000
16.4250 8.3250 0.0000 1.0000
16.4550 8.3250 0.0000 1.0000
16.4850 8.3250 0.0000 1.0000
-11.5650 8.2950 0.0000 1.0000
-11.5350 8.2950 0.0000 1.0000
-11.5050 8.2950 0.0000 1.0000
-9.5550 8.2950 0.0000 1.0000
-9.4050 8.2950 0.0000 1.0000
-9.3750 8.2950 0.0000 1.0000
-9.2850 8.2950 0.0000 1.0000
-2.3550 8.2950 0.0000 1.0000
-0.2250 8.2950 0.0000 1.0000
-0.1950 8.2950 0.0000 1.0000
-0.1350 8.2950 0.0000 1.0000
16.4550 8.2950 0.0000 1.0000
-11.5650 8.2650 0.0000 1.0000
-11.5350 8.2650 0.0000 1.0000
-11.5050 8.2650 0.0000 1.0000
-9.4950 8.2650 0.0000 1.0000
-9.4350 8.2650 0.0000 1.0000
-3.1350 8.2650 0.0000 1.0000
-0.2250 8.2650 0.0000 1.0000
-0.1950 8.2650 0.0000 1.0000
-0.1650 8.2650 0.0000 1.0000
-0.1350 8.2650 0.0000 1.0000
16.4550 8.2650 0.0000 1.0000
16.5450 8.2650 0.0000 1.0000
16.5750 8.2650 0.0000 1.0000
-11.5650 8.2350 0.0000 1.0000
-11.5350 8.2350 0.0000 1.0000
-11.5050 8.2350 0.0000 1.0000
-11.4750 8.2350 0.0000 1.0000
-9.4950 8.2350 0.0000 1.0000
-9.4650 8.2350 0.0000 1.0000
-3.1350 8.2350 0.0000 1.0000
-2.3550 8.2350 0.0000 1.0000
-0.2250 8.2350 0.0000 1.0000
-0.1950 8.2350 0.0000 1.0000
-0.1650 8.2350 0.0000 1.0000
16.4250 8.2350 0.0000 1.0000
16.4550 8.2350 0.0000 1.0000
16.5150 8.2350 0.0000 1.0000
-11.5650 8.2050 0.0000 1.0000
-11.5350 8.2050 0.0000 1.0000
-11.5050 8.2050 0.0000 1.0000
-9.3450 8.2050 0.0000 1.0000
-9.3150 8.2050 0.0000 1.0000
-2.3250 8.2050 0.0000 1.0000
-0.2250 8.2050 0.0000 1.0000
-0.1950 8.2050 0.0000 1.0000
-0.1650 8.2050 0.0000 1.0000
0.1050 8.2050 0.0000 1.0000
0.1350 8.2050 0.0000 1.0000
0.1650 8.2050 0.0000 1.0000
0.1950 8.2050 0.0000 1.0000
16.4550 8.2050 0.0000 1.0000
16.5750 8.2050 0.0000 1.0000
-11.5350 8.1750 0.0000 1.0000
-11.5050 8.1750 0.0000 1.0000
-11.4750 8.1750 0.0000 1.0000
-9.4350 8.1750 0.0000 1.0000
-9.3150 8.1750 0.0000 1.0000
-3.1050 8.1750 0.0000 1.0000
-0.2250 8.1750 0.0000 1.0000
-0.1950 8.1750 0.0000 1.0000
-0.1650 8.1750 0.0000 1.0000
-0.1350 8.1750 0.0000 1.0000
-0.0750 8.1750 0.0000 1.0000
-0.0450 8.1750 0.0000 1.0000
-0.0150 8.1750 0.0000 1.0000
0.1050 8.1750 0.0000 1.0000
0.1650 8.1750 0.0000 1.0000
0.1950 8.1750 0.0000 1.0000
0.2250 8.1750 0.0000 1.0000
16.5150 8.1750 0.0000 1.0000
-11.5350 8.1450 0.0000 1.0000
-11.5050 8.1450 0.0000 1.0000
-11.4750 8.1450 0.0000 1.0000
-9.3750 8.1450 0.0000 1.0000
-9.3150 8.1450 0.0000 1.0000
-4.4250 8.1450 0.0000 1.0000
-3.1050 8.1450 0.0000 1.0000
-0.2250 8.1450 0.0000 1.0000
-0.1350 8.1450 0.0000 1.0000
-0.0150 8.1450 0.0000 1.0000
0.0750 8.1450 0.0000 1.0000
0.1050 8.1450 0.0000 1.0000
0.1350 8.1450 0.0000 1.0000
0.1650 8.1450 0.0000 1.0000
16.4550 8.1450 0.0000 1.0000
16.5150 8.1450 0.0000 1.0000
16.6050 8.1450 0.0000 1.0000
-11.5650 8.1150 0.0000 1.0000
-11.5350 8.1150 0.0000 1.0000
-11.5050 8.1150 0.0000 1.0000
-9.3750 8.1150 0.0000 1.0000
-9.3450 8.1150 0.0000 1.0000
-9.3150 8.1150 0.0000 1.0000
-0.1050 8.1150 0.0000 1.0000
-0.0750 8.1150 0.0000 1.0000
-0.0150 8.1150 0.0000 1.0000
0.0150 8.1150 0.0000 1.0000
0.0450 8.1150 0.0000 1.0000
0.0750 8.1150 0.0000 1.0000
0.1050 8.1150 0.0000 1.0000
0.1650 8.1150 0.0000 1.0000
16.4550 8.1150 0.0000 1.0000
16.4850 8.1150 0.0000 1.0000
16.5450 8.1150 0.0000 1.0000
16.6050 8.1150 0.0000 1.0000
-11.5350 8.0850 0.0000 1.0000
-11.5050 8.0850 0.0000 1.0000
-9.3150 8.0850 0.0000 1.0000
-4.4250 8.0850 0.0000 1.0000
0.0150 8.0850 0.0000 1.0000
0.0450 8.0850 0.0000 1.0000
0.0750 8.0850 0.0000 1.0000
0.1650 8.0850 0.0000 1.0000
16.5450 8.0850 0.0000 1.0000
-11.5350 8.0550 0.0000 1.0000
-11.5050 8.0550 0.0000 1.0000
-11.4750 8.0550 0.0000 1.0000
-9.3750 8.0550 0.0000 1.0000
-9.3450 8.0550 0.0000 1.0000
-9.3150 8.0550 0.0000 1.0000
-0.0450 8.0550 0.0000 1.0000
-0.0150 8.0550 0.0000 1.0000
0.0150 8.0550 0.0000 1.0000
16.4550 8.0550 0.0000 1.0000
16.6050 8.0550 0.0000 1.0000
16.6950 8.0550 0.0000 1.0000
-11.5350 8.0250 0.0000 1.0000
-11.5050 8.0250 0.0000 1.0000
-11.4750 8.0250 0.0000 1.0000
-9.3750 8.0250 0.0000 1.0000
-9.3450 8.0250 0.0000 1.0000
-9.3150 8.0250 0.0000 1.0000
-4.3950 8.0250 0.0000 1.0000
-0.0150 8.0250 0.0000 1.0000
0.0750 8.0250 0.0000 1.0000
0.1350 8.0250 0.0000 1.0000
0.1650 8.0250 0.0000 1.0000
0.1950 8.0250 0.0000 1.0000
16.4550 8.0250 0.0000 1.0000
16.5450 8.0250 0.0000 1.0000
16.6050 8.0250 0.0000 1.0000
-11.5350 7.9950 0.0000 1.0000
-11.5050 7.9950 0.0000 1.0000
-9.4350 7.9950 0.0000 1.0000
-9.4050 7.9950 0.0000 1.0000
-0.0150 7.9950 0.0000 1.0000
0.0150 7.9950 0.0000 1.0000
0.0450 7.9950 0.0000 1.0000
0.0750 7.9950 0.0000 1.0000
0.2250 7.9950 0.0000 1.0000
16.4850 7.9950 0.0000 1.0000
16.5450 7.9950 0.0000 1.0000
16.6050 7.9950 0.0000 1.0000
-11.5350 7.9650 0.0000 1.0000
-11.5050 7.9650 0.0000 1.0000
-11.4750 7.9650 0.0000 1.0000
-11.4450 7.9650 0.0000 1.0000
-9.4050 7.9650 0.0000 1.0000
0.0450 7.9650 0.0000 1.0000
0.0750 7.9650 0.0000 1.0000
0.1050 7.9650 0.0000 1.0000
16.4850 7.9650 0.0000 1.0000
16.5450 7.9650 0.0000 1.0000
16.6050 7.9650 0.0000 1.0000
-11.5050 7.9350 0.0000 1.0000
-11.4750 7.9350 0.0000 1.0000
-11.4450 7.9350 0.0000 1.0000
-11.4150 7.9350 0.0000 1.0000
-11.3850 7.9350 0.0000 1.0000
-11.3550 7.9350 0.0000 1.0000
-11.3250 7.9350 0.0000 1.0000
-9.4350 7.9350 0.0000 1.0000
-9.4050 7.9350 0.0000 1.0000
-9.3150 7.9350 0.0000 1.0000
-0.0150 7.9350 0.0000 1.0000
0.0450 7.9350 0.0000 1.0000
0.0750 7.9350 0.0000 1.0000
0.1050 7.9350 0.0000 1.0000
16.5150 7.9350 0.0000 1.0000
16.5450 7.9350 0.0000 1.0000
-11.4450 7.9050 0.0000 1.0000
-11.4150 7.9050 0.0000 1.0000
-11.3850 7.9050 0.0000 1.0000
-11.3550 7.9050 0.0000 1.0000
-11.3250 7.9050 0.0000 1.0000
-11.2950 7.9050 0.0000 1.0000
-9.4050 7.9050 0.0000 1.0000
-0.0150 7.9050 0.0000 1.0000
0.0150 7.9050 0.0000 1.0000
0.0450 7.9050 0.0000 1.0000
0.1650 7.9050 0.0000 1.0000
16.4850 7.9050 0.0000 1.0000
16.5450 7.9050 0.0000 1.0000
16.6050 7.9050 0.0000 1.0000
-11.3550 7.8750 0.0000 1.0000
-11.3250 7.8750 0.0000 1.0000
-11.2650 7.8750 0.0000 1.0000
-11.1150 7.8750 0.0000 1.0000
-9.4350 7.8750 0.0000 1.0000
-9.4050 7.8750 0.0000 1.0000
-9.3750 7.8750 0.0000 1.0000
-9.3450 7.8750 0.0000 1.0000
-0.0150 7.8750 0.0000 1.0000
0.0150 7.8750 0.0000 1.0000
0.0450 7.8750 0.0000 1.0000
0.1350 7.8750 0.0000 1.0000
16.5450 7.8750 0.0000 1.0000
16.6050 7.8750 0.0000 1.0000
-11.3550 7.8450 0.0000 1.0000
-11.2950 7.8450 0.0000 1.0000
-11.2650 7.8450 0.0000 1.0000
-11.1450 7.8450 0.0000 1.0000
-10.9950 7.8450 0.0000 1.0000
-9.4950 7.8450 0.0000 1.0000
-9.4350 7.8450 0.0000 1.0000
-9.4050 7.8450 0.0000 1.0000
-9.3750 7.8450 0.0000 1.0000
-9.3450 7.8450 0.0000 1.0000
-0.0150 7.8450 0.0000 1.0000
0.0150 7.8450 0.0000 1.0000
0.0450 7.8450 0.0000 1.0000
0.0750 7.8450 0.0000 1.0000
0.1050 7.8450 0.0000 1.0000
0.1650 7.8450 0.0000 1.0000
16.4250 7.8450 0.0000 1.0000
16.4850 7.8450 0.0000 1.0000
16.5450 7.8450 0.0000 1.0000
16.5750 7.8450 0.0000 1.0000
-11.3550 7.8150 0.0000 1.0000
-11.2950 7.8150 0.0000 1.0000
-11.2650 7.8150 0.0000 1.0000
-11.1450 7.8150 0.0000 1.0000
-11.1150 7.8150 0.0000 1.0000
-10.9950 7.8150 0.0000 1.0000
-9.4050 7.8150 0.0000 1.0000
-9.3750 7.8150 0.0000 1.0000
0.0450 7.8150 0.0000 1.0000
0.1350 7.8150 0.0000 1.0000
16.4550 7.8150 0.0000 1.0000
16.6050 7.8150 0.0000 1.0000
-11.2650 7.7850 0.0000 1.0000
-11.2350 7.7850 0.0000 1.0000
-11.2050 7.7850 0.0000 1.0000
-11.1750 7.7850 0.0000 1.0000
-11.1450 7.7850 0.0000 1.0000
-11.1150 7.7850 0.0000 1.0000
-11.0850 7.7850 0.0000 1.0000
-11.0550 7.7850 0.0000 1.0000
-11.0250 7.7850 0.0000 1.0000
-10.9650 7.7850 0.0000 1.0000
-9.4950 7.7850 0.0000 1.0000
-9.4650 7.7850 0.0000 1.0000
-9.3450 7.7850 0.0000 1.0000
-9.3150 7.7850 0.0000 1.0000
-0.0450 7.7850 0.0000 1.0000
-0.0150 7.7850 0.0000 1.0000
0.0450 7.7850 0.0000 1.0000
0.0750 7.7850 0.0000 1.0000
0.1050 7.7850 0.0000 1.0000
0.1350 7.7850 0.0000 1.0000
16.4550 7.7850 0.0000 1.0000
16.5450 7.7850 0.0000 1.0000
16.5750 7.7850 0.0000 1.0000
-11.2650 7.7550 0.0000 1.0000
-11.2350 7.7550 0.0000 1.0000
-11.2050 7.7550 0.0000 1.0000
-11.1150 7.7550 0.0000 1.0000
-11.0550 7.7550 0.0000 1.0000
-11.0250 7.7550 0.0000 1.0000
-10.9950 7.7550 0.0000 1.0000
-9.2850 7.7550 0.0000 1.0000
-0.0150 7.7550 0.0000 1.0000
0.0150 7.7550 0.0000 1.0000
0.0450 7.7550 0.0000 1.0000
0.0750 7.7550 0.0000 1.0000
16.5150 7.7550 0.0000 1.0000
16.5450 7.7550 0.0000 1.0000
-11.2650 7.7250 0.0000 1.0000
-11.1150 7.7250 0.0000 1.0000
-11.0850 7.7250 0.0000 1.0000
-11.0550 7.7250 0.0000 1.0000
-11.0250 7.7250 0.0000 1.0000
-10.9350 7.7250 0.0000 1.0000
-9.3450 7.7250 0.0000 1.0000
-9.3150 7.7250 0.0000 1.0000
-9.2550 7.7250 0.0000 1.0000
-0.2250 7.7250 0.0000 1.0000
-0.0450 7.7250 0.0000 1.0000
-0.0150 7.7250 0.0000 1.0000
0.0150 7.7250 0.0000 1.0000
0.0750 7.7250 0.0000 1.0000
16.4550 7.7250 0.0000 1.0000
-11.2050 7.6950 0.0000 1.0000
-11.1750 7.6950 0.0000 1.0000
-11.0850 7.6950 0.0000 1.0000
-11.0550 7.6950 0.0000 1.0000
-11.0250 7.6950 0.0000 1.0000
-10.9950 7.6950 0.0000 1.0000
-10.9650 7.6950 0.0000 1.0000
-10.9050 7.6950 0.0000 1.0000
-10.8750 7.6950 0.0000 1.0000
-9.2550 7.6950 0.0000 1.0000
-9.2250 7.6950 0.0000 1.0000
-9.1950 7.6950 0.0000 1.0000
-0.2250 7.6950 0.0000 1.0000
-0.0450 7.6950 0.0000 1.0000
0.0150 7.6950 0.0000 1.0000
0.0450 7.6950 0.0000 1.0000
16.2750 7.6950 0.0000 1.0000
16.5150 7.6950 0.0000 1.0000
-11.2950 7.6650 0.0000 1.0000
-11.2650 7.6650 0.0000 1.0000
-11.1750 7.6650 0.0000 1.0000
-11.1450 7.6650 0.0000 1.0000
-11.0550 7.6650 0.0000 1.0000
-10.9950 7.6650 0.0000 1.0000
-10.9650 7.6650 0.0000 1.0000
-10.9050 7.6650 0.0000 1.0000
-10.8750 7.6650 0.0000 1.0000
-9.3750 7.6650 0.0000 1.0000
-9.1950 7.6650 0.0000 1.0000
-0.2250 7.6650 0.0000 1.0000
-0.0750 7.6650 0.0000 1.0000
-0.0450 7.6650 0.0000 1.0000
-0.0150 7.6650 0.0000 1.0000
0.0150 7.6650 0.0000 1.0000
0.0450 7.6650 0.0000 1.0000
0.1350 7.6650 0.0000 1.0000
16.1850 7.6650 0.0000 1.0000
16.3350 7.6650 0.0000 1.0000
16.3650 7.6650 0.0000 1.0000
16.3950 7.6650 0.0000 1.0000
16.5150 7.6650 0.0000 1.0000
16.5450 7.6650 0.0000 1.0000
-11.1450 7.6350 0.0000 1.0000
-10.9350 7.6350 0.0000 1.0000
-10.9050 7.6350 0.0000 1.0000
-10.8750 7.6350 0.0000 1.0000
-9.3450 7.6350 0.0000 1.0000
-9.3150 7.6350 0.0000 1.0000
-9.2850 7.6350 0.0000 1.0000
-9.2550 7.6350 0.0000 1.0000
-0.4050 7.6350 0.0000 1.0000
-0.3750 7.6350 0.0000 1.0000
-0.3150 7.6350 0.0000 1.0000
-0.2850 7.6350 0.0000 1.0000
-0.2250 7.6350 0.0000 1.0000
-0.0750 7.6350 0.0000 1.0000
-0.0150 7.6350 0.0000 1.0000
0.0150 7.6350 0.0000 1.0000
0.1050 7.6350 0.0000 1.0000
16.2750 7.6350 0.0000 1.0000
16.3350 7.6350 0.0000 1.0000
-10.9050 7.6050 0.0000 1.0000
-10.8750 7.6050 0.0000 1.0000
-9.3750 7.6050 0.0000 1.0000
-9.3450 7.6050 0.0000 1.0000
-9.3150 7.6050 0.0000 1.0000
-9.2850 7.6050 0.0000 1.0000
-9.2550 7.6050 0.0000 1.0000
-0.4350 7.6050 0.0000 1.0000
-0.4050 7.6050 0.0000 1.0000
-0.3750 7.6050 0.0000 1.0000
-0.3150 7.6050 0.0000 1.0000
-0.2850 7.6050 0.0000 1.0000
-0.2550 7.6050 0.0000 1.0000
-0.2250 7.6050 0.0000 1.0000
-0.1350 7.6050 0.0000 1.0000
-0.0450 7.6050 0.0000 1.0000
-0.0150 7.6050 0.0000 1.0000
0.0150 7.6050 0.0000 1.0000
0.0450 7.6050 0.0000 1.0000
0.1050 7.6050 0.0000 1.0000
16.1550 7.6050 0.0000 1.0000
16.2750 7.6050 0.0000 1.0000
16.5150 7.6050 0.0000 1.0000
16.5450 7.6050 0.0000 1.0000
-11.1150 7.5750 0.0000 1.0000
-10.9050 7.5750 0.0000 1.0000
-10.8750 7.5750 0.0000 1.0000
-9.3150 7.5750 0.0000 1.0000
-9.2250 7.5750 0.0000 1.0000
-0.4350 7.5750 0.0000 1.0000
-0.4050 7.5750 0.0000 1.0000
-0.3450 7.5750 0.0000 1.0000
-0.2850 7.5750 0.0000 1.0000
-0.2550 7.5750 0.0000 1.0000
-0.0150 7.5750 0.0000 1.0000
16.1850 7.5750 0.0000 1.0000
16.3050 7.5750 0.0000 1.0000
16.4550 7.5750 0.0000 1.0000
16.5150 7.5750 0.0000 1.0000
-11.1150 7.5450 0.0000 1.0000
-10.9650 7.5450 0.0000 1.0000
-9.4050 7.5450 0.0000 1.0000
-9.3150 7.5450 0.0000 1.0000
-9.2850 7.5450 0.0000 1.0000
-0.4650 7.5450 0.0000 1.0000
-0.4350 7.5450 0.0000 1.0000
-0.4050 7.5450 0.0000 1.0000
-0.0450 7.5450 0.0000 1.0000
-0.0150 7.5450 0.0000 1.0000
0.0150 7.5450 0.0000 1.0000
16.2750 7.5450 0.0000 1.0000
16.4550 7.5450 0.0000 1.0000
-11.1150 7.5150 0.0000 1.0000
-11.0850 7.5150 0.0000 1.0000
-10.9950 7.5150 0.0000 1.0000
-9.3150 7.5150 0.0000 1.0000
-9.2850 7.5150 0.0000 1.0000
-0.4650 7.5150 0.0000 1.0000
-0.4350 7.5150 0.0000 1.0000
-0.4050 7.5150 0.0000 1.0000
16.1850 7.5150 0.0000 1.0000
16.2450 7.5150 0.0000 1.0000
16.2750 7.5150 0.0000 1.0000
16.3650 7.5150 0.0000 1.0000
-11.1750 7.4850 0.0000 1.0000
-11.0850 7.4850 0.0000 1.0000
-11.0550 7.4850 0.0000 1.0000
-10.9350 7.4850 0.0000 1.0000
-9.3150 7.4850 0.0000 1.0000
-9.2850 7.4850 0.0000 1.0000
-0.4650 7.4850 0.0000 1.0000
-0.4350 7.4850 0.0000 1.0000
-0.4050 7.4850 0.0000 1.0000
-11.0850 7.4550 0.0000 1.0000
-9.4350 7.4550 0.0000 1.0000
-9.4050 7.4550 0.0000 1.0000
-9.2850 7.4550 0.0000 1.0000
-0.4650 7.4550 0.0000 1.0000
-0.4350 7.4550 0.0000 1.0000
-0.4050 7.4550 0.0000 1.0000
-0.3750 7.4550 0.0000 1.0000
-0.0450 7.4550 0.0000 1.0000
16.2750 7.4550 0.0000 1.0000
16.3350 7.4550 0.0000 1.0000
16.3650 7.4550 0.0000 1.0000
-11.1450 7.4250 0.0000 1.0000
-11.0850 7.4250 0.0000 1.0000
-10.9050 7.4250 0.0000 1.0000
-9.3750 7.4250 0.0000 1.0000
-9.3450 7.4250 0.0000 1.0000
-9.2550 7.4250 0.0000 1.0000
-9.2250 7.4250 0.0000 1.0000
-0.4350 7.4250 0.0000 1.0000
-0.0450 7.4250 0.0000 1.0000
16.1550 7.4250 0.0000 1.0000
16.2750 7.4250 0.0000 1.0000
16.3350 7.4250 0.0000 1.0000
-11.0250 7.3950 0.0000 1.0000
-9.3150 7.3950 0.0000 1.0000
-9.2850 7.3950 0.0000 1.0000
-9.2550 7.3950 0.0000 1.0000
-9.1950 7.3950 0.0000 1.0000
-0.4650 7.3950 0.0000 1.0000
-0.4350 7.3950 0.0000 1.0000
16.3050 7.3950 0.0000 1.0000
16.3950 7.3950 0.0000 1.0000
-11.0550 7.3650 0.0000 1.0000
-9.2850 7.3650 0.0000 1.0000
-9.2250 7.3650 0.0000 1.0000
-0.4650 7.3650 0.0000 1.0000
-0.4350 7.3650 0.0000 1.0000
0.1050 7.3650 0.0000 1.0000
16.1250 7.3650 0.0000 1.0000
16.3050 7.3650 0.0000 1.0000
16.3350 7.3650 0.0000 1.0000
16.3950 7.3650 0.0000 1.0000
-11.0550 7.3350 0.0000 1.0000
-11.0250 7.3350 0.0000 1.0000
-9.3450 7.3350 0.0000 1.0000
-9.3150 7.3350 0.0000 1.0000
-9.2850 7.3350 0.0000 1.0000
-9.2550 7.3350 0.0000 1.0000
-0.4650 7.3350 0.0000 1.0000
-0.4350 7.3350 0.0000 1.0000
-0.4050 7.3350 0.0000 1.0000
16.0050 7.3350 0.0000 1.0000
16.0950 7.3350 0.0000 1.0000
16.3050 7.3350 0.0000 1.0000
16.3350 7.3350 0.0000 1.0000
-11.0550 7.3050 0.0000 1.0000
-11.0250 7.3050 0.0000 1.0000
-10.9950 7.3050 0.0000 1.0000
-10.9350 7.3050 0.0000 1.0000
-9.4050 7.3050 0.0000 1.0000
-9.3750 7.3050 0.0000 1.0000
-9.3450 7.3050 0.0000 1.0000
-9.3150 7.3050 0.0000 1.0000
-9.2550 7.3050 0.0000 1.0000
-0.4650 7.3050 0.0000 1.0000
-0.4350 7.3050 0.0000 1.0000
12.7050 7.3050 0.0000 1.0000
16.1250 7.3050 0.0000 1.0000
16.3050 7.3050 0.0000 1.0000
16.3650 7.3050 0.0000 1.0000
-11.0550 7.2750 0.0000 1.0000
-11.0250 7.2750 0.0000 1.0000
-10.9950 7.2750 0.0000 1.0000
-10.9650 7.2750 0.0000 1.0000
-10.9350 7.2750 0.0000 1.0000
-9.4350 7.2750 0.0000 1.0000
-9.3750 7.2750 0.0000 1.0000
-9.3450 7.2750 0.0000 1.0000
-9.3150 7.2750 0.0000 1.0000
-0.4950 7.2750 0.0000 1.0000
-0.4650 7.2750 0.0000 1.0000
-0.4350 7.2750 0.0000 1.0000
0.1650 7.2750 0.0000 1.0000
12.7050 7.2750 0.0000 1.0000
12.8250 7.2750 0.0000 1.0000
16.3050 7.2750 0.0000 1.0000
16.3350 7.2750 0.0000 1.0000
16.3650 7.2750 0.0000 1.0000
-11.0550 7.2450 0.0000 1.0000
-11.0250 7.2450 0.0000 1.0000
-10.9950 7.2450 0.0000 1.0000
-10.9350 7.2450 0.0000 1.0000
-10.8750 7.2450 0.0000 1.0000
-9.4350 7.2450 0.0000 1.0000
-9.4050 7.2450 0.0000 1.0000
-9.3750 7.2450 0.0000 1.0000
-0.4650 7.2450 0.0000 1.0000
-0.4350 7.2450 0.0000 1.0000
-0.4050 7.2450 0.0000 1.0000
12.5250 7.2450 0.0000 1.0000
12.6750 7.2450 0.0000 1.0000
12.7050 7.2450 0.0000 1.0000
12.7350 7.2450 0.0000 1.0000
12.7650 7.2450 0.0000 1.0000
12.7950 7.2450 0.0000 1.0000
12.9150 7.2450 0.0000 1.0000
13.0350 7.2450 0.0000 1.0000
16.2750 7.2450 0.0000 1.0000
-11.0550 7.2150 0.0000 1.0000
-11.0250 7.2150 0.0000 1.0000
-10.9950 7.2150 0.0000 1.0000
-10.9650 7.2150 0.0000 1.0000
-10.9050 7.2150 0.0000 1.0000
-9.4350 7.2150 0.0000 1.0000
-9.4050 7.2150 0.0000 1.0000
-9.3750 7.2150 0.0000 1.0000
-9.3450 7.2150 0.0000 1.0000
-0.4650 7.2150 0.0000 1.0000
-0.4350 7.2150 0.0000 1.0000
12.5250 7.2150 0.0000 1.0000
12.5850 7.2150 0.0000 1.0000
12.7050 7.2150 0.0000 1.0000
12.9150 7.2150 0.0000 1.0000
13.0050 7.2150 0.0000 1.0000
13.0350 7.2150 0.0000 1.0000
13.1250 7.2150 0.0000 1.0000
16.0950 7.2150 0.0000 1.0000
16.3050 7.2150 0.0000 1.0000
16.3650 7.2150 0.0000 1.0000
-11.0550 7.1850 0.0000 1.0000
-11.0250 7.1850 0.0000 1.0000
-10.9650 7.1850 0.0000 1.0000
-9.4650 7.1850 0.0000 1.0000
-9.4350 7.1850 0.0000 1.0000
-9.4050 7.1850 0.0000 1.0000
-0.4650 7.1850 0.0000 1.0000
-0.4350 7.1850 0.0000 1.0000
12.3150 7.1850 0.0000 1.0000
12.4350 7.1850 0.0000 1.0000
12.4650 7.1850 0.0000 1.0000
12.4950 7.1850 0.0000 1.0000
12.5250 7.1850 0.0000 1.0000
12.5550 7.1850 0.0000 1.0000
12.7650 7.1850 0.0000 1.0000
16.1850 7.1850 0.0000 1.0000
16.2750 7.1850 0.0000 1.0000
16.3350 7.1850 0.0000 1.0000
16.3650 7.1850 0.0000 1.0000
-11.0250 7.1550 0.0000 1.0000
-10.9950 7.1550 0.0000 1.0000
-10.9650 7.1550 0.0000 1.0000
-9.4650 7.1550 0.0000 1.0000
-9.4350 7.1550 0.0000 1.0000
-9.4050 7.1550 0.0000 1.0000
-0.4650 7.1550 0.0000 1.0000
12.3450 7.1550 0.0000 1.0000
12.3750 7.1550 0.0000 1.0000
12.4050 7.1550 0.0000 1.0000
12.4650 7.1550 0.0000 1.0000
12.7050 7.1550 0.0000 1.0000
16.1550 7.1550 0.0000 1.0000
16.2150 7.1550 0.0000 1.0000
16.3350 7.1550 0.0000 1.0000
-11.0250 7.1250 0.0000 1.0000
-10.9950 7.1250 0.0000 1.0000
-10.9650 7.1250 0.0000 1.0000
-9.4050 7.1250 0.0000 1.0000
-9.3450 7.1250 0.0000 1.0000
-9.3150 7.1250 0.0000 1.0000
-9.2850 7.1250 0.0000 1.0000
-0.4950 7.1250 0.0000 1.0000
-0.4650 7.1250 0.0000 1.0000
-0.4350 7.1250 0.0000 1.0000
12.2850 7.1250 0.0000 1.0000
12.3150 7.1250 0.0000 1.0000
12.3450 7.1250 0.0000 1.0000
12.3750 7.1250 0.0000 1.0000
12.6750 7.1250 0.0000 1.0000
16.3350 7.1250 0.0000 1.0000
16.3650 7.1250 0.0000 1.0000
-11.0550 7.0950 0.0000 1.0000
-11.0250 7.0950 0.0000 1.0000
-10.9950 7.0950 0.0000 1.0000
-10.9350 7.0950 0.0000 1.0000
-10.8750 7.0950 0.0000 1.0000
-9.4350 7.0950 0.0000 1.0000
-9.4050 7.0950 0.0000 1.0000
-0.4950 7.0950 0.0000 1.0000
-0.4650 7.0950 0.0000 1.0000
12.2250 7.0950 0.0000 1.0000
12.2850 7.0950 0.0000 1.0000
12.6750 7.0950 0.0000 1.0000
16.4250 7.0950 0.0000 1.0000
-10.9950 7.0650 0.0000 1.0000
-10.9650 7.0650 0.0000 1.0000
-10.9050 7.0650 0.0000 1.0000
-9.4050 7.0650 0.0000 1.0000
-9.2550 7.0650 0.0000 1.0000
-0.4650 7.0650 0.0000 1.0000
-0.4350 7.0650 0.0000 1.0000
12.1650 7.0650 0.0000 1.0000
12.1950 7.0650 0.0000 1.0000
12.2250 7.0650 0.0000 1.0000
12.2550 7.0650 0.0000 1.0000
16.3950 7.0650 0.0000 1.0000
-10.9950 7.0350 0.0000 1.0000
-9.4350 7.0350 0.0000 1.0000
-9.2850 7.0350 0.0000 1.0000
-9.2550 7.0350 0.0000 1.0000
-0.4950 7.0350 0.0000 1.0000
-0.4650 7.0350 0.0000 1.0000
12.1050 7.0350 0.0000 1.0000
12.1650 7.0350 0.0000 1.0000
12.1950 7.0350 0.0000 1.0000
12.2250 7.0350 0.0000 1.0000
12.5250 7.0350 0.0000 1.0000
16.3650 7.0350 0.0000 1.0000
16.4850 7.0350 0.0000 1.0000
-10.9650 7.0050 0.0000 1.0000
-9.4050 7.0050 0.0000 1.0000
-9.2850 7.0050 0.0000 1.0000
-9.2550 7.0050 0.0000 1.0000
-9.2250 7.0050 0.0000 1.0000
-0.4950 7.0050 0.0000 1.0000
-0.4650 7.0050 0.0000 1.0000
12.0750 7.0050 0.0000 1.0000
12.1050 7.0050 0.0000 1.0000
12.1350 7.0050 0.0000 1.0000
12.1950 7.0050 0.0000 1.0000
12.2250 7.0050 0.0000 1.0000
12.4050 7.0050 0.0000 1.0000
16.3950 7.0050 0.0000 1.0000
16.4250 7.0050 0.0000 1.0000
-11.0250 6.9750 0.0000 1.0000
-10.9950 6.9750 0.0000 1.0000
-9.4050 6.9750 0.0000 1.0000
-9.3750 6.9750 0.0000 1.0000
-9.3450 6.9750 0.0000 1.0000
-0.4950 6.9750 0.0000 1.0000
-0.4650 6.9750 0.0000 1.0000
12.0150 6.9750 0.0000 1.0000
12.0450 6.9750 0.0000 1.0000
12.0750 6.9750 0.0000 1.0000
12.1050 6.9750 0.0000 1.0000
12.1650 6.9750 0.0000 1.0000
12.2250 6.9750 0.0000 1.0000
12.3150 6.9750 0.0000 1.0000
16.3950 6.9750 0.0000 1.0000
16.4850 6.9750 0.0000 1.0000
-11.0850 6.9450 0.0000 1.0000
-11.0550 6.9450 0.0000 1.0000
-11.0250 6.9450 0.0000 1.0000
-10.9950 6.9450 0.0000 1.0000
-10.9650 6.9450 0.0000 1.0000
-9.2850 6.9450 0.0000 1.0000
-9.2250 6.9450 0.0000 1.0000
-0.4950 6.9450 0.0000 1.0000
-0.4650 6.9450 0.0000 1.0000
0.0150 6.9450 0.0000 1.0000
11.9850 6.9450 0.0000 1.0000
12.0150 6.9450 0.0000 1.0000
12.0450 6.9450 0.0000 1.0000
12.0750 6.9450 0.0000 1.0000
12.1050 6.9450 0.0000 1.0000
12.1650 6.9450 0.0000 1.0000
16.4550 6.9450 0.0000 1.0000
16.5150 6.9450 0.0000 1.0000
-11.0850 6.9150 0.0000 1.0000
-11.0550 6.9150 0.0000 1.0000
-10.9650 6.9150 0.0000 1.0000
-10.9050 6.9150 0.0000 1.0000
-10.8450 6.9150 0.0000 1.0000
-9.4650 6.9150 0.0000 1.0000
-9.2850 6.9150 0.0000 1.0000
-9.1950 6.9150 0.0000 1.0000
-0.4950 6.9150 0.0000 1.0000
-0.4650 6.9150 0.0000 1.0000
-0.1650 6.9150 0.0000 1.0000
0.0750 6.9150 0.0000 1.0000
11.9850 6.9150 0.0000 1.0000
12.0150 6.9150 0.0000 1.0000
12.1050 6.9150 0.0000 1.0000
12.2250 6.9150 0.0000 1.0000
13.7550 6.9150 0.0000 1.0000
16.3050 6.9150 0.0000 1.0000
16.4250 6.9150 0.0000 1.0000
16.5150 6.9150 0.0000 1.0000
-10.9050 6.8850 0.0000 1.0000
-10.8750 6.8850 0.0000 1.0000
-10.8450 6.8850 0.0000 1.0000
-9.2250 6.8850 0.0000 1.0000
-0.5550 6.8850 0.0000 1.0000
-0.5250 6.8850 0.0000 1.0000
-0.4950 6.8850 0.0000 1.0000
-0.3450 6.8850 0.0000 1.0000
-0.3150 6.8850 0.0000 1.0000
-0.2850 6.8850 0.0000 1.0000
-0.2250 6.8850 0.0000 1.0000
-0.1950 6.8850 0.0000 1.0000
0.0150 6.8850 0.0000 1.0000
0.0450 6.8850 0.0000 1.0000
11.9550 6.8850 0.0000 1.0000
11.9850 6.8850 0.0000 1.0000
12.0150 6.8850 0.0000 1.0000
12.1050 6.8850 0.0000 1.0000
12.1650 6.8850 0.0000 1.0000
13.7250 6.8850 0.0000 1.0000
16.5150 6.8850 0.0000 1.0000
16.5450 6.8850 0.0000 1.0000
-10.9950 6.8550 0.0000 1.0000
-10.8750 6.8550 0.0000 1.0000
-9.2250 6.8550 0.0000 1.0000
-9.1950 6.8550 0.0000 1.0000
-9.0150 6.8550 0.0000 1.0000
-8.9850 6.8550 0.0000 1.0000
-8.9550 6.8550 0.0000 1.0000
-8.9250 6.8550 0.0000 1.0000
-8.8950 6.8550 0.0000 1.0000
-8.8650 6.8550 0.0000 1.0000
-8.8350 6.8550 0.0000 1.0000
-0.5250 6.8550 0.0000 1.0000
-0.4950 6.8550 0.0000 1.0000
-0.4350 6.8550 0.0000 1.0000
-0.3750 6.8550 0.0000 1.0000
-0.1650 6.8550 0.0000 1.0000
-0.0450 6.8550 0.0000 1.0000
-0.0150 6.8550 0.0000 1.0000
0.0150 6.8550 0.0000 1.0000
0.0450 6.8550 0.0000 1.0000
11.8950 6.8550 0.0000 1.0000
11.9250 6.8550 0.0000 1.0000
11.9550 6.8550 0.0000 1.0000
11.9850 6.8550 0.0000 1.0000
12.0150 6.8550 0.0000 1.0000
16.5150 6.8550 0.0000 1.0000
-11.0250 6.8250 0.0000 1.0000
-10.9950 6.8250 0.0000 1.0000
-10.9350 6.8250 0.0000 1.0000
-10.8750 6.8250 0.0000 1.0000
-9.2250 6.8250 0.0000 1.0000
-9.1650 6.8250 0.0000 1.0000
-8.8650 6.8250 0.0000 1.0000
-8.8350 6.8250 0.0000 1.0000
-0.4050 6.8250 0.0000 1.0000
-0.3450 6.8250 0.0000 1.0000
-0.3150 6.8250 0.0000 1.0000
-0.2850 6.8250 0.0000 1.0000
-0.2550 6.8250 0.0000 1.0000
-0.2250 6.8250 0.0000 1.0000
-0.1950 6.8250 0.0000 1.0000
-0.1650 6.8250 0.0000 1.0000
-0.1350 6.8250 0.0000 1.0000
11.9250 6.8250 0.0000 1.0000
11.9850 6.8250 0.0000 1.0000
12.0150 6.8250 0.0000 1.0000
12.1650 6.8250 0.0000 1.0000
16.5150 6.8250 0.0000 1.0000
16.5450 6.8250 0.0000 1.0000
-11.0250 6.7950 0.0000 1.0000
-10.9950 6.7950 0.0000 1.0000
-9.2850 6.7950 0.0000 1.0000
-9.2250 6.7950 0.0000 1.0000
-9.1650 6.7950 0.0000 1.0000
-8.8350 6.7950 0.0000 1.0000
-0.4050 6.7950 0.0000 1.0000
-0.3750 6.7950 0.0000 1.0000
-0.3450 6.7950 0.0000 1.0000
-0.2850 6.7950 0.0000 1.0000
-0.2550 6.7950 0.0000 1.0000
-0.2250 6.7950 0.0000 1.0000
-0.1950 6.7950 0.0000 1.0000
-0.1650 6.7950 0.0000 1.0000
-0.1350 6.7950 0.0000 1.0000
11.8650 6.7950 0.0000 1.0000
11.8950 6.7950 0.0000 1.0000
11.9250 6.7950 0.0000 1.0000
11.9550 6.7950 0.0000 1.0000
11.9850 6.7950 0.0000 1.0000
12.1050 6.7950 0.0000 1.0000
16.4850 6.7950 0.0000 1.0000
16.5150 6.7950 0.0000 1.0000
-11.0550 6.7650 0.0000 1.0000
-11.0250 6.7650 0.0000 1.0000
-10.9950 6.7650 0.0000 1.0000
-10.9650 6.7650 0.0000 1.0000
-10.9050 6.7650 0.0000 1.0000
-9.1650 6.7650 0.0000 1.0000
-9.1350 6.7650 0.0000 1.0000
-8.8650 6.7650 0.0000 1.0000
-8.8350 6.7650 0.0000 1.0000
-0.4050 6.7650 0.0000 1.0000
-0.3750 6.7650 0.0000 1.0000
-0.3450 6.7650 0.0000 1.0000
-0.2850 6.7650 0.0000 1.0000
-0.2550 6.7650 0.0000 1.0000
-0.1650 6.7650 0.0000 1.0000
11.8350 6.7650 0.0000 1.0000
11.8650 6.7650 0.0000 1.0000
11.8950 6.7650 0.0000 1.0000
11.9550 6.7650 0.0000 1.0000
12.0450 6.7650 0.0000 1.0000
16.4250 6.7650 0.0000 1.0000
16.4850 6.7650 0.0000 1.0000
16.5150 6.7650 0.0000 1.0000
-10.9950 6.7350 0.0000 1.0000
-10.9650 6.7350 0.0000 1.0000
-8.8650 6.7350 0.0000 1.0000
-8.8350 6.7350 0.0000 1.0000
-0.3750 6.7350 0.0000 1.0000
-0.3450 6.7350 0.0000 1.0000
11.8350 6.7350 0.0000 1.0000
11.8650 6.7350 0.0000 1.0000
11.8950 6.7350 0.0000 1.0000
11.9250 6.7350 0.0000 1.0000
11.9850 6.7350 0.0000 1.0000
12.3750 6.7350 0.0000 1.0000
16.4550 6.7350 0.0000 1.0000
16.4850 6.7350 0.0000 1.0000
16.5150 6.7350 0.0000 1.0000
-11.0850 6.7050 0.0000 1.0000
-11.0550 6.7050 0.0000 1.0000
-11.0250 6.7050 0.0000 1.0000
-10.9950 6.7050 0.0000 1.0000
-8.8350 6.7050 0.0000 1.0000
-0.4050 6.7050 0.0000 1.0000
-0.3750 6.7050 0.0000 1.0000
-0.3450 6.7050 0.0000 1.0000
11.8050 6.7050 0.0000 1.0000
11.8350 6.7050 0.0000 1.0000
11.8650 6.7050 0.0000 1.0000
11.8950 6.7050 0.0000 1.0000
11.9550 6.7050 0.0000 1.0000
16.4250 6.7050 0.0000 1.0000
16.4850 6.7050 0.0000 1.0000
16.5150 6.7050 0.0000 1.0000
-11.0850 6.6750 0.0000 1.0000
-10.9650 6.6750 0.0000 1.0000
-8.8350 6.6750 0.0000 1.0000
-0.4050 6.6750 0.0000 1.0000
-0.3750 6.6750 0.0000 1.0000
-0.3450 6.6750 0.0000 1.0000
11.8050 6.6750 0.0000 1.0000
11.8350 6.6750 0.0000 1.0000
11.9250 6.6750 0.0000 1.0000
12.1950 6.6750 0.0000 1.0000
16.4850 6.6750 0.0000 1.0000
-11.0550 6.6450 0.0000 1.0000
-11.0250 6.6450 0.0000 1.0000
-8.8650 6.6450 0.0000 1.0000
-8.8350 6.6450 0.0000 1.0000
-0.3750 6.6450 0.0000 1.0000
-0.3450 6.6450 0.0000 1.0000
11.8050 6.6450 0.0000 1.0000
11.8350 6.6450 0.0000 1.0000
11.8650 6.6450 0.0000 1.0000
11.8950 6.6450 0.0000 1.0000
12.1050 6.6450 0.0000 1.0000
16.4850 6.6450 0.0000 1.0000
16.5150 6.6450 0.0000 1.0000
-11.0250 6.6150 0.0000 1.0000
-8.8650 6.6150 0.0000 1.0000
-8.8350 6.6150 0.0000 1.0000
-0.3750 6.6150 0.0000 1.0000
-0.3450 6.6150 0.0000 1.0000
11.7750 6.6150 0.0000 1.0000
11.8050 6.6150 0.0000 1.0000
11.8350 6.6150 0.0000 1.0000
11.9250 6.6150 0.0000 1.0000
16.4850 6.6150 0.0000 1.0000
16.5150 6.6150 0.0000 1.0000
-11.0850 6.5850 0.0000 1.0000
-10.9950 6.5850 0.0000 1.0000
-8.8650 6.5850 0.0000 1.0000
-8.8350 6.5850 0.0000 1.0000
-0.4050 6.5850 0.0000 1.0000
-0.3750 6.5850 0.0000 1.0000
-0.3450 6.5850 0.0000 1.0000
11.7750 6.5850 0.0000 1.0000
11.8050 6.5850 0.0000 1.0000
11.8950 6.5850 0.0000 1.0000
12.0750 6.5850 0.0000 1.0000
16.4850 6.5850 0.0000 1.0000
16.5150 6.5850 0.0000 1.0000
-11.0550 6.5550 0.0000 1.0000
-10.9950 6.5550 0.0000 1.0000
-10.9650 6.5550 0.0000 1.0000
-10.9350 6.5550 0.0000 1.0000
-8.8350 6.5550 0.0000 1.0000
-0.4050 6.5550 0.0000 1.0000
-0.3750 6.5550 0.0000 1.0000
-0.3450 6.5550 0.0000 1.0000
11.7750 6.5550 0.0000 1.0000
11.8050 6.5550 0.0000 1.0000
11.8350 6.5550 0.0000 1.0000
11.8950 6.5550 0.0000 1.0000
12.0150 6.5550 0.0000 1.0000
16.4850 6.5550 0.0000 1.0000
16.5750 6.5550 0.0000 1.0000
-11.0850 6.5250 0.0000 1.0000
-11.0550 6.5250 0.0000 1.0000
-8.8350 6.5250 0.0000 1.0000
-0.4050 6.5250 0.0000 1.0000
-0.3750 6.5250 0.0000 1.0000
-0.3450 6.5250 0.0000 1.0000
11.7450 6.5250 0.0000 1.0000
11.7750 6.5250 0.0000 1.0000
11.8050 6.5250 0.0000 1.0000
11.8650 6.5250 0.0000 1.0000
11.8950 6.5250 0.0000 1.0000
11.9850 6.5250 0.0000 1.0000
16.4250 6.5250 0.0000 1.0000
16.5150 6.5250 0.0000 1.0000
-11.0550 6.4950 0.0000 1.0000
-11.0250 6.4950 0.0000 1.0000
-10.9650 6.4950 0.0000 1.0000
-10.9350 6.4950 0.0000 1.0000
-8.8350 6.4950 0.0000 1.0000
-8.8050 6.4950 0.0000 1.0000
-0.3750 6.4950 0.0000 1.0000
-0.3450 6.4950 0.0000 1.0000
11.7450 6.4950 0.0000 1.0000
11.7750 6.4950 0.0000 1.0000
11.8650 6.4950 0.0000 1.0000
16.2750 6.4950 0.0000 1.0000
16.4850 6.4950 0.0000 1.0000
16.5450 6.4950 0.0000 1.0000
-11.0550 6.4650 0.0000 1.0000
-10.9950 6.4650 0.0000 1.0000
-10.9650 6.4650 0.0000 1.0000
-10.9350 6.4650 0.0000 1.0000
-10.9050 6.4650 0.0000 1.0000
-8.8350 6.4650 0.0000 1.0000
-8.8050 6.4650 0.0000 1.0000
-0.3750 6.4650 0.0000 1.0000
-0.3450 6.4650 0.0000 1.0000
11.7450 6.4650 0.0000 1.0000
11.7750 6.4650 0.0000 1.0000
11.8650 6.4650 0.0000 1.0000
11.9550 6.4650 0.0000 1.0000
16.4850 6.4650 0.0000 1.0000
16.5150 6.4650 0.0000 1.0000
-11.0850 6.4350 0.0000 1.0000
-11.0550 6.4350 0.0000 1.0000
-10.9950 6.4350 0.0000 1.0000
-8.8350 6.4350 0.0000 1.0000
-0.3450 6.4350 0.0000 1.0000
11.7150 6.4350 0.0000 1.0000
11.7450 6.4350 0.0000 1.0000
11.7750 6.4350 0.0000 1.0000
11.8350 6.4350 0.0000 1.0000
11.9250 6.4350 0.0000 1.0000
16.4850 6.4350 0.0000 1.0000
16.5150 6.4350 0.0000 1.0000
16.6050 6.4350 0.0000 1.0000
-11.1750 6.4050 0.0000 1.0000
-11.0850 6.4050 0.0000 1.0000
-8.8650 6.4050 0.0000 1.0000
-8.8350 6.4050 0.0000 1.0000
-0.4050 6.4050 0.0000 1.0000
-0.3750 6.4050 0.0000 1.0000
-0.3450 6.4050 0.0000 1.0000
11.7450 6.4050 0.0000 1.0000
11.7750 6.4050 0.0000 1.0000
11.8350 6.4050 0.0000 1.0000
16.2450 6.4050 0.0000 1.0000
16.3650 6.4050 0.0000 1.0000
-11.1750 6.3750 0.0000 1.0000
-11.0550 6.3750 0.0000 1.0000
-8.8650 6.3750 0.0000 1.0000
-8.8350 6.3750 0.0000 1.0000
-8.8050 6.3750 0.0000 1.0000
-0.5250 6.3750 0.0000 1.0000
-0.3750 6.3750 0.0000 1.0000
-0.3450 6.3750 0.0000 1.0000
11.7150 6.3750 0.0000 1.0000
11.7450 6.3750 0.0000 1.0000
11.7750 6.3750 0.0000 1.0000
11.8350 6.3750 0.0000 1.0000
11.8650 6.3750 0.0000 1.0000
16.5150 6.3750 0.0000 1.0000
16.5750 6.3750 0.0000 1.0000
-11.1750 6.3450 0.0000 1.0000
-8.8350 6.3450 0.0000 1.0000
-8.8050 6.3450 0.0000 1.0000
-0.4950 6.3450 0.0000 1.0000
-0.3750 6.3450 0.0000 1.0000
-0.3450 6.3450 0.0000 1.0000
11.7150 6.3450 0.0000 1.0000
11.7450 6.3450 0.0000 1.0000
11.7750 6.3450 0.0000 1.0000
11.8350 6.3450 0.0000 1.0000
11.8650 6.3450 0.0000 1.0000
16.4850 6.3450 0.0000 1.0000
-10.9950 6.3150 0.0000 1.0000
-10.9650 6.3150 0.0000 1.0000
-8.8650 6.3150 0.0000 1.0000
-8.8350 6.3150 0.0000 1.0000
-0.4650 6.3150 0.0000 1.0000
-0.4050 6.3150 0.0000 1.0000
-0.3450 6.3150 0.0000 1.0000
11.7150 6.3150 0.0000 1.0000
11.7450 6.3150 0.0000 1.0000
11.7750 6.3150 0.0000 1.0000
11.8350 6.3150 0.0000 1.0000
16.3650 6.3150 0.0000 1.0000
16.5150 6.3150 0.0000 1.0000
16.5450 6.3150 0.0000 1.0000
16.5750 6.3150 0.0000 1.0000
-11.0550 6.2850 0.0000 1.0000
-11.0250 6.2850 0.0000 1.0000
-10.9950 6.2850 0.0000 1.0000
-10.9650 6.2850 0.0000 1.0000
-8.8650 6.2850 0.0000 1.0000
-8.8350 6.2850 0.0000 1.0000
-0.4050 6.2850 0.0000 1.0000
-0.3750 6.2850 0.0000 1.0000
-0.3450 6.2850 0.0000 1.0000
11.7150 6.2850 0.0000 1.0000
11.7450 6.2850 0.0000 1.0000
11.7750 6.2850 0.0000 1.0000
11.8050 6.2850 0.0000 1.0000
11.8350 6.2850 0.0000 1.0000
16.3050 6.2850 0.0000 1.0000
16.3650 6.2850 0.0000 1.0000
16.5150 6.2850 0.0000 1.0000
-11.0550 6.2550 0.0000 1.0000
-10.9950 6.2550 0.0000 1.0000
-10.9350 6.2550 0.0000 1.0000
-8.8350 6.2550 0.0000 1.0000
-0.4950 6.2550 0.0000 1.0000
-0.3750 6.2550 0.0000 1.0000
-0.3450 6.2550 0.0000 1.0000
-0.3150 6.2550 0.0000 1.0000
11.7150 6.2550 0.0000 1.0000
11.7450 6.2550 0.0000 1.0000
11.7750 6.2550 0.0000 1.0000
11.8350 6.2550 0.0000 1.0000
16.5750 6.2550 0.0000 1.0000
-11.0550 6.2250 0.0000 1.0000
-10.9650 6.2250 0.0000 1.0000
-8.8350 6.2250 0.0000 1.0000
-0.4650 6.2250 0.0000 1.0000
-0.3450 6.2250 0.0000 1.0000
-0.3150 6.2250 0.0000 1.0000
11.6850 6.2250 0.0000 1.0000
11.7450 6.2250 0.0000 1.0000
11.7750 6.2250 0.0000 1.0000
11.8350 6.2250 0.0000 1.0000
16.2450 6.2250 0.0000 1.0000
16.4850 6.2250 0.0000 1.0000
16.5450 6.2250 0.0000 1.0000
-10.9950 6.1950 0.0000 1.0000
-10.9650 6.1950 0.0000 1.0000
-8.8350 6.1950 0.0000 1.0000
-0.3750 6.1950 0.0000 1.0000
-0.3450 6.1950 0.0000 1.0000
-0.3150 6.1950 0.0000 1.0000
11.7150 6.1950 0.0000 1.0000
11.7450 6.1950 0.0000 1.0000
11.7750 6.1950 0.0000 1.0000
11.8350 6.1950 0.0000 1.0000
16.2750 6.1950 0.0000 1.0000
16.3050 6.1950 0.0000 1.0000
16.3350 6.1950 0.0000 1.0000
16.3950 6.1950 0.0000 1.0000
16.4550 6.1950 0.0000 1.0000
-11.0550 6.1650 0.0000 1.0000
-11.0250 6.1650 0.0000 1.0000
-10.9950 6.1650 0.0000 1.0000
-10.9650 6.1650 0.0000 1.0000
-8.8350 6.1650 0.0000 1.0000
-0.4050 6.1650 0.0000 1.0000
-0.3450 6.1650 0.0000 1.0000
-0.3150 6.1650 0.0000 1.0000
11.6850 6.1650 0.0000 1.0000
11.7150 6.1650 0.0000 1.0000
11.7450 6.1650 0.0000 1.0000
11.7750 6.1650 0.0000 1.0000
16.2450 6.1650 0.0000 1.0000
16.5150 6.1650 0.0000 1.0000
-11.0550 6.1350 0.0000 1.0000
-11.0250 6.1350 0.0000 1.0000
-10.9950 6.1350 0.0000 1.0000
-10.9650 6.1350 0.0000 1.0000
-9.0750 6.1350 0.0000 1.0000
-9.0450 6.1350 0.0000 1.0000
-8.8650 6.1350 0.0000 1.0000
-8.8350 6.1350 0.0000 1.0000
-0.4950 6.1350 0.0000 1.0000
-0.3750 6.1350 0.0000 1.0000
-0.3450 6.1350 0.0000 1.0000
-0.3150 6.1350 0.0000 1.0000
11.6850 6.1350 0.0000 1.0000
11.7150 6.1350 0.0000 1.0000
11.7450 6.1350 0.0000 1.0000
11.8050 6.1350 0.0000 1.0000
16.2450 6.1350 0.0000 1.0000
16.3050 6.1350 0.0000 1.0000
-11.0850 6.1050 0.0000 1.0000
-10.9950 6.1050 0.0000 1.0000
-8.8650 6.1050 0.0000 1.0000
-8.8350 6.1050 0.0000 1.0000
-0.4650 6.1050 0.0000 1.0000
-0.4350 6.1050 0.0000 1.0000
-0.3750 6.1050 0.0000 1.0000
-0.3450 6.1050 0.0000 1.0000
-0.3150 6.1050 0.0000 1.0000
2.1450 6.1050 0.0000 1.0000
11.6850 6.1050 0.0000 1.0000
11.7150 6.1050 0.0000 1.0000
11.7450 6.1050 0.0000 1.0000
11.8050 6.1050 0.0000 1.0000
16.2450 6.1050 0.0000 1.0000
16.2750 6.1050 0.0000 1.0000
-11.1150 6.0750 0.0000 1.0000
-11.0850 6.0750 0.0000 1.0000
-10.9950 6.0750 0.0000 1.0000
-9.1650 6.0750 0.0000 1.0000
-9.0450 6.0750 0.0000 1.0000
-9.0150 6.0750 0.0000 1.0000
-8.8950 6.0750 0.0000 1.0000
-8.8650 6.0750 0.0000 1.0000
-0.3750 6.0750 0.0000 1.0000
-0.3450 6.0750 0.0000 1.0000
-0.3150 6.0750 0.0000 1.0000
2.1150 6.0750 0.0000 1.0000
2.1450 6.0750 0.0000 1.0000
2.1750 6.0750 0.0000 1.0000
6.8250 6.0750 0.0000 1.0000
6.8850 6.0750 0.0000 1.0000
6.9450 6.0750 0.0000 1.0000
11.6850 6.0750 0.0000 1.0000
11.7150 6.0750 0.0000 1.0000
11.7450 6.0750 0.0000 1.0000
11.7750 6.0750 0.0000 1.0000
11.8050 6.0750 0.0000 1.0000
16.2450 6.0750 0.0000 1.0000
-10.9950 6.0450 0.0000 1.0000
-10.9650 6.0450 0.0000 1.0000
-9.1350 6.0450 0.0000 1.0000
-9.0750 6.0450 0.0000 1.0000
-9.0450 6.0450 0.0000 1.0000
-9.0150 6.0450 0.0000 1.0000
-8.9550 6.0450 0.0000 1.0000
-8.8950 6.0450 0.0000 1.0000
-8.8650 6.0450 0.0000 1.0000
-0.3750 6.0450 0.0000 1.0000
-0.3450 6.0450 0.0000 1.0000
-0.3150 6.0450 0.0000 1.0000
-0.2550 6.0450 0.0000 1.0000
-0.0450 6.0450 0.0000 1.0000
0.0150 6.0450 0.0000 1.0000
0.0450 6.0450 0.0000 1.0000
0.1050 6.0450 0.0000 1.0000
0.1650 6.0450 0.0000 1.0000
0.1950 6.0450 0.0000 1.0000
1.9350 6.0450 0.0000 1.0000
2.1150 6.0450 0.0000 1.0000
2.1450 6.0450 0.0000 1.0000
2.1750 6.0450 0.0000 1.0000
3.1350 6.0450 0.0000 1.0000
3.5850 6.0450 0.0000 1.0000
3.7950 6.0450 0.0000 1.0000
4.0050 6.0450 0.0000 1.0000
4.0350 6.0450 0.0000 1.0000
4.0650 6.0450 0.0000 1.0000
4.0950 6.0450 0.0000 1.0000
4.1250 6.0450 0.0000 1.0000
4.1550 6.0450 0.0000 1.0000
4.1850 6.0450 0.0000 1.0000
4.2150 6.0450 0.0000 1.0000
4.2450 6.0450 0.0000 1.0000
4.2750 6.0450 0.0000 1.0000
4.3050 6.0450 0.0000 1.0000
4.3350 6.0450 0.0000 1.0000
4.3650 6.0450 0.0000 1.0000
4.4250 6.0450 0.0000 1.0000
4.4550 6.0450 0.0000 1.0000
4.4850 6.0450 0.0000 1.0000
4.5150 6.0450 0.0000 1.0000
4.5450 6.0450 0.0000 1.0000
4.5750 6.0450 0.0000 1.0000
4.6050 6.0450 0.0000 1.0000
4.6350 6.0450 0.0000 1.0000
4.6650 6.0450 0.0000 1.0000
4.6950 6.0450 0.0000 1.0000
4.7250 6.0450 0.0000 1.0000
4.7550 6.0450 0.0000 1.0000
4.7850 6.0450 0.0000 1.0000
4.8150 6.0450 0.0000 1.0000
4.8450 6.0450 0.0000 1.0000
5.0850 6.0450 0.0000 1.0000
5.1450 6.0450 0.0000 1.0000
5.2050 6.0450 0.0000 1.0000
5.2650 6.0450 0.0000 1.0000
5.3550 6.0450 0.0000 1.0000
5.3850 6.0450 0.0000 1.0000
5.4150 6.0450 0.0000 1.0000
5.4450 6.0450 0.0000 1.0000
5.4750 6.0450 0.0000 1.0000
5.5350 6.0450 0.0000 1.0000
5.6550 6.0450 0.0000 1.0000
5.6850 6.0450 0.0000 1.0000
5.8350 6.0450 0.0000 1.0000
5.9250 6.0450 0.0000 1.0000
6.0450 6.0450 0.0000 1.0000
6.0750 6.0450 0.0000 1.0000
6.1350 6.0450 0.0000 1.0000
6.1650 6.0450 0.0000 1.0000
6.1950 6.0450 0.0000 1.0000
6.2550 6.0450 0.0000 1.0000
6.2850 6.0450 0.0000 1.0000
6.3150 6.0450 0.0000 1.0000
6.3450 6.0450 0.0000 1.0000
6.3750 6.0450 0.0000 1.0000
6.4050 6.0450 0.0000 1.0000
6.4350 6.0450 0.0000 1.0000
6.5250 6.0450 0.0000 1.0000
6.6150 6.0450 0.0000 1.0000
6.6750 6.0450 0.0000 1.0000
6.7650 6.0450 0.0000 1.0000
6.8550 6.0450 0.0000 1.0000
6.8850 6.0450 0.0000 1.0000
6.9150 6.0450 0.0000 1.0000
6.9450 6.0450 0.0000 1.0000
6.9750 6.0450 0.0000 1.0000
11.6850 6.0450 0.0000 1.0000
11.7150 6.0450 0.0000 1.0000
11.7450 6.0450 0.0000 1.0000
11.7750 6.0450 0.0000 1.0000
16.2750 6.0450 0.0000 1.0000
16.3050 6.0450 0.0000 1.0000
-11.2650 6.0150 0.0000 1.0000
-10.9650 6.0150 0.0000 1.0000
-9.2250 6.0150 0.0000 1.0000
-9.1950 6.0150 0.0000 1.0000
-9.1650 6.0150 0.0000 1.0000
-9.1350 6.0150 0.0000 1.0000
-9.1050 6.0150 0.0000 1.0000
-9.0450 6.0150 0.0000 1.0000
-0.3450 6.0150 0.0000 1.0000
-0.3150 6.0150 0.0000 1.0000
-0.1350 6.0150 0.0000 1.0000
-0.1050 6.0150 0.0000 1.0000
0.0150 6.0150 0.0000 1.0000
0.0750 6.0150 0.0000 1.0000
0.1050 6.0150 0.0000 1.0000
0.1350 6.0150 0.0000 1.0000
1.9350 6.0150 0.0000 1.0000
1.9650 6.0150 0.0000 1.0000
2.1150 6.0150 0.0000 1.0000
2.1450 6.0150 0.0000 1.0000
2.1750 6.0150 0.0000 1.0000
2.2950 6.0150 0.0000 1.0000
2.3250 6.0150 0.0000 1.0000
2.3550 6.0150 0.0000 1.0000
2.3850 6.0150 0.0000 1.0000
2.4150 6.0150 0.0000 1.0000
2.4450 6.0150 0.0000 1.0000
2.4750 6.0150 0.0000 1.0000
2.5050 6.0150 0.0000 1.0000
2.5350 6.0150 0.0000 1.0000
2.5650 6.0150 0.0000 1.0000
2.5950 6.0150 0.0000 1.0000
2.6250 6.0150 0.0000 1.0000
2.6550 6.0150 0.0000 1.0000
2.6850 6.0150 0.0000 1.0000
2.7150 6.0150 0.0000 1.0000
2.7450 6.0150 0.0000 1.0000
2.7750 6.0150 0.0000 1.0000
2.8050 6.0150 0.0000 1.0000
2.8350 6.0150 0.0000 1.0000
2.8650 6.0150 0.0000 1.0000
2.8950 6.0150 0.0000 1.0000
2.9250 6.0150 0.0000 1.0000
2.9550 6.0150 0.0000 1.0000
2.9850 6.0150 0.0000 1.0000
3.0150 6.0150 0.0000 1.0000
3.0450 6.0150 0.0000 1.0000
3.0750 6.0150 0.0000 1.0000
3.1050 6.0150 0.0000 1.0000
3.1350 6.0150 0.0000 1.0000
3.1650 6.0150 0.0000 1.0000
3.1950 6.0150 0.0000 1.0000
3.2250 6.0150 0.0000 1.0000
3.2550 6.0150 0.0000 1.0000
3.2850 6.0150 0.0000 1.0000
3.3150 6.0150 0.0000 1.0000
3.3450 6.0150 0.0000 1.0000
3.3750 6.0150 0.0000 1.0000
3.4050 6.0150 0.0000 1.0000
3.4350 6.0150 0.0000 1.0000
3.4650 6.0150 0.0000 1.0000
3.4950 6.0150 0.0000 1.0000
3.5250 6.0150 0.0000 1.0000
3.5550 6.0150 0.0000 1.0000
3.5850 6.0150 0.0000 1.0000
3.6150 6.0150 0.0000 1.0000
3.6450 6.0150 0.0000 1.0000
3.6750 6.0150 0.0000 1.0000
3.7050 6.0150 0.0000 1.0000
3.7350 6.0150 0.0000 1.0000
3.7650 6.0150 0.0000 1.0000
3.7950 6.0150 0.0000 1.0000
3.8250 6.0150 0.0000 1.0000
3.8550 6.0150 0.0000 1.0000
3.8850 6.0150 0.0000 1.0000
3.9150 6.0150 0.0000 1.0000
3.9450 6.0150 0.0000 1.0000
3.9750 6.0150 0.0000 1.0000
4.0050 6.0150 0.0000 1.0000
4.0350 6.0150 0.0000 1.0000
4.0650 6.0150 0.0000 1.0000
4.0950 6.0150 0.0000 1.0000
4.1250 6.0150 0.0000 1.0000
4.1550 6.0150 0.0000 1.0000
4.1850 6.0150 0.0000 1.0000
4.2150 6.0150 0.0000 1.0000
4.2450 6.0150 0.0000 1.0000
4.2750 6.0150 0.0000 1.0000
4.3050 6.0150 0.0000 1.0000
4.3350 6.0150 0.0000 1.0000
4.3650 6.0150 0.0000 1.0000
4.3950 6.0150 0.0000 1.0000
4.4250 6.0150 0.0000 1.0000
4.4550 6.0150 0.0000 1.0000
4.4850 6.0150 0.0000 1.0000
4.5150 6.0150 0.0000 1.0000
4.5750 6.0150 0.0000 1.0000
4.6350 6.0150 0.0000 1.0000
4.6950 6.0150 0.0000 1.0000
4.7250 6.0150 0.0000 1.0000
4.7550 6.0150 0.0000 1.0000
4.7850 6.0150 0.0000 1.0000
4.9350 6.0150 0.0000 1.0000
4.9650 6.0150 0.0000 1.0000
5.0550 6.0150 0.0000 1.0000
5.0850 6.0150 0.0000 1.0000
5.1450 6.0150 0.0000 1.0000
5.1750 6.0150 0.0000 1.0000
5.2350 6.0150 0.0000 1.0000
6.0150 6.0150 0.0000 1.0000
6.1350 6.0150 0.0000 1.0000
6.2250 6.0150 0.0000 1.0000
6.4950 6.0150 0.0000 1.0000
6.8850 6.0150 0.0000 1.0000
6.9150 6.0150 0.0000 1.0000
6.9450 6.0150 0.0000 1.0000
6.9750 6.0150 0.0000 1.0000
11.6850 6.0150 0.0000 1.0000
11.7150 6.0150 0.0000 1.0000
11.7450 6.0150 0.0000 1.0000
11.7750 6.0150 0.0000 1.0000
11.8050 6.0150 0.0000 1.0000
16.2750 6.0150 0.0000 1.0000
-11.2050 5.9850 0.0000 1.0000
-11.1750 5.9850 0.0000 1.0000
-11.1450 5.9850 0.0000 1.0000
-10.9650 5.9850 0.0000 1.0000
-9.2250 5.9850 0.0000 1.0000
-9.1950 5.9850 0.0000 1.0000
-9.1650 5.9850 0.0000 1.0000
-9.1350 5.9850 0.0000 1.0000
-9.0750 5.9850 0.0000 1.0000
-9.0450 5.9850 0.0000 1.0000
-0.3750 5.9850 0.0000 1.0000
-0.3150 5.9850 0.0000 1.0000
-0.2850 5.9850 0.0000 1.0000
-0.2250 5.9850 0.0000 1.0000
-0.1950 5.9850 0.0000 1.0000
-0.0450 5.9850 0.0000 1.0000
-0.0150 5.9850 0.0000 1.0000
0.0150 5.9850 0.0000 1.0000
0.0750 5.9850 0.0000 1.0000
0.1050 5.9850 0.0000 1.0000
0.1350 5.9850 0.0000 1.0000
1.9350 5.9850 0.0000 1.0000
2.1150 5.9850 0.0000 1.0000
2.1450 5.9850 0.0000 1.0000
2.1750 5.9850 0.0000 1.0000
2.2050 5.9850 0.0000 1.0000
2.2950 5.9850 0.0000 1.0000
2.3250 5.9850 0.0000 1.0000
2.3550 5.9850 0.0000 1.0000
2.3850 5.9850 0.0000 1.0000
2.4150 5.9850 0.0000 1.0000
2.4450 5.9850 0.0000 1.0000
2.4750 5.9850 0.0000 1.0000
2.5050 5.9850 0.0000 1.0000
2.5350 5.9850 0.0000 1.0000
2.5650 5.9850 0.0000 1.0000
2.5950 5.9850 0.0000 1.0000
2.6250 5.9850 0.0000 1.0000
2.6550 5.9850 0.0000 1.0000
2.6850 5.9850 0.0000 1.0000
2.7150 5.9850 0.0000 1.0000
2.7450 5.9850 0.0000 1.0000
2.7750 5.9850 0.0000 1.0000
2.8050 5.9850 0.0000 1.0000
2.8350 5.9850 0.0000 1.0000
2.8650 5.9850 0.0000 1.0000
2.8950 5.9850 0.0000 1.0000
2.9250 5.9850 0.0000 1.0000
2.9550 5.9850 0.0000 1.0000
2.9850 5.9850 0.0000 1.0000
3.0150 5.9850 0.0000 1.0000
3.0450 5.9850 0.0000 1.0000
3.0750 5.9850 0.0000 1.0000
3.1050 5.9850 0.0000 1.0000
3.1350 5.9850 0.0000 1.0000
3.1650 5.9850 0.0000 1.0000
3.1950 5.9850 0.0000 1.0000
3.2250 5.9850 0.0000 1.0000
3.2550 5.9850 0.0000 1.0000
3.2850 5.9850 0.0000 1.0000
3.3150 5.9850 0.0000 1.0000
3.3450 5.9850 0.0000 1.0000
3.3750 5.9850 0.0000 1.0000
3.4050 5.9850 0.0000 1.0000
3.4350 5.9850 0.0000 1.0000
3.4650 5.9850 0.0000 1.0000
3.4950 5.9850 0.0000 1.0000
3.5250 5.9850 0.0000 1.0000
3.5550 5.9850 0.0000 1.0000
3.5850 5.9850 0.0000 1.0000
3.6150 5.9850 0.0000 1.0000
3.6450 5.9850 0.0000 1.0000
3.6750 5.9850 0.0000 1.0000
3.7050 5.9850 0.0000 1.0000
3.7350 5.9850 0.0000 1.0000
3.7650 5.9850 0.0000 1.0000
3.7950 5.9850 0.0000 1.0000
3.8250 5.9850 0.0000 1.0000
3.8550 5.9850 0.0000 1.0000
3.8850 5.9850 0.0000 1.0000
3.9150 5.9850 0.0000 1.0000
3.9450 5.9850 0.0000 1.0000
3.9750 5.9850 0.0000 1.0000
4.0050 5.9850 0.0000 1.0000
4.0350 5.9850 0.0000 1.0000
4.0650 5.9850 0.0000 1.0000
4.0950 5.9850 0.0000 1.0000
4.1250 5.9850 0.0000 1.0000
4.1550 5.9850 0.0000 1.0000
4.1850 5.9850 0.0000 1.0000
4.2150 5.9850 0.0000 1.0000
4.2450 5.9850 0.0000 1.0000
4.2750 5.9850 0.0000 1.0000
4.3050 5.9850 0.0000 1.0000
4.3350 5.9850 0.0000 1.0000
4.3650 5.9850 0.0000 1.0000
4.3950 5.9850 0.0000 1.0000
4.4250 5.9850 0.0000 1.0000
4.4550 5.9850 0.0000 1.0000
4.4850 5.9850 0.0000 1.0000
4.5150 5.9850 0.0000 1.0000
4.5450 5.9850 0.0000 1.0000
4.6050 5.9850 0.0000 1.0000
4.6350 5.9850 0.0000 1.0000
4.6650 5.9850 0.0000 1.0000
4.6950 5.9850 0.0000 1.0000
4.7250 5.9850 0.0000 1.0000
4.7550 5.9850 0.0000 1.0000
4.7850 5.9850 0.0000 1.0000
4.8150 5.9850 0.0000 1.0000
4.8450 5.9850 0.0000 1.0000
4.8750 5.9850 0.0000 1.0000
4.9050 5.9850 0.0000 1.0000
4.9350 5.9850 0.0000 1.0000
5.0250 5.9850 0.0000 1.0000
5.1750 5.9850 0.0000 1.0000
5.3850 5.9850 0.0000 1.0000
5.7150 5.9850 0.0000 1.0000
5.8050 5.9850 0.0000 1.0000
5.8950 5.9850 0.0000 1.0000
5.9250 5.9850 0.0000 1.0000
5.9850 5.9850 0.0000 1.0000
6.0150 5.9850 0.0000 1.0000
6.2250 5.9850 0.0000 1.0000
6.2550 5.9850 0.0000 1.0000
6.2850 5.9850 0.0000 1.0000
6.3150 5.9850 0.0000 1.0000
6.3450 5.9850 0.0000 1.0000
6.3750 5.9850 0.0000 1.0000
6.4350 5.9850 0.0000 1.0000
6.4650 5.9850 0.0000 1.0000
6.4950 5.9850 0.0000 1.0000
6.5250 5.9850 0.0000 1.0000
6.5550 5.9850 0.0000 1.0000
6.5850 5.9850 0.0000 1.0000
6.6150 5.9850 0.0000 1.0000
6.6450 5.9850 0.0000 1.0000
6.6750 5.9850 0.0000 1.0000
6.7050 5.9850 0.0000 1.0000
6.7350 5.9850 0.0000 1.0000
6.7650 5.9850 0.0000 1.0000
6.7950 5.9850 0.0000 1.0000
6.8250 5.9850 0.0000 1.0000
6.8550 5.9850 0.0000 1.0000
6.8850 5.9850 0.0000 1.0000
6.9150 5.9850 0.0000 1.0000
6.9750 5.9850 0.0000 1.0000
7.0050 5.9850 0.0000 1.0000
11.6850 5.9850 0.0000 1.0000
11.7450 5.9850 0.0000 1.0000
11.7750 5.9850 0.0000 1.0000
11.8050 5.9850 0.0000 1.0000
16.3050 5.9850 0.0000 1.0000
-11.3550 5.9550 0.0000 1.0000
-11.2950 5.9550 0.0000 1.0000
-11.2650 5.9550 0.0000 1.0000
-11.1450 5.9550 0.0000 1.0000
-10.9350 5.9550 0.0000 1.0000
-9.2250 5.9550 0.0000 1.0000
-9.1950 5.9550 0.0000 1.0000
-9.1650 5.9550 0.0000 1.0000
-9.1350 5.9550 0.0000 1.0000
-0.1050 5.9550 0.0000 1.0000
-0.0750 5.9550 0.0000 1.0000
-0.0450 5.9550 0.0000 1.0000
-0.0150 5.9550 0.0000 1.0000
0.0450 5.9550 0.0000 1.0000
0.0750 5.9550 0.0000 1.0000
0.1050 5.9550 0.0000 1.0000
2.0550 5.9550 0.0000 1.0000
2.1150 5.9550 0.0000 1.0000
2.3250 5.9550 0.0000 1.0000
2.3550 5.9550 0.0000 1.0000
2.3850 5.9550 0.0000 1.0000
2.4150 5.9550 0.0000 1.0000
2.4450 5.9550 0.0000 1.0000
2.4750 5.9550 0.0000 1.0000
2.5050 5.9550 0.0000 1.0000
2.5350 5.9550 0.0000 1.0000
2.5650 5.9550 0.0000 1.0000
2.5950 5.9550 0.0000 1.0000
2.6250 5.9550 0.0000 1.0000
2.6550 5.9550 0.0000 1.0000
2.6850 5.9550 0.0000 1.0000
2.7150 5.9550 0.0000 1.0000
2.7450 5.9550 0.0000 1.0000
2.7750 5.9550 0.0000 1.0000
2.8050 5.9550 0.0000 1.0000
2.8350 5.9550 0.0000 1.0000
2.8650 5.9550 0.0000 1.0000
2.8950 5.9550 0.0000 1.0000
2.9250 5.9550 0.0000 1.0000
2.9550 5.9550 0.0000 1.0000
2.9850 5.9550 0.0000 1.0000
3.0150 5.9550 0.0000 1.0000
3.0450 5.9550 0.0000 1.0000
3.0750 5.9550 0.0000 1.0000
3.1050 5.9550 0.0000 1.0000
3.1350 5.9550 0.0000 1.0000
3.1650 5.9550 0.0000 1.0000
3.1950 5.9550 0.0000 1.0000
3.2250 5.9550 0.0000 1.0000
3.2550 5.9550 0.0000 1.0000
3.2850 5.9550 0.0000 1.0000
3.3150 5.9550 0.0000 1.0000
3.3450 5.9550 0.0000 1.0000
3.3750 5.9550 0.0000 1.0000
3.4050 5.9550 0.0000 1.0000
3.4350 5.9550 0.0000 1.0000
3.4650 5.9550 0.0000 1.0000
3.4950 5.9550 0.0000 1.0000
3.5250 5.9550 0.0000 1.0000
3.5550 5.9550 0.0000 1.0000
3.5850 5.9550 0.0000 1.0000
3.6150 5.9550 0.0000 1.0000
3.6450 5.9550 0.0000 1.0000
3.6750 5.9550 0.0000 1.0000
3.7050 5.9550 0.0000 1.0000
3.7350 5.9550 0.0000 1.0000
3.7650 5.9550 0.0000 1.0000
3.7950 5.9550 0.0000 1.0000
3.8250 5.9550 0.0000 1.0000
3.8550 5.9550 0.0000 1.0000
3.8850 5.9550 0.0000 1.0000
3.9150 5.9550 0.0000 1.0000
3.9450 5.9550 0.0000 1.0000
3.9750 5.9550 0.0000 1.0000
4.0050 5.9550 0.0000 1.0000
4.0350 5.9550 0.0000 1.0000
4.0650 5.9550 0.0000 1.0000
4.0950 5.9550 0.0000 1.0000
4.1250 5.9550 0.0000 1.0000
4.1550 5.9550 0.0000 1.0000
4.1850 5.9550 0.0000 1.0000
4.2150 5.9550 0.0000 1.0000
4.2450 5.9550 0.0000 1.0000
4.2750 5.9550 0.0000 1.0000
4.3050 5.9550 0.0000 1.0000
4.3350 5.9550 0.0000 1.0000
4.3650 5.9550 0.0000 1.0000
4.3950 5.9550 0.0000 1.0000
4.4250 5.9550 0.0000 1.0000
4.4550 5.9550 0.0000 1.0000
4.4850 5.9550 0.0000 1.0000
4.5150 5.9550 0.0000 1.0000
4.5450 5.9550 0.0000 1.0000
4.5750 5.9550 0.0000 1.0000
4.6050 5.9550 0.0000 1.0000
4.6350 5.9550 0.0000 1.0000
4.6650 5.9550 0.0000 1.0000
4.6950 5.9550 0.0000 1.0000
4.7250 5.9550 0.0000 1.0000
4.7550 5.9550 0.0000 1.0000
4.7850 5.9550 0.0000 1.0000
4.8150 5.9550 0.0000 1.0000
4.8450 5.9550 0.0000 1.0000
4.8750 5.9550 0.0000 1.0000
4.9050 5.9550 0.0000 1.0000
4.9350 5.9550 0.0000 1.0000
4.9650 5.9550 0.0000 1.0000
4.9950 5.9550 0.0000 1.0000
5.0250 5.9550 0.0000 1.0000
5.0550 5.9550 0.0000 1.0000
5.0850 5.9550 0.0000 1.0000
5.1150 5.9550 0.0000 1.0000
5.1450 5.9550 0.0000 1.0000
5.1750 5.9550 0.0000 1.0000
5.2050 5.9550 0.0000 1.0000
5.2350 5.9550 0.0000 1.0000
5.2650 5.9550 0.0000 1.0000
5.2950 5.9550 0.0000 1.0000
5.3250 5.9550 0.0000 1.0000
5.3550 5.9550 0.0000 1.0000
5.3850 5.9550 0.0000 1.0000
5.4150 5.9550 0.0000 1.0000
5.4450 5.9550 0.0000 1.0000
5.4750 5.9550 0.0000 1.0000
5.5050 5.9550 0.0000 1.0000
5.5350 5.9550 0.0000 1.0000
5.5650 5.9550 0.0000 1.0000
5.5950 5.9550 0.0000 1.0000
5.6250 5.9550 0.0000 1.0000
5.6550 5.9550 0.0000 1.0000
5.6850 5.9550 0.0000 1.0000
5.7150 5.9550 0.0000 1.0000
5.7450 5.9550 0.0000 1.0000
5.7750 5.9550 0.0000 1.0000
5.8050 5.9550 0.0000 1.0000
5.8350 5.9550 0.0000 1.0000
5.8650 5.9550 0.0000 1.0000
5.8950 5.9550 0.0000 1.0000
5.9250 5.9550 0.0000 1.0000
5.9550 5.9550 0.0000 1.0000
5.9850 5.9550 0.0000 1.0000
6.0150 5.9550 0.0000 1.0000
6.0450 5.9550 0.0000 1.0000
6.0750 5.9550 0.0000 1.0000
6.1050 5.9550 0.0000 1.0000
6.1350 5.9550 0.0000 1.0000
6.1650 5.9550 0.0000 1.0000
6.1950 5.9550 0.0000 1.0000
6.2250 5.9550 0.0000 1.0000
6.3150 5.9550 0.0000 1.0000
6.3750 5.9550 0.0000 1.0000
6.5250 5.9550 0.0000 1.0000
6.6150 5.9550 0.0000 1.0000
6.6750 5.9550 0.0000 1.0000
6.7650 5.9550 0.0000 1.0000
6.7950 5.9550 0.0000 1.0000
6.8250 5.9550 0.0000 1.0000
6.8850 5.9550 0.0000 1.0000
6.9150 5.9550 0.0000 1.0000
6.9450 5.9550 0.0000 1.0000
6.9750 5.9550 0.0000 1.0000
11.6850 5.9550 0.0000 1.0000
11.7150 5.9550 0.0000 1.0000
11.7450 5.9550 0.0000 1.0000
11.7750 5.9550 0.0000 1.0000
11.8350 5.9550 0.0000 1.0000
16.2750 5.9550 0.0000 1.0000
16.3050 5.9550 0.0000 1.0000
-11.3550 5.9250 0.0000 1.0000
-11.2650 5.9250 0.0000 1.0000
-10.9950 5.9250 0.0000 1.0000
-9.1650 5.9250 0.0000 1.0000
-9.1350 5.9250 0.0000 1.0000
-0.2850 5.9250 0.0000 1.0000
-0.2550 5.9250 0.0000 1.0000
-0.1050 5.9250 0.0000 1.0000
-0.0750 5.9250 0.0000 1.0000
-0.0450 5.9250 0.0000 1.0000
-0.0150 5.9250 0.0000 1.0000
0.0150 5.9250 0.0000 1.0000
0.0450 5.9250 0.0000 1.0000
0.0750 5.9250 0.0000 1.0000
2.0250 5.9250 0.0000 1.0000
2.0550 5.9250 0.0000 1.0000
2.0850 5.9250 0.0000 1.0000
2.1450 5.9250 0.0000 1.0000
2.2950 5.9250 0.0000 1.0000
2.3250 5.9250 0.0000 1.0000
2.4450 5.9250 0.0000 1.0000
2.4750 5.9250 0.0000 1.0000
2.7750 5.9250 0.0000 1.0000
2.9550 5.9250 0.0000 1.0000
3.1950 5.9250 0.0000 1.0000
3.2250 5.9250 0.0000 1.0000
3.2550 5.9250 0.0000 1.0000
3.7050 5.9250 0.0000 1.0000
3.7350 5.9250 0.0000 1.0000
3.7950 5.9250 0.0000 1.0000
3.8250 5.9250 0.0000 1.0000
3.8550 5.9250 0.0000 1.0000
3.8850 5.9250 0.0000 1.0000
3.9150 5.9250 0.0000 1.0000
4.0050 5.9250 0.0000 1.0000
4.2150 5.9250 0.0000 1.0000
4.2750 5.9250 0.0000 1.0000
4.3050 5.9250 0.0000 1.0000
4.3350 5.9250 0.0000 1.0000
4.3650 5.9250 0.0000 1.0000
4.3950 5.9250 0.0000 1.0000
4.4250 5.9250 0.0000 1.0000
4.4550 5.9250 0.0000 1.0000
4.4850 5.9250 0.0000 1.0000
4.5150 5.9250 0.0000 1.0000
4.5450 5.9250 0.0000 1.0000
4.5750 5.9250 0.0000 1.0000
4.6050 5.9250 0.0000 1.0000
4.6350 5.9250 0.0000 1.0000
4.6650 5.9250 0.0000 1.0000
4.6950 5.9250 0.0000 1.0000
4.7250 5.9250 0.0000 1.0000
4.7550 5.9250 0.0000 1.0000
4.7850 5.9250 0.0000 1.0000
4.8150 5.9250 0.0000 1.0000
4.8450 5.9250 0.0000 1.0000
4.8750 5.9250 0.0000 1.0000
4.9050 5.9250 0.0000 1.0000
4.9350 5.9250 0.0000 1.0000
4.9650 5.9250 0.0000 1.0000
4.9950 5.9250 0.0000 1.0000
5.0250 5.9250 0.0000 1.0000
5.0550 5.9250 0.0000 1.0000
5.0850 5.9250 0.0000 1.0000
5.1150 5.9250 0.0000 1.0000
5.1450 5.9250 0.0000 1.0000
5.1750 5.9250 0.0000 1.0000
5.2050 5.9250 0.0000 1.0000
5.2350 5.9250 0.0000 1.0000
5.2950 5.9250 0.0000 1.0000
5.3250 5.9250 0.0000 1.0000
5.3550 5.9250 0.0000 1.0000
5.3850 5.9250 0.0000 1.0000
5.4150 5.9250 0.0000 1.0000
5.4450 5.9250 0.0000 1.0000
5.4750 5.9250 0.0000 1.0000
5.5050 5.9250 0.0000 1.0000
5.5350 5.9250 0.0000 1.0000
5.5650 5.9250 0.0000 1.0000
5.5950 5.9250 0.0000 1.0000
5.6250 5.9250 0.0000 1.0000
5.6550 5.9250 0.0000 1.0000
5.6850 5.9250 0.0000 1.0000
5.7150 5.9250 0.0000 1.0000
5.7450 5.9250 0.0000 1.0000
5.7750 5.9250 0.0000 1.0000
5.8050 5.9250 0.0000 1.0000
5.8350 5.9250 0.0000 1.0000
5.8650 5.9250 0.0000 1.0000
5.8950 5.9250 0.0000 1.0000
5.9250 5.9250 0.0000 1.0000
5.9550 5.9250 0.0000 1.0000
5.9850 5.9250 0.0000 1.0000
6.0150 5.9250 0.0000 1.0000
6.0450 5.9250 0.0000 1.0000
6.0750 5.9250 0.0000 1.0000
6.1050 5.9250 0.0000 1.0000
6.1350 5.9250 0.0000 1.0000
6.1650 5.9250 0.0000 1.0000
6.1950 5.9250 0.0000 1.0000
6.2250 5.9250 0.0000 1.0000
6.2550 5.9250 0.0000 1.0000
6.2850 5.9250 0.0000 1.0000
6.3150 5.9250 0.0000 1.0000
6.3450 5.9250 0.0000 1.0000
6.3750 5.9250 0.0000 1.0000
6.4050 5.9250 0.0000 1.0000
6.4350 5.9250 0.0000 1.0000
6.4650 5.9250 0.0000 1.0000
6.4950 5.9250 0.0000 1.0000
6.5550 5.9250 0.0000 1.0000
6.5850 5.9250 0.0000 1.0000
6.6150 5.9250 0.0000 1.0000
6.6450 5.9250 0.0000 1.0000
6.6750 5.9250 0.0000 1.0000
6.7650 5.9250 0.0000 1.0000
6.7950 5.9250 0.0000 1.0000
6.8550 5.9250 0.0000 1.0000
6.8850 5.9250 0.0000 1.0000
6.9150 5.9250 0.0000 1.0000
6.9450 5.9250 0.0000 1.0000
6.9750 5.9250 0.0000 1.0000
7.0050 5.9250 0.0000 1.0000
11.6850 5.9250 0.0000 1.0000
11.7450 5.9250 0.0000 1.0000
11.7750 5.9250 0.0000 1.0000
16.2450 5.9250 0.0000 1.0000
16.3050 5.9250 0.0000 1.0000
-11.3550 5.8950 0.0000 1.0000
-11.0550 5.8950 0.0000 1.0000
-10.9650 5.8950 0.0000 1.0000
-10.9350 5.8950 0.0000 1.0000
-9.1950 5.8950 0.0000 1.0000
-9.1650 5.8950 0.0000 1.0000
-0.2550 5.8950 0.0000 1.0000
-0.1950 5.8950 0.0000 1.0000
-0.1050 5.8950 0.0000 1.0000
-0.0450 5.8950 0.0000 1.0000
-0.0150 5.8950 0.0000 1.0000
1.9650 5.8950 0.0000 1.0000
1.9950 5.8950 0.0000 1.0000
2.0250 5.8950 0.0000 1.0000
2.2950 5.8950 0.0000 1.0000
2.3250 5.8950 0.0000 1.0000
2.3550 5.8950 0.0000 1.0000
2.3850 5.8950 0.0000 1.0000
2.4450 5.8950 0.0000 1.0000
3.2250 5.8950 0.0000 1.0000
3.2850 5.8950 0.0000 1.0000
3.3450 5.8950 0.0000 1.0000
3.4050 5.8950 0.0000 1.0000
3.4650 5.8950 0.0000 1.0000
3.6750 5.8950 0.0000 1.0000
3.8850 5.8950 0.0000 1.0000
3.9150 5.8950 0.0000 1.0000
3.9750 5.8950 0.0000 1.0000
4.0050 5.8950 0.0000 1.0000
4.0350 5.8950 0.0000 1.0000
4.1250 5.8950 0.0000 1.0000
4.1550 5.8950 0.0000 1.0000
4.1850 5.8950 0.0000 1.0000
4.2150 5.8950 0.0000 1.0000
4.2450 5.8950 0.0000 1.0000
4.2750 5.8950 0.0000 1.0000
4.9950 5.8950 0.0000 1.0000
5.2950 5.8950 0.0000 1.0000
5.6250 5.8950 0.0000 1.0000
5.6550 5.8950 0.0000 1.0000
5.6850 5.8950 0.0000 1.0000
5.8350 5.8950 0.0000 1.0000
5.8650 5.8950 0.0000 1.0000
5.8950 5.8950 0.0000 1.0000
5.9250 5.8950 0.0000 1.0000
6.1950 5.8950 0.0000 1.0000
6.2250 5.8950 0.0000 1.0000
6.2850 5.8950 0.0000 1.0000
6.3150 5.8950 0.0000 1.0000
6.3750 5.8950 0.0000 1.0000
6.4350 5.8950 0.0000 1.0000
6.4650 5.8950 0.0000 1.0000
11.7150 5.8950 0.0000 1.0000
11.7750 5.8950 0.0000 1.0000
11.8350 5.8950 0.0000 1.0000
16.2750 5.8950 0.0000 1.0000
16.3050 5.8950 0.0000 1.0000
-11.3250 5.8650 0.0000 1.0000
-11.2650 5.8650 0.0000 1.0000
-11.2350 5.8650 0.0000 1.0000
-10.9950 5.8650 0.0000 1.0000
-9.2550 5.8650 0.0000 1.0000
-9.2250 5.8650 0.0000 1.0000
-9.1650 5.8650 0.0000 1.0000
-0.2250 5.8650 0.0000 1.0000
-0.1950 5.8650 0.0000 1.0000
-0.1650 5.8650 0.0000 1.0000
-0.0150 5.8650 0.0000 1.0000
0.0150 5.8650 0.0000 1.0000
0.0750 5.8650 0.0000 1.0000
1.9650 5.8650 0.0000 1.0000
2.2650 5.8650 0.0000 1.0000
2.4150 5.8650 0.0000 1.0000
2.4450 5.8650 0.0000 1.0000
3.1050 5.8650 0.0000 1.0000
3.4350 5.8650 0.0000 1.0000
3.4650 5.8650 0.0000 1.0000
3.4950 5.8650 0.0000 1.0000
3.5250 5.8650 0.0000 1.0000
3.8850 5.8650 0.0000 1.0000
3.9450 5.8650 0.0000 1.0000
4.0050 5.8650 0.0000 1.0000
4.0350 5.8650 0.0000 1.0000
4.0650 5.8650 0.0000 1.0000
4.0950 5.8650 0.0000 1.0000
5.8350 5.8650 0.0000 1.0000
6.1650 5.8650 0.0000 1.0000
6.4050 5.8650 0.0000 1.0000
6.5250 5.8650 0.0000 1.0000
6.5850 5.8650 0.0000 1.0000
6.6450 5.8650 0.0000 1.0000
6.7050 5.8650 0.0000 1.0000
7.0050 5.8650 0.0000 1.0000
11.6850 5.8650 0.0000 1.0000
11.7450 5.8650 0.0000 1.0000
11.7750 5.8650 0.0000 1.0000
11.8050 5.8650 0.0000 1.0000
11.8350 5.8650 0.0000 1.0000
16.2750 5.8650 0.0000 1.0000
16.3350 5.8650 0.0000 1.0000
-11.3550 5.8350 0.0000 1.0000
-11.3250 5.8350 0.0000 1.0000
-11.2650 5.8350 0.0000 1.0000
-10.9950 5.8350 0.0000 1.0000
-9.2850 5.8350 0.0000 1.0000
-9.2550 5.8350 0.0000 1.0000
-9.2250 5.8350 0.0000 1.0000
-9.1950 5.8350 0.0000 1.0000
-9.1650 5.8350 0.0000 1.0000
-0.1350 5.8350 0.0000 1.0000
-0.0750 5.8350 0.0000 1.0000
0.0150 5.8350 0.0000 1.0000
0.0750 5.8350 0.0000 1.0000
0.1050 5.8350 0.0000 1.0000
0.1350 5.8350 0.0000 1.0000
2.1450 5.8350 0.0000 1.0000
2.1750 5.8350 0.0000 1.0000
2.2050 5.8350 0.0000 1.0000
2.2350 5.8350 0.0000 1.0000
2.2650 5.8350 0.0000 1.0000
2.2950 5.8350 0.0000 1.0000
4.9650 5.8350 0.0000 1.0000
6.9750 5.8350 0.0000 1.0000
7.0350 5.8350 0.0000 1.0000
7.0650 5.8350 0.0000 1.0000
11.6850 5.8350 0.0000 1.0000
11.7750 5.8350 0.0000 1.0000
11.8050 5.8350 0.0000 1.0000
11.8350 5.8350 0.0000 1.0000
16.2750 5.8350 0.0000 1.0000
16.3050 5.8350 0.0000 1.0000
-11.3550 5.8050 0.0000 1.0000
-11.3250 5.8050 0.0000 1.0000
-9.2250 5.8050 0.0000 1.0000
-0.1350 5.8050 0.0000 1.0000
-0.0750 5.8050 0.0000 1.0000
0.0150 5.8050 0.0000 1.0000
0.0450 5.8050 0.0000 1.0000
0.0750 5.8050 0.0000 1.0000
0.1050 5.8050 0.0000 1.0000
0.1350 5.8050 0.0000 1.0000
1.9650 5.8050 0.0000 1.0000
1.9950 5.8050 0.0000 1.0000
2.0250 5.8050 0.0000 1.0000
2.0550 5.8050 0.0000 1.0000
2.0850 5.8050 0.0000 1.0000
2.1150 5.8050 0.0000 1.0000
2.1750 5.8050 0.0000 1.0000
2.2050 5.8050 0.0000 1.0000
2.2650 5.8050 0.0000 1.0000
11.7450 5.8050 0.0000 1.0000
11.7750 5.8050 0.0000 1.0000
11.8050 5.8050 0.0000 1.0000
11.8350 5.8050 0.0000 1.0000
16.2450 5.8050 0.0000 1.0000
16.2750 5.8050 0.0000 1.0000
-11.3550 5.7750 0.0000 1.0000
-9.2850 5.7750 0.0000 1.0000
-9.2550 5.7750 0.0000 1.0000
-9.2250 5.7750 0.0000 1.0000
-0.0750 5.7750 0.0000 1.0000
-0.0450 5.7750 0.0000 1.0000
-0.0150 5.7750 0.0000 1.0000
0.0150 5.7750 0.0000 1.0000
0.0450 5.7750 0.0000 1.0000
0.1050 5.7750 0.0000 1.0000
1.7550 5.7750 0.0000 1.0000
1.7850 5.7750 0.0000 1.0000
1.9050 5.7750 0.0000 1.0000
1.9950 5.7750 0.0000 1.0000
2.0250 5.7750 0.0000 1.0000
2.0850 5.7750 0.0000 1.0000
2.1150 5.7750 0.0000 1.0000
2.1450 5.7750 0.0000 1.0000
2.1750 5.7750 0.0000 1.0000
2.3550 5.7750 0.0000 1.0000
6.9750 5.7750 0.0000 1.0000
11.7150 5.7750 0.0000 1.0000
11.7450 5.7750 0.0000 1.0000
11.7750 5.7750 0.0000 1.0000
11.8050 5.7750 0.0000 1.0000
11.8650 5.7750 0.0000 1.0000
-11.3550 5.7450 0.0000 1.0000
-11.3250 5.7450 0.0000 1.0000
-9.3450 5.7450 0.0000 1.0000
-9.2250 5.7450 0.0000 1.0000
-9.1950 5.7450 0.0000 1.0000
-0.0750 5.7450 0.0000 1.0000
-0.0450 5.7450 0.0000 1.0000
0.0150 5.7450 0.0000 1.0000
0.0450 5.7450 0.0000 1.0000
1.7250 5.7450 0.0000 1.0000
1.7550 5.7450 0.0000 1.0000
2.0250 5.7450 0.0000 1.0000
7.0650 5.7450 0.0000 1.0000
11.7150 5.7450 0.0000 1.0000
11.7450 5.7450 0.0000 1.0000
11.7750 5.7450 0.0000 1.0000
11.8350 5.7450 0.0000 1.0000
11.8650 5.7450 0.0000 1.0000
16.2750 5.7450 0.0000 1.0000
-11.3250 5.7150 0.0000 1.0000
-9.3750 5.7150 0.0000 1.0000
-9.3450 5.7150 0.0000 1.0000
-9.3150 5.7150 0.0000 1.0000
-9.2850 5.7150 0.0000 1.0000
-9.2550 5.7150 0.0000 1.0000
-9.2250 5.7150 0.0000 1.0000
-0.0750 5.7150 0.0000 1.0000
-0.0450 5.7150 0.0000 1.0000
-0.0150 5.7150 0.0000 1.0000
0.1050 5.7150 0.0000 1.0000
1.7250 5.7150 0.0000 1.0000
1.7550 5.7150 0.0000 1.0000
1.9050 5.7150 0.0000 1.0000
1.9350 5.7150 0.0000 1.0000
1.9650 5.7150 0.0000 1.0000
1.9950 5.7150 0.0000 1.0000
2.1150 5.7150 0.0000 1.0000
6.9750 5.7150 0.0000 1.0000
11.8050 5.7150 0.0000 1.0000
11.8350 5.7150 0.0000 1.0000
11.8650 5.7150 0.0000 1.0000
16.2750 5.7150 0.0000 1.0000
-11.3550 5.6850 0.0000 1.0000
-11.3250 5.6850 0.0000 1.0000
-9.4650 5.6850 0.0000 1.0000
-9.4350 5.6850 0.0000 1.0000
-9.3150 5.6850 0.0000 1.0000
-9.2850 5.6850 0.0000 1.0000
-9.2550 5.6850 0.0000 1.0000
-9.2250 5.6850 0.0000 1.0000
-0.1050 5.6850 0.0000 1.0000
-0.0450 5.6850 0.0000 1.0000
-0.0150 5.6850 0.0000 1.0000
0.0150 5.6850 0.0000 1.0000
0.0750 5.6850 0.0000 1.0000
0.1050 5.6850 0.0000 1.0000
0.1350 5.6850 0.0000 1.0000
1.9350 5.6850 0.0000 1.0000
1.9950 5.6850 0.0000 1.0000
2.1150 5.6850 0.0000 1.0000
2.1450 5.6850 0.0000 1.0000
6.9750 5.6850 0.0000 1.0000
11.8350 5.6850 0.0000 1.0000
11.8950 5.6850 0.0000 1.0000
16.2450 5.6850 0.0000 1.0000
-11.3250 5.6550 0.0000 1.0000
-9.3150 5.6550 0.0000 1.0000
-9.2850 5.6550 0.0000 1.0000
-9.2250 5.6550 0.0000 1.0000
-0.1050 5.6550 0.0000 1.0000
-0.0750 5.6550 0.0000 1.0000
-0.0450 5.6550 0.0000 1.0000
-0.0150 5.6550 0.0000 1.0000
0.0150 5.6550 0.0000 1.0000
0.0450 5.6550 0.0000 1.0000
0.0750 5.6550 0.0000 1.0000
0.1050 5.6550 0.0000 1.0000
0.1350 5.6550 0.0000 1.0000
1.9350 5.6550 0.0000 1.0000
2.1450 5.6550 0.0000 1.0000
2.1750 5.6550 0.0000 1.0000
11.7450 5.6550 0.0000 1.0000
11.8350 5.6550 0.0000 1.0000
11.8650 5.6550 0.0000 1.0000
11.8950 5.6550 0.0000 1.0000
16.3350 5.6550 0.0000 1.0000
-11.3250 5.6250 0.0000 1.0000
-9.3750 5.6250 0.0000 1.0000
-9.3450 5.6250 0.0000 1.0000
-9.2850 5.6250 0.0000 1.0000
-0.1050 5.6250 0.0000 1.0000
-0.0750 5.6250 0.0000 1.0000
-0.0450 5.6250 0.0000 1.0000
0.0750 5.6250 0.0000 1.0000
0.1350 5.6250 0.0000 1.0000
0.1650 5.6250 0.0000 1.0000
1.7850 5.6250 0.0000 1.0000
1.9050 5.6250 0.0000 1.0000
2.1450 5.6250 0.0000 1.0000
2.2350 5.6250 0.0000 1.0000
2.2650 5.6250 0.0000 1.0000
6.9750 5.6250 0.0000 1.0000
11.8050 5.6250 0.0000 1.0000
11.8350 5.6250 0.0000 1.0000
11.8950 5.6250 0.0000 1.0000
16.2750 5.6250 0.0000 1.0000
-11.3250 5.5950 0.0000 1.0000
-11.2950 5.5950 0.0000 1.0000
-11.2650 5.5950 0.0000 1.0000
-9.3450 5.5950 0.0000 1.0000
-9.3150 5.5950 0.0000 1.0000
-0.1650 5.5950 0.0000 1.0000
-0.1350 5.5950 0.0000 1.0000
-0.1050 5.5950 0.0000 1.0000
-0.0450 5.5950 0.0000 1.0000
0.0450 5.5950 0.0000 1.0000
0.0750 5.5950 0.0000 1.0000
1.7850 5.5950 0.0000 1.0000
2.1750 5.5950 0.0000 1.0000
2.2350 5.5950 0.0000 1.0000
11.8650 5.5950 0.0000 1.0000
11.8950 5.5950 0.0000 1.0000
11.9250 5.5950 0.0000 1.0000
16.3350 5.5950 0.0000 1.0000
-11.3550 5.5650 0.0000 1.0000
-11.3250 5.5650 0.0000 1.0000
-9.3450 5.5650 0.0000 1.0000
-0.1650 5.5650 0.0000 1.0000
-0.1350 5.5650 0.0000 1.0000
-0.1050 5.5650 0.0000 1.0000
-0.0750 5.5650 0.0000 1.0000
-0.0450 5.5650 0.0000 1.0000
0.0150 5.5650 0.0000 1.0000
0.0750 5.5650 0.0000 1.0000
1.7850 5.5650 0.0000 1.0000
2.2050 5.5650 0.0000 1.0000
11.9550 5.5650 0.0000 1.0000
16.2750 5.5650 0.0000 1.0000
-11.3250 5.5350 0.0000 1.0000
-11.0550 5.5350 0.0000 1.0000
-9.4650 5.5350 0.0000 1.0000
-9.4050 5.5350 0.0000 1.0000
-9.3750 5.5350 0.0000 1.0000
-9.3450 5.5350 0.0000 1.0000
-9.2550 5.5350 0.0000 1.0000
-0.1650 5.5350 0.0000 1.0000
-0.1350 5.5350 0.0000 1.0000
-0.0750 5.5350 0.0000 1.0000
0.0450 5.5350 0.0000 1.0000
0.0750 5.5350 0.0000 1.0000
0.1050 5.5350 0.0000 1.0000
0.1350 5.5350 0.0000 1.0000
1.8450 5.5350 0.0000 1.0000
2.0250 5.5350 0.0000 1.0000
6.9450 5.5350 0.0000 1.0000
6.9750 5.5350 0.0000 1.0000
-11.3250 5.5050 0.0000 1.0000
-11.1750 5.5050 0.0000 1.0000
-11.0250 5.5050 0.0000 1.0000
-9.4650 5.5050 0.0000 1.0000
-9.4350 5.5050 0.0000 1.0000
-9.4050 5.5050 0.0000 1.0000
-9.3450 5.5050 0.0000 1.0000
-0.1650 5.5050 0.0000 1.0000
-0.1350 5.5050 0.0000 1.0000
-0.1050 5.5050 0.0000 1.0000
0.0450 5.5050 0.0000 1.0000
0.0750 5.5050 0.0000 1.0000
2.1750 5.5050 0.0000 1.0000
6.9750 5.5050 0.0000 1.0000
11.9250 5.5050 0.0000 1.0000
11.9850 5.5050 0.0000 1.0000
12.0150 5.5050 0.0000 1.0000
16.3050 5.5050 0.0000 1.0000
-11.3250 5.4750 0.0000 1.0000
-11.1750 5.4750 0.0000 1.0000
-9.5250 5.4750 0.0000 1.0000
-9.4950 5.4750 0.0000 1.0000
-9.4650 5.4750 0.0000 1.0000
-9.4350 5.4750 0.0000 1.0000
-9.4050 5.4750 0.0000 1.0000
-9.3450 5.4750 0.0000 1.0000
-0.3150 5.4750 0.0000 1.0000
-0.2850 5.4750 0.0000 1.0000
-0.2550 5.4750 0.0000 1.0000
-0.2250 5.4750 0.0000 1.0000
-0.1950 5.4750 0.0000 1.0000
-0.1650 5.4750 0.0000 1.0000
-0.1350 5.4750 0.0000 1.0000
-0.0450 5.4750 0.0000 1.0000
0.0750 5.4750 0.0000 1.0000
0.1050 5.4750 0.0000 1.0000
1.8450 5.4750 0.0000 1.0000
2.0850 5.4750 0.0000 1.0000
2.1750 5.4750 0.0000 1.0000
2.2050 5.4750 0.0000 1.0000
7.2450 5.4750 0.0000 1.0000
7.2750 5.4750 0.0000 1.0000
7.3050 5.4750 0.0000 1.0000
11.8950 5.4750 0.0000 1.0000
11.9550 5.4750 0.0000 1.0000
12.0150 5.4750 0.0000 1.0000
-11.3250 5.4450 0.0000 1.0000
-11.2950 5.4450 0.0000 1.0000
-11.1750 5.4450 0.0000 1.0000
-11.0850 5.4450 0.0000 1.0000
-9.5250 5.4450 0.0000 1.0000
-9.4950 5.4450 0.0000 1.0000
-9.4650 5.4450 0.0000 1.0000
-9.4050 5.4450 0.0000 1.0000
-9.3750 5.4450 0.0000 1.0000
-9.3450 5.4450 0.0000 1.0000
-9.2850 5.4450 0.0000 1.0000
-9.2250 5.4450 0.0000 1.0000
-9.1650 5.4450 0.0000 1.0000
-0.3450 5.4450 0.0000 1.0000
-0.3150 5.4450 0.0000 1.0000
-0.2550 5.4450 0.0000 1.0000
-0.2250 5.4450 0.0000 1.0000
-0.1950 5.4450 0.0000 1.0000
-0.1650 5.4450 0.0000 1.0000
0.0450 5.4450 0.0000 1.0000
0.0750 5.4450 0.0000 1.0000
0.1050 5.4450 0.0000 1.0000
1.7850 5.4450 0.0000 1.0000
2.1750 5.4450 0.0000 1.0000
2.2050 5.4450 0.0000 1.0000
2.2650 5.4450 0.0000 1.0000
2.2950 5.4450 0.0000 1.0000
6.9750 5.4450 0.0000 1.0000
7.0050 5.4450 0.0000 1.0000
7.0350 5.4450 0.0000 1.0000
11.8650 5.4450 0.0000 1.0000
12.1050 5.4450 0.0000 1.0000
-11.2950 5.4150 0.0000 1.0000
-11.2650 5.4150 0.0000 1.0000
-11.2050 5.4150 0.0000 1.0000
-11.1750 5.4150 0.0000 1.0000
-11.0850 5.4150 0.0000 1.0000
-11.0550 5.4150 0.0000 1.0000
-9.4950 5.4150 0.0000 1.0000
-9.4650 5.4150 0.0000 1.0000
-9.3150 5.4150 0.0000 1.0000
-9.2250 5.4150 0.0000 1.0000
-9.1950 5.4150 0.0000 1.0000
-9.0750 5.4150 0.0000 1.0000
-0.3450 5.4150 0.0000 1.0000
-0.3150 5.4150 0.0000 1.0000
0.0150 5.4150 0.0000 1.0000
0.0750 5.4150 0.0000 1.0000
0.1050 5.4150 0.0000 1.0000
1.6650 5.4150 0.0000 1.0000
1.6950 5.4150 0.0000 1.0000
1.7250 5.4150 0.0000 1.0000
1.7850 5.4150 0.0000 1.0000
1.8450 5.4150 0.0000 1.0000
2.1750 5.4150 0.0000 1.0000
2.2050 5.4150 0.0000 1.0000
2.2350 5.4150 0.0000 1.0000
6.9750 5.4150 0.0000 1.0000
11.9850 5.4150 0.0000 1.0000
12.0150 5.4150 0.0000 1.0000
12.1050 5.4150 0.0000 1.0000
12.1350 5.4150 0.0000 1.0000
-11.2050 5.3850 0.0000 1.0000
-11.1150 5.3850 0.0000 1.0000
-11.0850 5.3850 0.0000 1.0000
-11.0550 5.3850 0.0000 1.0000
-9.4650 5.3850 0.0000 1.0000
-9.3150 5.3850 0.0000 1.0000
-9.2250 5.3850 0.0000 1.0000
-9.1950 5.3850 0.0000 1.0000
-9.1650 5.3850 0.0000 1.0000
-9.1350 5.3850 0.0000 1.0000
-0.3450 5.3850 0.0000 1.0000
-0.3150 5.3850 0.0000 1.0000
2.1750 5.3850 0.0000 1.0000
2.2050 5.3850 0.0000 1.0000
11.9850 5.3850 0.0000 1.0000
12.0750 5.3850 0.0000 1.0000
-11.1750 5.3550 0.0000 1.0000
-11.0850 5.3550 0.0000 1.0000
-9.4650 5.3550 0.0000 1.0000
-9.3150 5.3550 0.0000 1.0000
-9.1950 5.3550 0.0000 1.0000
-9.1350 5.3550 0.0000 1.0000
-9.1050 5.3550 0.0000 1.0000
-8.8350 5.3550 0.0000 1.0000
-0.3450 5.3550 0.0000 1.0000
-0.3150 5.3550 0.0000 1.0000
2.1450 5.3550 0.0000 1.0000
2.1750 5.3550 0.0000 1.0000
2.2050 5.3550 0.0000 1.0000
11.9850 5.3550 0.0000 1.0000
12.0150 5.3550 0.0000 1.0000
12.1050 5.3550 0.0000 1.0000
12.1350 5.3550 0.0000 1.0000
-11.3250 5.3250 0.0000 1.0000
-11.2950 5.3250 0.0000 1.0000
-11.0850 5.3250 0.0000 1.0000
-11.0550 5.3250 0.0000 1.0000
-10.9050 5.3250 0.0000 1.0000
-9.1950 5.3250 0.0000 1.0000
-9.1050 5.3250 0.0000 1.0000
-9.0750 5.3250 0.0000 1.0000
-8.8350 5.3250 0.0000 1.0000
-0.3450 5.3250 0.0000 1.0000
-0.3150 5.3250 0.0000 1.0000
2.1750 5.3250 0.0000 1.0000
2.2050 5.3250 0.0000 1.0000
2.2350 5.3250 0.0000 1.0000
6.9750 5.3250 0.0000 1.0000
12.1050 5.3250 0.0000 1.0000
-11.2950 5.2950 0.0000 1.0000
-11.1750 5.2950 0.0000 1.0000
-11.1450 5.2950 0.0000 1.0000
-11.1150 5.2950 0.0000 1.0000
-11.0850 5.2950 0.0000 1.0000
-11.0550 5.2950 0.0000 1.0000
-10.9950 5.2950 0.0000 1.0000
-10.9650 5.2950 0.0000 1.0000
-10.9350 5.2950 0.0000 1.0000
-10.8750 5.2950 0.0000 1.0000
-9.1950 5.2950 0.0000 1.0000
-9.1050 5.2950 0.0000 1.0000
-9.0750 5.2950 0.0000 1.0000
-8.8350 5.2950 0.0000 1.0000
-0.3750 5.2950 0.0000 1.0000
-0.3450 5.2950 0.0000 1.0000
-0.3150 5.2950 0.0000 1.0000
0.0150 5.2950 0.0000 1.0000
2.1750 5.2950 0.0000 1.0000
2.2050 5.2950 0.0000 1.0000
12.0750 5.2950 0.0000 1.0000
12.1650 5.2950 0.0000 1.0000
-11.1450 5.2650 0.0000 1.0000
-11.1150 5.2650 0.0000 1.0000
-11.0550 5.2650 0.0000 1.0000
-11.0250 5.2650 0.0000 1.0000
-10.9950 5.2650 0.0000 1.0000
-10.9650 5.2650 0.0000 1.0000
-10.9350 5.2650 0.0000 1.0000
-10.8750 5.2650 0.0000 1.0000
-10.8150 5.2650 0.0000 1.0000
-10.7850 5.2650 0.0000 1.0000
-9.3750 5.2650 0.0000 1.0000
-9.1950 5.2650 0.0000 1.0000
-9.1650 5.2650 0.0000 1.0000
-9.0750 5.2650 0.0000 1.0000
-8.8350 5.2650 0.0000 1.0000
-0.3450 5.2650 0.0000 1.0000
-0.3150 5.2650 0.0000 1.0000
0.0150 5.2650 0.0000 1.0000
2.1750 5.2650 0.0000 1.0000
2.2050 5.2650 0.0000 1.0000
12.1050 5.2650 0.0000 1.0000
12.1650 5.2650 0.0000 1.0000
-11.0850 5.2350 0.0000 1.0000
-11.0550 5.2350 0.0000 1.0000
-11.0250 5.2350 0.0000 1.0000
-10.9950 5.2350 0.0000 1.0000
-10.9650 5.2350 0.0000 1.0000
-10.9350 5.2350 0.0000 1.0000
-10.9050 5.2350 0.0000 1.0000
-10.8750 5.2350 0.0000 1.0000
-10.8150 5.2350 0.0000 1.0000
-10.7850 5.2350 0.0000 1.0000
-8.8350 5.2350 0.0000 1.0000
-0.3450 5.2350 0.0000 1.0000
2.1750 5.2350 0.0000 1.0000
2.2050 5.2350 0.0000 1.0000
6.9750 5.2350 0.0000 1.0000
-11.0850 5.2050 0.0000 1.0000
-11.0250 5.2050 0.0000 1.0000
-10.9950 5.2050 0.0000 1.0000
-10.9650 5.2050 0.0000 1.0000
-10.9350 5.2050 0.0000 1.0000
-10.8750 5.2050 0.0000 1.0000
-10.8150 5.2050 0.0000 1.0000
-8.8350 5.2050 0.0000 1.0000
-0.3450 5.2050 0.0000 1.0000
1.7850 5.2050 0.0000 1.0000
2.1750 5.2050 0.0000 1.0000
2.2050 5.2050 0.0000 1.0000
2.2350 5.2050 0.0000 1.0000
12.1650 5.2050 0.0000 1.0000
-10.9950 5.1750 0.0000 1.0000
-10.9650 5.1750 0.0000 1.0000
-10.9350 5.1750 0.0000 1.0000
-8.8350 5.1750 0.0000 1.0000
-0.3450 5.1750 0.0000 1.0000
2.1750 5.1750 0.0000 1.0000
2.2050 5.1750 0.0000 1.0000
2.2350 5.1750 0.0000 1.0000
-11.1450 5.1450 0.0000 1.0000
-10.9650 5.1450 0.0000 1.0000
-10.9350 5.1450 0.0000 1.0000
-10.9050 5.1450 0.0000 1.0000
-8.8350 5.1450 0.0000 1.0000
-0.3750 5.1450 0.0000 1.0000
-0.3450 5.1450 0.0000 1.0000
2.1750 5.1450 0.0000 1.0000
2.2050 5.1450 0.0000 1.0000
6.9450 5.1450 0.0000 1.0000
-11.1450 5.1150 0.0000 1.0000
-10.9950 5.1150 0.0000 1.0000
-10.9650 5.1150 0.0000 1.0000
-8.8350 5.1150 0.0000 1.0000
-8.8050 5.1150 0.0000 1.0000
-0.4050 5.1150 0.0000 1.0000
-0.3750 5.1150 0.0000 1.0000
-0.3450 5.1150 0.0000 1.0000
2.1750 5.1150 0.0000 1.0000
2.2050 5.1150 0.0000 1.0000
6.9750 5.1150 0.0000 1.0000
-8.8350 5.0850 0.0000 1.0000
-0.4650 5.0850 0.0000 1.0000
-0.4350 5.0850 0.0000 1.0000
-0.4050 5.0850 0.0000 1.0000
-0.3750 5.0850 0.0000 1.0000
-0.3450 5.0850 0.0000 1.0000
1.7550 5.0850 0.0000 1.0000
2.1750 5.0850 0.0000 1.0000
2.2050 5.0850 0.0000 1.0000
2.2350 5.0850 0.0000 1.0000
-8.8350 5.0550 0.0000 1.0000
-0.4350 5.0550 0.0000 1.0000
-0.4050 5.0550 0.0000 1.0000
-0.3750 5.0550 0.0000 1.0000
-0.3450 5.0550 0.0000 1.0000
2.1750 5.0550 0.0000 1.0000
2.2050 5.0550 0.0000 1.0000
2.2350 5.0550 0.0000 1.0000
-11.0850 5.0250 0.0000 1.0000
-11.0250 5.0250 0.0000 1.0000
-10.9350 5.0250 0.0000 1.0000
-10.9050 5.0250 0.0000 1.0000
-8.8350 5.0250 0.0000 1.0000
-8.8050 5.0250 0.0000 1.0000
-0.4350 5.0250 0.0000 1.0000
-0.4050 5.0250 0.0000 1.0000
-0.3750 5.0250 0.0000 1.0000
-0.3450 5.0250 0.0000 1.0000
2.1450 5.0250 0.0000 1.0000
2.1750 5.0250 0.0000 1.0000
2.2050 5.0250 0.0000 1.0000
6.9450 5.0250 0.0000 1.0000
6.9750 5.0250 0.0000 1.0000
-11.0250 4.9950 0.0000 1.0000
-10.9350 4.9950 0.0000 1.0000
-10.9050 4.9950 0.0000 1.0000
-9.1650 4.9950 0.0000 1.0000
-9.1050 4.9950 0.0000 1.0000
-8.8050 4.9950 0.0000 1.0000
-0.4350 4.9950 0.0000 1.0000
-0.3750 4.9950 0.0000 1.0000
-0.3450 4.9950 0.0000 1.0000
1.9050 4.9950 0.0000 1.0000
2.1750 4.9950 0.0000 1.0000
2.2050 4.9950 0.0000 1.0000
-11.0550 4.9650 0.0000 1.0000
-11.0250 4.9650 0.0000 1.0000
-10.9950 4.9650 0.0000 1.0000
-10.9650 4.9650 0.0000 1.0000
-10.9350 4.9650 0.0000 1.0000
-9.1950 4.9650 0.0000 1.0000
-9.1650 4.9650 0.0000 1.0000
-8.8050 4.9650 0.0000 1.0000
-0.4050 4.9650 0.0000 1.0000
-0.3750 4.9650 0.0000 1.0000
-0.3450 4.9650 0.0000 1.0000
1.9050 4.9650 0.0000 1.0000
2.1750 4.9650 0.0000 1.0000
-11.0550 4.9350 0.0000 1.0000
-11.0250 4.9350 0.0000 1.0000
-10.9050 4.9350 0.0000 1.0000
-9.1950 4.9350 0.0000 1.0000
-9.1650 4.9350 0.0000 1.0000
-9.1350 4.9350 0.0000 1.0000
-9.1050 4.9350 0.0000 1.0000
-8.8350 4.9350 0.0000 1.0000
-8.8050 4.9350 0.0000 1.0000
-0.4350 4.9350 0.0000 1.0000
-0.4050 4.9350 0.0000 1.0000
-0.3750 4.9350 0.0000 1.0000
-0.3450 4.9350 0.0000 1.0000
1.8450 4.9350 0.0000 1.0000
2.1750 4.9350 0.0000 1.0000
2.2050 4.9350 0.0000 1.0000
6.9450 4.9350 0.0000 1.0000
-11.1150 4.9050 0.0000 1.0000
-11.0850 4.9050 0.0000 1.0000
-11.0550 4.9050 0.0000 1.0000
-10.9650 4.9050 0.0000 1.0000
-10.9050 4.9050 0.0000 1.0000
-9.1350 4.9050 0.0000 1.0000
-9.1050 4.9050 0.0000 1.0000
-8.8050 4.9050 0.0000 1.0000
-0.4050 4.9050 0.0000 1.0000
-0.3750 4.9050 0.0000 1.0000
-0.3450 4.9050 0.0000 1.0000
1.8450 4.9050 0.0000 1.0000
2.1750 4.9050 0.0000 1.0000
6.9750 4.9050 0.0000 1.0000
-11.0550 4.8750 0.0000 1.0000
-9.1350 4.8750 0.0000 1.0000
-9.1050 4.8750 0.0000 1.0000
-9.0750 4.8750 0.0000 1.0000
-8.8050 4.8750 0.0000 1.0000
-0.5250 4.8750 0.0000 1.0000
-0.4350 4.8750 0.0000 1.0000
-0.4050 4.8750 0.0000 1.0000
-0.3750 4.8750 0.0000 1.0000
1.8150 4.8750 0.0000 1.0000
2.1450 4.8750 0.0000 1.0000
2.1750 4.8750 0.0000 1.0000
-11.0850 4.8450 0.0000 1.0000
-11.0550 4.8450 0.0000 1.0000
-11.0250 4.8450 0.0000 1.0000
-9.2250 4.8450 0.0000 1.0000
-9.1950 4.8450 0.0000 1.0000
-9.1650 4.8450 0.0000 1.0000
-9.0750 4.8450 0.0000 1.0000
-8.8350 4.8450 0.0000 1.0000
-0.4950 4.8450 0.0000 1.0000
-0.4350 4.8450 0.0000 1.0000
-0.4050 4.8450 0.0000 1.0000
-0.3750 4.8450 0.0000 1.0000
1.8150 4.8450 0.0000 1.0000
1.8450 4.8450 0.0000 1.0000
2.1150 4.8450 0.0000 1.0000
2.1450 4.8450 0.0000 1.0000
2.1750 4.8450 0.0000 1.0000
-11.0250 4.8150 0.0000 1.0000
-9.2250 4.8150 0.0000 1.0000
-9.1650 4.8150 0.0000 1.0000
-0.4650 4.8150 0.0000 1.0000
-0.4350 4.8150 0.0000 1.0000
-0.4050 4.8150 0.0000 1.0000
-0.3750 4.8150 0.0000 1.0000
1.8450 4.8150 0.0000 1.0000
1.9050 4.8150 0.0000 1.0000
1.9350 4.8150 0.0000 1.0000
1.9650 4.8150 0.0000 1.0000
2.1150 4.8150 0.0000 1.0000
2.1750 4.8150 0.0000 1.0000
6.9450 4.8150 0.0000 1.0000
-11.0550 4.7850 0.0000 1.0000
-11.0250 4.7850 0.0000 1.0000
-9.2550 4.7850 0.0000 1.0000
-9.2250 4.7850 0.0000 1.0000
-9.1950 4.7850 0.0000 1.0000
-9.1050 4.7850 0.0000 1.0000
-0.4050 4.7850 0.0000 1.0000
-0.3750 4.7850 0.0000 1.0000
0.1350 4.7850 0.0000 1.0000
1.8750 4.7850 0.0000 1.0000
2.1750 4.7850 0.0000 1.0000
6.9750 4.7850 0.0000 1.0000
-11.0850 4.7550 0.0000 1.0000
-11.0550 4.7550 0.0000 1.0000
-10.9950 4.7550 0.0000 1.0000
-9.2550 4.7550 0.0000 1.0000
-9.1950 4.7550 0.0000 1.0000
-0.4650 4.7550 0.0000 1.0000
-0.4050 4.7550 0.0000 1.0000
-0.3750 4.7550 0.0000 1.0000
0.1650 4.7550 0.0000 1.0000
1.9050 4.7550 0.0000 1.0000
2.1750 4.7550 0.0000 1.0000
-11.0550 4.7250 0.0000 1.0000
-9.1950 4.7250 0.0000 1.0000
-9.1650 4.7250 0.0000 1.0000
-0.4050 4.7250 0.0000 1.0000
-0.3750 4.7250 0.0000 1.0000
0.0150 4.7250 0.0000 1.0000
0.1350 4.7250 0.0000 1.0000
1.9050 4.7250 0.0000 1.0000
1.9650 4.7250 0.0000 1.0000
2.1750 4.7250 0.0000 1.0000
-10.9950 4.6950 0.0000 1.0000
-9.4050 4.6950 0.0000 1.0000
-9.3750 4.6950 0.0000 1.0000
-9.3450 4.6950 0.0000 1.0000
-9.2250 4.6950 0.0000 1.0000
-9.1950 4.6950 0.0000 1.0000
-9.1650 4.6950 0.0000 1.0000
-9.1350 4.6950 0.0000 1.0000
-0.4350 4.6950 0.0000 1.0000
-0.4050 4.6950 0.0000 1.0000
-0.3750 4.6950 0.0000 1.0000
0.1350 4.6950 0.0000 1.0000
1.9050 4.6950 0.0000 1.0000
1.9650 4.6950 0.0000 1.0000
2.1750 4.6950 0.0000 1.0000
-10.9950 4.6650 0.0000 1.0000
-9.4050 4.6650 0.0000 1.0000
-9.3750 4.6650 0.0000 1.0000
-9.3450 4.6650 0.0000 1.0000
-9.3150 4.6650 0.0000 1.0000
-9.2850 4.6650 0.0000 1.0000
-9.2250 4.6650 0.0000 1.0000
-9.1950 4.6650 0.0000 1.0000
-9.1650 4.6650 0.0000 1.0000
-0.4350 4.6650 0.0000 1.0000
-0.4050 4.6650 0.0000 1.0000
-0.3750 4.6650 0.0000 1.0000
-0.3450 4.6650 0.0000 1.0000
-0.3150 4.6650 0.0000 1.0000
-0.2850 4.6650 0.0000 1.0000
-0.2550 4.6650 0.0000 1.0000
-0.1950 4.6650 0.0000 1.0000
-0.1650 4.6650 0.0000 1.0000
-0.1350 4.6650 0.0000 1.0000
0.0150 4.6650 0.0000 1.0000
0.0450 4.6650 0.0000 1.0000
0.0750 4.6650 0.0000 1.0000
1.8750 4.6650 0.0000 1.0000
1.9050 4.6650 0.0000 1.0000
1.9350 4.6650 0.0000 1.0000
1.9650 4.6650 0.0000 1.0000
1.9950 4.6650 0.0000 1.0000
2.1150 4.6650 0.0000 1.0000
6.9450 4.6650 0.0000 1.0000
6.9750 4.6650 0.0000 1.0000
-9.4950 4.6350 0.0000 1.0000
-9.3450 4.6350 0.0000 1.0000
-9.2850 4.6350 0.0000 1.0000
-9.2550 4.6350 0.0000 1.0000
-9.2250 4.6350 0.0000 1.0000
-9.1950 4.6350 0.0000 1.0000
-0.4350 4.6350 0.0000 1.0000
-0.4050 4.6350 0.0000 1.0000
-0.3150 4.6350 0.0000 1.0000
-0.2850 4.6350 0.0000 1.0000
-0.2550 4.6350 0.0000 1.0000
-0.2250 4.6350 0.0000 1.0000
-0.1950 4.6350 0.0000 1.0000
-0.1650 4.6350 0.0000 1.0000
-0.1350 4.6350 0.0000 1.0000
-0.1050 4.6350 0.0000 1.0000
0.0750 4.6350 0.0000 1.0000
0.1050 4.6350 0.0000 1.0000
1.9950 4.6350 0.0000 1.0000
-11.3250 4.6050 0.0000 1.0000
-11.2350 4.6050 0.0000 1.0000
-11.1450 4.6050 0.0000 1.0000
-9.4950 4.6050 0.0000 1.0000
-9.4650 4.6050 0.0000 1.0000
-9.3450 4.6050 0.0000 1.0000
-9.1950 4.6050 0.0000 1.0000
-0.4050 4.6050 0.0000 1.0000
-0.3750 4.6050 0.0000 1.0000
-0.3450 4.6050 0.0000 1.0000
-0.3150 4.6050 0.0000 1.0000
-0.2550 4.6050 0.0000 1.0000
-0.2250 4.6050 0.0000 1.0000
-0.1650 4.6050 0.0000 1.0000
-0.1350 4.6050 0.0000 1.0000
-0.1050 4.6050 0.0000 1.0000
-0.0450 4.6050 0.0000 1.0000
-0.0150 4.6050 0.0000 1.0000
0.0450 4.6050 0.0000 1.0000
0.0750 4.6050 0.0000 1.0000
0.1050 4.6050 0.0000 1.0000
1.9050 4.6050 0.0000 1.0000
1.9950 4.6050 0.0000 1.0000
-11.3250 4.5750 0.0000 1.0000
-11.2350 4.5750 0.0000 1.0000
-11.1450 4.5750 0.0000 1.0000
-11.1150 4.5750 0.0000 1.0000
-11.0850 4.5750 0.0000 1.0000
-11.0250 4.5750 0.0000 1.0000
-9.5250 4.5750 0.0000 1.0000
-9.4650 4.5750 0.0000 1.0000
-9.3450 4.5750 0.0000 1.0000
-0.3750 4.5750 0.0000 1.0000
-0.3450 4.5750 0.0000 1.0000
-0.3150 4.5750 0.0000 1.0000
-0.2250 4.5750 0.0000 1.0000
-0.1950 4.5750 0.0000 1.0000
-0.1350 4.5750 0.0000 1.0000
-0.1050 4.5750 0.0000 1.0000
-0.0750 4.5750 0.0000 1.0000
0.0150 4.5750 0.0000 1.0000
0.0450 4.5750 0.0000 1.0000
0.0750 4.5750 0.0000 1.0000
0.1050 4.5750 0.0000 1.0000
0.1350 4.5750 0.0000 1.0000
1.6950 4.5750 0.0000 1.0000
1.7550 4.5750 0.0000 1.0000
2.0550 4.5750 0.0000 1.0000
-11.2050 4.5450 0.0000 1.0000
-11.1450 4.5450 0.0000 1.0000
-11.1150 4.5450 0.0000 1.0000
-11.0850 4.5450 0.0000 1.0000
-11.0550 4.5450 0.0000 1.0000
-10.9350 4.5450 0.0000 1.0000
-9.5250 4.5450 0.0000 1.0000
-9.4950 4.5450 0.0000 1.0000
-9.4650 4.5450 0.0000 1.0000
-9.4050 4.5450 0.0000 1.0000
-0.2850 4.5450 0.0000 1.0000
-0.1650 4.5450 0.0000 1.0000
-0.1350 4.5450 0.0000 1.0000
-0.0750 4.5450 0.0000 1.0000
-0.0450 4.5450 0.0000 1.0000
-0.0150 4.5450 0.0000 1.0000
0.0450 4.5450 0.0000 1.0000
0.0750 4.5450 0.0000 1.0000
0.1050 4.5450 0.0000 1.0000
0.1350 4.5450 0.0000 1.0000
0.1650 4.5450 0.0000 1.0000
0.1950 4.5450 0.0000 1.0000
1.7250 4.5450 0.0000 1.0000
1.9650 4.5450 0.0000 1.0000
6.9450 4.5450 0.0000 1.0000
6.9750 4.5450 0.0000 1.0000
-11.1150 4.5150 0.0000 1.0000
-11.0850 4.5150 0.0000 1.0000
-11.0550 4.5150 0.0000 1.0000
-11.0250 4.5150 0.0000 1.0000
-10.9350 4.5150 0.0000 1.0000
-9.5250 4.5150 0.0000 1.0000
-9.4950 4.5150 0.0000 1.0000
-9.4050 4.5150 0.0000 1.0000
-9.3450 4.5150 0.0000 1.0000
-0.2550 4.5150 0.0000 1.0000
-0.1350 4.5150 0.0000 1.0000
-0.1050 4.5150 0.0000 1.0000
-0.0150 4.5150 0.0000 1.0000
0.0450 4.5150 0.0000 1.0000
0.1650 4.5150 0.0000 1.0000
0.1950 4.5150 0.0000 1.0000
1.7850 4.5150 0.0000 1.0000
1.9350 4.5150 0.0000 1.0000
1.9650 4.5150 0.0000 1.0000
2.0250 4.5150 0.0000 1.0000
2.0550 4.5150 0.0000 1.0000
2.0850 4.5150 0.0000 1.0000
-11.0850 4.4850 0.0000 1.0000
-11.0550 4.4850 0.0000 1.0000
-11.0250 4.4850 0.0000 1.0000
-10.9950 4.4850 0.0000 1.0000
-10.9650 4.4850 0.0000 1.0000
-10.9350 4.4850 0.0000 1.0000
-10.9050 4.4850 0.0000 1.0000
-9.5250 4.4850 0.0000 1.0000
-9.4350 4.4850 0.0000 1.0000
-9.4050 4.4850 0.0000 1.0000
-0.0450 4.4850 0.0000 1.0000
-0.0150 4.4850 0.0000 1.0000
0.0150 4.4850 0.0000 1.0000
0.0450 4.4850 0.0000 1.0000
0.0750 4.4850 0.0000 1.0000
0.1050 4.4850 0.0000 1.0000
1.7550 4.4850 0.0000 1.0000
1.7850 4.4850 0.0000 1.0000
1.8150 4.4850 0.0000 1.0000
1.8450 4.4850 0.0000 1.0000
2.0550 4.4850 0.0000 1.0000
-11.0550 4.4550 0.0000 1.0000
-10.9050 4.4550 0.0000 1.0000
-10.8750 4.4550 0.0000 1.0000
-9.5550 4.4550 0.0000 1.0000
-9.5250 4.4550 0.0000 1.0000
-9.4950 4.4550 0.0000 1.0000
-9.4650 4.4550 0.0000 1.0000
-9.4350 4.4550 0.0000 1.0000
-0.0750 4.4550 0.0000 1.0000
-0.0150 4.4550 0.0000 1.0000
0.0150 4.4550 0.0000 1.0000
0.0450 4.4550 0.0000 1.0000
0.0750 4.4550 0.0000 1.0000
0.1650 4.4550 0.0000 1.0000
0.2550 4.4550 0.0000 1.0000
1.7250 4.4550 0.0000 1.0000
1.7550 4.4550 0.0000 1.0000
1.7850 4.4550 0.0000 1.0000
1.8150 4.4550 0.0000 1.0000
1.8450 4.4550 0.0000 1.0000
1.9350 4.4550 0.0000 1.0000
1.9650 4.4550 0.0000 1.0000
-11.0250 4.4250 0.0000 1.0000
-9.4950 4.4250 0.0000 1.0000
-9.4650 4.4250 0.0000 1.0000
-0.0150 4.4250 0.0000 1.0000
0.0450 4.4250 0.0000 1.0000
0.0750 4.4250 0.0000 1.0000
0.1050 4.4250 0.0000 1.0000
0.1650 4.4250 0.0000 1.0000
1.7850 4.4250 0.0000 1.0000
1.8150 4.4250 0.0000 1.0000
1.8750 4.4250 0.0000 1.0000
1.9350 4.4250 0.0000 1.0000
1.9650 4.4250 0.0000 1.0000
6.9450 4.4250 0.0000 1.0000
-11.0250 4.3950 0.0000 1.0000
-10.9650 4.3950 0.0000 1.0000
-9.5250 4.3950 0.0000 1.0000
-0.0150 4.3950 0.0000 1.0000
0.0150 4.3950 0.0000 1.0000
0.0450 4.3950 0.0000 1.0000
0.0750 4.3950 0.0000 1.0000
0.1050 4.3950 0.0000 1.0000
0.1350 4.3950 0.0000 1.0000
0.1650 4.3950 0.0000 1.0000
1.6650 4.3950 0.0000 1.0000
1.7850 4.3950 0.0000 1.0000
1.8150 4.3950 0.0000 1.0000
1.9050 4.3950 0.0000 1.0000
1.9350 4.3950 0.0000 1.0000
1.9950 4.3950 0.0000 1.0000
-11.0550 4.3650 0.0000 1.0000
-10.9950 4.3650 0.0000 1.0000
-10.9650 4.3650 0.0000 1.0000
-10.9350 4.3650 0.0000 1.0000
-9.5250 4.3650 0.0000 1.0000
-9.4350 4.3650 0.0000 1.0000
-9.3750 4.3650 0.0000 1.0000
-9.3450 4.3650 0.0000 1.0000
0.0450 4.3650 0.0000 1.0000
0.0750 4.3650 0.0000 1.0000
1.8750 4.3650 0.0000 1.0000
1.9350 4.3650 0.0000 1.0000
1.9950 4.3650 0.0000 1.0000
-11.0850 4.3350 0.0000 1.0000
-11.0250 4.3350 0.0000 1.0000
-10.9950 4.3350 0.0000 1.0000
-10.9650 4.3350 0.0000 1.0000
-9.4350 4.3350 0.0000 1.0000
-9.3450 4.3350 0.0000 1.0000
-9.3150 4.3350 0.0000 1.0000
0.0750 4.3350 0.0000 1.0000
0.1050 4.3350 0.0000 1.0000
0.1650 4.3350 0.0000 1.0000
1.8750 4.3350 0.0000 1.0000
-11.0550 4.3050 0.0000 1.0000
-10.9950 4.3050 0.0000 1.0000
-10.9650 4.3050 0.0000 1.0000
-10.9050 4.3050 0.0000 1.0000
-9.3150 4.3050 0.0000 1.0000
0.0450 4.3050 0.0000 1.0000
0.0750 4.3050 0.0000 1.0000
0.1050 4.3050 0.0000 1.0000
1.8450 4.3050 0.0000 1.0000
1.8750 4.3050 0.0000 1.0000
1.9350 4.3050 0.0000 1.0000
1.9950 4.3050 0.0000 1.0000
6.9450 4.3050 0.0000 1.0000
-11.0550 4.2750 0.0000 1.0000
-10.9950 4.2750 0.0000 1.0000
-10.9050 4.2750 0.0000 1.0000
-10.8750 4.2750 0.0000 1.0000
-9.3450 4.2750 0.0000 1.0000
0.0450 4.2750 0.0000 1.0000
0.0750 4.2750 0.0000 1.0000
0.1050 4.2750 0.0000 1.0000
1.8450 4.2750 0.0000 1.0000
1.8750 4.2750 0.0000 1.0000
-11.0550 4.2450 0.0000 1.0000
-10.9650 4.2450 0.0000 1.0000
-10.8750 4.2450 0.0000 1.0000
-10.8450 4.2450 0.0000 1.0000
-0.2850 4.2450 0.0000 1.0000
0.0450 4.2450 0.0000 1.0000
0.0750 4.2450 0.0000 1.0000
0.1050 4.2450 0.0000 1.0000
1.8150 4.2450 0.0000 1.0000
1.8450 4.2450 0.0000 1.0000
1.8750 4.2450 0.0000 1.0000
1.9350 4.2450 0.0000 1.0000
2.2350 4.2450 0.0000 1.0000
-10.9650 4.2150 0.0000 1.0000
-9.5250 4.2150 0.0000 1.0000
-9.4050 4.2150 0.0000 1.0000
-9.3750 4.2150 0.0000 1.0000
-9.3450 4.2150 0.0000 1.0000
-9.3150 4.2150 0.0000 1.0000
-0.3450 4.2150 0.0000 1.0000
-0.3150 4.2150 0.0000 1.0000
-0.2850 4.2150 0.0000 1.0000
0.0150 4.2150 0.0000 1.0000
0.0450 4.2150 0.0000 1.0000
0.0750 4.2150 0.0000 1.0000
0.1050 4.2150 0.0000 1.0000
1.8150 4.2150 0.0000 1.0000
1.8450 4.2150 0.0000 1.0000
1.9050 4.2150 0.0000 1.0000
1.9350 4.2150 0.0000 1.0000
1.9950 4.2150 0.0000 1.0000
2.2650 4.2150 0.0000 1.0000
-10.9650 4.1850 0.0000 1.0000
-9.4950 4.1850 0.0000 1.0000
-9.4650 4.1850 0.0000 1.0000
-9.4350 4.1850 0.0000 1.0000
-9.4050 4.1850 0.0000 1.0000
-0.3150 4.1850 0.0000 1.0000
-0.2850 4.1850 0.0000 1.0000
0.0150 4.1850 0.0000 1.0000
0.0450 4.1850 0.0000 1.0000
0.0750 4.1850 0.0000 1.0000
0.1050 4.1850 0.0000 1.0000
0.1350 4.1850 0.0000 1.0000
1.8750 4.1850 0.0000 1.0000
1.9050 4.1850 0.0000 1.0000
1.9350 4.1850 0.0000 1.0000
1.9650 4.1850 0.0000 1.0000
1.9950 4.1850 0.0000 1.0000
2.2350 4.1850 0.0000 1.0000
2.2650 4.1850 0.0000 1.0000
-11.0850 4.1550 0.0000 1.0000
-11.0250 4.1550 0.0000 1.0000
-10.9950 4.1550 0.0000 1.0000
-10.9650 4.1550 0.0000 1.0000
-10.9350 4.1550 0.0000 1.0000
-9.4050 4.1550 0.0000 1.0000
-0.3150 4.1550 0.0000 1.0000
-0.2850 4.1550 0.0000 1.0000
0.0750 4.1550 0.0000 1.0000
0.1050 4.1550 0.0000 1.0000
0.1350 4.1550 0.0000 1.0000
0.1950 4.1550 0.0000 1.0000
1.8150 4.1550 0.0000 1.0000
1.8450 4.1550 0.0000 1.0000
1.9050 4.1550 0.0000 1.0000
1.9350 4.1550 0.0000 1.0000
1.9650 4.1550 0.0000 1.0000
2.2650 4.1550 0.0000 1.0000
-11.0850 4.1250 0.0000 1.0000
-11.0550 4.1250 0.0000 1.0000
-11.0250 4.1250 0.0000 1.0000
-9.4950 4.1250 0.0000 1.0000
-9.4650 4.1250 0.0000 1.0000
-9.4050 4.1250 0.0000 1.0000
-9.3750 4.1250 0.0000 1.0000
-0.3150 4.1250 0.0000 1.0000
0.0750 4.1250 0.0000 1.0000
0.1050 4.1250 0.0000 1.0000
0.1950 4.1250 0.0000 1.0000
0.2250 4.1250 0.0000 1.0000
1.9050 4.1250 0.0000 1.0000
1.9350 4.1250 0.0000 1.0000
2.2650 4.1250 0.0000 1.0000
6.9450 4.1250 0.0000 1.0000
-11.0250 4.0950 0.0000 1.0000
-10.9950 4.0950 0.0000 1.0000
-9.4350 4.0950 0.0000 1.0000
-9.3750 4.0950 0.0000 1.0000
0.0450 4.0950 0.0000 1.0000
0.1050 4.0950 0.0000 1.0000
0.1650 4.0950 0.0000 1.0000
0.1950 4.0950 0.0000 1.0000
1.9050 4.0950 0.0000 1.0000
1.9350 4.0950 0.0000 1.0000
2.2650 4.0950 0.0000 1.0000
6.9750 4.0950 0.0000 1.0000
-11.0250 4.0650 0.0000 1.0000
-10.9950 4.0650 0.0000 1.0000
-9.4650 4.0650 0.0000 1.0000
-9.4350 4.0650 0.0000 1.0000
-9.4050 4.0650 0.0000 1.0000
-9.3450 4.0650 0.0000 1.0000
-9.3150 4.0650 0.0000 1.0000
0.0750 4.0650 0.0000 1.0000
0.1650 4.0650 0.0000 1.0000
1.9350 4.0650 0.0000 1.0000
2.0250 4.0650 0.0000 1.0000
2.2650 4.0650 0.0000 1.0000
-11.0250 4.0350 0.0000 1.0000
-10.9650 4.0350 0.0000 1.0000
-10.9350 4.0350 0.0000 1.0000
-10.9050 4.0350 0.0000 1.0000
-10.8750 4.0350 0.0000 1.0000
-9.4650 4.0350 0.0000 1.0000
-9.4350 4.0350 0.0000 1.0000
-9.4050 4.0350 0.0000 1.0000
-9.3450 4.0350 0.0000 1.0000
0.0750 4.0350 0.0000 1.0000
0.1050 4.0350 0.0000 1.0000
0.1650 4.0350 0.0000 1.0000
0.1950 4.0350 0.0000 1.0000
0.2550 4.0350 0.0000 1.0000
0.2850 4.0350 0.0000 1.0000
1.9950 4.0350 0.0000 1.0000
2.2650 4.0350 0.0000 1.0000
2.2950 4.0350 0.0000 1.0000
-10.9650 4.0050 0.0000 1.0000
-10.9050 4.0050 0.0000 1.0000
-10.8750 4.0050 0.0000 1.0000
-0.0150 4.0050 0.0000 1.0000
0.0750 4.0050 0.0000 1.0000
0.1050 4.0050 0.0000 1.0000
0.1650 4.0050 0.0000 1.0000
1.9050 4.0050 0.0000 1.0000
1.9650 4.0050 0.0000 1.0000
1.9950 4.0050 0.0000 1.0000
2.2950 4.0050 0.0000 1.0000
-11.0550 3.9750 0.0000 1.0000
-11.0250 3.9750 0.0000 1.0000
-10.9950 3.9750 0.0000 1.0000
-10.9650 3.9750 0.0000 1.0000
-10.9350 3.9750 0.0000 1.0000
-10.9050 3.9750 0.0000 1.0000
-9.5850 3.9750 0.0000 1.0000
-9.4350 3.9750 0.0000 1.0000
-9.4050 3.9750 0.0000 1.0000
-0.0750 3.9750 0.0000 1.0000
-0.0450 3.9750 0.0000 1.0000
1.9050 3.9750 0.0000 1.0000
6.9150 3.9750 0.0000 1.0000
-10.9950 3.9450 0.0000 1.0000
-10.9650 3.9450 0.0000 1.0000
-10.9350 3.9450 0.0000 1.0000
-9.4350 3.9450 0.0000 1.0000
-9.4050 3.9450 0.0000 1.0000
-0.0750 3.9450 0.0000 1.0000
-0.0450 3.9450 0.0000 1.0000
0.0450 3.9450 0.0000 1.0000
0.1050 3.9450 0.0000 1.0000
0.1350 3.9450 0.0000 1.0000
0.1650 3.9450 0.0000 1.0000
1.9050 3.9450 0.0000 1.0000
1.9350 3.9450 0.0000 1.0000
-10.9950 3.9150 0.0000 1.0000
-10.9650 3.9150 0.0000 1.0000
-9.4050 3.9150 0.0000 1.0000
-0.0750 3.9150 0.0000 1.0000
0.0450 3.9150 0.0000 1.0000
1.8750 3.9150 0.0000 1.0000
1.9050 3.9150 0.0000 1.0000
2.2350 3.9150 0.0000 1.0000
-10.9650 3.8850 0.0000 1.0000
-10.9350 3.8850 0.0000 1.0000
-9.4650 3.8850 0.0000 1.0000
-9.3750 3.8850 0.0000 1.0000
-0.0150 3.8850 0.0000 1.0000
0.0450 3.8850 0.0000 1.0000
0.1050 3.8850 0.0000 1.0000
1.7850 3.8850 0.0000 1.0000
2.2350 3.8850 0.0000 1.0000
2.2650 3.8850 0.0000 1.0000
-11.0250 3.8550 0.0000 1.0000
-10.9950 3.8550 0.0000 1.0000
-10.9650 3.8550 0.0000 1.0000
-10.9350 3.8550 0.0000 1.0000
-9.4050 3.8550 0.0000 1.0000
-9.3750 3.8550 0.0000 1.0000
-0.0150 3.8550 0.0000 1.0000
0.0150 3.8550 0.0000 1.0000
0.0450 3.8550 0.0000 1.0000
0.0750 3.8550 0.0000 1.0000
1.8150 3.8550 0.0000 1.0000
1.8450 3.8550 0.0000 1.0000
1.8750 3.8550 0.0000 1.0000
1.9350 3.8550 0.0000 1.0000
2.2350 3.8550 0.0000 1.0000
2.2650 3.8550 0.0000 1.0000
6.9450 3.8550 0.0000 1.0000
-11.0250 3.8250 0.0000 1.0000
-10.9650 3.8250 0.0000 1.0000
-9.5250 3.8250 0.0000 1.0000
-9.4950 3.8250 0.0000 1.0000
-9.4650 3.8250 0.0000 1.0000
0.0150 3.8250 0.0000 1.0000
0.0450 3.8250 0.0000 1.0000
0.0750 3.8250 0.0000 1.0000
0.1050 3.8250 0.0000 1.0000
0.1350 3.8250 0.0000 1.0000
0.1650 3.8250 0.0000 1.0000
1.8450 3.8250 0.0000 1.0000
1.8750 3.8250 0.0000 1.0000
1.9050 3.8250 0.0000 1.0000
1.9350 3.8250 0.0000 1.0000
2.0250 3.8250 0.0000 1.0000
2.2650 3.8250 0.0000 1.0000
2.2950 3.8250 0.0000 1.0000
-9.4950 3.7950 0.0000 1.0000
-9.4650 3.7950 0.0000 1.0000
-9.4350 3.7950 0.0000 1.0000
0.0750 3.7950 0.0000 1.0000
1.8450 3.7950 0.0000 1.0000
1.8750 3.7950 0.0000 1.0000
1.9950 3.7950 0.0000 1.0000
2.2950 3.7950 0.0000 1.0000
-11.0250 3.7650 0.0000 1.0000
-10.9650 3.7650 0.0000 1.0000
-10.9350 3.7650 0.0000 1.0000
-9.4350 3.7650 0.0000 1.0000
-9.3750 3.7650 0.0000 1.0000
0.1050 3.7650 0.0000 1.0000
0.1350 3.7650 0.0000 1.0000
0.1650 3.7650 0.0000 1.0000
0.1950 3.7650 0.0000 1.0000
1.8450 3.7650 0.0000 1.0000
1.9050 3.7650 0.0000 1.0000
1.9350 3.7650 0.0000 1.0000
2.0550 3.7650 0.0000 1.0000
2.1150 3.7650 0.0000 1.0000
2.2950 3.7650 0.0000 1.0000
6.9450 3.7650 0.0000 1.0000
6.9750 3.7650 0.0000 1.0000
-11.0550 3.7350 0.0000 1.0000
-11.0250 3.7350 0.0000 1.0000
-10.9950 3.7350 0.0000 1.0000
-10.9650 3.7350 0.0000 1.0000
-9.4050 3.7350 0.0000 1.0000
-0.0450 3.7350 0.0000 1.0000
0.0450 3.7350 0.0000 1.0000
0.0750 3.7350 0.0000 1.0000
0.1050 3.7350 0.0000 1.0000
0.1350 3.7350 0.0000 1.0000
0.1650 3.7350 0.0000 1.0000
1.9650 3.7350 0.0000 1.0000
2.0250 3.7350 0.0000 1.0000
2.0550 3.7350 0.0000 1.0000
2.0850 3.7350 0.0000 1.0000
2.2950 3.7350 0.0000 1.0000
2.3250 3.7350 0.0000 1.0000
-11.1150 3.7050 0.0000 1.0000
-11.0850 3.7050 0.0000 1.0000
-11.0550 3.7050 0.0000 1.0000
-10.9950 3.7050 0.0000 1.0000
-10.9650 3.7050 0.0000 1.0000
-9.4050 3.7050 0.0000 1.0000
-9.3750 3.7050 0.0000 1.0000
0.0750 3.7050 0.0000 1.0000
0.1650 3.7050 0.0000 1.0000
0.1950 3.7050 0.0000 1.0000
2.0550 3.7050 0.0000 1.0000
2.0850 3.7050 0.0000 1.0000
2.2950 3.7050 0.0000 1.0000
-11.2050 3.6750 0.0000 1.0000
-11.0850 3.6750 0.0000 1.0000
-10.9950 3.6750 0.0000 1.0000
-10.9350 3.6750 0.0000 1.0000
-9.4350 3.6750 0.0000 1.0000
-9.4050 3.6750 0.0000 1.0000
-9.3750 3.6750 0.0000 1.0000
0.1050 3.6750 0.0000 1.0000
0.1650 3.6750 0.0000 1.0000
0.1950 3.6750 0.0000 1.0000
1.9350 3.6750 0.0000 1.0000
2.0550 3.6750 0.0000 1.0000
2.0850 3.6750 0.0000 1.0000
2.1150 3.6750 0.0000 1.0000
2.1450 3.6750 0.0000 1.0000
2.2350 3.6750 0.0000 1.0000
2.2950 3.6750 0.0000 1.0000
-11.2350 3.6450 0.0000 1.0000
-11.2050 3.6450 0.0000 1.0000
-11.1150 3.6450 0.0000 1.0000
-11.0850 3.6450 0.0000 1.0000
-10.9650 3.6450 0.0000 1.0000
-10.9350 3.6450 0.0000 1.0000
-9.7050 3.6450 0.0000 1.0000
-9.4950 3.6450 0.0000 1.0000
-9.4350 3.6450 0.0000 1.0000
-9.4050 3.6450 0.0000 1.0000
0.0750 3.6450 0.0000 1.0000
0.1050 3.6450 0.0000 1.0000
0.1350 3.6450 0.0000 1.0000
0.1650 3.6450 0.0000 1.0000
2.0850 3.6450 0.0000 1.0000
2.1150 3.6450 0.0000 1.0000
2.1450 3.6450 0.0000 1.0000
2.2350 3.6450 0.0000 1.0000
2.2950 3.6450 0.0000 1.0000
-11.5350 3.6150 0.0000 1.0000
-11.2650 3.6150 0.0000 1.0000
-11.2350 3.6150 0.0000 1.0000
-11.1750 3.6150 0.0000 1.0000
-11.1450 3.6150 0.0000 1.0000
-11.1150 3.6150 0.0000 1.0000
-9.4650 3.6150 0.0000 1.0000
-9.4350 3.6150 0.0000 1.0000
0.0750 3.6150 0.0000 1.0000
0.1050 3.6150 0.0000 1.0000
0.1350 3.6150 0.0000 1.0000
2.0850 3.6150 0.0000 1.0000
2.1150 3.6150 0.0000 1.0000
2.1450 3.6150 0.0000 1.0000
2.1750 3.6150 0.0000 1.0000
2.2350 3.6150 0.0000 1.0000
2.2950 3.6150 0.0000 1.0000
2.3250 3.6150 0.0000 1.0000
-11.5650 3.5850 0.0000 1.0000
-11.5350 3.5850 0.0000 1.0000
-11.4750 3.5850 0.0000 1.0000
-11.4450 3.5850 0.0000 1.0000
-11.3850 3.5850 0.0000 1.0000
-11.3550 3.5850 0.0000 1.0000
-11.2950 3.5850 0.0000 1.0000
-11.1750 3.5850 0.0000 1.0000
-11.1450 3.5850 0.0000 1.0000
-9.7050 3.5850 0.0000 1.0000
-9.5250 3.5850 0.0000 1.0000
-9.4950 3.5850 0.0000 1.0000
-9.4350 3.5850 0.0000 1.0000
0.0450 3.5850 0.0000 1.0000
0.0750 3.5850 0.0000 1.0000
0.1050 3.5850 0.0000 1.0000
0.1350 3.5850 0.0000 1.0000
0.1650 3.5850 0.0000 1.0000
0.1950 3.5850 0.0000 1.0000
2.1150 3.5850 0.0000 1.0000
2.1450 3.5850 0.0000 1.0000
2.1750 3.5850 0.0000 1.0000
2.2050 3.5850 0.0000 1.0000
2.2350 3.5850 0.0000 1.0000
2.2650 3.5850 0.0000 1.0000
2.2950 3.5850 0.0000 1.0000
2.3250 3.5850 0.0000 1.0000
6.9750 3.5850 0.0000 1.0000
-11.5650 3.5550 0.0000 1.0000
-11.4750 3.5550 0.0000 1.0000
-11.4150 3.5550 0.0000 1.0000
-11.3850 3.5550 0.0000 1.0000
-11.3550 3.5550 0.0000 1.0000
-11.2950 3.5550 0.0000 1.0000
-11.2050 3.5550 0.0000 1.0000
-9.5850 3.5550 0.0000 1.0000
-9.5550 3.5550 0.0000 1.0000
-9.5250 3.5550 0.0000 1.0000
-9.4950 3.5550 0.0000 1.0000
-9.4650 3.5550 0.0000 1.0000
-9.4050 3.5550 0.0000 1.0000
-9.3750 3.5550 0.0000 1.0000
0.0750 3.5550 0.0000 1.0000
0.1050 3.5550 0.0000 1.0000
0.1350 3.5550 0.0000 1.0000
0.1650 3.5550 0.0000 1.0000
0.1950 3.5550 0.0000 1.0000
0.2250 3.5550 0.0000 1.0000
0.2550 3.5550 0.0000 1.0000
0.3450 3.5550 0.0000 1.0000
2.2650 3.5550 0.0000 1.0000
2.2950 3.5550 0.0000 1.0000
2.3250 3.5550 0.0000 1.0000
2.3550 3.5550 0.0000 1.0000
-11.5950 3.5250 0.0000 1.0000
-11.5650 3.5250 0.0000 1.0000
-11.3550 3.5250 0.0000 1.0000
-11.2650 3.5250 0.0000 1.0000
-11.2350 3.5250 0.0000 1.0000
-9.6150 3.5250 0.0000 1.0000
-9.5850 3.5250 0.0000 1.0000
-9.5550 3.5250 0.0000 1.0000
-9.5250 3.5250 0.0000 1.0000
-9.4950 3.5250 0.0000 1.0000
0.0750 3.5250 0.0000 1.0000
0.1050 3.5250 0.0000 1.0000
0.1350 3.5250 0.0000 1.0000
0.1950 3.5250 0.0000 1.0000
0.2250 3.5250 0.0000 1.0000
0.2550 3.5250 0.0000 1.0000
2.3250 3.5250 0.0000 1.0000
-11.5950 3.4950 0.0000 1.0000
-11.5650 3.4950 0.0000 1.0000
-11.2950 3.4950 0.0000 1.0000
-11.2650 3.4950 0.0000 1.0000
-11.2050 3.4950 0.0000 1.0000
-11.1450 3.4950 0.0000 1.0000
-11.0250 3.4950 0.0000 1.0000
-9.6450 3.4950 0.0000 1.0000
-9.6150 3.4950 0.0000 1.0000
-9.5850 3.4950 0.0000 1.0000
-9.5250 3.4950 0.0000 1.0000
0.0750 3.4950 0.0000 1.0000
0.1050 3.4950 0.0000 1.0000
0.1350 3.4950 0.0000 1.0000
0.2250 3.4950 0.0000 1.0000
0.2550 3.4950 0.0000 1.0000
0.2850 3.4950 0.0000 1.0000
2.3250 3.4950 0.0000 1.0000
2.3550 3.4950 0.0000 1.0000
-11.5950 3.4650 0.0000 1.0000
-11.5650 3.4650 0.0000 1.0000
-9.5850 3.4650 0.0000 1.0000
-9.5550 3.4650 0.0000 1.0000
-9.5250 3.4650 0.0000 1.0000
0.1350 3.4650 0.0000 1.0000
0.1650 3.4650 0.0000 1.0000
0.2250 3.4650 0.0000 1.0000
2.3250 3.4650 0.0000 1.0000
2.3550 3.4650 0.0000 1.0000
2.3850 3.4650 0.0000 1.0000
-11.5650 3.4350 0.0000 1.0000
-9.5850 3.4350 0.0000 1.0000
0.1050 3.4350 0.0000 1.0000
0.1650 3.4350 0.0000 1.0000
0.1950 3.4350 0.0000 1.0000
2.3250 3.4350 0.0000 1.0000
2.3550 3.4350 0.0000 1.0000
-11.5650 3.4050 0.0000 1.0000
-9.5850 3.4050 0.0000 1.0000
-9.5550 3.4050 0.0000 1.0000
0.1050 3.4050 0.0000 1.0000
0.1350 3.4050 0.0000 1.0000
2.3250 3.4050 0.0000 1.0000
2.3550 3.4050 0.0000 1.0000
-11.5650 3.3750 0.0000 1.0000
-9.5250 3.3750 0.0000 1.0000
-9.4950 3.3750 0.0000 1.0000
0.1350 3.3750 0.0000 1.0000
0.1650 3.3750 0.0000 1.0000
2.3250 3.3750 0.0000 1.0000
2.3550 3.3750 0.0000 1.0000
-11.5650 3.3450 0.0000 1.0000
-9.6150 3.3450 0.0000 1.0000
-9.5850 3.3450 0.0000 1.0000
-9.5550 3.3450 0.0000 1.0000
0.1050 3.3450 0.0000 1.0000
0.1350 3.3450 0.0000 1.0000
0.1650 3.3450 0.0000 1.0000
0.1950 3.3450 0.0000 1.0000
0.2250 3.3450 0.0000 1.0000
2.3250 3.3450 0.0000 1.0000
2.3550 3.3450 0.0000 1.0000
-11.5650 3.3150 0.0000 1.0000
-9.5850 3.3150 0.0000 1.0000
-9.5550 3.3150 0.0000 1.0000
-9.5250 3.3150 0.0000 1.0000
0.1350 3.3150 0.0000 1.0000
0.1650 3.3150 0.0000 1.0000
2.3250 3.3150 0.0000 1.0000
2.3550 3.3150 0.0000 1.0000
2.3850 3.3150 0.0000 1.0000
6.9150 3.3150 0.0000 1.0000
-11.5650 3.2850 0.0000 1.0000
-9.4950 3.2850 0.0000 1.0000
0.0750 3.2850 0.0000 1.0000
0.1350 3.2850 0.0000 1.0000
0.1650 3.2850 0.0000 1.0000
0.1950 3.2850 0.0000 1.0000
0.3450 3.2850 0.0000 1.0000
2.3250 3.2850 0.0000 1.0000
2.3550 3.2850 0.0000 1.0000
2.3850 3.2850 0.0000 1.0000
-11.5650 3.2550 0.0000 1.0000
-11.5350 3.2550 0.0000 1.0000
-9.5550 3.2550 0.0000 1.0000
-9.4650 3.2550 0.0000 1.0000
0.0750 3.2550 0.0000 1.0000
0.1050 3.2550 0.0000 1.0000
0.1950 3.2550 0.0000 1.0000
2.3550 3.2550 0.0000 1.0000
2.3850 3.2550 0.0000 1.0000
-11.5650 3.2250 0.0000 1.0000
-11.5350 3.2250 0.0000 1.0000
-9.6750 3.2250 0.0000 1.0000
-9.5850 3.2250 0.0000 1.0000
-9.5550 3.2250 0.0000 1.0000
-9.4650 3.2250 0.0000 1.0000
0.0750 3.2250 0.0000 1.0000
0.1350 3.2250 0.0000 1.0000
0.2250 3.2250 0.0000 1.0000
2.3550 3.2250 0.0000 1.0000
2.3850 3.2250 0.0000 1.0000
-11.5650 3.1950 0.0000 1.0000
-9.6450 3.1950 0.0000 1.0000
-9.6150 3.1950 0.0000 1.0000
-9.5850 3.1950 0.0000 1.0000
-9.5550 3.1950 0.0000 1.0000
0.1350 3.1950 0.0000 1.0000
0.1650 3.1950 0.0000 1.0000
0.1950 3.1950 0.0000 1.0000
0.2250 3.1950 0.0000 1.0000
0.2550 3.1950 0.0000 1.0000
2.3550 3.1950 0.0000 1.0000
2.3850 3.1950 0.0000 1.0000
7.3050 3.1950 0.0000 1.0000
7.3350 3.1950 0.0000 1.0000
7.3950 3.1950 0.0000 1.0000
-11.5650 3.1650 0.0000 1.0000
-11.5350 3.1650 0.0000 1.0000
-9.6150 3.1650 0.0000 1.0000
-9.5850 3.1650 0.0000 1.0000
-9.5550 3.1650 0.0000 1.0000
-9.5250 3.1650 0.0000 1.0000
-9.3750 3.1650 0.0000 1.0000
0.1050 3.1650 0.0000 1.0000
0.1350 3.1650 0.0000 1.0000
0.1650 3.1650 0.0000 1.0000
0.1950 3.1650 0.0000 1.0000
0.2250 3.1650 0.0000 1.0000
2.3550 3.1650 0.0000 1.0000
2.3850 3.1650 0.0000 1.0000
6.9150 3.1650 0.0000 1.0000
6.9450 3.1650 0.0000 1.0000
-11.5650 3.1350 0.0000 1.0000
-11.5350 3.1350 0.0000 1.0000
-9.7650 3.1350 0.0000 1.0000
-9.5550 3.1350 0.0000 1.0000
-9.5250 3.1350 0.0000 1.0000
0.0450 3.1350 0.0000 1.0000
0.0750 3.1350 0.0000 1.0000
0.1050 3.1350 0.0000 1.0000
0.3450 3.1350 0.0000 1.0000
2.3550 3.1350 0.0000 1.0000
2.3850 3.1350 0.0000 1.0000
-11.5650 3.1050 0.0000 1.0000
-11.5350 3.1050 0.0000 1.0000
-9.6450 3.1050 0.0000 1.0000
-9.6150 3.1050 0.0000 1.0000
-9.5250 3.1050 0.0000 1.0000
-9.4950 3.1050 0.0000 1.0000
-0.0750 3.1050 0.0000 1.0000
0.0450 3.1050 0.0000 1.0000
0.0750 3.1050 0.0000 1.0000
0.1050 3.1050 0.0000 1.0000
0.1350 3.1050 0.0000 1.0000
0.1650 3.1050 0.0000 1.0000
0.1950 3.1050 0.0000 1.0000
0.3150 3.1050 0.0000 1.0000
0.3750 3.1050 0.0000 1.0000
0.4350 3.1050 0.0000 1.0000
2.3550 3.1050 0.0000 1.0000
2.3850 3.1050 0.0000 1.0000
-11.5650 3.0750 0.0000 1.0000
-11.5350 3.0750 0.0000 1.0000
-9.6450 3.0750 0.0000 1.0000
-9.4950 3.0750 0.0000 1.0000
-9.4650 3.0750 0.0000 1.0000
-0.1050 3.0750 0.0000 1.0000
0.0450 3.0750 0.0000 1.0000
0.4050 3.0750 0.0000 1.0000
2.3550 3.0750 0.0000 1.0000
2.3850 3.0750 0.0000 1.0000
2.4150 3.0750 0.0000 1.0000
-11.5350 3.0450 0.0000 1.0000
-11.1750 3.0450 0.0000 1.0000
-9.4950 3.0450 0.0000 1.0000
-9.4350 3.0450 0.0000 1.0000
-9.4050 3.0450 0.0000 1.0000
0.1050 3.0450 0.0000 1.0000
0.1350 3.0450 0.0000 1.0000
2.3550 3.0450 0.0000 1.0000
2.3850 3.0450 0.0000 1.0000
-11.5350 3.0150 0.0000 1.0000
-11.2350 3.0150 0.0000 1.0000
-11.1750 3.0150 0.0000 1.0000
-11.1450 3.0150 0.0000 1.0000
-9.4950 3.0150 0.0000 1.0000
-9.4650 3.0150 0.0000 1.0000
-9.4350 3.0150 0.0000 1.0000
0.0150 3.0150 0.0000 1.0000
0.0450 3.0150 0.0000 1.0000
0.1050 3.0150 0.0000 1.0000
0.1650 3.0150 0.0000 1.0000
0.2550 3.0150 0.0000 1.0000
2.3250 3.0150 0.0000 1.0000
2.3550 3.0150 0.0000 1.0000
2.3850 3.0150 0.0000 1.0000
-11.5350 2.9850 0.0000 1.0000
-9.4950 2.9850 0.0000 1.0000
-9.4650 2.9850 0.0000 1.0000
-9.4350 2.9850 0.0000 1.0000
-9.4050 2.9850 0.0000 1.0000
-9.3750 2.9850 0.0000 1.0000
0.0450 2.9850 0.0000 1.0000
0.1350 2.9850 0.0000 1.0000
0.1650 2.9850 0.0000 1.0000
0.1950 2.9850 0.0000 1.0000
2.3550 2.9850 0.0000 1.0000
2.3850 2.9850 0.0000 1.0000
-11.5350 2.9550 0.0000 1.0000
-11.2050 2.9550 0.0000 1.0000
-11.1750 2.9550 0.0000 1.0000
-9.4950 2.9550 0.0000 1.0000
-0.0150 2.9550 0.0000 1.0000
0.0450 2.9550 0.0000 1.0000
0.0750 2.9550 0.0000 1.0000
2.0850 2.9550 0.0000 1.0000
2.1150 2.9550 0.0000 1.0000
2.3550 2.9550 0.0000 1.0000
2.3850 2.9550 0.0000 1.0000
-11.5350 2.9250 0.0000 1.0000
-11.5050 2.9250 0.0000 1.0000
-11.3250 2.9250 0.0000 1.0000
-11.2050 2.9250 0.0000 1.0000
-11.1750 2.9250 0.0000 1.0000
-9.5550 2.9250 0.0000 1.0000
-9.5250 2.9250 0.0000 1.0000
-9.4950 2.9250 0.0000 1.0000
-0.0150 2.9250 0.0000 1.0000
0.1050 2.9250 0.0000 1.0000
2.0550 2.9250 0.0000 1.0000
2.0850 2.9250 0.0000 1.0000
2.3550 2.9250 0.0000 1.0000
2.3850 2.9250 0.0000 1.0000
8.6550 2.9250 0.0000 1.0000
8.6850 2.9250 0.0000 1.0000
8.9850 2.9250 0.0000 1.0000
9.0150 2.9250 0.0000 1.0000
-11.5350 2.8950 0.0000 1.0000
-11.4150 2.8950 0.0000 1.0000
-11.2650 2.8950 0.0000 1.0000
-11.2350 2.8950 0.0000 1.0000
-11.2050 2.8950 0.0000 1.0000
-11.1750 2.8950 0.0000 1.0000
-11.1450 2.8950 0.0000 1.0000
-9.5550 2.8950 0.0000 1.0000
-9.4950 2.8950 0.0000 1.0000
-9.4050 2.8950 0.0000 1.0000
-9.3450 2.8950 0.0000 1.0000
0.0450 2.8950 0.0000 1.0000
2.0550 2.8950 0.0000 1.0000
2.0850 2.8950 0.0000 1.0000
2.3550 2.8950 0.0000 1.0000
2.3850 2.8950 0.0000 1.0000
2.4150 2.8950 0.0000 1.0000
8.4450 2.8950 0.0000 1.0000
8.8350 2.8950 0.0000 1.0000
8.8650 2.8950 0.0000 1.0000
8.9550 2.8950 0.0000 1.0000
-11.5350 2.8650 0.0000 1.0000
-11.4150 2.8650 0.0000 1.0000
-11.3850 2.8650 0.0000 1.0000
-11.2350 2.8650 0.0000 1.0000
-11.2050 2.8650 0.0000 1.0000
-11.1750 2.8650 0.0000 1.0000
-11.0550 2.8650 0.0000 1.0000
-11.0250 2.8650 0.0000 1.0000
-9.5850 2.8650 0.0000 1.0000
-9.4050 2.8650 0.0000 1.0000
-9.3750 2.8650 0.0000 1.0000
-9.3450 2.8650 0.0000 1.0000
-0.0450 2.8650 0.0000 1.0000
-0.0150 2.8650 0.0000 1.0000
0.0450 2.8650 0.0000 1.0000
0.0750 2.8650 0.0000 1.0000
2.0550 2.8650 0.0000 1.0000
2.3550 2.8650 0.0000 1.0000
2.3850 2.8650 0.0000 1.0000
8.2950 2.8650 0.0000 1.0000
8.3550 2.8650 0.0000 1.0000
8.3850 2.8650 0.0000 1.0000
8.4150 2.8650 0.0000 1.0000
8.6850 2.8650 0.0000 1.0000
8.7150 2.8650 0.0000 1.0000
8.7450 2.8650 0.0000 1.0000
8.7750 2.8650 0.0000 1.0000
8.8050 2.8650 0.0000 1.0000
8.8350 2.8650 0.0000 1.0000
8.8650 2.8650 0.0000 1.0000
-11.5350 2.8350 0.0000 1.0000
-11.3550 2.8350 0.0000 1.0000
-11.2050 2.8350 0.0000 1.0000
-11.1750 2.8350 0.0000 1.0000
-11.1450 2.8350 0.0000 1.0000
-11.1150 2.8350 0.0000 1.0000
-11.0850 2.8350 0.0000 1.0000
-11.0550 2.8350 0.0000 1.0000
-11.0250 2.8350 0.0000 1.0000
-9.5250 2.8350 0.0000 1.0000
-9.3750 2.8350 0.0000 1.0000
-9.3450 2.8350 0.0000 1.0000
-9.3150 2.8350 0.0000 1.0000
-9.2550 2.8350 0.0000 1.0000
-9.2250 2.8350 0.0000 1.0000
-0.0450 2.8350 0.0000 1.0000
-0.0150 2.8350 0.0000 1.0000
0.0450 2.8350 0.0000 1.0000
0.0750 2.8350 0.0000 1.0000
0.1050 2.8350 0.0000 1.0000
2.0250 2.8350 0.0000 1.0000
2.2050 2.8350 0.0000 1.0000
2.2350 2.8350 0.0000 1.0000
2.3250 2.8350 0.0000 1.0000
2.3550 2.8350 0.0000 1.0000
2.3850 2.8350 0.0000 1.0000
8.2350 2.8350 0.0000 1.0000
8.2650 2.8350 0.0000 1.0000
8.2950 2.8350 0.0000 1.0000
8.3250 2.8350 0.0000 1.0000
-11.3850 2.8050 0.0000 1.0000
-11.3550 2.8050 0.0000 1.0000
-11.3250 2.8050 0.0000 1.0000
-11.2050 2.8050 0.0000 1.0000
-11.1750 2.8050 0.0000 1.0000
-11.1450 2.8050 0.0000 1.0000
-11.1150 2.8050 0.0000 1.0000
-11.0850 2.8050 0.0000 1.0000
-9.5250 2.8050 0.0000 1.0000
-9.2550 2.8050 0.0000 1.0000
0.0750 2.8050 0.0000 1.0000
0.1050 2.8050 0.0000 1.0000
0.1350 2.8050 0.0000 1.0000
0.1950 2.8050 0.0000 1.0000
1.8450 2.8050 0.0000 1.0000
1.8750 2.8050 0.0000 1.0000
1.9050 2.8050 0.0000 1.0000
1.9950 2.8050 0.0000 1.0000
2.2050 2.8050 0.0000 1.0000
2.2350 2.8050 0.0000 1.0000
2.2650 2.8050 0.0000 1.0000
2.2950 2.8050 0.0000 1.0000
2.3550 2.8050 0.0000 1.0000
2.3850 2.8050 0.0000 1.0000
7.6350 2.8050 0.0000 1.0000
7.6650 2.8050 0.0000 1.0000
7.7250 2.8050 0.0000 1.0000
-11.1450 2.7750 0.0000 1.0000
-11.1150 2.7750 0.0000 1.0000
-11.0850 2.7750 0.0000 1.0000
-11.0550 2.7750 0.0000 1.0000
-11.0250 2.7750 0.0000 1.0000
-9.2550 2.7750 0.0000 1.0000
-0.0450 2.7750 0.0000 1.0000
-0.0150 2.7750 0.0000 1.0000
0.0450 2.7750 0.0000 1.0000
0.1050 2.7750 0.0000 1.0000
0.1350 2.7750 0.0000 1.0000
1.8450 2.7750 0.0000 1.0000
1.8750 2.7750 0.0000 1.0000
1.9050 2.7750 0.0000 1.0000
2.0250 2.7750 0.0000 1.0000
2.1450 2.7750 0.0000 1.0000
2.1750 2.7750 0.0000 1.0000
2.2350 2.7750 0.0000 1.0000
2.2650 2.7750 0.0000 1.0000
6.9150 2.7750 0.0000 1.0000
6.9450 2.7750 0.0000 1.0000
6.9750 2.7750 0.0000 1.0000
8.4450 2.7750 0.0000 1.0000
8.5350 2.7750 0.0000 1.0000
8.5650 2.7750 0.0000 1.0000
8.8350 2.7750 0.0000 1.0000
-11.0550 2.7450 0.0000 1.0000
-9.3450 2.7450 0.0000 1.0000
-9.2850 2.7450 0.0000 1.0000
-9.2550 2.7450 0.0000 1.0000
-0.0150 2.7450 0.0000 1.0000
0.0450 2.7450 0.0000 1.0000
0.1050 2.7450 0.0000 1.0000
0.1650 2.7450 0.0000 1.0000
0.2250 2.7450 0.0000 1.0000
1.9050 2.7450 0.0000 1.0000
1.9350 2.7450 0.0000 1.0000
1.9650 2.7450 0.0000 1.0000
2.1150 2.7450 0.0000 1.0000
2.1750 2.7450 0.0000 1.0000
2.2350 2.7450 0.0000 1.0000
7.2450 2.7450 0.0000 1.0000
7.2750 2.7450 0.0000 1.0000
8.7750 2.7450 0.0000 1.0000
8.8050 2.7450 0.0000 1.0000
8.8350 2.7450 0.0000 1.0000
-11.2050 2.7150 0.0000 1.0000
-11.1750 2.7150 0.0000 1.0000
-11.1450 2.7150 0.0000 1.0000
-11.1150 2.7150 0.0000 1.0000
-11.0850 2.7150 0.0000 1.0000
-11.0250 2.7150 0.0000 1.0000
-9.3750 2.7150 0.0000 1.0000
-9.2850 2.7150 0.0000 1.0000
-0.0150 2.7150 0.0000 1.0000
0.0450 2.7150 0.0000 1.0000
0.1050 2.7150 0.0000 1.0000
0.1350 2.7150 0.0000 1.0000
0.1650 2.7150 0.0000 1.0000
0.2250 2.7150 0.0000 1.0000
1.9050 2.7150 0.0000 1.0000
1.9350 2.7150 0.0000 1.0000
1.9650 2.7150 0.0000 1.0000
2.0250 2.7150 0.0000 1.0000
2.0850 2.7150 0.0000 1.0000
2.1150 2.7150 0.0000 1.0000
2.1750 2.7150 0.0000 1.0000
7.3050 2.7150 0.0000 1.0000
7.3350 2.7150 0.0000 1.0000
7.6050 2.7150 0.0000 1.0000
7.6350 2.7150 0.0000 1.0000
7.6650 2.7150 0.0000 1.0000
7.6950 2.7150 0.0000 1.0000
7.7550 2.7150 0.0000 1.0000
8.7450 2.7150 0.0000 1.0000
-11.0850 2.6850 0.0000 1.0000
-11.0550 2.6850 0.0000 1.0000
-10.9350 2.6850 0.0000 1.0000
-9.2850 2.6850 0.0000 1.0000
-0.1950 2.6850 0.0000 1.0000
-0.1650 2.6850 0.0000 1.0000
0.0450 2.6850 0.0000 1.0000
1.8750 2.6850 0.0000 1.0000
1.9050 2.6850 0.0000 1.0000
1.9350 2.6850 0.0000 1.0000
1.9650 2.6850 0.0000 1.0000
1.9950 2.6850 0.0000 1.0000
2.0250 2.6850 0.0000 1.0000
2.0850 2.6850 0.0000 1.0000
2.1150 2.6850 0.0000 1.0000
2.1750 2.6850 0.0000 1.0000
2.2050 2.6850 0.0000 1.0000
-11.0850 2.6550 0.0000 1.0000
-11.0550 2.6550 0.0000 1.0000
-11.0250 2.6550 0.0000 1.0000
-10.9950 2.6550 0.0000 1.0000
-10.9650 2.6550 0.0000 1.0000
-10.9050 2.6550 0.0000 1.0000
-9.3450 2.6550 0.0000 1.0000
-9.3150 2.6550 0.0000 1.0000
-0.1950 2.6550 0.0000 1.0000
0.0450 2.6550 0.0000 1.0000
0.1650 2.6550 0.0000 1.0000
1.8150 2.6550 0.0000 1.0000
1.8750 2.6550 0.0000 1.0000
1.9350 2.6550 0.0000 1.0000
1.9650 2.6550 0.0000 1.0000
2.0550 2.6550 0.0000 1.0000
2.1750 2.6550 0.0000 1.0000
2.2050 2.6550 0.0000 1.0000
7.3650 2.6550 0.0000 1.0000
7.6650 2.6550 0.0000 1.0000
7.6950 2.6550 0.0000 1.0000
7.7250 2.6550 0.0000 1.0000
7.7850 2.6550 0.0000 1.0000
7.8150 2.6550 0.0000 1.0000
7.8450 2.6550 0.0000 1.0000
8.2650 2.6550 0.0000 1.0000
-11.0850 2.6250 0.0000 1.0000
-11.0550 2.6250 0.0000 1.0000
-11.0250 2.6250 0.0000 1.0000
-10.9950 2.6250 0.0000 1.0000
-10.9650 2.6250 0.0000 1.0000
-10.9350 2.6250 0.0000 1.0000
-9.0750 2.6250 0.0000 1.0000
-9.0450 2.6250 0.0000 1.0000
-0.1950 2.6250 0.0000 1.0000
-0.0450 2.6250 0.0000 1.0000
-0.0150 2.6250 0.0000 1.0000
0.0150 2.6250 0.0000 1.0000
0.0450 2.6250 0.0000 1.0000
0.2250 2.6250 0.0000 1.0000
1.8150 2.6250 0.0000 1.0000
1.9050 2.6250 0.0000 1.0000
1.9350 2.6250 0.0000 1.0000
6.9750 2.6250 0.0000 1.0000
7.4550 2.6250 0.0000 1.0000
7.5150 2.6250 0.0000 1.0000
7.5450 2.6250 0.0000 1.0000
7.5750 2.6250 0.0000 1.0000
7.6050 2.6250 0.0000 1.0000
7.6350 2.6250 0.0000 1.0000
7.8150 2.6250 0.0000 1.0000
-11.0850 2.5950 0.0000 1.0000
-10.9950 2.5950 0.0000 1.0000
-10.9650 2.5950 0.0000 1.0000
-10.9350 2.5950 0.0000 1.0000
-9.3750 2.5950 0.0000 1.0000
-9.0450 2.5950 0.0000 1.0000
0.0450 2.5950 0.0000 1.0000
1.8450 2.5950 0.0000 1.0000
1.8750 2.5950 0.0000 1.0000
1.9050 2.5950 0.0000 1.0000
1.9350 2.5950 0.0000 1.0000
1.9650 2.5950 0.0000 1.0000
2.0250 2.5950 0.0000 1.0000
2.0850 2.5950 0.0000 1.0000
7.0050 2.5950 0.0000 1.0000
7.0350 2.5950 0.0000 1.0000
8.0550 2.5950 0.0000 1.0000
-10.9650 2.5650 0.0000 1.0000
-10.9350 2.5650 0.0000 1.0000
-9.3450 2.5650 0.0000 1.0000
-0.1650 2.5650 0.0000 1.0000
-0.0150 2.5650 0.0000 1.0000
1.9050 2.5650 0.0000 1.0000
1.9350 2.5650 0.0000 1.0000
1.9650 2.5650 0.0000 1.0000
1.9950 2.5650 0.0000 1.0000
7.9350 2.5650 0.0000 1.0000
8.0250 2.5650 0.0000 1.0000
8.0550 2.5650 0.0000 1.0000
8.0850 2.5650 0.0000 1.0000
8.1150 2.5650 0.0000 1.0000
-10.9350 2.5350 0.0000 1.0000
-9.3750 2.5350 0.0000 1.0000
-9.3450 2.5350 0.0000 1.0000
-0.1950 2.5350 0.0000 1.0000
-0.1650 2.5350 0.0000 1.0000
1.9050 2.5350 0.0000 1.0000
1.9650 2.5350 0.0000 1.0000
7.4250 2.5350 0.0000 1.0000
7.4850 2.5350 0.0000 1.0000
7.5150 2.5350 0.0000 1.0000
7.5450 2.5350 0.0000 1.0000
7.8750 2.5350 0.0000 1.0000
7.9350 2.5350 0.0000 1.0000
8.0250 2.5350 0.0000 1.0000
8.0550 2.5350 0.0000 1.0000
8.0850 2.5350 0.0000 1.0000
8.1450 2.5350 0.0000 1.0000
8.1750 2.5350 0.0000 1.0000
8.2050 2.5350 0.0000 1.0000
8.3250 2.5350 0.0000 1.0000
8.3850 2.5350 0.0000 1.0000
8.4150 2.5350 0.0000 1.0000
-10.9950 2.5050 0.0000 1.0000
-10.9350 2.5050 0.0000 1.0000
-10.9050 2.5050 0.0000 1.0000
-9.3750 2.5050 0.0000 1.0000
0.1050 2.5050 0.0000 1.0000
0.1350 2.5050 0.0000 1.0000
1.8750 2.5050 0.0000 1.0000
7.8150 2.5050 0.0000 1.0000
7.8450 2.5050 0.0000 1.0000
7.8750 2.5050 0.0000 1.0000
7.9650 2.5050 0.0000 1.0000
7.9950 2.5050 0.0000 1.0000
8.0250 2.5050 0.0000 1.0000
-10.9650 2.4750 0.0000 1.0000
-10.9350 2.4750 0.0000 1.0000
-10.9050 2.4750 0.0000 1.0000
-9.0450 2.4750 0.0000 1.0000
-0.1650 2.4750 0.0000 1.0000
0.0750 2.4750 0.0000 1.0000
0.1050 2.4750 0.0000 1.0000
0.1350 2.4750 0.0000 1.0000
0.1950 2.4750 0.0000 1.0000
1.7550 2.4750 0.0000 1.0000
1.8450 2.4750 0.0000 1.0000
1.9350 2.4750 0.0000 1.0000
1.9650 2.4750 0.0000 1.0000
1.9950 2.4750 0.0000 1.0000
2.0550 2.4750 0.0000 1.0000
7.9050 2.4750 0.0000 1.0000
-11.0550 2.4450 0.0000 1.0000
-10.9950 2.4450 0.0000 1.0000
-10.9650 2.4450 0.0000 1.0000
-10.9350 2.4450 0.0000 1.0000
-9.0450 2.4450 0.0000 1.0000
-0.1650 2.4450 0.0000 1.0000
1.8450 2.4450 0.0000 1.0000
1.8750 2.4450 0.0000 1.0000
1.9050 2.4450 0.0000 1.0000
1.9650 2.4450 0.0000 1.0000
2.0850 2.4450 0.0000 1.0000
8.1150 2.4450 0.0000 1.0000
8.1450 2.4450 0.0000 1.0000
8.1750 2.4450 0.0000 1.0000
8.2350 2.4450 0.0000 1.0000
8.2650 2.4450 0.0000 1.0000
8.2950 2.4450 0.0000 1.0000
-11.0850 2.4150 0.0000 1.0000
-10.9350 2.4150 0.0000 1.0000
-9.4350 2.4150 0.0000 1.0000
-9.4050 2.4150 0.0000 1.0000
-9.0450 2.4150 0.0000 1.0000
-0.1650 2.4150 0.0000 1.0000
0.0750 2.4150 0.0000 1.0000
0.1050 2.4150 0.0000 1.0000
0.1350 2.4150 0.0000 1.0000
0.1650 2.4150 0.0000 1.0000
0.1950 2.4150 0.0000 1.0000
1.8450 2.4150 0.0000 1.0000
1.8750 2.4150 0.0000 1.0000
1.9050 2.4150 0.0000 1.0000
1.9350 2.4150 0.0000 1.0000
1.9650 2.4150 0.0000 1.0000
2.0250 2.4150 0.0000 1.0000
8.3250 2.4150 0.0000 1.0000
-11.0550 2.3850 0.0000 1.0000
-10.9650 2.3850 0.0000 1.0000
-10.8150 2.3850 0.0000 1.0000
-9.4350 2.3850 0.0000 1.0000
-9.4050 2.3850 0.0000 1.0000
-9.3750 2.3850 0.0000 1.0000
-9.0450 2.3850 0.0000 1.0000
-0.1650 2.3850 0.0000 1.0000
0.1050 2.3850 0.0000 1.0000
0.1350 2.3850 0.0000 1.0000
1.6350 2.3850 0.0000 1.0000
1.8450 2.3850 0.0000 1.0000
1.8750 2.3850 0.0000 1.0000
1.9050 2.3850 0.0000 1.0000
1.9350 2.3850 0.0000 1.0000
1.9650 2.3850 0.0000 1.0000
1.9950 2.3850 0.0000 1.0000
2.0550 2.3850 0.0000 1.0000
-11.2650 2.3550 0.0000 1.0000
-11.0550 2.3550 0.0000 1.0000
-11.0250 2.3550 0.0000 1.0000
-10.9950 2.3550 0.0000 1.0000
-10.9650 2.3550 0.0000 1.0000
-10.9350 2.3550 0.0000 1.0000
-10.8450 2.3550 0.0000 1.0000
-10.8150 2.3550 0.0000 1.0000
-9.4350 2.3550 0.0000 1.0000
-9.0450 2.3550 0.0000 1.0000
-0.1650 2.3550 0.0000 1.0000
0.1050 2.3550 0.0000 1.0000
0.1350 2.3550 0.0000 1.0000
1.8450 2.3550 0.0000 1.0000
1.8750 2.3550 0.0000 1.0000
1.9050 2.3550 0.0000 1.0000
1.9350 2.3550 0.0000 1.0000
1.9650 2.3550 0.0000 1.0000
1.9950 2.3550 0.0000 1.0000
2.0250 2.3550 0.0000 1.0000
2.0550 2.3550 0.0000 1.0000
-11.2950 2.3250 0.0000 1.0000
-11.2650 2.3250 0.0000 1.0000
-11.1450 2.3250 0.0000 1.0000
-11.1150 2.3250 0.0000 1.0000
-11.0850 2.3250 0.0000 1.0000
-10.9950 2.3250 0.0000 1.0000
-10.9650 2.3250 0.0000 1.0000
-10.9350 2.3250 0.0000 1.0000
-10.9050 2.3250 0.0000 1.0000
-9.4350 2.3250 0.0000 1.0000
-9.3750 2.3250 0.0000 1.0000
-9.3150 2.3250 0.0000 1.0000
-9.2850 2.3250 0.0000 1.0000
-9.0750 2.3250 0.0000 1.0000
-9.0450 2.3250 0.0000 1.0000
0.1050 2.3250 0.0000 1.0000
0.1350 2.3250 0.0000 1.0000
1.8750 2.3250 0.0000 1.0000
1.9050 2.3250 0.0000 1.0000
1.9350 2.3250 0.0000 1.0000
1.9650 2.3250 0.0000 1.0000
1.9950 2.3250 0.0000 1.0000
2.0250 2.3250 0.0000 1.0000
2.0550 2.3250 0.0000 1.0000
6.8250 2.3250 0.0000 1.0000
-11.3550 2.2950 0.0000 1.0000
-11.2650 2.2950 0.0000 1.0000
-11.2050 2.2950 0.0000 1.0000
-11.1750 2.2950 0.0000 1.0000
-11.1450 2.2950 0.0000 1.0000
-11.1150 2.2950 0.0000 1.0000
-11.0850 2.2950 0.0000 1.0000
-11.0250 2.2950 0.0000 1.0000
-10.9950 2.2950 0.0000 1.0000
-10.9650 2.2950 0.0000 1.0000
-10.9350 2.2950 0.0000 1.0000
-10.9050 2.2950 0.0000 1.0000
-10.8750 2.2950 0.0000 1.0000
-10.8450 2.2950 0.0000 1.0000
-9.2850 2.2950 0.0000 1.0000
-9.2550 2.2950 0.0000 1.0000
-9.0750 2.2950 0.0000 1.0000
-0.1050 2.2950 0.0000 1.0000
0.0750 2.2950 0.0000 1.0000
0.1050 2.2950 0.0000 1.0000
0.1350 2.2950 0.0000 1.0000
1.8750 2.2950 0.0000 1.0000
1.9050 2.2950 0.0000 1.0000
1.9350 2.2950 0.0000 1.0000
1.9650 2.2950 0.0000 1.0000
1.9950 2.2950 0.0000 1.0000
2.0250 2.2950 0.0000 1.0000
2.0550 2.2950 0.0000 1.0000
2.0850 2.2950 0.0000 1.0000
2.1150 2.2950 0.0000 1.0000
2.1450 2.2950 0.0000 1.0000
6.8550 2.2950 0.0000 1.0000
6.8850 2.2950 0.0000 1.0000
6.9450 2.2950 0.0000 1.0000
-11.5650 2.2650 0.0000 1.0000
-11.5350 2.2650 0.0000 1.0000
-11.5050 2.2650 0.0000 1.0000
-11.4150 2.2650 0.0000 1.0000
-11.3850 2.2650 0.0000 1.0000
-11.3550 2.2650 0.0000 1.0000
-11.2950 2.2650 0.0000 1.0000
-11.2350 2.2650 0.0000 1.0000
-11.2050 2.2650 0.0000 1.0000
-11.1750 2.2650 0.0000 1.0000
-11.1150 2.2650 0.0000 1.0000
-11.0250 2.2650 0.0000 1.0000
-10.9950 2.2650 0.0000 1.0000
-10.8450 2.2650 0.0000 1.0000
-0.1350 2.2650 0.0000 1.0000
0.0450 2.2650 0.0000 1.0000
0.0750 2.2650 0.0000 1.0000
1.9050 2.2650 0.0000 1.0000
1.9350 2.2650 0.0000 1.0000
1.9950 2.2650 0.0000 1.0000
2.0250 2.2650 0.0000 1.0000
2.0550 2.2650 0.0000 1.0000
2.0850 2.2650 0.0000 1.0000
2.1150 2.2650 0.0000 1.0000
2.1450 2.2650 0.0000 1.0000
2.1750 2.2650 0.0000 1.0000
2.2350 2.2650 0.0000 1.0000
2.2950 2.2650 0.0000 1.0000
7.3650 2.2650 0.0000 1.0000
7.3950 2.2650 0.0000 1.0000
7.4550 2.2650 0.0000 1.0000
7.4850 2.2650 0.0000 1.0000
-11.5950 2.2350 0.0000 1.0000
-11.4450 2.2350 0.0000 1.0000
-11.4150 2.2350 0.0000 1.0000
-11.2950 2.2350 0.0000 1.0000
-11.1450 2.2350 0.0000 1.0000
-11.1150 2.2350 0.0000 1.0000
-11.0850 2.2350 0.0000 1.0000
-10.9650 2.2350 0.0000 1.0000
-9.3450 2.2350 0.0000 1.0000
-9.2550 2.2350 0.0000 1.0000
-9.2250 2.2350 0.0000 1.0000
0.0450 2.2350 0.0000 1.0000
0.0750 2.2350 0.0000 1.0000
1.9050 2.2350 0.0000 1.0000
1.9350 2.2350 0.0000 1.0000
2.0850 2.2350 0.0000 1.0000
2.1150 2.2350 0.0000 1.0000
2.1450 2.2350 0.0000 1.0000
2.1750 2.2350 0.0000 1.0000
2.2950 2.2350 0.0000 1.0000
2.3250 2.2350 0.0000 1.0000
8.5650 2.2350 0.0000 1.0000
8.6250 2.2350 0.0000 1.0000
8.6550 2.2350 0.0000 1.0000
8.6850 2.2350 0.0000 1.0000
8.7450 2.2350 0.0000 1.0000
-11.5950 2.2050 0.0000 1.0000
-11.5650 2.2050 0.0000 1.0000
-11.5350 2.2050 0.0000 1.0000
-11.2950 2.2050 0.0000 1.0000
-9.4050 2.2050 0.0000 1.0000
-9.3750 2.2050 0.0000 1.0000
-9.3450 2.2050 0.0000 1.0000
0.0450 2.2050 0.0000 1.0000
1.9650 2.2050 0.0000 1.0000
2.0250 2.2050 0.0000 1.0000
2.0550 2.2050 0.0000 1.0000
2.0850 2.2050 0.0000 1.0000
2.1450 2.2050 0.0000 1.0000
2.1750 2.2050 0.0000 1.0000
2.2950 2.2050 0.0000 1.0000
7.5150 2.2050 0.0000 1.0000
-11.6250 2.1750 0.0000 1.0000
-11.5950 2.1750 0.0000 1.0000
-11.5650 2.1750 0.0000 1.0000
-11.4150 2.1750 0.0000 1.0000
-11.2650 2.1750 0.0000 1.0000
-9.4050 2.1750 0.0000 1.0000
-9.3750 2.1750 0.0000 1.0000
0.0150 2.1750 0.0000 1.0000
0.0450 2.1750 0.0000 1.0000
0.0750 2.1750 0.0000 1.0000
0.2250 2.1750 0.0000 1.0000
0.2550 2.1750 0.0000 1.0000
0.3150 2.1750 0.0000 1.0000
1.8750 2.1750 0.0000 1.0000
1.9050 2.1750 0.0000 1.0000
1.9950 2.1750 0.0000 1.0000
2.0250 2.1750 0.0000 1.0000
2.0850 2.1750 0.0000 1.0000
2.1750 2.1750 0.0000 1.0000
2.2650 2.1750 0.0000 1.0000
2.2950 2.1750 0.0000 1.0000
7.5450 2.1750 0.0000 1.0000
-11.6250 2.1450 0.0000 1.0000
-11.5950 2.1450 0.0000 1.0000
-11.5650 2.1450 0.0000 1.0000
-9.4050 2.1450 0.0000 1.0000
-9.3450 2.1450 0.0000 1.0000
-9.1950 2.1450 0.0000 1.0000
-9.1650 2.1450 0.0000 1.0000
1.8750 2.1450 0.0000 1.0000
2.0850 2.1450 0.0000 1.0000
2.2950 2.1450 0.0000 1.0000
2.3250 2.1450 0.0000 1.0000
-11.6250 2.1150 0.0000 1.0000
-11.5950 2.1150 0.0000 1.0000
-11.5650 2.1150 0.0000 1.0000
-11.4450 2.1150 0.0000 1.0000
-9.4050 2.1150 0.0000 1.0000
-9.3750 2.1150 0.0000 1.0000
-9.3450 2.1150 0.0000 1.0000
0.1050 2.1150 0.0000 1.0000
0.2250 2.1150 0.0000 1.0000
2.0850 2.1150 0.0000 1.0000
2.2950 2.1150 0.0000 1.0000
2.3250 2.1150 0.0000 1.0000
-11.6250 2.0850 0.0000 1.0000
-11.5950 2.0850 0.0000 1.0000
-9.3750 2.0850 0.0000 1.0000
-9.3450 2.0850 0.0000 1.0000
0.0450 2.0850 0.0000 1.0000
0.0750 2.0850 0.0000 1.0000
0.1350 2.0850 0.0000 1.0000
2.2950 2.0850 0.0000 1.0000
-11.6250 2.0550 0.0000 1.0000
-11.5950 2.0550 0.0000 1.0000
-9.4050 2.0550 0.0000 1.0000
-9.3750 2.0550 0.0000 1.0000
-9.3450 2.0550 0.0000 1.0000
0.1050 2.0550 0.0000 1.0000
2.2950 2.0550 0.0000 1.0000
2.3250 2.0550 0.0000 1.0000
8.4150 2.0550 0.0000 1.0000
8.4450 2.0550 0.0000 1.0000
-11.6250 2.0250 0.0000 1.0000
-11.5950 2.0250 0.0000 1.0000
-9.6150 2.0250 0.0000 1.0000
-9.4050 2.0250 0.0000 1.0000
-9.3750 2.0250 0.0000 1.0000
0.0150 2.0250 0.0000 1.0000
0.0750 2.0250 0.0000 1.0000
0.1950 2.0250 0.0000 1.0000
2.2950 2.0250 0.0000 1.0000
2.3250 2.0250 0.0000 1.0000
13.0350 2.0250 0.0000 1.0000
13.1250 2.0250 0.0000 1.0000
-11.5950 1.9950 0.0000 1.0000
-11.5650 1.9950 0.0000 1.0000
-9.6750 1.9950 0.0000 1.0000
-9.6450 1.9950 0.0000 1.0000
-9.6150 1.9950 0.0000 1.0000
-9.5850 1.9950 0.0000 1.0000
-9.5250 1.9950 0.0000 1.0000
-9.4950 1.9950 0.0000 1.0000
-9.4650 1.9950 0.0000 1.0000
-9.4350 1.9950 0.0000 1.0000
-9.4050 1.9950 0.0000 1.0000
-9.3750 1.9950 0.0000 1.0000
-9.3450 1.9950 0.0000 1.0000
-9.3150 1.9950 0.0000 1.0000
-9.2850 1.9950 0.0000 1.0000
0.0750 1.9950 0.0000 1.0000
2.2950 1.9950 0.0000 1.0000
2.3250 1.9950 0.0000 1.0000
12.8250 1.9950 0.0000 1.0000
12.8850 1.9950 0.0000 1.0000
12.9150 1.9950 0.0000 1.0000
13.1850 1.9950 0.0000 1.0000
13.2150 1.9950 0.0000 1.0000
-11.5950 1.9650 0.0000 1.0000
-11.5650 1.9650 0.0000 1.0000
-9.6450 1.9650 0.0000 1.0000
-9.6150 1.9650 0.0000 1.0000
-9.5850 1.9650 0.0000 1.0000
-9.5550 1.9650 0.0000 1.0000
-9.5250 1.9650 0.0000 1.0000
-9.4950 1.9650 0.0000 1.0000
-9.4650 1.9650 0.0000 1.0000
-9.4350 1.9650 0.0000 1.0000
-9.4050 1.9650 0.0000 1.0000
-9.3750 1.9650 0.0000 1.0000
-9.3450 1.9650 0.0000 1.0000
0.0750 1.9650 0.0000 1.0000
0.1650 1.9650 0.0000 1.0000
2.2950 1.9650 0.0000 1.0000
2.3250 1.9650 0.0000 1.0000
12.6150 1.9650 0.0000 1.0000
12.7050 1.9650 0.0000 1.0000
12.7350 1.9650 0.0000 1.0000
12.7650 1.9650 0.0000 1.0000
12.7950 1.9650 0.0000 1.0000
12.8550 1.9650 0.0000 1.0000
12.8850 1.9650 0.0000 1.0000
12.9150 1.9650 0.0000 1.0000
12.9450 1.9650 0.0000 1.0000
13.1550 1.9650 0.0000 1.0000
13.3050 1.9650 0.0000 1.0000
-11.6250 1.9350 0.0000 1.0000
-11.5650 1.9350 0.0000 1.0000
-9.6450 1.9350 0.0000 1.0000
-9.6150 1.9350 0.0000 1.0000
-9.5550 1.9350 0.0000 1.0000
-9.5250 1.9350 0.0000 1.0000
-9.4050 1.9350 0.0000 1.0000
0.0150 1.9350 0.0000 1.0000
0.0450 1.9350 0.0000 1.0000
2.2950 1.9350 0.0000 1.0000
2.3250 1.9350 0.0000 1.0000
8.5050 1.9350 0.0000 1.0000
8.5350 1.9350 0.0000 1.0000
12.5850 1.9350 0.0000 1.0000
12.6150 1.9350 0.0000 1.0000
12.6450 1.9350 0.0000 1.0000
12.6750 1.9350 0.0000 1.0000
12.7050 1.9350 0.0000 1.0000
12.7350 1.9350 0.0000 1.0000
12.9750 1.9350 0.0000 1.0000
13.0950 1.9350 0.0000 1.0000
13.1850 1.9350 0.0000 1.0000
-11.5950 1.9050 0.0000 1.0000
-9.6150 1.9050 0.0000 1.0000
-9.5850 1.9050 0.0000 1.0000
-9.5250 1.9050 0.0000 1.0000
-9.4050 1.9050 0.0000 1.0000
-9.3750 1.9050 0.0000 1.0000
-9.1950 1.9050 0.0000 1.0000
0.1050 1.9050 0.0000 1.0000
2.2950 1.9050 0.0000 1.0000
2.3250 1.9050 0.0000 1.0000
2.3550 1.9050 0.0000 1.0000
12.4650 1.9050 0.0000 1.0000
12.5250 1.9050 0.0000 1.0000
12.5550 1.9050 0.0000 1.0000
12.5850 1.9050 0.0000 1.0000
12.6450 1.9050 0.0000 1.0000
12.7050 1.9050 0.0000 1.0000
12.7350 1.9050 0.0000 1.0000
12.7950 1.9050 0.0000 1.0000
12.8250 1.9050 0.0000 1.0000
12.9150 1.9050 0.0000 1.0000
13.0350 1.9050 0.0000 1.0000
13.0650 1.9050 0.0000 1.0000
13.0950 1.9050 0.0000 1.0000
13.1850 1.9050 0.0000 1.0000
13.2150 1.9050 0.0000 1.0000
13.3950 1.9050 0.0000 1.0000
-11.5950 1.8750 0.0000 1.0000
-11.5650 1.8750 0.0000 1.0000
-9.6150 1.8750 0.0000 1.0000
-9.3450 1.8750 0.0000 1.0000
-9.1950 1.8750 0.0000 1.0000
-0.1350 1.8750 0.0000 1.0000
0.1050 1.8750 0.0000 1.0000
0.1350 1.8750 0.0000 1.0000
2.2950 1.8750 0.0000 1.0000
2.3250 1.8750 0.0000 1.0000
2.3550 1.8750 0.0000 1.0000
12.3450 1.8750 0.0000 1.0000
12.4350 1.8750 0.0000 1.0000
12.4650 1.8750 0.0000 1.0000
12.4950 1.8750 0.0000 1.0000
12.5250 1.8750 0.0000 1.0000
12.5550 1.8750 0.0000 1.0000
12.8850 1.8750 0.0000 1.0000
13.0050 1.8750 0.0000 1.0000
13.1550 1.8750 0.0000 1.0000
13.2750 1.8750 0.0000 1.0000
13.3050 1.8750 0.0000 1.0000
13.3350 1.8750 0.0000 1.0000
-11.5950 1.8450 0.0000 1.0000
-11.5650 1.8450 0.0000 1.0000
-0.1950 1.8450 0.0000 1.0000
-0.1650 1.8450 0.0000 1.0000
0.1350 1.8450 0.0000 1.0000
0.1950 1.8450 0.0000 1.0000
2.2950 1.8450 0.0000 1.0000
2.3250 1.8450 0.0000 1.0000
2.3550 1.8450 0.0000 1.0000
12.3150 1.8450 0.0000 1.0000
12.4350 1.8450 0.0000 1.0000
12.4650 1.8450 0.0000 1.0000
12.9750 1.8450 0.0000 1.0000
13.4850 1.8450 0.0000 1.0000
-11.5950 1.8150 0.0000 1.0000
-11.5650 1.8150 0.0000 1.0000
-9.4950 1.8150 0.0000 1.0000
-0.3150 1.8150 0.0000 1.0000
-0.2250 1.8150 0.0000 1.0000
-0.1950 1.8150 0.0000 1.0000
0.1050 1.8150 0.0000 1.0000
0.1350 1.8150 0.0000 1.0000
2.2950 1.8150 0.0000 1.0000
2.3250 1.8150 0.0000 1.0000
2.3550 1.8150 0.0000 1.0000
12.3150 1.8150 0.0000 1.0000
12.4050 1.8150 0.0000 1.0000
12.4350 1.8150 0.0000 1.0000
12.9450 1.8150 0.0000 1.0000
13.3650 1.8150 0.0000 1.0000
-11.5950 1.7850 0.0000 1.0000
-11.5650 1.7850 0.0000 1.0000
-9.5250 1.7850 0.0000 1.0000
-9.4950 1.7850 0.0000 1.0000
-9.4650 1.7850 0.0000 1.0000
-0.3150 1.7850 0.0000 1.0000
0.0450 1.7850 0.0000 1.0000
2.2950 1.7850 0.0000 1.0000
2.3250 1.7850 0.0000 1.0000
2.3550 1.7850 0.0000 1.0000
12.2850 1.7850 0.0000 1.0000
12.3150 1.7850 0.0000 1.0000
12.3450 1.7850 0.0000 1.0000
12.3750 1.7850 0.0000 1.0000
13.4550 1.7850 0.0000 1.0000
-11.5950 1.7550 0.0000 1.0000
-11.5650 1.7550 0.0000 1.0000
-9.5850 1.7550 0.0000 1.0000
-9.5250 1.7550 0.0000 1.0000
-9.4950 1.7550 0.0000 1.0000
-9.4650 1.7550 0.0000 1.0000
-9.4350 1.7550 0.0000 1.0000
-0.3450 1.7550 0.0000 1.0000
-0.3150 1.7550 0.0000 1.0000
-0.1950 1.7550 0.0000 1.0000
-0.1650 1.7550 0.0000 1.0000
-0.0750 1.7550 0.0000 1.0000
-0.0150 1.7550 0.0000 1.0000
0.3450 1.7550 0.0000 1.0000
2.2950 1.7550 0.0000 1.0000
2.3250 1.7550 0.0000 1.0000
12.2550 1.7550 0.0000 1.0000
12.3150 1.7550 0.0000 1.0000
12.3450 1.7550 0.0000 1.0000
-11.5650 1.7250 0.0000 1.0000
-11.5350 1.7250 0.0000 1.0000
-9.5550 1.7250 0.0000 1.0000
-9.5250 1.7250 0.0000 1.0000
-9.4350 1.7250 0.0000 1.0000
-0.3450 1.7250 0.0000 1.0000
-0.3150 1.7250 0.0000 1.0000
2.2950 1.7250 0.0000 1.0000
2.3250 1.7250 0.0000 1.0000
12.1950 1.7250 0.0000 1.0000
12.2250 1.7250 0.0000 1.0000
12.2550 1.7250 0.0000 1.0000
12.2850 1.7250 0.0000 1.0000
-11.5650 1.6950 0.0000 1.0000
-9.5550 1.6950 0.0000 1.0000
-9.5250 1.6950 0.0000 1.0000
-9.4950 1.6950 0.0000 1.0000
-0.3450 1.6950 0.0000 1.0000
-0.3150 1.6950 0.0000 1.0000
2.2950 1.6950 0.0000 1.0000
2.3250 1.6950 0.0000 1.0000
2.3550 1.6950 0.0000 1.0000
12.1050 1.6950 0.0000 1.0000
12.1350 1.6950 0.0000 1.0000
12.1650 1.6950 0.0000 1.0000
12.1950 1.6950 0.0000 1.0000
12.2550 1.6950 0.0000 1.0000
-11.5650 1.6650 0.0000 1.0000
-11.5350 1.6650 0.0000 1.0000
-9.5250 1.6650 0.0000 1.0000
-9.4950 1.6650 0.0000 1.0000
-0.3750 1.6650 0.0000 1.0000
-0.3450 1.6650 0.0000 1.0000
2.2950 1.6650 0.0000 1.0000
2.3250 1.6650 0.0000 1.0000
12.0450 1.6650 0.0000 1.0000
12.0750 1.6650 0.0000 1.0000
12.1050 1.6650 0.0000 1.0000
12.1350 1.6650 0.0000 1.0000
12.1650 1.6650 0.0000 1.0000
12.1950 1.6650 0.0000 1.0000
12.2250 1.6650 0.0000 1.0000
-11.5350 1.6350 0.0000 1.0000
-9.4350 1.6350 0.0000 1.0000
-9.4050 1.6350 0.0000 1.0000
-9.3750 1.6350 0.0000 1.0000
-0.4050 1.6350 0.0000 1.0000
-0.3750 1.6350 0.0000 1.0000
-0.3450 1.6350 0.0000 1.0000
-0.3150 1.6350 0.0000 1.0000
2.2950 1.6350 0.0000 1.0000
2.3250 1.6350 0.0000 1.0000
2.3550 1.6350 0.0000 1.0000
2.3850 1.6350 0.0000 1.0000
11.9850 1.6350 0.0000 1.0000
12.0450 1.6350 0.0000 1.0000
12.1050 1.6350 0.0000 1.0000
12.1350 1.6350 0.0000 1.0000
12.2850 1.6350 0.0000 1.0000
-11.5950 1.6050 0.0000 1.0000
-11.5350 1.6050 0.0000 1.0000
-9.4950 1.6050 0.0000 1.0000
-9.4650 1.6050 0.0000 1.0000
-9.4050 1.6050 0.0000 1.0000
-0.3750 1.6050 0.0000 1.0000
-0.3450 1.6050 0.0000 1.0000
-0.3150 1.6050 0.0000 1.0000
2.2950 1.6050 0.0000 1.0000
2.3250 1.6050 0.0000 1.0000
2.3550 1.6050 0.0000 1.0000
6.8550 1.6050 0.0000 1.0000
6.8850 1.6050 0.0000 1.0000
6.9450 1.6050 0.0000 1.0000
11.9550 1.6050 0.0000 1.0000
12.0150 1.6050 0.0000 1.0000
12.0750 1.6050 0.0000 1.0000
12.1050 1.6050 0.0000 1.0000
-11.5950 1.5750 0.0000 1.0000
-11.5650 1.5750 0.0000 1.0000
-11.1450 1.5750 0.0000 1.0000
-9.4950 1.5750 0.0000 1.0000
-9.4650 1.5750 0.0000 1.0000
-0.3750 1.5750 0.0000 1.0000
-0.3450 1.5750 0.0000 1.0000
2.2950 1.5750 0.0000 1.0000
2.3250 1.5750 0.0000 1.0000
2.3550 1.5750 0.0000 1.0000
6.8550 1.5750 0.0000 1.0000
6.8850 1.5750 0.0000 1.0000
11.9250 1.5750 0.0000 1.0000
11.9850 1.5750 0.0000 1.0000
12.0150 1.5750 0.0000 1.0000
12.1050 1.5750 0.0000 1.0000
-11.5950 1.5450 0.0000 1.0000
-11.5350 1.5450 0.0000 1.0000
-11.1450 1.5450 0.0000 1.0000
-9.5250 1.5450 0.0000 1.0000
-9.4350 1.5450 0.0000 1.0000
-9.3450 1.5450 0.0000 1.0000
-0.4050 1.5450 0.0000 1.0000
-0.3450 1.5450 0.0000 1.0000
-0.3150 1.5450 0.0000 1.0000
2.2950 1.5450 0.0000 1.0000
2.3250 1.5450 0.0000 1.0000
2.3550 1.5450 0.0000 1.0000
11.9550 1.5450 0.0000 1.0000
11.9850 1.5450 0.0000 1.0000
12.0450 1.5450 0.0000 1.0000
12.0750 1.5450 0.0000 1.0000
-11.5650 1.5150 0.0000 1.0000
-11.1750 1.5150 0.0000 1.0000
-11.1450 1.5150 0.0000 1.0000
-11.0550 1.5150 0.0000 1.0000
-9.4950 1.5150 0.0000 1.0000
-9.4350 1.5150 0.0000 1.0000
-9.4050 1.5150 0.0000 1.0000
-0.3750 1.5150 0.0000 1.0000
-0.3450 1.5150 0.0000 1.0000
-0.3150 1.5150 0.0000 1.0000
2.3250 1.5150 0.0000 1.0000
2.3550 1.5150 0.0000 1.0000
11.9550 1.5150 0.0000 1.0000
11.9850 1.5150 0.0000 1.0000
12.0450 1.5150 0.0000 1.0000
12.1050 1.5150 0.0000 1.0000
-11.5650 1.4850 0.0000 1.0000
-11.5350 1.4850 0.0000 1.0000
-11.5050 1.4850 0.0000 1.0000
-11.4750 1.4850 0.0000 1.0000
-11.4150 1.4850 0.0000 1.0000
-11.3850 1.4850 0.0000 1.0000
-11.3550 1.4850 0.0000 1.0000
-11.3250 1.4850 0.0000 1.0000
-11.2650 1.4850 0.0000 1.0000
-11.2350 1.4850 0.0000 1.0000
-11.0550 1.4850 0.0000 1.0000
-9.4650 1.4850 0.0000 1.0000
-9.3750 1.4850 0.0000 1.0000
-9.3450 1.4850 0.0000 1.0000
-0.3750 1.4850 0.0000 1.0000
-0.3450 1.4850 0.0000 1.0000
-0.3150 1.4850 0.0000 1.0000
1.7850 1.4850 0.0000 1.0000
1.8450 1.4850 0.0000 1.0000
2.2950 1.4850 0.0000 1.0000
2.3250 1.4850 0.0000 1.0000
2.3550 1.4850 0.0000 1.0000
11.9250 1.4850 0.0000 1.0000
12.0450 1.4850 0.0000 1.0000
12.6150 1.4850 0.0000 1.0000
-11.4750 1.4550 0.0000 1.0000
-11.4450 1.4550 0.0000 1.0000
-11.4150 1.4550 0.0000 1.0000
-11.1750 1.4550 0.0000 1.0000
-11.0850 1.4550 0.0000 1.0000
-11.0550 1.4550 0.0000 1.0000
-9.3450 1.4550 0.0000 1.0000
-9.3150 1.4550 0.0000 1.0000
-0.4050 1.4550 0.0000 1.0000
-0.3450 1.4550 0.0000 1.0000
-0.3150 1.4550 0.0000 1.0000
1.6650 1.4550 0.0000 1.0000
1.8450 1.4550 0.0000 1.0000
2.1750 1.4550 0.0000 1.0000
2.2050 1.4550 0.0000 1.0000
2.2350 1.4550 0.0000 1.0000
2.2650 1.4550 0.0000 1.0000
2.2950 1.4550 0.0000 1.0000
2.3250 1.4550 0.0000 1.0000
2.3550 1.4550 0.0000 1.0000
11.8950 1.4550 0.0000 1.0000
11.9250 1.4550 0.0000 1.0000
11.9550 1.4550 0.0000 1.0000
11.9850 1.4550 0.0000 1.0000
12.0150 1.4550 0.0000 1.0000
12.5550 1.4550 0.0000 1.0000
-11.4450 1.4250 0.0000 1.0000
-11.3850 1.4250 0.0000 1.0000
-11.3550 1.4250 0.0000 1.0000
-11.2050 1.4250 0.0000 1.0000
-11.1750 1.4250 0.0000 1.0000
-11.1450 1.4250 0.0000 1.0000
-10.9650 1.4250 0.0000 1.0000
-9.3750 1.4250 0.0000 1.0000
-9.3150 1.4250 0.0000 1.0000
-0.4050 1.4250 0.0000 1.0000
-0.3450 1.4250 0.0000 1.0000
-0.3150 1.4250 0.0000 1.0000
0.0750 1.4250 0.0000 1.0000
1.8750 1.4250 0.0000 1.0000
1.9050 1.4250 0.0000 1.0000
2.1150 1.4250 0.0000 1.0000
2.1450 1.4250 0.0000 1.0000
2.1750 1.4250 0.0000 1.0000
2.2050 1.4250 0.0000 1.0000
2.2350 1.4250 0.0000 1.0000
2.2650 1.4250 0.0000 1.0000
2.2950 1.4250 0.0000 1.0000
11.8650 1.4250 0.0000 1.0000
11.8950 1.4250 0.0000 1.0000
11.9250 1.4250 0.0000 1.0000
11.9850 1.4250 0.0000 1.0000
-11.3550 1.3950 0.0000 1.0000
-11.1750 1.3950 0.0000 1.0000
-11.1450 1.3950 0.0000 1.0000
-11.1150 1.3950 0.0000 1.0000
-11.0850 1.3950 0.0000 1.0000
-10.9350 1.3950 0.0000 1.0000
-10.8750 1.3950 0.0000 1.0000
-9.4050 1.3950 0.0000 1.0000
-9.3750 1.3950 0.0000 1.0000
-0.3450 1.3950 0.0000 1.0000
-0.3150 1.3950 0.0000 1.0000
1.6950 1.3950 0.0000 1.0000
1.7250 1.3950 0.0000 1.0000
1.7550 1.3950 0.0000 1.0000
2.1150 1.3950 0.0000 1.0000
2.1450 1.3950 0.0000 1.0000
11.8650 1.3950 0.0000 1.0000
11.8950 1.3950 0.0000 1.0000
11.9850 1.3950 0.0000 1.0000
-11.3850 1.3650 0.0000 1.0000
-11.3550 1.3650 0.0000 1.0000
-11.0850 1.3650 0.0000 1.0000
-11.0550 1.3650 0.0000 1.0000
-10.9650 1.3650 0.0000 1.0000
-9.4350 1.3650 0.0000 1.0000
-9.4050 1.3650 0.0000 1.0000
-9.3750 1.3650 0.0000 1.0000
-0.3450 1.3650 0.0000 1.0000
-0.3150 1.3650 0.0000 1.0000
1.6650 1.3650 0.0000 1.0000
1.7250 1.3650 0.0000 1.0000
1.7550 1.3650 0.0000 1.0000
2.1750 1.3650 0.0000 1.0000
11.8350 1.3650 0.0000 1.0000
11.9550 1.3650 0.0000 1.0000
-11.0550 1.3350 0.0000 1.0000
-11.0250 1.3350 0.0000 1.0000
-10.9950 1.3350 0.0000 1.0000
-9.5250 1.3350 0.0000 1.0000
-9.4350 1.3350 0.0000 1.0000
-9.4050 1.3350 0.0000 1.0000
-0.4650 1.3350 0.0000 1.0000
-0.3450 1.3350 0.0000 1.0000
-0.3150 1.3350 0.0000 1.0000
0.0150 1.3350 0.0000 1.0000
1.6650 1.3350 0.0000 1.0000
1.7550 1.3350 0.0000 1.0000
1.7850 1.3350 0.0000 1.0000
2.0250 1.3350 0.0000 1.0000
2.1750 1.3350 0.0000 1.0000
11.8050 1.3350 0.0000 1.0000
11.8350 1.3350 0.0000 1.0000
11.9250 1.3350 0.0000 1.0000
-11.0850 1.3050 0.0000 1.0000
-11.0550 1.3050 0.0000 1.0000
-11.0250 1.3050 0.0000 1.0000
-9.4350 1.3050 0.0000 1.0000
-9.4050 1.3050 0.0000 1.0000
-0.4350 1.3050 0.0000 1.0000
-0.4050 1.3050 0.0000 1.0000
-0.3750 1.3050 0.0000 1.0000
-0.3450 1.3050 0.0000 1.0000
-0.3150 1.3050 0.0000 1.0000
1.6050 1.3050 0.0000 1.0000
1.6950 1.3050 0.0000 1.0000
1.7850 1.3050 0.0000 1.0000
1.8150 1.3050 0.0000 1.0000
1.9050 1.3050 0.0000 1.0000
1.9350 1.3050 0.0000 1.0000
1.9650 1.3050 0.0000 1.0000
2.1150 1.3050 0.0000 1.0000
2.1450 1.3050 0.0000 1.0000
2.1750 1.3050 0.0000 1.0000
7.7550 1.3050 0.0000 1.0000
7.8150 1.3050 0.0000 1.0000
7.8450 1.3050 0.0000 1.0000
7.9050 1.3050 0.0000 1.0000
11.6850 1.3050 0.0000 1.0000
11.8050 1.3050 0.0000 1.0000
11.8350 1.3050 0.0000 1.0000
11.8950 1.3050 0.0000 1.0000
-11.0850 1.2750 0.0000 1.0000
-11.0550 1.2750 0.0000 1.0000
-11.0250 1.2750 0.0000 1.0000
-9.4350 1.2750 0.0000 1.0000
-0.3450 1.2750 0.0000 1.0000
-0.3150 1.2750 0.0000 1.0000
1.7550 1.2750 0.0000 1.0000
1.7850 1.2750 0.0000 1.0000
1.8150 1.2750 0.0000 1.0000
1.8450 1.2750 0.0000 1.0000
1.9050 1.2750 0.0000 1.0000
1.9350 1.2750 0.0000 1.0000
1.9650 1.2750 0.0000 1.0000
1.9950 1.2750 0.0000 1.0000
2.0550 1.2750 0.0000 1.0000
11.7450 1.2750 0.0000 1.0000
11.7750 1.2750 0.0000 1.0000
11.8350 1.2750 0.0000 1.0000
11.8650 1.2750 0.0000 1.0000
11.8950 1.2750 0.0000 1.0000
-11.1450 1.2450 0.0000 1.0000
-11.1150 1.2450 0.0000 1.0000
-9.4650 1.2450 0.0000 1.0000
-9.4350 1.2450 0.0000 1.0000
-0.3750 1.2450 0.0000 1.0000
-0.3450 1.2450 0.0000 1.0000
-0.3150 1.2450 0.0000 1.0000
-0.2850 1.2450 0.0000 1.0000
0.0450 1.2450 0.0000 1.0000
1.7850 1.2450 0.0000 1.0000
1.8150 1.2450 0.0000 1.0000
1.9050 1.2450 0.0000 1.0000
1.9650 1.2450 0.0000 1.0000
11.7150 1.2450 0.0000 1.0000
11.8050 1.2450 0.0000 1.0000
-11.1450 1.2150 0.0000 1.0000
-11.0850 1.2150 0.0000 1.0000
-11.0550 1.2150 0.0000 1.0000
-9.4650 1.2150 0.0000 1.0000
-9.4050 1.2150 0.0000 1.0000
-0.4050 1.2150 0.0000 1.0000
-0.3750 1.2150 0.0000 1.0000
-0.3450 1.2150 0.0000 1.0000
-0.3150 1.2150 0.0000 1.0000
0.0150 1.2150 0.0000 1.0000
1.7850 1.2150 0.0000 1.0000
1.8150 1.2150 0.0000 1.0000
1.8450 1.2150 0.0000 1.0000
2.0550 1.2150 0.0000 1.0000
11.7450 1.2150 0.0000 1.0000
11.7750 1.2150 0.0000 1.0000
11.8350 1.2150 0.0000 1.0000
11.8650 1.2150 0.0000 1.0000
-11.0850 1.1850 0.0000 1.0000
-11.0550 1.1850 0.0000 1.0000
-11.0250 1.1850 0.0000 1.0000
-10.9950 1.1850 0.0000 1.0000
-10.9650 1.1850 0.0000 1.0000
-9.4950 1.1850 0.0000 1.0000
-9.4650 1.1850 0.0000 1.0000
-0.4050 1.1850 0.0000 1.0000
-0.3750 1.1850 0.0000 1.0000
-0.3450 1.1850 0.0000 1.0000
-0.3150 1.1850 0.0000 1.0000
1.8150 1.1850 0.0000 1.0000
1.8450 1.1850 0.0000 1.0000
1.9350 1.1850 0.0000 1.0000
2.0250 1.1850 0.0000 1.0000
11.7150 1.1850 0.0000 1.0000
11.7750 1.1850 0.0000 1.0000
-11.0250 1.1550 0.0000 1.0000
-10.9950 1.1550 0.0000 1.0000
-10.9650 1.1550 0.0000 1.0000
-10.9350 1.1550 0.0000 1.0000
-10.9050 1.1550 0.0000 1.0000
-9.4650 1.1550 0.0000 1.0000
-9.4050 1.1550 0.0000 1.0000
-0.4050 1.1550 0.0000 1.0000
-0.3750 1.1550 0.0000 1.0000
-0.3450 1.1550 0.0000 1.0000
-0.3150 1.1550 0.0000 1.0000
1.8450 1.1550 0.0000 1.0000
1.8750 1.1550 0.0000 1.0000
1.9350 1.1550 0.0000 1.0000
1.9650 1.1550 0.0000 1.0000
11.7450 1.1550 0.0000 1.0000
11.8050 1.1550 0.0000 1.0000
11.8350 1.1550 0.0000 1.0000
-10.9650 1.1250 0.0000 1.0000
-10.7550 1.1250 0.0000 1.0000
-9.4050 1.1250 0.0000 1.0000
-9.3750 1.1250 0.0000 1.0000
-0.3450 1.1250 0.0000 1.0000
-0.3150 1.1250 0.0000 1.0000
0.0150 1.1250 0.0000 1.0000
1.7550 1.1250 0.0000 1.0000
2.0550 1.1250 0.0000 1.0000
11.7750 1.1250 0.0000 1.0000
-11.0250 1.0950 0.0000 1.0000
-10.9950 1.0950 0.0000 1.0000
-9.4650 1.0950 0.0000 1.0000
-9.4350 1.0950 0.0000 1.0000
-9.4050 1.0950 0.0000 1.0000
-0.3750 1.0950 0.0000 1.0000
-0.3450 1.0950 0.0000 1.0000
-0.3150 1.0950 0.0000 1.0000
0.0150 1.0950 0.0000 1.0000
1.7550 1.0950 0.0000 1.0000
1.7850 1.0950 0.0000 1.0000
1.8450 1.0950 0.0000 1.0000
1.9650 1.0950 0.0000 1.0000
1.9950 1.0950 0.0000 1.0000
11.6550 1.0950 0.0000 1.0000
11.6850 1.0950 0.0000 1.0000
11.7450 1.0950 0.0000 1.0000
-11.1150 1.0650 0.0000 1.0000
-11.0250 1.0650 0.0000 1.0000
-10.9950 1.0650 0.0000 1.0000
-10.9650 1.0650 0.0000 1.0000
-9.4650 1.0650 0.0000 1.0000
-9.4350 1.0650 0.0000 1.0000
-0.4050 1.0650 0.0000 1.0000
-0.3750 1.0650 0.0000 1.0000
-0.3450 1.0650 0.0000 1.0000
1.8450 1.0650 0.0000 1.0000
1.8750 1.0650 0.0000 1.0000
1.9350 1.0650 0.0000 1.0000
2.0250 1.0650 0.0000 1.0000
2.0550 1.0650 0.0000 1.0000
11.7450 1.0650 0.0000 1.0000
11.8350 1.0650 0.0000 1.0000
-11.1150 1.0350 0.0000 1.0000
-10.9950 1.0350 0.0000 1.0000
-10.9650 1.0350 0.0000 1.0000
-10.9050 1.0350 0.0000 1.0000
-9.4950 1.0350 0.0000 1.0000
-9.4650 1.0350 0.0000 1.0000
-0.3750 1.0350 0.0000 1.0000
-0.1950 1.0350 0.0000 1.0000
1.8450 1.0350 0.0000 1.0000
1.9650 1.0350 0.0000 1.0000
11.7150 1.0350 0.0000 1.0000
11.8050 1.0350 0.0000 1.0000
-10.9650 1.0050 0.0000 1.0000
-9.5550 1.0050 0.0000 1.0000
-9.4350 1.0050 0.0000 1.0000
-9.4050 1.0050 0.0000 1.0000
-0.2550 1.0050 0.0000 1.0000
-0.1650 1.0050 0.0000 1.0000
0.0150 1.0050 0.0000 1.0000
1.8750 1.0050 0.0000 1.0000
1.9350 1.0050 0.0000 1.0000
1.9950 1.0050 0.0000 1.0000
2.0250 1.0050 0.0000 1.0000
11.6550 1.0050 0.0000 1.0000
11.6850 1.0050 0.0000 1.0000
-10.9650 0.9750 0.0000 1.0000
-10.9350 0.9750 0.0000 1.0000
-10.9050 0.9750 0.0000 1.0000
-9.7050 0.9750 0.0000 1.0000
-9.6750 0.9750 0.0000 1.0000
-9.6450 0.9750 0.0000 1.0000
-9.6150 0.9750 0.0000 1.0000
-9.5850 0.9750 0.0000 1.0000
-9.5550 0.9750 0.0000 1.0000
-9.5250 0.9750 0.0000 1.0000
-9.4950 0.9750 0.0000 1.0000
-9.4650 0.9750 0.0000 1.0000
-9.4350 0.9750 0.0000 1.0000
-9.4050 0.9750 0.0000 1.0000
-9.3750 0.9750 0.0000 1.0000
0.0150 0.9750 0.0000 1.0000
1.9350 0.9750 0.0000 1.0000
1.9650 0.9750 0.0000 1.0000
1.9950 0.9750 0.0000 1.0000
2.1150 0.9750 0.0000 1.0000
11.7450 0.9750 0.0000 1.0000
-11.0550 0.9450 0.0000 1.0000
-10.9950 0.9450 0.0000 1.0000
-9.6750 0.9450 0.0000 1.0000
-9.6450 0.9450 0.0000 1.0000
-9.6150 0.9450 0.0000 1.0000
-9.5850 0.9450 0.0000 1.0000
-9.5550 0.9450 0.0000 1.0000
-9.5250 0.9450 0.0000 1.0000
-9.4950 0.9450 0.0000 1.0000
-9.4650 0.9450 0.0000 1.0000
-0.1050 0.9450 0.0000 1.0000
0.0150 0.9450 0.0000 1.0000
1.7550 0.9450 0.0000 1.0000
2.0850 0.9450 0.0000 1.0000
2.1150 0.9450 0.0000 1.0000
11.6850 0.9450 0.0000 1.0000
11.9250 0.9450 0.0000 1.0000
-11.0550 0.9150 0.0000 1.0000
-10.9050 0.9150 0.0000 1.0000
-9.7050 0.9150 0.0000 1.0000
-9.6150 0.9150 0.0000 1.0000
-9.5250 0.9150 0.0000 1.0000
-9.4950 0.9150 0.0000 1.0000
-9.4650 0.9150 0.0000 1.0000
-0.0450 0.9150 0.0000 1.0000
1.8450 0.9150 0.0000 1.0000
1.9350 0.9150 0.0000 1.0000
1.9650 0.9150 0.0000 1.0000
2.0550 0.9150 0.0000 1.0000
2.0850 0.9150 0.0000 1.0000
11.5950 0.9150 0.0000 1.0000
11.8950 0.9150 0.0000 1.0000
-11.1750 0.8850 0.0000 1.0000
-10.9050 0.8850 0.0000 1.0000
-10.8750 0.8850 0.0000 1.0000
-10.8150 0.8850 0.0000 1.0000
-10.7850 0.8850 0.0000 1.0000
-9.5850 0.8850 0.0000 1.0000
-9.5550 0.8850 0.0000 1.0000
-9.4950 0.8850 0.0000 1.0000
-0.0150 0.8850 0.0000 1.0000
0.0150 0.8850 0.0000 1.0000
1.8750 0.8850 0.0000 1.0000
2.0850 0.8850 0.0000 1.0000
2.1150 0.8850 0.0000 1.0000
11.6550 0.8850 0.0000 1.0000
-11.1750 0.8550 0.0000 1.0000
-11.0850 0.8550 0.0000 1.0000
-10.9050 0.8550 0.0000 1.0000
-9.6150 0.8550 0.0000 1.0000
-9.5850 0.8550 0.0000 1.0000
-9.5550 0.8550 0.0000 1.0000
-9.4950 0.8550 0.0000 1.0000
-9.4650 0.8550 0.0000 1.0000
-9.4350 0.8550 0.0000 1.0000
-9.1650 0.8550 0.0000 1.0000
-0.1050 0.8550 0.0000 1.0000
1.8450 0.8550 0.0000 1.0000
1.8750 0.8550 0.0000 1.0000
1.9950 0.8550 0.0000 1.0000
2.1150 0.8550 0.0000 1.0000
2.1750 0.8550 0.0000 1.0000
11.5050 0.8550 0.0000 1.0000
11.6550 0.8550 0.0000 1.0000
-11.0250 0.8250 0.0000 1.0000
-10.9050 0.8250 0.0000 1.0000
-9.4650 0.8250 0.0000 1.0000
-9.4350 0.8250 0.0000 1.0000
-9.0450 0.8250 0.0000 1.0000
-0.0750 0.8250 0.0000 1.0000
0.0150 0.8250 0.0000 1.0000
0.0750 0.8250 0.0000 1.0000
1.8150 0.8250 0.0000 1.0000
1.8750 0.8250 0.0000 1.0000
1.9950 0.8250 0.0000 1.0000
2.0850 0.8250 0.0000 1.0000
2.1150 0.8250 0.0000 1.0000
2.1450 0.8250 0.0000 1.0000
2.1750 0.8250 0.0000 1.0000
11.6250 0.8250 0.0000 1.0000
-11.0250 0.7950 0.0000 1.0000
-9.5550 0.7950 0.0000 1.0000
-9.4650 0.7950 0.0000 1.0000
-9.4350 0.7950 0.0000 1.0000
-9.4050 0.7950 0.0000 1.0000
-9.0450 0.7950 0.0000 1.0000
-0.0750 0.7950 0.0000 1.0000
0.0450 0.7950 0.0000 1.0000
0.0750 0.7950 0.0000 1.0000
0.1650 0.7950 0.0000 1.0000
0.1950 0.7950 0.0000 1.0000
1.7850 0.7950 0.0000 1.0000
1.8450 0.7950 0.0000 1.0000
2.0250 0.7950 0.0000 1.0000
2.1150 0.7950 0.0000 1.0000
11.5350 0.7950 0.0000 1.0000
11.5650 0.7950 0.0000 1.0000
11.6850 0.7950 0.0000 1.0000
-10.9650 0.7650 0.0000 1.0000
-10.9350 0.7650 0.0000 1.0000
-9.5250 0.7650 0.0000 1.0000
-9.4650 0.7650 0.0000 1.0000
-9.4050 0.7650 0.0000 1.0000
-9.3750 0.7650 0.0000 1.0000
-9.3450 0.7650 0.0000 1.0000
-9.3150 0.7650 0.0000 1.0000
-9.0450 0.7650 0.0000 1.0000
-2.9850 0.7650 0.0000 1.0000
-1.8150 0.7650 0.0000 1.0000
0.0750 0.7650 0.0000 1.0000
1.8150 0.7650 0.0000 1.0000
2.1150 0.7650 0.0000 1.0000
11.6250 0.7650 0.0000 1.0000
11.7150 0.7650 0.0000 1.0000
11.7750 0.7650 0.0000 1.0000
-10.9650 0.7350 0.0000 1.0000
-10.9350 0.7350 0.0000 1.0000
-10.8750 0.7350 0.0000 1.0000
-10.8450 0.7350 0.0000 1.0000
-9.4650 0.7350 0.0000 1.0000
-9.3450 0.7350 0.0000 1.0000
-9.3150 0.7350 0.0000 1.0000
-9.2550 0.7350 0.0000 1.0000
-9.0450 0.7350 0.0000 1.0000
-9.0150 0.7350 0.0000 1.0000
-2.9850 0.7350 0.0000 1.0000
-1.7850 0.7350 0.0000 1.0000
-0.1050 0.7350 0.0000 1.0000
-0.0750 0.7350 0.0000 1.0000
-0.0450 0.7350 0.0000 1.0000
0.0450 0.7350 0.0000 1.0000
0.0750 0.7350 0.0000 1.0000
0.1050 0.7350 0.0000 1.0000
1.7250 0.7350 0.0000 1.0000
1.7550 0.7350 0.0000 1.0000
1.7850 0.7350 0.0000 1.0000
1.8150 0.7350 0.0000 1.0000
1.8750 0.7350 0.0000 1.0000
2.1150 0.7350 0.0000 1.0000
2.1450 0.7350 0.0000 1.0000
11.5650 0.7350 0.0000 1.0000
11.5950 0.7350 0.0000 1.0000
11.6550 0.7350 0.0000 1.0000
-10.9350 0.7050 0.0000 1.0000
-10.9050 0.7050 0.0000 1.0000
-9.4650 0.7050 0.0000 1.0000
-9.2850 0.7050 0.0000 1.0000
-9.2550 0.7050 0.0000 1.0000
-9.2250 0.7050 0.0000 1.0000
-9.0450 0.7050 0.0000 1.0000
-1.7850 0.7050 0.0000 1.0000
-1.1850 0.7050 0.0000 1.0000
-1.0950 0.7050 0.0000 1.0000
-1.0650 0.7050 0.0000 1.0000
-0.1650 0.7050 0.0000 1.0000
-0.1050 0.7050 0.0000 1.0000
-0.0750 0.7050 0.0000 1.0000
-0.0150 0.7050 0.0000 1.0000
0.0450 0.7050 0.0000 1.0000
0.1050 0.7050 0.0000 1.0000
0.1350 0.7050 0.0000 1.0000
1.7250 0.7050 0.0000 1.0000
1.7550 0.7050 0.0000 1.0000
1.7850 0.7050 0.0000 1.0000
1.8150 0.7050 0.0000 1.0000
2.0550 0.7050 0.0000 1.0000
2.0850 0.7050 0.0000 1.0000
11.5350 0.7050 0.0000 1.0000
11.5650 0.7050 0.0000 1.0000
11.7750 0.7050 0.0000 1.0000
-10.9650 0.6750 0.0000 1.0000
-9.0450 0.6750 0.0000 1.0000
-1.7850 0.6750 0.0000 1.0000
-1.7550 0.6750 0.0000 1.0000
-1.6650 0.6750 0.0000 1.0000
-1.6350 0.6750 0.0000 1.0000
-1.1850 0.6750 0.0000 1.0000
-1.1550 0.6750 0.0000 1.0000
-1.0950 0.6750 0.0000 1.0000
-1.0650 0.6750 0.0000 1.0000
-0.1350 0.6750 0.0000 1.0000
-0.1050 0.6750 0.0000 1.0000
-0.0150 0.6750 0.0000 1.0000
0.0150 0.6750 0.0000 1.0000
0.0450 0.6750 0.0000 1.0000
0.0750 0.6750 0.0000 1.0000
1.7850 0.6750 0.0000 1.0000
2.0550 0.6750 0.0000 1.0000
2.1150 0.6750 0.0000 1.0000
11.5050 0.6750 0.0000 1.0000
11.5950 0.6750 0.0000 1.0000
11.7150 0.6750 0.0000 1.0000
-10.9650 0.6450 0.0000 1.0000
-10.9350 0.6450 0.0000 1.0000
-10.8150 0.6450 0.0000 1.0000
-9.0750 0.6450 0.0000 1.0000
-9.0450 0.6450 0.0000 1.0000
-1.7850 0.6450 0.0000 1.0000
-1.6350 0.6450 0.0000 1.0000
-1.1250 0.6450 0.0000 1.0000
-1.0950 0.6450 0.0000 1.0000
-0.8850 0.6450 0.0000 1.0000
-0.7950 0.6450 0.0000 1.0000
-0.2550 0.6450 0.0000 1.0000
-0.1350 0.6450 0.0000 1.0000
-0.1050 0.6450 0.0000 1.0000
0.0750 0.6450 0.0000 1.0000
1.7250 0.6450 0.0000 1.0000
1.7550 0.6450 0.0000 1.0000
2.1150 0.6450 0.0000 1.0000
2.1450 0.6450 0.0000 1.0000
11.6850 0.6450 0.0000 1.0000
-10.9650 0.6150 0.0000 1.0000
-10.9350 0.6150 0.0000 1.0000
-10.8750 0.6150 0.0000 1.0000
-10.8450 0.6150 0.0000 1.0000
-10.8150 0.6150 0.0000 1.0000
-10.7850 0.6150 0.0000 1.0000
-9.0450 0.6150 0.0000 1.0000
-1.7850 0.6150 0.0000 1.0000
-1.7550 0.6150 0.0000 1.0000
-0.8850 0.6150 0.0000 1.0000
-0.8550 0.6150 0.0000 1.0000
-0.7950 0.6150 0.0000 1.0000
-0.7650 0.6150 0.0000 1.0000
-0.7050 0.6150 0.0000 1.0000
-0.1050 0.6150 0.0000 1.0000
-0.0750 0.6150 0.0000 1.0000
1.7550 0.6150 0.0000 1.0000
1.7850 0.6150 0.0000 1.0000
1.8750 0.6150 0.0000 1.0000
1.9350 0.6150 0.0000 1.0000
2.1450 0.6150 0.0000 1.0000
11.6250 0.6150 0.0000 1.0000
-10.9950 0.5850 0.0000 1.0000
-10.9650 0.5850 0.0000 1.0000
-10.9350 0.5850 0.0000 1.0000
-10.8750 0.5850 0.0000 1.0000
-10.8150 0.5850 0.0000 1.0000
-9.0450 0.5850 0.0000 1.0000
-1.7550 0.5850 0.0000 1.0000
-1.7250 0.5850 0.0000 1.0000
-0.8250 0.5850 0.0000 1.0000
-0.7950 0.5850 0.0000 1.0000
-0.7650 0.5850 0.0000 1.0000
-0.7350 0.5850 0.0000 1.0000
-0.7050 0.5850 0.0000 1.0000
-0.6750 0.5850 0.0000 1.0000
-0.6450 0.5850 0.0000 1.0000
-0.6150 0.5850 0.0000 1.0000
-0.5850 0.5850 0.0000 1.0000
-0.5550 0.5850 0.0000 1.0000
-0.5250 0.5850 0.0000 1.0000
-0.2850 0.5850 0.0000 1.0000
-0.1050 0.5850 0.0000 1.0000
-0.0450 0.5850 0.0000 1.0000
1.7850 0.5850 0.0000 1.0000
1.8750 0.5850 0.0000 1.0000
2.1150 0.5850 0.0000 1.0000
2.1450 0.5850 0.0000 1.0000
-10.9950 0.5550 0.0000 1.0000
-10.9650 0.5550 0.0000 1.0000
-9.3450 0.5550 0.0000 1.0000
-9.3150 0.5550 0.0000 1.0000
-9.1350 0.5550 0.0000 1.0000
-9.1050 0.5550 0.0000 1.0000
-9.0450 0.5550 0.0000 1.0000
-4.0650 0.5550 0.0000 1.0000
-1.7550 0.5550 0.0000 1.0000
-1.6950 0.5550 0.0000 1.0000
-0.9750 0.5550 0.0000 1.0000
-0.7650 0.5550 0.0000 1.0000
-0.7350 0.5550 0.0000 1.0000
-0.7050 0.5550 0.0000 1.0000
-0.6450 0.5550 0.0000 1.0000
-0.5850 0.5550 0.0000 1.0000
-0.5250 0.5550 0.0000 1.0000
-0.4950 0.5550 0.0000 1.0000
-0.4650 0.5550 0.0000 1.0000
-0.4350 0.5550 0.0000 1.0000
-0.4050 0.5550 0.0000 1.0000
-0.2850 0.5550 0.0000 1.0000
-0.2550 0.5550 0.0000 1.0000
-0.2250 0.5550 0.0000 1.0000
-0.1050 0.5550 0.0000 1.0000
-0.0750 0.5550 0.0000 1.0000
1.5150 0.5550 0.0000 1.0000
1.7250 0.5550 0.0000 1.0000
1.7850 0.5550 0.0000 1.0000
1.8750 0.5550 0.0000 1.0000
-10.9650 0.5250 0.0000 1.0000
-10.9350 0.5250 0.0000 1.0000
-10.8450 0.5250 0.0000 1.0000
-9.0750 0.5250 0.0000 1.0000
-4.0650 0.5250 0.0000 1.0000
-1.0650 0.5250 0.0000 1.0000
-0.9750 0.5250 0.0000 1.0000
-0.9450 0.5250 0.0000 1.0000
-0.6450 0.5250 0.0000 1.0000
-0.6150 0.5250 0.0000 1.0000
-0.5850 0.5250 0.0000 1.0000
-0.5550 0.5250 0.0000 1.0000
-0.4650 0.5250 0.0000 1.0000
-0.3750 0.5250 0.0000 1.0000
-0.2850 0.5250 0.0000 1.0000
-0.2550 0.5250 0.0000 1.0000
-0.1050 0.5250 0.0000 1.0000
-0.0750 0.5250 0.0000 1.0000
-0.0450 0.5250 0.0000 1.0000
-0.0150 0.5250 0.0000 1.0000
1.5150 0.5250 0.0000 1.0000
1.6050 0.5250 0.0000 1.0000
1.7850 0.5250 0.0000 1.0000
1.8450 0.5250 0.0000 1.0000
1.8750 0.5250 0.0000 1.0000
1.9050 0.5250 0.0000 1.0000
-10.9650 0.4950 0.0000 1.0000
-9.0750 0.4950 0.0000 1.0000
-9.0450 0.4950 0.0000 1.0000
-4.0650 0.4950 0.0000 1.0000
-1.0650 0.4950 0.0000 1.0000
-0.9750 0.4950 0.0000 1.0000
-0.9450 0.4950 0.0000 1.0000
-0.5250 0.4950 0.0000 1.0000
-0.4950 0.4950 0.0000 1.0000
-0.4650 0.4950 0.0000 1.0000
-0.4350 0.4950 0.0000 1.0000
-0.4050 0.4950 0.0000 1.0000
-0.3750 0.4950 0.0000 1.0000
-0.2850 0.4950 0.0000 1.0000
-0.1350 0.4950 0.0000 1.0000
-0.1050 0.4950 0.0000 1.0000
-0.0450 0.4950 0.0000 1.0000
-0.0150 0.4950 0.0000 1.0000
0.0150 0.4950 0.0000 1.0000
1.6950 0.4950 0.0000 1.0000
-9.0750 0.4650 0.0000 1.0000
-9.0450 0.4650 0.0000 1.0000
-4.0650 0.4650 0.0000 1.0000
-1.1250 0.4650 0.0000 1.0000
-1.0650 0.4650 0.0000 1.0000
-0.6150 0.4650 0.0000 1.0000
-0.5850 0.4650 0.0000 1.0000
-0.4050 0.4650 0.0000 1.0000
-0.3750 0.4650 0.0000 1.0000
-0.3450 0.4650 0.0000 1.0000
-0.3150 0.4650 0.0000 1.0000
-0.2850 0.4650 0.0000 1.0000
-0.1950 0.4650 0.0000 1.0000
-0.1350 0.4650 0.0000 1.0000
-0.1050 0.4650 0.0000 1.0000
-0.0450 0.4650 0.0000 1.0000
1.4850 0.4650 0.0000 1.0000
1.5150 0.4650 0.0000 1.0000
1.8150 0.4650 0.0000 1.0000
1.8450 0.4650 0.0000 1.0000
1.9350 0.4650 0.0000 1.0000
1.9650 0.4650 0.0000 1.0000
-11.0550 0.4350 0.0000 1.0000
-11.0250 0.4350 0.0000 1.0000
-10.8750 0.4350 0.0000 1.0000
-10.8450 0.4350 0.0000 1.0000
-9.0450 0.4350 0.0000 1.0000
-9.0150 0.4350 0.0000 1.0000
-8.9850 0.4350 0.0000 1.0000
-8.9550 0.4350 0.0000 1.0000
-8.9250 0.4350 0.0000 1.0000
-8.8950 0.4350 0.0000 1.0000
-8.8650 0.4350 0.0000 1.0000
-4.0650 0.4350 0.0000 1.0000
-4.0350 0.4350 0.0000 1.0000
-1.1250 0.4350 0.0000 1.0000
-1.0350 0.4350 0.0000 1.0000
-0.6150 0.4350 0.0000 1.0000
-0.5850 0.4350 0.0000 1.0000
-0.5250 0.4350 0.0000 1.0000
-0.4950 0.4350 0.0000 1.0000
-0.4650 0.4350 0.0000 1.0000
-0.4350 0.4350 0.0000 1.0000
-0.4050 0.4350 0.0000 1.0000
-0.3750 0.4350 0.0000 1.0000
-0.3450 0.4350 0.0000 1.0000
-0.3150 0.4350 0.0000 1.0000
-0.2850 0.4350 0.0000 1.0000
-0.2250 0.4350 0.0000 1.0000
-0.1950 0.4350 0.0000 1.0000
-0.1650 0.4350 0.0000 1.0000
-0.1350 0.4350 0.0000 1.0000
-0.1050 0.4350 0.0000 1.0000
-0.0450 0.4350 0.0000 1.0000
1.4850 0.4350 0.0000 1.0000
1.5150 0.4350 0.0000 1.0000
1.5450 0.4350 0.0000 1.0000
1.7850 0.4350 0.0000 1.0000
1.9050 0.4350 0.0000 1.0000
1.9350 0.4350 0.0000 1.0000
2.1450 0.4350 0.0000 1.0000
2.1750 0.4350 0.0000 1.0000
-11.0550 0.4050 0.0000 1.0000
-10.9950 0.4050 0.0000 1.0000
-10.9650 0.4050 0.0000 1.0000
-10.9350 0.4050 0.0000 1.0000
-10.9050 0.4050 0.0000 1.0000
-8.8950 0.4050 0.0000 1.0000
-8.8650 0.4050 0.0000 1.0000
-4.0350 0.4050 0.0000 1.0000
-0.5250 0.4050 0.0000 1.0000
-0.4650 0.4050 0.0000 1.0000
-0.4350 0.4050 0.0000 1.0000
-0.4050 0.4050 0.0000 1.0000
-0.3750 0.4050 0.0000 1.0000
-0.3450 0.4050 0.0000 1.0000
-0.3150 0.4050 0.0000 1.0000
-0.2850 0.4050 0.0000 1.0000
-0.1650 0.4050 0.0000 1.0000
-0.1050 0.4050 0.0000 1.0000
0.1050 0.4050 0.0000 1.0000
1.7250 0.4050 0.0000 1.0000
1.7550 0.4050 0.0000 1.0000
1.9050 0.4050 0.0000 1.0000
2.1450 0.4050 0.0000 1.0000
2.1750 0.4050 0.0000 1.0000
-11.0550 0.3750 0.0000 1.0000
-10.9650 0.3750 0.0000 1.0000
-10.9050 0.3750 0.0000 1.0000
-10.8750 0.3750 0.0000 1.0000
-10.8450 0.3750 0.0000 1.0000
-8.8650 0.3750 0.0000 1.0000
-4.1250 0.3750 0.0000 1.0000
-4.0650 0.3750 0.0000 1.0000
-4.0350 0.3750 0.0000 1.0000
-0.2550 0.3750 0.0000 1.0000
-0.1650 0.3750 0.0000 1.0000
-0.0750 0.3750 0.0000 1.0000
1.7550 0.3750 0.0000 1.0000
1.7850 0.3750 0.0000 1.0000
1.8150 0.3750 0.0000 1.0000
1.9050 0.3750 0.0000 1.0000
-11.0550 0.3450 0.0000 1.0000
-11.0250 0.3450 0.0000 1.0000
-10.9350 0.3450 0.0000 1.0000
-10.8450 0.3450 0.0000 1.0000
-8.8650 0.3450 0.0000 1.0000
-4.1550 0.3450 0.0000 1.0000
-4.0950 0.3450 0.0000 1.0000
-0.2850 0.3450 0.0000 1.0000
-0.2550 0.3450 0.0000 1.0000
-0.2250 0.3450 0.0000 1.0000
1.7550 0.3450 0.0000 1.0000
1.7850 0.3450 0.0000 1.0000
1.8150 0.3450 0.0000 1.0000
1.8450 0.3450 0.0000 1.0000
1.9050 0.3450 0.0000 1.0000
-11.0250 0.3150 0.0000 1.0000
-10.8750 0.3150 0.0000 1.0000
-8.8650 0.3150 0.0000 1.0000
-4.1550 0.3150 0.0000 1.0000
-4.1250 0.3150 0.0000 1.0000
-4.0950 0.3150 0.0000 1.0000
-0.9450 0.3150 0.0000 1.0000
-0.9150 0.3150 0.0000 1.0000
-0.2850 0.3150 0.0000 1.0000
-0.1050 0.3150 0.0000 1.0000
1.7550 0.3150 0.0000 1.0000
1.7850 0.3150 0.0000 1.0000
1.8150 0.3150 0.0000 1.0000
1.9350 0.3150 0.0000 1.0000
-11.0850 0.2850 0.0000 1.0000
-10.9050 0.2850 0.0000 1.0000
-10.8750 0.2850 0.0000 1.0000
-8.8650 0.2850 0.0000 1.0000
-4.1550 0.2850 0.0000 1.0000
-4.1250 0.2850 0.0000 1.0000
-0.9150 0.2850 0.0000 1.0000
1.7550 0.2850 0.0000 1.0000
1.7850 0.2850 0.0000 1.0000
1.8150 0.2850 0.0000 1.0000
1.9350 0.2850 0.0000 1.0000
-10.8450 0.2550 0.0000 1.0000
-8.8650 0.2550 0.0000 1.0000
-4.1550 0.2550 0.0000 1.0000
-4.0950 0.2550 0.0000 1.0000
-0.9150 0.2550 0.0000 1.0000
1.7250 0.2550 0.0000 1.0000
1.7850 0.2550 0.0000 1.0000
1.8450 0.2550 0.0000 1.0000
1.8750 0.2550 0.0000 1.0000
1.9050 0.2550 0.0000 1.0000
1.9350 0.2550 0.0000 1.0000
1.9650 0.2550 0.0000 1.0000
-11.0550 0.2250 0.0000 1.0000
-8.8950 0.2250 0.0000 1.0000
-8.8650 0.2250 0.0000 1.0000
-4.1550 0.2250 0.0000 1.0000
-4.0950 0.2250 0.0000 1.0000
1.6650 0.2250 0.0000 1.0000
1.7850 0.2250 0.0000 1.0000
1.8150 0.2250 0.0000 1.0000
2.0250 0.2250 0.0000 1.0000
2.0550 0.2250 0.0000 1.0000
-11.0550 0.1950 0.0000 1.0000
-10.9050 0.1950 0.0000 1.0000
-8.8950 0.1950 0.0000 1.0000
-8.8650 0.1950 0.0000 1.0000
-4.1850 0.1950 0.0000 1.0000
-4.1550 0.1950 0.0000 1.0000
1.6650 0.1950 0.0000 1.0000
1.8150 0.1950 0.0000 1.0000
-11.0850 0.1650 0.0000 1.0000
-11.0550 0.1650 0.0000 1.0000
-10.9650 0.1650 0.0000 1.0000
-10.9350 0.1650 0.0000 1.0000
-10.9050 0.1650 0.0000 1.0000
-10.8750 0.1650 0.0000 1.0000
-10.8450 0.1650 0.0000 1.0000
-10.8150 0.1650 0.0000 1.0000
-8.8950 0.1650 0.0000 1.0000
-8.8650 0.1650 0.0000 1.0000
-4.1250 0.1650 0.0000 1.0000
-4.0950 0.1650 0.0000 1.0000
-1.9950 0.1650 0.0000 1.0000
-1.9350 0.1650 0.0000 1.0000
1.6050 0.1650 0.0000 1.0000
1.6350 0.1650 0.0000 1.0000
2.0550 0.1650 0.0000 1.0000
-11.0850 0.1350 0.0000 1.0000
-10.9950 0.1350 0.0000 1.0000
-10.9350 0.1350 0.0000 1.0000
-10.9050 0.1350 0.0000 1.0000
-10.8750 0.1350 0.0000 1.0000
-8.8650 0.1350 0.0000 1.0000
-4.1550 0.1350 0.0000 1.0000
-2.0250 0.1350 0.0000 1.0000
-1.9950 0.1350 0.0000 1.0000
-1.9350 0.1350 0.0000 1.0000
1.6350 0.1350 0.0000 1.0000
1.8150 0.1350 0.0000 1.0000
1.8450 0.1350 0.0000 1.0000
1.9650 0.1350 0.0000 1.0000
2.0550 0.1350 0.0000 1.0000
-10.9050 0.1050 0.0000 1.0000
-10.8750 0.1050 0.0000 1.0000
-8.8650 0.1050 0.0000 1.0000
-4.1550 0.1050 0.0000 1.0000
-2.0250 0.1050 0.0000 1.0000
-1.9950 0.1050 0.0000 1.0000
-1.9350 0.1050 0.0000 1.0000
1.8150 0.1050 0.0000 1.0000
-11.0550 0.0750 0.0000 1.0000
-10.9050 0.0750 0.0000 1.0000
-10.8750 0.0750 0.0000 1.0000
-8.8650 0.0750 0.0000 1.0000
-4.2150 0.0750 0.0000 1.0000
-2.0550 0.0750 0.0000 1.0000
-2.0250 0.0750 0.0000 1.0000
-1.9950 0.0750 0.0000 1.0000
1.9650 0.0750 0.0000 1.0000
-11.0550 0.0450 0.0000 1.0000
-10.9050 0.0450 0.0000 1.0000
-8.8650 0.0450 0.0000 1.0000
-4.3350 0.0450 0.0000 1.0000
-2.0550 0.0450 0.0000 1.0000
-2.0250 0.0450 0.0000 1.0000
-1.8150 0.0450 0.0000 1.0000
1.6350 0.0450 0.0000 1.0000
1.7550 0.0450 0.0000 1.0000
1.8150 0.0450 0.0000 1.0000
1.8450 0.0450 0.0000 1.0000
1.9050 0.0450 0.0000 1.0000
1.9350 0.0450 0.0000 1.0000
1.9650 0.0450 0.0000 1.0000
-8.8650 0.0150 0.0000 1.0000
-2.0250 0.0150 0.0000 1.0000
-1.8150 0.0150 0.0000 1.0000
1.6050 0.0150 0.0000 1.0000
1.6950 0.0150 0.0000 1.0000
1.7850 0.0150 0.0000 1.0000
1.8150 0.0150 0.0000 1.0000
1.9050 0.0150 0.0000 1.0000
1.9650 0.0150 0.0000 1.0000
-8.8650 -0.0150 0.0000 1.0000
-1.8450 -0.0150 0.0000 1.0000
-1.8150 -0.0150 0.0000 1.0000
1.6350 -0.0150 0.0000 1.0000
1.6650 -0.0150 0.0000 1.0000
1.7850 -0.0150 0.0000 1.0000
1.8750 -0.0150 0.0000 1.0000
1.9050 -0.0150 0.0000 1.0000
-10.8450 -0.0450 0.0000 1.0000
-10.2450 -0.0450 0.0000 1.0000
-8.8650 -0.0450 0.0000 1.0000
-1.8150 -0.0450 0.0000 1.0000
1.7550 -0.0450 0.0000 1.0000
1.8150 -0.0450 0.0000 1.0000
1.9050 -0.0450 0.0000 1.0000
-11.0550 -0.0750 0.0000 1.0000
-10.9950 -0.0750 0.0000 1.0000
-10.9650 -0.0750 0.0000 1.0000
-10.9350 -0.0750 0.0000 1.0000
-10.8150 -0.0750 0.0000 1.0000
-10.7850 -0.0750 0.0000 1.0000
-8.8650 -0.0750 0.0000 1.0000
-8.8350 -0.0750 0.0000 1.0000
-1.8150 -0.0750 0.0000 1.0000
1.5150 -0.0750 0.0000 1.0000
1.5450 -0.0750 0.0000 1.0000
1.7550 -0.0750 0.0000 1.0000
1.8750 -0.0750 0.0000 1.0000
-11.0550 -0.1050 0.0000 1.0000
-11.0250 -0.1050 0.0000 1.0000
-10.9950 -0.1050 0.0000 1.0000
-10.9650 -0.1050 0.0000 1.0000
-10.9350 -0.1050 0.0000 1.0000
-10.8450 -0.1050 0.0000 1.0000
-8.8650 -0.1050 0.0000 1.0000
-8.8350 -0.1050 0.0000 1.0000
-1.8150 -0.1050 0.0000 1.0000
-1.2750 -0.1050 0.0000 1.0000
1.8450 -0.1050 0.0000 1.0000
1.8750 -0.1050 0.0000 1.0000
1.9050 -0.1050 0.0000 1.0000
1.9350 -0.1050 0.0000 1.0000
1.9650 -0.1050 0.0000 1.0000
-10.9350 -0.1350 0.0000 1.0000
-10.8450 -0.1350 0.0000 1.0000
-10.8150 -0.1350 0.0000 1.0000
-8.8650 -0.1350 0.0000 1.0000
-8.8350 -0.1350 0.0000 1.0000
-1.9650 -0.1350 0.0000 1.0000
-1.8150 -0.1350 0.0000 1.0000
-1.7850 -0.1350 0.0000 1.0000
-1.2750 -0.1350 0.0000 1.0000
-1.2450 -0.1350 0.0000 1.0000
1.7850 -0.1350 0.0000 1.0000
1.8450 -0.1350 0.0000 1.0000
1.9050 -0.1350 0.0000 1.0000
-10.9050 -0.1650 0.0000 1.0000
-8.8650 -0.1650 0.0000 1.0000
-8.8350 -0.1650 0.0000 1.0000
-1.9650 -0.1650 0.0000 1.0000
-1.8450 -0.1650 0.0000 1.0000
-1.2750 -0.1650 0.0000 1.0000
-1.2150 -0.1650 0.0000 1.0000
-1.1850 -0.1650 0.0000 1.0000
-1.1550 -0.1650 0.0000 1.0000
-1.1250 -0.1650 0.0000 1.0000
-1.0950 -0.1650 0.0000 1.0000
1.8450 -0.1650 0.0000 1.0000
2.1150 -0.1650 0.0000 1.0000
-10.9350 -0.1950 0.0000 1.0000
-10.9050 -0.1950 0.0000 1.0000
-10.8750 -0.1950 0.0000 1.0000
-8.8650 -0.1950 0.0000 1.0000
-8.8350 -0.1950 0.0000 1.0000
-1.9350 -0.1950 0.0000 1.0000
-1.8450 -0.1950 0.0000 1.0000
-1.2750 -0.1950 0.0000 1.0000
-1.2450 -0.1950 0.0000 1.0000
-1.2150 -0.1950 0.0000 1.0000
-1.1850 -0.1950 0.0000 1.0000
-1.1550 -0.1950 0.0000 1.0000
-1.1250 -0.1950 0.0000 1.0000
-1.0950 -0.1950 0.0000 1.0000
-1.0650 -0.1950 0.0000 1.0000
-1.0350 -0.1950 0.0000 1.0000
-1.0050 -0.1950 0.0000 1.0000
-0.9450 -0.1950 0.0000 1.0000
1.7850 -0.1950 0.0000 1.0000
1.8450 -0.1950 0.0000 1.0000
1.8750 -0.1950 0.0000 1.0000
2.1150 -0.1950 0.0000 1.0000
-10.9650 -0.2250 0.0000 1.0000
-10.9350 -0.2250 0.0000 1.0000
-10.9050 -0.2250 0.0000 1.0000
-8.8650 -0.2250 0.0000 1.0000
-8.8350 -0.2250 0.0000 1.0000
-1.9350 -0.2250 0.0000 1.0000
-1.8750 -0.2250 0.0000 1.0000
-1.8450 -0.2250 0.0000 1.0000
-1.7550 -0.2250 0.0000 1.0000
-1.7250 -0.2250 0.0000 1.0000
-1.1550 -0.2250 0.0000 1.0000
-1.1250 -0.2250 0.0000 1.0000
-1.0950 -0.2250 0.0000 1.0000
-1.0650 -0.2250 0.0000 1.0000
-1.0350 -0.2250 0.0000 1.0000
-1.0050 -0.2250 0.0000 1.0000
-0.9750 -0.2250 0.0000 1.0000
-0.9450 -0.2250 0.0000 1.0000
-0.9150 -0.2250 0.0000 1.0000
-0.8850 -0.2250 0.0000 1.0000
-0.8550 -0.2250 0.0000 1.0000
1.7850 -0.2250 0.0000 1.0000
1.8150 -0.2250 0.0000 1.0000
1.8450 -0.2250 0.0000 1.0000
1.8750 -0.2250 0.0000 1.0000
-10.9650 -0.2550 0.0000 1.0000
-10.9050 -0.2550 0.0000 1.0000
-8.8650 -0.2550 0.0000 1.0000
-8.8350 -0.2550 0.0000 1.0000
-1.8750 -0.2550 0.0000 1.0000
-1.7250 -0.2550 0.0000 1.0000
-1.0350 -0.2550 0.0000 1.0000
-1.0050 -0.2550 0.0000 1.0000
-0.9750 -0.2550 0.0000 1.0000
-0.9450 -0.2550 0.0000 1.0000
-0.9150 -0.2550 0.0000 1.0000
-0.8850 -0.2550 0.0000 1.0000
-0.8550 -0.2550 0.0000 1.0000
-0.8250 -0.2550 0.0000 1.0000
-0.7950 -0.2550 0.0000 1.0000
-0.7650 -0.2550 0.0000 1.0000
-0.7350 -0.2550 0.0000 1.0000
1.7850 -0.2550 0.0000 1.0000
1.8150 -0.2550 0.0000 1.0000
1.8450 -0.2550 0.0000 1.0000
1.8750 -0.2550 0.0000 1.0000
-10.9650 -0.2850 0.0000 1.0000
-10.9350 -0.2850 0.0000 1.0000
-10.9050 -0.2850 0.0000 1.0000
-10.8450 -0.2850 0.0000 1.0000
-8.8650 -0.2850 0.0000 1.0000
-8.8350 -0.2850 0.0000 1.0000
-1.8150 -0.2850 0.0000 1.0000
-1.7250 -0.2850 0.0000 1.0000
-0.8850 -0.2850 0.0000 1.0000
-0.8550 -0.2850 0.0000 1.0000
-0.8250 -0.2850 0.0000 1.0000
-0.7950 -0.2850 0.0000 1.0000
-0.7650 -0.2850 0.0000 1.0000
-0.7350 -0.2850 0.0000 1.0000
-0.7050 -0.2850 0.0000 1.0000
-0.6750 -0.2850 0.0000 1.0000
-0.6450 -0.2850 0.0000 1.0000
-0.6150 -0.2850 0.0000 1.0000
-0.5850 -0.2850 0.0000 1.0000
1.7850 -0.2850 0.0000 1.0000
1.8450 -0.2850 0.0000 1.0000
1.8750 -0.2850 0.0000 1.0000
-10.9950 -0.3150 0.0000 1.0000
-10.9650 -0.3150 0.0000 1.0000
-10.9350 -0.3150 0.0000 1.0000
-10.9050 -0.3150 0.0000 1.0000
-8.8650 -0.3150 0.0000 1.0000
-8.8350 -0.3150 0.0000 1.0000
-0.7350 -0.3150 0.0000 1.0000
-0.7050 -0.3150 0.0000 1.0000
-0.6750 -0.3150 0.0000 1.0000
-0.6450 -0.3150 0.0000 1.0000
-0.6150 -0.3150 0.0000 1.0000
-0.5850 -0.3150 0.0000 1.0000
-0.5550 -0.3150 0.0000 1.0000
-0.5250 -0.3150 0.0000 1.0000
-0.4950 -0.3150 0.0000 1.0000
1.7550 -0.3150 0.0000 1.0000
1.8450 -0.3150 0.0000 1.0000
1.8750 -0.3150 0.0000 1.0000
1.9350 -0.3150 0.0000 1.0000
6.6450 -0.3150 0.0000 1.0000
6.7050 -0.3150 0.0000 1.0000
-10.9950 -0.3450 0.0000 1.0000
-9.0150 -0.3450 0.0000 1.0000
-8.9850 -0.3450 0.0000 1.0000
-8.9550 -0.3450 0.0000 1.0000
-8.9250 -0.3450 0.0000 1.0000
-8.8950 -0.3450 0.0000 1.0000
-8.8650 -0.3450 0.0000 1.0000
-8.8350 -0.3450 0.0000 1.0000
-0.6150 -0.3450 0.0000 1.0000
-0.5850 -0.3450 0.0000 1.0000
-0.5550 -0.3450 0.0000 1.0000
-0.5250 -0.3450 0.0000 1.0000
1.8750 -0.3450 0.0000 1.0000
1.9350 -0.3450 0.0000 1.0000
6.7650 -0.3450 0.0000 1.0000
6.8250 -0.3450 0.0000 1.0000
-10.9950 -0.3750 0.0000 1.0000
-9.0450 -0.3750 0.0000 1.0000
-9.0150 -0.3750 0.0000 1.0000
-8.9250 -0.3750 0.0000 1.0000
-0.5850 -0.3750 0.0000 1.0000
-0.5550 -0.3750 0.0000 1.0000
-0.4950 -0.3750 0.0000 1.0000
-0.4650 -0.3750 0.0000 1.0000
-0.4050 -0.3750 0.0000 1.0000
-0.3750 -0.3750 0.0000 1.0000
-0.3150 -0.3750 0.0000 1.0000
1.8150 -0.3750 0.0000 1.0000
1.9350 -0.3750 0.0000 1.0000
-10.9950 -0.4050 0.0000 1.0000
-10.9650 -0.4050 0.0000 1.0000
-9.0450 -0.4050 0.0000 1.0000
-9.0150 -0.4050 0.0000 1.0000
-0.4950 -0.4050 0.0000 1.0000
-0.4650 -0.4050 0.0000 1.0000
-0.4350 -0.4050 0.0000 1.0000
-0.4050 -0.4050 0.0000 1.0000
-0.3750 -0.4050 0.0000 1.0000
-0.3450 -0.4050 0.0000 1.0000
-0.3150 -0.4050 0.0000 1.0000
-0.2850 -0.4050 0.0000 1.0000
1.9350 -0.4050 0.0000 1.0000
-10.9950 -0.4350 0.0000 1.0000
-10.9650 -0.4350 0.0000 1.0000
-10.7850 -0.4350 0.0000 1.0000
-9.4050 -0.4350 0.0000 1.0000
-9.2850 -0.4350 0.0000 1.0000
-9.0450 -0.4350 0.0000 1.0000
-9.0150 -0.4350 0.0000 1.0000
-0.6450 -0.4350 0.0000 1.0000
-0.6150 -0.4350 0.0000 1.0000
-0.3450 -0.4350 0.0000 1.0000
-0.3150 -0.4350 0.0000 1.0000
-0.2850 -0.4350 0.0000 1.0000
-0.1950 -0.4350 0.0000 1.0000
-0.1050 -0.4350 0.0000 1.0000
1.7250 -0.4350 0.0000 1.0000
2.0550 -0.4350 0.0000 1.0000
-11.0250 -0.4650 0.0000 1.0000
-10.9950 -0.4650 0.0000 1.0000
-10.7850 -0.4650 0.0000 1.0000
-9.3750 -0.4650 0.0000 1.0000
-9.3450 -0.4650 0.0000 1.0000
-9.0450 -0.4650 0.0000 1.0000
-9.0150 -0.4650 0.0000 1.0000
-0.6450 -0.4650 0.0000 1.0000
-0.6150 -0.4650 0.0000 1.0000
-0.5850 -0.4650 0.0000 1.0000
-0.5550 -0.4650 0.0000 1.0000
-0.3150 -0.4650 0.0000 1.0000
-0.2850 -0.4650 0.0000 1.0000
1.6950 -0.4650 0.0000 1.0000
2.0250 -0.4650 0.0000 1.0000
2.0550 -0.4650 0.0000 1.0000
-11.0250 -0.4950 0.0000 1.0000
-10.8150 -0.4950 0.0000 1.0000
-9.0450 -0.4950 0.0000 1.0000
-9.0150 -0.4950 0.0000 1.0000
-0.3150 -0.4950 0.0000 1.0000
-0.2850 -0.4950 0.0000 1.0000
-0.2550 -0.4950 0.0000 1.0000
-0.1050 -0.4950 0.0000 1.0000
1.9650 -0.4950 0.0000 1.0000
2.0250 -0.4950 0.0000 1.0000
2.0550 -0.4950 0.0000 1.0000
2.0850 -0.4950 0.0000 1.0000
-9.2850 -0.5250 0.0000 1.0000
-9.0450 -0.5250 0.0000 1.0000
-9.0150 -0.5250 0.0000 1.0000
-0.3150 -0.5250 0.0000 1.0000
-0.2850 -0.5250 0.0000 1.0000
-0.2550 -0.5250 0.0000 1.0000
-0.1650 -0.5250 0.0000 1.0000
-0.1350 -0.5250 0.0000 1.0000
-0.1050 -0.5250 0.0000 1.0000
-0.0750 -0.5250 0.0000 1.0000
-0.0450 -0.5250 0.0000 1.0000
1.9650 -0.5250 0.0000 1.0000
2.0250 -0.5250 0.0000 1.0000
2.0550 -0.5250 0.0000 1.0000
-11.0550 -0.5550 0.0000 1.0000
-11.0250 -0.5550 0.0000 1.0000
-10.9950 -0.5550 0.0000 1.0000
-10.9650 -0.5550 0.0000 1.0000
-10.9350 -0.5550 0.0000 1.0000
-10.9050 -0.5550 0.0000 1.0000
-9.3450 -0.5550 0.0000 1.0000
-9.3150 -0.5550 0.0000 1.0000
-9.2850 -0.5550 0.0000 1.0000
-9.1050 -0.5550 0.0000 1.0000
-9.0450 -0.5550 0.0000 1.0000
-9.0150 -0.5550 0.0000 1.0000
-0.2850 -0.5550 0.0000 1.0000
-0.2550 -0.5550 0.0000 1.0000
-0.1650 -0.5550 0.0000 1.0000
-0.1350 -0.5550 0.0000 1.0000
-0.0450 -0.5550 0.0000 1.0000
1.9950 -0.5550 0.0000 1.0000
2.0250 -0.5550 0.0000 1.0000
-11.0550 -0.5850 0.0000 1.0000
-11.0250 -0.5850 0.0000 1.0000
-10.9950 -0.5850 0.0000 1.0000
-10.9650 -0.5850 0.0000 1.0000
-10.8150 -0.5850 0.0000 1.0000
-9.3750 -0.5850 0.0000 1.0000
-9.3150 -0.5850 0.0000 1.0000
-9.2850 -0.5850 0.0000 1.0000
-9.2550 -0.5850 0.0000 1.0000
-9.2250 -0.5850 0.0000 1.0000
-9.1350 -0.5850 0.0000 1.0000
-9.1050 -0.5850 0.0000 1.0000
-9.0750 -0.5850 0.0000 1.0000
-9.0450 -0.5850 0.0000 1.0000
-9.0150 -0.5850 0.0000 1.0000
-0.0750 -0.5850 0.0000 1.0000
-0.0450 -0.5850 0.0000 1.0000
-0.0150 -0.5850 0.0000 1.0000
0.0150 -0.5850 0.0000 1.0000
0.1050 -0.5850 0.0000 1.0000
0.1350 -0.5850 0.0000 1.0000
2.0250 -0.5850 0.0000 1.0000
7.0050 -0.5850 0.0000 1.0000
7.0650 -0.5850 0.0000 1.0000
7.1250 -0.5850 0.0000 1.0000
7.1550 -0.5850 0.0000 1.0000
-11.0550 -0.6150 0.0000 1.0000
-11.0250 -0.6150 0.0000 1.0000
-9.4050 -0.6150 0.0000 1.0000
-9.3750 -0.6150 0.0000 1.0000
-9.3150 -0.6150 0.0000 1.0000
-9.2850 -0.6150 0.0000 1.0000
-9.1050 -0.6150 0.0000 1.0000
-9.0750 -0.6150 0.0000 1.0000
-0.3150 -0.6150 0.0000 1.0000
-0.2850 -0.6150 0.0000 1.0000
-0.2250 -0.6150 0.0000 1.0000
-0.1950 -0.6150 0.0000 1.0000
-0.0750 -0.6150 0.0000 1.0000
0.0150 -0.6150 0.0000 1.0000
0.0450 -0.6150 0.0000 1.0000
0.0750 -0.6150 0.0000 1.0000
0.1050 -0.6150 0.0000 1.0000
0.1350 -0.6150 0.0000 1.0000
2.0250 -0.6150 0.0000 1.0000
2.0550 -0.6150 0.0000 1.0000
-11.1150 -0.6450 0.0000 1.0000
-11.0250 -0.6450 0.0000 1.0000
-10.9950 -0.6450 0.0000 1.0000
-9.3750 -0.6450 0.0000 1.0000
-9.3150 -0.6450 0.0000 1.0000
-9.2250 -0.6450 0.0000 1.0000
-9.1650 -0.6450 0.0000 1.0000
-9.1350 -0.6450 0.0000 1.0000
-9.1050 -0.6450 0.0000 1.0000
-9.0750 -0.6450 0.0000 1.0000
-0.3150 -0.6450 0.0000 1.0000
-0.2850 -0.6450 0.0000 1.0000
-0.2250 -0.6450 0.0000 1.0000
-0.1350 -0.6450 0.0000 1.0000
-0.1050 -0.6450 0.0000 1.0000
-0.0750 -0.6450 0.0000 1.0000
-0.0450 -0.6450 0.0000 1.0000
0.0450 -0.6450 0.0000 1.0000
2.0550 -0.6450 0.0000 1.0000
2.0850 -0.6450 0.0000 1.0000
-11.0550 -0.6750 0.0000 1.0000
-11.0250 -0.6750 0.0000 1.0000
-9.3450 -0.6750 0.0000 1.0000
-9.3150 -0.6750 0.0000 1.0000
-9.1350 -0.6750 0.0000 1.0000
-0.3150 -0.6750 0.0000 1.0000
-0.2850 -0.6750 0.0000 1.0000
-0.2550 -0.6750 0.0000 1.0000
-0.2250 -0.6750 0.0000 1.0000
-0.1950 -0.6750 0.0000 1.0000
-0.1350 -0.6750 0.0000 1.0000
-0.1050 -0.6750 0.0000 1.0000
-0.0150 -0.6750 0.0000 1.0000
0.0150 -0.6750 0.0000 1.0000
2.0250 -0.6750 0.0000 1.0000
2.0550 -0.6750 0.0000 1.0000
-11.0250 -0.7050 0.0000 1.0000
-10.9050 -0.7050 0.0000 1.0000
-9.3450 -0.7050 0.0000 1.0000
-9.3150 -0.7050 0.0000 1.0000
-9.2550 -0.7050 0.0000 1.0000
-9.1650 -0.7050 0.0000 1.0000
-9.1350 -0.7050 0.0000 1.0000
-0.2550 -0.7050 0.0000 1.0000
-0.1650 -0.7050 0.0000 1.0000
-0.1050 -0.7050 0.0000 1.0000
-0.0450 -0.7050 0.0000 1.0000
-0.0150 -0.7050 0.0000 1.0000
0.0450 -0.7050 0.0000 1.0000
1.9650 -0.7050 0.0000 1.0000
2.0250 -0.7050 0.0000 1.0000
2.0550 -0.7050 0.0000 1.0000
-10.9650 -0.7350 0.0000 1.0000
-10.9350 -0.7350 0.0000 1.0000
-10.9050 -0.7350 0.0000 1.0000
-9.3150 -0.7350 0.0000 1.0000
-0.2550 -0.7350 0.0000 1.0000
-0.0450 -0.7350 0.0000 1.0000
0.0450 -0.7350 0.0000 1.0000
0.0750 -0.7350 0.0000 1.0000
1.8150 -0.7350 0.0000 1.0000
1.9350 -0.7350 0.0000 1.0000
1.9650 -0.7350 0.0000 1.0000
1.9950 -0.7350 0.0000 1.0000
2.0250 -0.7350 0.0000 1.0000
2.0550 -0.7350 0.0000 1.0000
-10.9350 -0.7650 0.0000 1.0000
-10.9050 -0.7650 0.0000 1.0000
-10.8750 -0.7650 0.0000 1.0000
-9.3450 -0.7650 0.0000 1.0000
-9.3150 -0.7650 0.0000 1.0000
1.9350 -0.7650 0.0000 1.0000
1.9650 -0.7650 0.0000 1.0000
1.9950 -0.7650 0.0000 1.0000
2.0250 -0.7650 0.0000 1.0000
-10.9650 -0.7950 0.0000 1.0000
-10.9350 -0.7950 0.0000 1.0000
-10.9050 -0.7950 0.0000 1.0000
-9.4050 -0.7950 0.0000 1.0000
-9.3750 -0.7950 0.0000 1.0000
-9.3450 -0.7950 0.0000 1.0000
-0.1050 -0.7950 0.0000 1.0000
-0.0450 -0.7950 0.0000 1.0000
-0.0150 -0.7950 0.0000 1.0000
1.7850 -0.7950 0.0000 1.0000
1.9350 -0.7950 0.0000 1.0000
1.9650 -0.7950 0.0000 1.0000
1.9950 -0.7950 0.0000 1.0000
2.0250 -0.7950 0.0000 1.0000
2.0550 -0.7950 0.0000 1.0000
-10.9650 -0.8250 0.0000 1.0000
-10.9350 -0.8250 0.0000 1.0000
-10.9050 -0.8250 0.0000 1.0000
-9.4050 -0.8250 0.0000 1.0000
-9.3750 -0.8250 0.0000 1.0000
-9.3450 -0.8250 0.0000 1.0000
-0.2550 -0.8250 0.0000 1.0000
1.7850 -0.8250 0.0000 1.0000
1.9950 -0.8250 0.0000 1.0000
2.0550 -0.8250 0.0000 1.0000
-11.1450 -0.8550 0.0000 1.0000
-11.1150 -0.8550 0.0000 1.0000
-11.0550 -0.8550 0.0000 1.0000
-11.0250 -0.8550 0.0000 1.0000
-10.9950 -0.8550 0.0000 1.0000
-10.9650 -0.8550 0.0000 1.0000
-10.9050 -0.8550 0.0000 1.0000
-9.4350 -0.8550 0.0000 1.0000
-9.4050 -0.8550 0.0000 1.0000
-9.3750 -0.8550 0.0000 1.0000
-9.2250 -0.8550 0.0000 1.0000
-0.2250 -0.8550 0.0000 1.0000
0.0150 -0.8550 0.0000 1.0000
0.0450 -0.8550 0.0000 1.0000
0.0750 -0.8550 0.0000 1.0000
0.1050 -0.8550 0.0000 1.0000
1.8150 -0.8550 0.0000 1.0000
2.0250 -0.8550 0.0000 1.0000
2.0550 -0.8550 0.0000 1.0000
-11.0250 -0.8850 0.0000 1.0000
-10.9950 -0.8850 0.0000 1.0000
-10.9650 -0.8850 0.0000 1.0000
-10.9350 -0.8850 0.0000 1.0000
-10.9050 -0.8850 0.0000 1.0000
-9.4050 -0.8850 0.0000 1.0000
-9.3750 -0.8850 0.0000 1.0000
-9.2250 -0.8850 0.0000 1.0000
-0.0450 -0.8850 0.0000 1.0000
0.0450 -0.8850 0.0000 1.0000
0.0750 -0.8850 0.0000 1.0000
1.7850 -0.8850 0.0000 1.0000
1.8150 -0.8850 0.0000 1.0000
2.0250 -0.8850 0.0000 1.0000
2.0550 -0.8850 0.0000 1.0000
-11.0550 -0.9150 0.0000 1.0000
-11.0250 -0.9150 0.0000 1.0000
-10.9650 -0.9150 0.0000 1.0000
-10.9350 -0.9150 0.0000 1.0000
-9.3750 -0.9150 0.0000 1.0000
-9.3450 -0.9150 0.0000 1.0000
-0.0450 -0.9150 0.0000 1.0000
-0.0150 -0.9150 0.0000 1.0000
0.0750 -0.9150 0.0000 1.0000
0.1050 -0.9150 0.0000 1.0000
0.1350 -0.9150 0.0000 1.0000
0.1650 -0.9150 0.0000 1.0000
1.5450 -0.9150 0.0000 1.0000
1.5750 -0.9150 0.0000 1.0000
1.7250 -0.9150 0.0000 1.0000
1.7550 -0.9150 0.0000 1.0000
1.7850 -0.9150 0.0000 1.0000
1.8150 -0.9150 0.0000 1.0000
2.0250 -0.9150 0.0000 1.0000
2.0550 -0.9150 0.0000 1.0000
-11.0850 -0.9450 0.0000 1.0000
-11.0550 -0.9450 0.0000 1.0000
-9.4050 -0.9450 0.0000 1.0000
-9.3750 -0.9450 0.0000 1.0000
-9.3450 -0.9450 0.0000 1.0000
-9.3150 -0.9450 0.0000 1.0000
-8.9250 -0.9450 0.0000 1.0000
-8.8950 -0.9450 0.0000 1.0000
-0.0150 -0.9450 0.0000 1.0000
0.0150 -0.9450 0.0000 1.0000
0.0450 -0.9450 0.0000 1.0000
0.1050 -0.9450 0.0000 1.0000
0.1350 -0.9450 0.0000 1.0000
0.1650 -0.9450 0.0000 1.0000
1.5150 -0.9450 0.0000 1.0000
1.5450 -0.9450 0.0000 1.0000
1.6950 -0.9450 0.0000 1.0000
1.7250 -0.9450 0.0000 1.0000
1.7550 -0.9450 0.0000 1.0000
1.7850 -0.9450 0.0000 1.0000
1.8150 -0.9450 0.0000 1.0000
1.8450 -0.9450 0.0000 1.0000
2.0250 -0.9450 0.0000 1.0000
2.0550 -0.9450 0.0000 1.0000
-11.0850 -0.9750 0.0000 1.0000
-9.4950 -0.9750 0.0000 1.0000
-9.4650 -0.9750 0.0000 1.0000
-9.4050 -0.9750 0.0000 1.0000
-9.3750 -0.9750 0.0000 1.0000
-9.3450 -0.9750 0.0000 1.0000
-9.2550 -0.9750 0.0000 1.0000
-9.1650 -0.9750 0.0000 1.0000
-8.8950 -0.9750 0.0000 1.0000
0.0150 -0.9750 0.0000 1.0000
0.0450 -0.9750 0.0000 1.0000
0.0750 -0.9750 0.0000 1.0000
0.1050 -0.9750 0.0000 1.0000
0.1350 -0.9750 0.0000 1.0000
0.1650 -0.9750 0.0000 1.0000
1.5150 -0.9750 0.0000 1.0000
1.6950 -0.9750 0.0000 1.0000
1.7250 -0.9750 0.0000 1.0000
1.8450 -0.9750 0.0000 1.0000
2.0250 -0.9750 0.0000 1.0000
2.0550 -0.9750 0.0000 1.0000
-11.1150 -1.0050 0.0000 1.0000
-11.0550 -1.0050 0.0000 1.0000
-11.0250 -1.0050 0.0000 1.0000
-10.9950 -1.0050 0.0000 1.0000
-9.4650 -1.0050 0.0000 1.0000
-9.4350 -1.0050 0.0000 1.0000
-9.3750 -1.0050 0.0000 1.0000
-9.2850 -1.0050 0.0000 1.0000
-9.2250 -1.0050 0.0000 1.0000
-9.1950 -1.0050 0.0000 1.0000
-9.1650 -1.0050 0.0000 1.0000
-8.8950 -1.0050 0.0000 1.0000
-8.8650 -1.0050 0.0000 1.0000
-0.0150 -1.0050 0.0000 1.0000
0.0150 -1.0050 0.0000 1.0000
0.0450 -1.0050 0.0000 1.0000
0.1050 -1.0050 0.0000 1.0000
0.2250 -1.0050 0.0000 1.0000
0.2550 -1.0050 0.0000 1.0000
1.6050 -1.0050 0.0000 1.0000
1.6650 -1.0050 0.0000 1.0000
1.7550 -1.0050 0.0000 1.0000
1.9950 -1.0050 0.0000 1.0000
2.0250 -1.0050 0.0000 1.0000
2.0550 -1.0050 0.0000 1.0000
-11.1750 -1.0350 0.0000 1.0000
-11.1450 -1.0350 0.0000 1.0000
-11.1150 -1.0350 0.0000 1.0000
-11.0250 -1.0350 0.0000 1.0000
-10.9950 -1.0350 0.0000 1.0000
-10.9650 -1.0350 0.0000 1.0000
-10.7850 -1.0350 0.0000 1.0000
-9.4650 -1.0350 0.0000 1.0000
-9.4350 -1.0350 0.0000 1.0000
-9.4050 -1.0350 0.0000 1.0000
-9.2850 -1.0350 0.0000 1.0000
-9.1350 -1.0350 0.0000 1.0000
-9.0750 -1.0350 0.0000 1.0000
-8.8950 -1.0350 0.0000 1.0000
-8.8650 -1.0350 0.0000 1.0000
-8.8350 -1.0350 0.0000 1.0000
0.1050 -1.0350 0.0000 1.0000
1.6650 -1.0350 0.0000 1.0000
1.7550 -1.0350 0.0000 1.0000
1.7850 -1.0350 0.0000 1.0000
1.8150 -1.0350 0.0000 1.0000
1.9650 -1.0350 0.0000 1.0000
1.9950 -1.0350 0.0000 1.0000
2.0250 -1.0350 0.0000 1.0000
2.0550 -1.0350 0.0000 1.0000
-11.2050 -1.0650 0.0000 1.0000
-11.1750 -1.0650 0.0000 1.0000
-11.1450 -1.0650 0.0000 1.0000
-11.1150 -1.0650 0.0000 1.0000
-11.0850 -1.0650 0.0000 1.0000
-11.0550 -1.0650 0.0000 1.0000
-11.0250 -1.0650 0.0000 1.0000
-10.9950 -1.0650 0.0000 1.0000
-9.4050 -1.0650 0.0000 1.0000
-9.2550 -1.0650 0.0000 1.0000
-8.8650 -1.0650 0.0000 1.0000
-0.0450 -1.0650 0.0000 1.0000
0.0750 -1.0650 0.0000 1.0000
0.1650 -1.0650 0.0000 1.0000
1.7550 -1.0650 0.0000 1.0000
1.9650 -1.0650 0.0000 1.0000
2.0250 -1.0650 0.0000 1.0000
-11.2050 -1.0950 0.0000 1.0000
-11.1750 -1.0950 0.0000 1.0000
-11.1150 -1.0950 0.0000 1.0000
-9.4650 -1.0950 0.0000 1.0000
-9.4050 -1.0950 0.0000 1.0000
-9.3150 -1.0950 0.0000 1.0000
-9.2550 -1.0950 0.0000 1.0000
-0.0450 -1.0950 0.0000 1.0000
-11.2050 -1.1250 0.0000 1.0000
-11.1750 -1.1250 0.0000 1.0000
-9.4650 -1.1250 0.0000 1.0000
-9.3450 -1.1250 0.0000 1.0000
-9.3150 -1.1250 0.0000 1.0000
-9.0750 -1.1250 0.0000 1.0000
-8.8950 -1.1250 0.0000 1.0000
-8.8650 -1.1250 0.0000 1.0000
-0.0450 -1.1250 0.0000 1.0000
-0.0150 -1.1250 0.0000 1.0000
1.6650 -1.1250 0.0000 1.0000
1.7550 -1.1250 0.0000 1.0000
1.7850 -1.1250 0.0000 1.0000
1.8150 -1.1250 0.0000 1.0000
1.8450 -1.1250 0.0000 1.0000
-11.2050 -1.1550 0.0000 1.0000
-11.1750 -1.1550 0.0000 1.0000
-11.1450 -1.1550 0.0000 1.0000
-9.3450 -1.1550 0.0000 1.0000
-9.3150 -1.1550 0.0000 1.0000
-8.8650 -1.1550 0.0000 1.0000
-8.8350 -1.1550 0.0000 1.0000
1.7250 -1.1550 0.0000 1.0000
1.7550 -1.1550 0.0000 1.0000
1.8450 -1.1550 0.0000 1.0000
1.8750 -1.1550 0.0000 1.0000
1.9050 -1.1550 0.0000 1.0000
1.9350 -1.1550 0.0000 1.0000
-11.1750 -1.1850 0.0000 1.0000
-9.3750 -1.1850 0.0000 1.0000
-9.3450 -1.1850 0.0000 1.0000
-8.8650 -1.1850 0.0000 1.0000
0.1650 -1.1850 0.0000 1.0000
0.3150 -1.1850 0.0000 1.0000
1.6950 -1.1850 0.0000 1.0000
1.7250 -1.1850 0.0000 1.0000
1.7550 -1.1850 0.0000 1.0000
1.8450 -1.1850 0.0000 1.0000
1.9050 -1.1850 0.0000 1.0000
-11.1750 -1.2150 0.0000 1.0000
-11.1450 -1.2150 0.0000 1.0000
-9.3450 -1.2150 0.0000 1.0000
-9.1950 -1.2150 0.0000 1.0000
-8.8950 -1.2150 0.0000 1.0000
-8.8650 -1.2150 0.0000 1.0000
1.6650 -1.2150 0.0000 1.0000
1.6950 -1.2150 0.0000 1.0000
1.8750 -1.2150 0.0000 1.0000
1.9050 -1.2150 0.0000 1.0000
-11.1750 -1.2450 0.0000 1.0000
-11.1450 -1.2450 0.0000 1.0000
-11.1150 -1.2450 0.0000 1.0000
-11.0850 -1.2450 0.0000 1.0000
-11.0550 -1.2450 0.0000 1.0000
-8.8650 -1.2450 0.0000 1.0000
1.6350 -1.2450 0.0000 1.0000
1.9050 -1.2450 0.0000 1.0000
1.9350 -1.2450 0.0000 1.0000
-11.1150 -1.2750 0.0000 1.0000
-11.0850 -1.2750 0.0000 1.0000
-11.0550 -1.2750 0.0000 1.0000
-11.0250 -1.2750 0.0000 1.0000
-8.8650 -1.2750 0.0000 1.0000
-8.8350 -1.2750 0.0000 1.0000
0.1050 -1.2750 0.0000 1.0000
1.6350 -1.2750 0.0000 1.0000
1.8450 -1.2750 0.0000 1.0000
1.9350 -1.2750 0.0000 1.0000
-11.1150 -1.3050 0.0000 1.0000
-11.0850 -1.3050 0.0000 1.0000
-11.0250 -1.3050 0.0000 1.0000
-10.9950 -1.3050 0.0000 1.0000
-8.8350 -1.3050 0.0000 1.0000
0.1650 -1.3050 0.0000 1.0000
1.8750 -1.3050 0.0000 1.0000
1.9050 -1.3050 0.0000 1.0000
1.9350 -1.3050 0.0000 1.0000
-11.1150 -1.3350 0.0000 1.0000
-11.0550 -1.3350 0.0000 1.0000
-11.0250 -1.3350 0.0000 1.0000
-10.9950 -1.3350 0.0000 1.0000
-8.8650 -1.3350 0.0000 1.0000
-8.8350 -1.3350 0.0000 1.0000
0.1650 -1.3350 0.0000 1.0000
0.1950 -1.3350 0.0000 1.0000
1.8150 -1.3350 0.0000 1.0000
-10.8750 -1.3650 0.0000 1.0000
-8.8350 -1.3650 0.0000 1.0000
0.1650 -1.3650 0.0000 1.0000
1.7850 -1.3650 0.0000 1.0000
1.8450 -1.3650 0.0000 1.0000
1.9050 -1.3650 0.0000 1.0000
1.9350 -1.3650 0.0000 1.0000
1.9650 -1.3650 0.0000 1.0000
1.9950 -1.3650 0.0000 1.0000
2.0250 -1.3650 0.0000 1.0000
-11.1450 -1.3950 0.0000 1.0000
-11.0850 -1.3950 0.0000 1.0000
-11.0250 -1.3950 0.0000 1.0000
-10.9650 -1.3950 0.0000 1.0000
-8.8350 -1.3950 0.0000 1.0000
0.0150 -1.3950 0.0000 1.0000
1.8450 -1.3950 0.0000 1.0000
1.8750 -1.3950 0.0000 1.0000
1.9050 -1.3950 0.0000 1.0000
1.9350 -1.3950 0.0000 1.0000
1.9950 -1.3950 0.0000 1.0000
-11.1450 -1.4250 0.0000 1.0000
-11.1150 -1.4250 0.0000 1.0000
-11.0250 -1.4250 0.0000 1.0000
-10.9950 -1.4250 0.0000 1.0000
-10.8750 -1.4250 0.0000 1.0000
-8.8350 -1.4250 0.0000 1.0000
0.0150 -1.4250 0.0000 1.0000
0.0450 -1.4250 0.0000 1.0000
0.1650 -1.4250 0.0000 1.0000
0.2250 -1.4250 0.0000 1.0000
2.0250 -1.4250 0.0000 1.0000
2.1150 -1.4250 0.0000 1.0000
2.2950 -1.4250 0.0000 1.0000
-11.1150 -1.4550 0.0000 1.0000
-11.0550 -1.4550 0.0000 1.0000
-10.9950 -1.4550 0.0000 1.0000
-10.9650 -1.4550 0.0000 1.0000
-8.8350 -1.4550 0.0000 1.0000
0.1650 -1.4550 0.0000 1.0000
0.3750 -1.4550 0.0000 1.0000
0.4050 -1.4550 0.0000 1.0000
1.9050 -1.4550 0.0000 1.0000
2.0550 -1.4550 0.0000 1.0000
2.1150 -1.4550 0.0000 1.0000
2.1450 -1.4550 0.0000 1.0000
2.2950 -1.4550 0.0000 1.0000
-11.0850 -1.4850 0.0000 1.0000
-10.9950 -1.4850 0.0000 1.0000
-10.9650 -1.4850 0.0000 1.0000
-10.9350 -1.4850 0.0000 1.0000
-10.9050 -1.4850 0.0000 1.0000
-8.8350 -1.4850 0.0000 1.0000
0.0450 -1.4850 0.0000 1.0000
0.0750 -1.4850 0.0000 1.0000
0.1350 -1.4850 0.0000 1.0000
0.3750 -1.4850 0.0000 1.0000
1.9650 -1.4850 0.0000 1.0000
2.1150 -1.4850 0.0000 1.0000
2.1450 -1.4850 0.0000 1.0000
2.2950 -1.4850 0.0000 1.0000
2.3250 -1.4850 0.0000 1.0000
-10.9650 -1.5150 0.0000 1.0000
-10.9350 -1.5150 0.0000 1.0000
-10.9050 -1.5150 0.0000 1.0000
-10.8750 -1.5150 0.0000 1.0000
-8.8350 -1.5150 0.0000 1.0000
0.1350 -1.5150 0.0000 1.0000
0.3450 -1.5150 0.0000 1.0000
1.8150 -1.5150 0.0000 1.0000
1.9650 -1.5150 0.0000 1.0000
2.0550 -1.5150 0.0000 1.0000
2.0850 -1.5150 0.0000 1.0000
2.1450 -1.5150 0.0000 1.0000
2.3250 -1.5150 0.0000 1.0000
-10.9050 -1.5450 0.0000 1.0000
-10.8750 -1.5450 0.0000 1.0000
-10.8450 -1.5450 0.0000 1.0000
-10.8150 -1.5450 0.0000 1.0000
-8.8350 -1.5450 0.0000 1.0000
1.7850 -1.5450 0.0000 1.0000
1.9350 -1.5450 0.0000 1.0000
1.9650 -1.5450 0.0000 1.0000
2.1750 -1.5450 0.0000 1.0000
2.2650 -1.5450 0.0000 1.0000
2.3250 -1.5450 0.0000 1.0000
-10.9050 -1.5750 0.0000 1.0000
-10.8750 -1.5750 0.0000 1.0000
-10.8450 -1.5750 0.0000 1.0000
-10.7850 -1.5750 0.0000 1.0000
-10.7550 -1.5750 0.0000 1.0000
-10.6650 -1.5750 0.0000 1.0000
-9.1950 -1.5750 0.0000 1.0000
-8.8350 -1.5750 0.0000 1.0000
1.9650 -1.5750 0.0000 1.0000
2.2950 -1.5750 0.0000 1.0000
2.3250 -1.5750 0.0000 1.0000
2.3550 -1.5750 0.0000 1.0000
-10.9050 -1.6050 0.0000 1.0000
-10.8450 -1.6050 0.0000 1.0000
-9.1650 -1.6050 0.0000 1.0000
-9.1350 -1.6050 0.0000 1.0000
-8.8350 -1.6050 0.0000 1.0000
-8.8050 -1.6050 0.0000 1.0000
0.0750 -1.6050 0.0000 1.0000
1.7850 -1.6050 0.0000 1.0000
1.8150 -1.6050 0.0000 1.0000
2.3250 -1.6050 0.0000 1.0000
2.3550 -1.6050 0.0000 1.0000
-10.9650 -1.6350 0.0000 1.0000
-10.9350 -1.6350 0.0000 1.0000
-10.9050 -1.6350 0.0000 1.0000
-10.8450 -1.6350 0.0000 1.0000
-10.8150 -1.6350 0.0000 1.0000
-10.7850 -1.6350 0.0000 1.0000
-10.7550 -1.6350 0.0000 1.0000
-9.4650 -1.6350 0.0000 1.0000
-9.1650 -1.6350 0.0000 1.0000
-9.1350 -1.6350 0.0000 1.0000
-8.8350 -1.6350 0.0000 1.0000
-8.8050 -1.6350 0.0000 1.0000
0.2550 -1.6350 0.0000 1.0000
1.7550 -1.6350 0.0000 1.0000
1.7850 -1.6350 0.0000 1.0000
1.9650 -1.6350 0.0000 1.0000
2.3250 -1.6350 0.0000 1.0000
-10.9650 -1.6650 0.0000 1.0000
-10.9050 -1.6650 0.0000 1.0000
-10.8150 -1.6650 0.0000 1.0000
-10.7850 -1.6650 0.0000 1.0000
-9.5250 -1.6650 0.0000 1.0000
-9.3750 -1.6650 0.0000 1.0000
-9.2550 -1.6650 0.0000 1.0000
-9.1650 -1.6650 0.0000 1.0000
-9.0150 -1.6650 0.0000 1.0000
-8.9250 -1.6650 0.0000 1.0000
-8.8650 -1.6650 0.0000 1.0000
-8.8350 -1.6650 0.0000 1.0000
-8.8050 -1.6650 0.0000 1.0000
1.7550 -1.6650 0.0000 1.0000
2.3250 -1.6650 0.0000 1.0000
-11.1450 -1.6950 0.0000 1.0000
-11.1150 -1.6950 0.0000 1.0000
-10.9650 -1.6950 0.0000 1.0000
-10.9050 -1.6950 0.0000 1.0000
-10.8150 -1.6950 0.0000 1.0000
-10.7850 -1.6950 0.0000 1.0000
-10.7550 -1.6950 0.0000 1.0000
-9.4950 -1.6950 0.0000 1.0000
-9.1650 -1.6950 0.0000 1.0000
-9.1050 -1.6950 0.0000 1.0000
-8.9250 -1.6950 0.0000 1.0000
-8.8650 -1.6950 0.0000 1.0000
0.0450 -1.6950 0.0000 1.0000
2.2950 -1.6950 0.0000 1.0000
2.3250 -1.6950 0.0000 1.0000
-10.9950 -1.7250 0.0000 1.0000
-10.9650 -1.7250 0.0000 1.0000
-10.9350 -1.7250 0.0000 1.0000
-10.9050 -1.7250 0.0000 1.0000
-10.7250 -1.7250 0.0000 1.0000
-9.4950 -1.7250 0.0000 1.0000
-9.4650 -1.7250 0.0000 1.0000
-9.4350 -1.7250 0.0000 1.0000
-9.3450 -1.7250 0.0000 1.0000
-9.3150 -1.7250 0.0000 1.0000
-9.2250 -1.7250 0.0000 1.0000
-9.1650 -1.7250 0.0000 1.0000
-9.1350 -1.7250 0.0000 1.0000
-9.0450 -1.7250 0.0000 1.0000
-8.9250 -1.7250 0.0000 1.0000
-8.8950 -1.7250 0.0000 1.0000
-8.8650 -1.7250 0.0000 1.0000
2.2950 -1.7250 0.0000 1.0000
2.3250 -1.7250 0.0000 1.0000
-11.0550 -1.7550 0.0000 1.0000
-10.9350 -1.7550 0.0000 1.0000
-9.5850 -1.7550 0.0000 1.0000
-9.4950 -1.7550 0.0000 1.0000
-9.4650 -1.7550 0.0000 1.0000
-9.2850 -1.7550 0.0000 1.0000
-9.2550 -1.7550 0.0000 1.0000
-9.2250 -1.7550 0.0000 1.0000
-9.1050 -1.7550 0.0000 1.0000
-9.0750 -1.7550 0.0000 1.0000
1.7550 -1.7550 0.0000 1.0000
2.2950 -1.7550 0.0000 1.0000
2.3250 -1.7550 0.0000 1.0000
-11.1750 -1.7850 0.0000 1.0000
-11.0550 -1.7850 0.0000 1.0000
-11.0250 -1.7850 0.0000 1.0000
-10.9650 -1.7850 0.0000 1.0000
-10.9050 -1.7850 0.0000 1.0000
-9.3750 -1.7850 0.0000 1.0000
-9.3450 -1.7850 0.0000 1.0000
-9.3150 -1.7850 0.0000 1.0000
-9.1050 -1.7850 0.0000 1.0000
0.0150 -1.7850 0.0000 1.0000
0.0450 -1.7850 0.0000 1.0000
0.0750 -1.7850 0.0000 1.0000
0.1650 -1.7850 0.0000 1.0000
0.4050 -1.7850 0.0000 1.0000
1.6950 -1.7850 0.0000 1.0000
2.2950 -1.7850 0.0000 1.0000
2.3250 -1.7850 0.0000 1.0000
2.3550 -1.7850 0.0000 1.0000
-11.1750 -1.8150 0.0000 1.0000
-11.0550 -1.8150 0.0000 1.0000
-10.9350 -1.8150 0.0000 1.0000
-9.4950 -1.8150 0.0000 1.0000
-9.3750 -1.8150 0.0000 1.0000
-9.1950 -1.8150 0.0000 1.0000
-9.1650 -1.8150 0.0000 1.0000
-0.0750 -1.8150 0.0000 1.0000
-0.0450 -1.8150 0.0000 1.0000
0.0750 -1.8150 0.0000 1.0000
0.3150 -1.8150 0.0000 1.0000
0.4050 -1.8150 0.0000 1.0000
2.2950 -1.8150 0.0000 1.0000
2.3250 -1.8150 0.0000 1.0000
2.3550 -1.8150 0.0000 1.0000
-11.0550 -1.8450 0.0000 1.0000
-11.0250 -1.8450 0.0000 1.0000
-9.3750 -1.8450 0.0000 1.0000
-9.3150 -1.8450 0.0000 1.0000
-9.2850 -1.8450 0.0000 1.0000
-9.1950 -1.8450 0.0000 1.0000
-9.1650 -1.8450 0.0000 1.0000
0.0150 -1.8450 0.0000 1.0000
0.0450 -1.8450 0.0000 1.0000
0.1050 -1.8450 0.0000 1.0000
0.1350 -1.8450 0.0000 1.0000
2.3250 -1.8450 0.0000 1.0000
-11.1750 -1.8750 0.0000 1.0000
-9.4350 -1.8750 0.0000 1.0000
-9.3750 -1.8750 0.0000 1.0000
-9.3450 -1.8750 0.0000 1.0000
0.0750 -1.8750 0.0000 1.0000
0.1050 -1.8750 0.0000 1.0000
1.6050 -1.8750 0.0000 1.0000
1.6350 -1.8750 0.0000 1.0000
2.3850 -1.8750 0.0000 1.0000
2.4150 -1.8750 0.0000 1.0000
-11.1750 -1.9050 0.0000 1.0000
-10.9650 -1.9050 0.0000 1.0000
-10.9350 -1.9050 0.0000 1.0000
-9.4050 -1.9050 0.0000 1.0000
-9.3750 -1.9050 0.0000 1.0000
-9.3450 -1.9050 0.0000 1.0000
-0.0450 -1.9050 0.0000 1.0000
0.1650 -1.9050 0.0000 1.0000
0.1950 -1.9050 0.0000 1.0000
1.5450 -1.9050 0.0000 1.0000
1.6050 -1.9050 0.0000 1.0000
2.3850 -1.9050 0.0000 1.0000
-11.1750 -1.9350 0.0000 1.0000
-11.0850 -1.9350 0.0000 1.0000
-10.9650 -1.9350 0.0000 1.0000
-10.9350 -1.9350 0.0000 1.0000
-10.8150 -1.9350 0.0000 1.0000
-9.4350 -1.9350 0.0000 1.0000
-9.4050 -1.9350 0.0000 1.0000
-9.3750 -1.9350 0.0000 1.0000
-9.3450 -1.9350 0.0000 1.0000
0.1350 -1.9350 0.0000 1.0000
1.5450 -1.9350 0.0000 1.0000
2.3850 -1.9350 0.0000 1.0000
-11.1750 -1.9650 0.0000 1.0000
-11.0550 -1.9650 0.0000 1.0000
-10.7850 -1.9650 0.0000 1.0000
-9.4050 -1.9650 0.0000 1.0000
-9.3450 -1.9650 0.0000 1.0000
-9.3150 -1.9650 0.0000 1.0000
0.0750 -1.9650 0.0000 1.0000
0.1350 -1.9650 0.0000 1.0000
1.9950 -1.9650 0.0000 1.0000
2.3850 -1.9650 0.0000 1.0000
-11.0850 -1.9950 0.0000 1.0000
-10.7850 -1.9950 0.0000 1.0000
-9.4950 -1.9950 0.0000 1.0000
-9.4350 -1.9950 0.0000 1.0000
-9.4050 -1.9950 0.0000 1.0000
-9.3150 -1.9950 0.0000 1.0000
-0.5850 -1.9950 0.0000 1.0000
-0.5250 -1.9950 0.0000 1.0000
-0.4650 -1.9950 0.0000 1.0000
-0.4350 -1.9950 0.0000 1.0000
0.1050 -1.9950 0.0000 1.0000
0.1350 -1.9950 0.0000 1.0000
2.3850 -1.9950 0.0000 1.0000
-9.4950 -2.0250 0.0000 1.0000
-9.4350 -2.0250 0.0000 1.0000
-9.4050 -2.0250 0.0000 1.0000
-9.3750 -2.0250 0.0000 1.0000
2.2950 -2.0250 0.0000 1.0000
2.3250 -2.0250 0.0000 1.0000
2.3850 -2.0250 0.0000 1.0000
-11.0850 -2.0550 0.0000 1.0000
-11.0550 -2.0550 0.0000 1.0000
-9.4950 -2.0550 0.0000 1.0000
-9.4350 -2.0550 0.0000 1.0000
-9.4050 -2.0550 0.0000 1.0000
-9.3750 -2.0550 0.0000 1.0000
-9.3150 -2.0550 0.0000 1.0000
0.1350 -2.0550 0.0000 1.0000
2.3250 -2.0550 0.0000 1.0000
2.3550 -2.0550 0.0000 1.0000
2.3850 -2.0550 0.0000 1.0000
-11.0850 -2.0850 0.0000 1.0000
-11.0550 -2.0850 0.0000 1.0000
-9.4650 -2.0850 0.0000 1.0000
-9.4050 -2.0850 0.0000 1.0000
-9.3750 -2.0850 0.0000 1.0000
-9.3450 -2.0850 0.0000 1.0000
-9.3150 -2.0850 0.0000 1.0000
0.0750 -2.0850 0.0000 1.0000
2.3250 -2.0850 0.0000 1.0000
2.3850 -2.0850 0.0000 1.0000
-11.0850 -2.1150 0.0000 1.0000
-11.0550 -2.1150 0.0000 1.0000
-9.5550 -2.1150 0.0000 1.0000
-9.5250 -2.1150 0.0000 1.0000
-9.4950 -2.1150 0.0000 1.0000
-9.3750 -2.1150 0.0000 1.0000
0.1350 -2.1150 0.0000 1.0000
0.1650 -2.1150 0.0000 1.0000
2.2650 -2.1150 0.0000 1.0000
2.3250 -2.1150 0.0000 1.0000
2.3550 -2.1150 0.0000 1.0000
2.3850 -2.1150 0.0000 1.0000
-11.0550 -2.1450 0.0000 1.0000
-11.0250 -2.1450 0.0000 1.0000
-10.9350 -2.1450 0.0000 1.0000
-9.3750 -2.1450 0.0000 1.0000
0.1050 -2.1450 0.0000 1.0000
0.1650 -2.1450 0.0000 1.0000
2.3250 -2.1450 0.0000 1.0000
-11.0550 -2.1750 0.0000 1.0000
-10.9350 -2.1750 0.0000 1.0000
-9.4050 -2.1750 0.0000 1.0000
-9.3750 -2.1750 0.0000 1.0000
-9.2250 -2.1750 0.0000 1.0000
0.0750 -2.1750 0.0000 1.0000
0.1050 -2.1750 0.0000 1.0000
2.1450 -2.1750 0.0000 1.0000
2.3250 -2.1750 0.0000 1.0000
-11.0550 -2.2050 0.0000 1.0000
-10.9350 -2.2050 0.0000 1.0000
-10.9050 -2.2050 0.0000 1.0000
-10.8750 -2.2050 0.0000 1.0000
-9.3750 -2.2050 0.0000 1.0000
-9.3450 -2.2050 0.0000 1.0000
-9.1950 -2.2050 0.0000 1.0000
2.1450 -2.2050 0.0000 1.0000
2.2350 -2.2050 0.0000 1.0000
2.2650 -2.2050 0.0000 1.0000
2.2950 -2.2050 0.0000 1.0000
2.3250 -2.2050 0.0000 1.0000
-10.9350 -2.2350 0.0000 1.0000
-10.8750 -2.2350 0.0000 1.0000
-10.8450 -2.2350 0.0000 1.0000
-9.4650 -2.2350 0.0000 1.0000
-9.3750 -2.2350 0.0000 1.0000
-9.3150 -2.2350 0.0000 1.0000
0.1050 -2.2350 0.0000 1.0000
1.6650 -2.2350 0.0000 1.0000
2.1450 -2.2350 0.0000 1.0000
2.2050 -2.2350 0.0000 1.0000
2.2650 -2.2350 0.0000 1.0000
2.2950 -2.2350 0.0000 1.0000
-10.9350 -2.2650 0.0000 1.0000
-10.9050 -2.2650 0.0000 1.0000
-10.8750 -2.2650 0.0000 1.0000
-10.8450 -2.2650 0.0000 1.0000
-9.3150 -2.2650 0.0000 1.0000
0.1350 -2.2650 0.0000 1.0000
0.1650 -2.2650 0.0000 1.0000
0.3150 -2.2650 0.0000 1.0000
1.8750 -2.2650 0.0000 1.0000
1.9050 -2.2650 0.0000 1.0000
2.1150 -2.2650 0.0000 1.0000
2.1750 -2.2650 0.0000 1.0000
2.2050 -2.2650 0.0000 1.0000
2.2650 -2.2650 0.0000 1.0000
-11.0550 -2.2950 0.0000 1.0000
-11.0250 -2.2950 0.0000 1.0000
-10.9350 -2.2950 0.0000 1.0000
-10.9050 -2.2950 0.0000 1.0000
-10.8750 -2.2950 0.0000 1.0000
-9.4650 -2.2950 0.0000 1.0000
-9.3450 -2.2950 0.0000 1.0000
0.1350 -2.2950 0.0000 1.0000
0.1650 -2.2950 0.0000 1.0000
0.1950 -2.2950 0.0000 1.0000
1.8450 -2.2950 0.0000 1.0000
1.8750 -2.2950 0.0000 1.0000
2.0850 -2.2950 0.0000 1.0000
2.1150 -2.2950 0.0000 1.0000
2.2050 -2.2950 0.0000 1.0000
2.2650 -2.2950 0.0000 1.0000
-10.9050 -2.3250 0.0000 1.0000
-10.8750 -2.3250 0.0000 1.0000
-9.4650 -2.3250 0.0000 1.0000
-9.4350 -2.3250 0.0000 1.0000
-9.3450 -2.3250 0.0000 1.0000
-9.3150 -2.3250 0.0000 1.0000
-9.2550 -2.3250 0.0000 1.0000
0.1650 -2.3250 0.0000 1.0000
0.2250 -2.3250 0.0000 1.0000
1.7250 -2.3250 0.0000 1.0000
1.8150 -2.3250 0.0000 1.0000
1.8750 -2.3250 0.0000 1.0000
1.9350 -2.3250 0.0000 1.0000
1.9650 -2.3250 0.0000 1.0000
2.0850 -2.3250 0.0000 1.0000
2.1150 -2.3250 0.0000 1.0000
-10.9950 -2.3550 0.0000 1.0000
-10.8450 -2.3550 0.0000 1.0000
-9.4350 -2.3550 0.0000 1.0000
-9.2550 -2.3550 0.0000 1.0000
0.1650 -2.3550 0.0000 1.0000
0.1950 -2.3550 0.0000 1.0000
0.2250 -2.3550 0.0000 1.0000
1.6350 -2.3550 0.0000 1.0000
1.6650 -2.3550 0.0000 1.0000
1.6950 -2.3550 0.0000 1.0000
1.7250 -2.3550 0.0000 1.0000
1.8150 -2.3550 0.0000 1.0000
1.8450 -2.3550 0.0000 1.0000
1.8750 -2.3550 0.0000 1.0000
1.9050 -2.3550 0.0000 1.0000
1.9350 -2.3550 0.0000 1.0000
1.9950 -2.3550 0.0000 1.0000
2.0850 -2.3550 0.0000 1.0000
-10.9950 -2.3850 0.0000 1.0000
-10.8750 -2.3850 0.0000 1.0000
-10.8150 -2.3850 0.0000 1.0000
-9.4650 -2.3850 0.0000 1.0000
-9.2550 -2.3850 0.0000 1.0000
0.1050 -2.3850 0.0000 1.0000
0.1950 -2.3850 0.0000 1.0000
0.2250 -2.3850 0.0000 1.0000
0.2850 -2.3850 0.0000 1.0000
1.7550 -2.3850 0.0000 1.0000
1.7850 -2.3850 0.0000 1.0000
1.8150 -2.3850 0.0000 1.0000
1.8450 -2.3850 0.0000 1.0000
1.9050 -2.3850 0.0000 1.0000
1.9350 -2.3850 0.0000 1.0000
2.0250 -2.3850 0.0000 1.0000
-11.1750 -2.4150 0.0000 1.0000
-10.9050 -2.4150 0.0000 1.0000
-10.8750 -2.4150 0.0000 1.0000
-10.8450 -2.4150 0.0000 1.0000
-10.8150 -2.4150 0.0000 1.0000
-10.7850 -2.4150 0.0000 1.0000
-9.4650 -2.4150 0.0000 1.0000
-9.4350 -2.4150 0.0000 1.0000
0.1950 -2.4150 0.0000 1.0000
0.2250 -2.4150 0.0000 1.0000
0.2550 -2.4150 0.0000 1.0000
0.2850 -2.4150 0.0000 1.0000
1.7850 -2.4150 0.0000 1.0000
1.8150 -2.4150 0.0000 1.0000
1.8450 -2.4150 0.0000 1.0000
1.8750 -2.4150 0.0000 1.0000
1.9350 -2.4150 0.0000 1.0000
1.9650 -2.4150 0.0000 1.0000
-11.2050 -2.4450 0.0000 1.0000
-11.1750 -2.4450 0.0000 1.0000
-10.9950 -2.4450 0.0000 1.0000
-10.9650 -2.4450 0.0000 1.0000
-10.9050 -2.4450 0.0000 1.0000
-10.8750 -2.4450 0.0000 1.0000
-10.8150 -2.4450 0.0000 1.0000
-10.7850 -2.4450 0.0000 1.0000
-10.7250 -2.4450 0.0000 1.0000
-9.4650 -2.4450 0.0000 1.0000
-9.4350 -2.4450 0.0000 1.0000
-9.4050 -2.4450 0.0000 1.0000
1.8450 -2.4450 0.0000 1.0000
1.9350 -2.4450 0.0000 1.0000
1.9650 -2.4450 0.0000 1.0000
-11.0250 -2.4750 0.0000 1.0000
-10.9050 -2.4750 0.0000 1.0000
-10.7250 -2.4750 0.0000 1.0000
-9.4350 -2.4750 0.0000 1.0000
0.2550 -2.4750 0.0000 1.0000
0.2850 -2.4750 0.0000 1.0000
0.3150 -2.4750 0.0000 1.0000
1.8150 -2.4750 0.0000 1.0000
1.9050 -2.4750 0.0000 1.0000
1.9650 -2.4750 0.0000 1.0000
1.9950 -2.4750 0.0000 1.0000
-11.1150 -2.5050 0.0000 1.0000
-10.9950 -2.5050 0.0000 1.0000
-9.5250 -2.5050 0.0000 1.0000
-9.4950 -2.5050 0.0000 1.0000
-9.4650 -2.5050 0.0000 1.0000
-9.4350 -2.5050 0.0000 1.0000
0.2850 -2.5050 0.0000 1.0000
0.3150 -2.5050 0.0000 1.0000
1.7850 -2.5050 0.0000 1.0000
1.9050 -2.5050 0.0000 1.0000
-11.1150 -2.5350 0.0000 1.0000
-11.0850 -2.5350 0.0000 1.0000
-10.9050 -2.5350 0.0000 1.0000
-9.4950 -2.5350 0.0000 1.0000
-9.4650 -2.5350 0.0000 1.0000
-9.4350 -2.5350 0.0000 1.0000
0.0150 -2.5350 0.0000 1.0000
0.0750 -2.5350 0.0000 1.0000
0.1050 -2.5350 0.0000 1.0000
0.1650 -2.5350 0.0000 1.0000
0.2250 -2.5350 0.0000 1.0000
0.3150 -2.5350 0.0000 1.0000
1.5150 -2.5350 0.0000 1.0000
1.7850 -2.5350 0.0000 1.0000
1.9350 -2.5350 0.0000 1.0000
-11.1750 -2.5650 0.0000 1.0000
-11.1450 -2.5650 0.0000 1.0000
-11.1150 -2.5650 0.0000 1.0000
-11.0850 -2.5650 0.0000 1.0000
-9.4350 -2.5650 0.0000 1.0000
-9.4050 -2.5650 0.0000 1.0000
-9.2850 -2.5650 0.0000 1.0000
0.0750 -2.5650 0.0000 1.0000
0.1650 -2.5650 0.0000 1.0000
0.2250 -2.5650 0.0000 1.0000
1.9350 -2.5650 0.0000 1.0000
1.9650 -2.5650 0.0000 1.0000
-11.0850 -2.5950 0.0000 1.0000
-11.0250 -2.5950 0.0000 1.0000
-10.9950 -2.5950 0.0000 1.0000
-9.4950 -2.5950 0.0000 1.0000
-9.4050 -2.5950 0.0000 1.0000
-9.3750 -2.5950 0.0000 1.0000
-9.2850 -2.5950 0.0000 1.0000
0.0750 -2.5950 0.0000 1.0000
0.1650 -2.5950 0.0000 1.0000
1.9350 -2.5950 0.0000 1.0000
1.9650 -2.5950 0.0000 1.0000
-11.0850 -2.6250 0.0000 1.0000
-10.9950 -2.6250 0.0000 1.0000
-10.9050 -2.6250 0.0000 1.0000
-10.6950 -2.6250 0.0000 1.0000
-9.4350 -2.6250 0.0000 1.0000
-9.4050 -2.6250 0.0000 1.0000
-9.3750 -2.6250 0.0000 1.0000
-9.3150 -2.6250 0.0000 1.0000
-9.2850 -2.6250 0.0000 1.0000
0.1650 -2.6250 0.0000 1.0000
0.2250 -2.6250 0.0000 1.0000
0.2550 -2.6250 0.0000 1.0000
0.2850 -2.6250 0.0000 1.0000
1.7850 -2.6250 0.0000 1.0000
1.9650 -2.6250 0.0000 1.0000
-11.2950 -2.6550 0.0000 1.0000
-11.1150 -2.6550 0.0000 1.0000
-11.0850 -2.6550 0.0000 1.0000
-11.0550 -2.6550 0.0000 1.0000
-9.3750 -2.6550 0.0000 1.0000
-0.1650 -2.6550 0.0000 1.0000
0.1650 -2.6550 0.0000 1.0000
1.7850 -2.6550 0.0000 1.0000
1.8750 -2.6550 0.0000 1.0000
1.9050 -2.6550 0.0000 1.0000
-11.3250 -2.6850 0.0000 1.0000
-11.1450 -2.6850 0.0000 1.0000
-11.1150 -2.6850 0.0000 1.0000
-11.0850 -2.6850 0.0000 1.0000
-10.7850 -2.6850 0.0000 1.0000
-9.4350 -2.6850 0.0000 1.0000
-9.4050 -2.6850 0.0000 1.0000
-9.3750 -2.6850 0.0000 1.0000
-9.2550 -2.6850 0.0000 1.0000
-9.2250 -2.6850 0.0000 1.0000
-0.1950 -2.6850 0.0000 1.0000
-0.1650 -2.6850 0.0000 1.0000
1.8450 -2.6850 0.0000 1.0000
-11.3850 -2.7150 0.0000 1.0000
-11.3550 -2.7150 0.0000 1.0000
-11.3250 -2.7150 0.0000 1.0000
-11.1450 -2.7150 0.0000 1.0000
-11.1150 -2.7150 0.0000 1.0000
-10.8150 -2.7150 0.0000 1.0000
-10.7550 -2.7150 0.0000 1.0000
-9.2250 -2.7150 0.0000 1.0000
-0.1950 -2.7150 0.0000 1.0000
1.8750 -2.7150 0.0000 1.0000
1.9950 -2.7150 0.0000 1.0000
2.0250 -2.7150 0.0000 1.0000
-11.3850 -2.7450 0.0000 1.0000
-11.3550 -2.7450 0.0000 1.0000
-11.1450 -2.7450 0.0000 1.0000
-11.1150 -2.7450 0.0000 1.0000
-10.8150 -2.7450 0.0000 1.0000
-10.7850 -2.7450 0.0000 1.0000
-9.4050 -2.7450 0.0000 1.0000
-9.2550 -2.7450 0.0000 1.0000
-9.2250 -2.7450 0.0000 1.0000
-0.1950 -2.7450 0.0000 1.0000
1.8750 -2.7450 0.0000 1.0000
1.9050 -2.7450 0.0000 1.0000
1.9350 -2.7450 0.0000 1.0000
1.9650 -2.7450 0.0000 1.0000
2.0850 -2.7450 0.0000 1.0000
2.1150 -2.7450 0.0000 1.0000
2.1450 -2.7450 0.0000 1.0000
-11.3850 -2.7750 0.0000 1.0000
-11.3550 -2.7750 0.0000 1.0000
-11.2950 -2.7750 0.0000 1.0000
-11.2350 -2.7750 0.0000 1.0000
-11.1450 -2.7750 0.0000 1.0000
-11.1150 -2.7750 0.0000 1.0000
-11.0850 -2.7750 0.0000 1.0000
-11.0550 -2.7750 0.0000 1.0000
-10.8150 -2.7750 0.0000 1.0000
-10.7850 -2.7750 0.0000 1.0000
-9.4050 -2.7750 0.0000 1.0000
-9.3750 -2.7750 0.0000 1.0000
-9.2250 -2.7750 0.0000 1.0000
-9.1650 -2.7750 0.0000 1.0000
-0.1950 -2.7750 0.0000 1.0000
-0.1650 -2.7750 0.0000 1.0000
1.9050 -2.7750 0.0000 1.0000
1.9350 -2.7750 0.0000 1.0000
1.9650 -2.7750 0.0000 1.0000
2.0250 -2.7750 0.0000 1.0000
2.0550 -2.7750 0.0000 1.0000
-11.4150 -2.8050 0.0000 1.0000
-11.3850 -2.8050 0.0000 1.0000
-11.3250 -2.8050 0.0000 1.0000
-11.2650 -2.8050 0.0000 1.0000
-11.1450 -2.8050 0.0000 1.0000
-11.1150 -2.8050 0.0000 1.0000
-11.0850 -2.8050 0.0000 1.0000
-11.0550 -2.8050 0.0000 1.0000
-9.4050 -2.8050 0.0000 1.0000
-9.3750 -2.8050 0.0000 1.0000
-0.1950 -2.8050 0.0000 1.0000
1.9050 -2.8050 0.0000 1.0000
1.9650 -2.8050 0.0000 1.0000
2.1450 -2.8050 0.0000 1.0000
2.1750 -2.8050 0.0000 1.0000
-11.4450 -2.8350 0.0000 1.0000
-11.4150 -2.8350 0.0000 1.0000
-11.3250 -2.8350 0.0000 1.0000
-11.2650 -2.8350 0.0000 1.0000
-11.1450 -2.8350 0.0000 1.0000
-11.1150 -2.8350 0.0000 1.0000
-11.0550 -2.8350 0.0000 1.0000
-9.4050 -2.8350 0.0000 1.0000
-9.3750 -2.8350 0.0000 1.0000
-9.2550 -2.8350 0.0000 1.0000
-9.2250 -2.8350 0.0000 1.0000
-0.1950 -2.8350 0.0000 1.0000
0.2850 -2.8350 0.0000 1.0000
2.1450 -2.8350 0.0000 1.0000
2.1750 -2.8350 0.0000 1.0000
2.2050 -2.8350 0.0000 1.0000
2.3250 -2.8350 0.0000 1.0000
-11.5950 -2.8650 0.0000 1.0000
-11.5350 -2.8650 0.0000 1.0000
-11.4750 -2.8650 0.0000 1.0000
-11.4450 -2.8650 0.0000 1.0000
-11.4150 -2.8650 0.0000 1.0000
-11.3550 -2.8650 0.0000 1.0000
-11.3250 -2.8650 0.0000 1.0000
-9.3750 -2.8650 0.0000 1.0000
-9.3450 -2.8650 0.0000 1.0000
-9.2250 -2.8650 0.0000 1.0000
-0.1950 -2.8650 0.0000 1.0000
1.7850 -2.8650 0.0000 1.0000
1.8450 -2.8650 0.0000 1.0000
2.0250 -2.8650 0.0000 1.0000
2.2050 -2.8650 0.0000 1.0000
2.2950 -2.8650 0.0000 1.0000
2.3250 -2.8650 0.0000 1.0000
-11.5950 -2.8950 0.0000 1.0000
-11.5650 -2.8950 0.0000 1.0000
-11.5350 -2.8950 0.0000 1.0000
-10.9350 -2.8950 0.0000 1.0000
-9.3450 -2.8950 0.0000 1.0000
-0.1950 -2.8950 0.0000 1.0000
2.3250 -2.8950 0.0000 1.0000
2.3550 -2.8950 0.0000 1.0000
-11.6250 -2.9250 0.0000 1.0000
-11.5950 -2.9250 0.0000 1.0000
-11.5650 -2.9250 0.0000 1.0000
-10.8750 -2.9250 0.0000 1.0000
-9.3450 -2.9250 0.0000 1.0000
-9.2550 -2.9250 0.0000 1.0000
-0.1950 -2.9250 0.0000 1.0000
2.3250 -2.9250 0.0000 1.0000
2.3550 -2.9250 0.0000 1.0000
-11.6250 -2.9550 0.0000 1.0000
-11.5950 -2.9550 0.0000 1.0000
-9.4050 -2.9550 0.0000 1.0000
-0.1950 -2.9550 0.0000 1.0000
0.1050 -2.9550 0.0000 1.0000
1.9050 -2.9550 0.0000 1.0000
2.0550 -2.9550 0.0000 1.0000
2.3250 -2.9550 0.0000 1.0000
2.3550 -2.9550 0.0000 1.0000
-11.5950 -2.9850 0.0000 1.0000
-11.5650 -2.9850 0.0000 1.0000
-11.3250 -2.9850 0.0000 1.0000
-11.2950 -2.9850 0.0000 1.0000
-9.3750 -2.9850 0.0000 1.0000
-9.2850 -2.9850 0.0000 1.0000
-9.2550 -2.9850 0.0000 1.0000
-0.1950 -2.9850 0.0000 1.0000
0.0450 -2.9850 0.0000 1.0000
0.1050 -2.9850 0.0000 1.0000
1.9350 -2.9850 0.0000 1.0000
2.0550 -2.9850 0.0000 1.0000
2.3250 -2.9850 0.0000 1.0000
-11.5950 -3.0150 0.0000 1.0000
-11.5650 -3.0150 0.0000 1.0000
-11.5350 -3.0150 0.0000 1.0000
-11.2950 -3.0150 0.0000 1.0000
-9.2850 -3.0150 0.0000 1.0000
-9.2250 -3.0150 0.0000 1.0000
-0.1950 -3.0150 0.0000 1.0000
0.0750 -3.0150 0.0000 1.0000
0.1350 -3.0150 0.0000 1.0000
1.9350 -3.0150 0.0000 1.0000
2.0250 -3.0150 0.0000 1.0000
2.3250 -3.0150 0.0000 1.0000
2.3550 -3.0150 0.0000 1.0000
-11.5950 -3.0450 0.0000 1.0000
-11.5650 -3.0450 0.0000 1.0000
-11.5350 -3.0450 0.0000 1.0000
-9.3450 -3.0450 0.0000 1.0000
0.0750 -3.0450 0.0000 1.0000
0.2850 -3.0450 0.0000 1.0000
0.3150 -3.0450 0.0000 1.0000
1.9350 -3.0450 0.0000 1.0000
2.3250 -3.0450 0.0000 1.0000
2.3550 -3.0450 0.0000 1.0000
-11.5950 -3.0750 0.0000 1.0000
-11.5650 -3.0750 0.0000 1.0000
-11.5350 -3.0750 0.0000 1.0000
-9.3750 -3.0750 0.0000 1.0000
-9.2850 -3.0750 0.0000 1.0000
-9.1950 -3.0750 0.0000 1.0000
0.1050 -3.0750 0.0000 1.0000
0.2250 -3.0750 0.0000 1.0000
0.2850 -3.0750 0.0000 1.0000
0.3750 -3.0750 0.0000 1.0000
1.9350 -3.0750 0.0000 1.0000
2.3250 -3.0750 0.0000 1.0000
2.3550 -3.0750 0.0000 1.0000
-11.5950 -3.1050 0.0000 1.0000
-11.5650 -3.1050 0.0000 1.0000
-11.5350 -3.1050 0.0000 1.0000
-9.4050 -3.1050 0.0000 1.0000
-9.3750 -3.1050 0.0000 1.0000
-9.3450 -3.1050 0.0000 1.0000
-9.2850 -3.1050 0.0000 1.0000
-9.1650 -3.1050 0.0000 1.0000
0.1050 -3.1050 0.0000 1.0000
0.1350 -3.1050 0.0000 1.0000
0.2850 -3.1050 0.0000 1.0000
0.3150 -3.1050 0.0000 1.0000
0.3750 -3.1050 0.0000 1.0000
2.3250 -3.1050 0.0000 1.0000
2.3550 -3.1050 0.0000 1.0000
-11.5650 -3.1350 0.0000 1.0000
-11.5350 -3.1350 0.0000 1.0000
-9.4950 -3.1350 0.0000 1.0000
-9.4650 -3.1350 0.0000 1.0000
-9.4350 -3.1350 0.0000 1.0000
-9.4050 -3.1350 0.0000 1.0000
-9.3750 -3.1350 0.0000 1.0000
-9.3450 -3.1350 0.0000 1.0000
0.3450 -3.1350 0.0000 1.0000
2.3250 -3.1350 0.0000 1.0000
2.3550 -3.1350 0.0000 1.0000
-11.5650 -3.1650 0.0000 1.0000
-11.5350 -3.1650 0.0000 1.0000
-9.4950 -3.1650 0.0000 1.0000
-9.4650 -3.1650 0.0000 1.0000
-9.4350 -3.1650 0.0000 1.0000
-9.4050 -3.1650 0.0000 1.0000
-9.3750 -3.1650 0.0000 1.0000
-9.3450 -3.1650 0.0000 1.0000
-9.3150 -3.1650 0.0000 1.0000
-9.1650 -3.1650 0.0000 1.0000
0.2850 -3.1650 0.0000 1.0000
0.3150 -3.1650 0.0000 1.0000
0.3450 -3.1650 0.0000 1.0000
2.3250 -3.1650 0.0000 1.0000
2.3550 -3.1650 0.0000 1.0000
-11.5650 -3.1950 0.0000 1.0000
-11.5350 -3.1950 0.0000 1.0000
-9.4950 -3.1950 0.0000 1.0000
-9.4650 -3.1950 0.0000 1.0000
-9.4350 -3.1950 0.0000 1.0000
-9.1650 -3.1950 0.0000 1.0000
0.2850 -3.1950 0.0000 1.0000
2.3250 -3.1950 0.0000 1.0000
2.3550 -3.1950 0.0000 1.0000
-11.5650 -3.2250 0.0000 1.0000
-11.5350 -3.2250 0.0000 1.0000
-9.5250 -3.2250 0.0000 1.0000
-9.4950 -3.2250 0.0000 1.0000
-9.4650 -3.2250 0.0000 1.0000
-9.4350 -3.2250 0.0000 1.0000
-9.4050 -3.2250 0.0000 1.0000
-9.2850 -3.2250 0.0000 1.0000
2.3250 -3.2250 0.0000 1.0000
2.3550 -3.2250 0.0000 1.0000
-11.5650 -3.2550 0.0000 1.0000
-11.5350 -3.2550 0.0000 1.0000
-9.5550 -3.2550 0.0000 1.0000
-9.5250 -3.2550 0.0000 1.0000
-9.4950 -3.2550 0.0000 1.0000
-9.4650 -3.2550 0.0000 1.0000
-9.4350 -3.2550 0.0000 1.0000
-9.4050 -3.2550 0.0000 1.0000
-9.2850 -3.2550 0.0000 1.0000
0.2250 -3.2550 0.0000 1.0000
0.2550 -3.2550 0.0000 1.0000
0.2850 -3.2550 0.0000 1.0000
0.3150 -3.2550 0.0000 1.0000
2.3250 -3.2550 0.0000 1.0000
2.3550 -3.2550 0.0000 1.0000
-11.5650 -3.2850 0.0000 1.0000
-11.5350 -3.2850 0.0000 1.0000
-11.5050 -3.2850 0.0000 1.0000
-9.5250 -3.2850 0.0000 1.0000
-9.4950 -3.2850 0.0000 1.0000
-9.4050 -3.2850 0.0000 1.0000
0.2550 -3.2850 0.0000 1.0000
2.3250 -3.2850 0.0000 1.0000
-11.5650 -3.3150 0.0000 1.0000
-11.5050 -3.3150 0.0000 1.0000
-9.4950 -3.3150 0.0000 1.0000
0.1950 -3.3150 0.0000 1.0000
0.2550 -3.3150 0.0000 1.0000
0.2850 -3.3150 0.0000 1.0000
0.3150 -3.3150 0.0000 1.0000
0.3450 -3.3150 0.0000 1.0000
2.3250 -3.3150 0.0000 1.0000
-11.5350 -3.3450 0.0000 1.0000
-9.4650 -3.3450 0.0000 1.0000
-9.4350 -3.3450 0.0000 1.0000
-9.4050 -3.3450 0.0000 1.0000
2.3250 -3.3450 0.0000 1.0000
-11.5050 -3.3750 0.0000 1.0000
-9.4650 -3.3750 0.0000 1.0000
-9.4350 -3.3750 0.0000 1.0000
-9.4050 -3.3750 0.0000 1.0000
-9.3750 -3.3750 0.0000 1.0000
-9.2850 -3.3750 0.0000 1.0000
0.2850 -3.3750 0.0000 1.0000
0.3150 -3.3750 0.0000 1.0000
0.3450 -3.3750 0.0000 1.0000
2.3250 -3.3750 0.0000 1.0000
2.3550 -3.3750 0.0000 1.0000
-11.5350 -3.4050 0.0000 1.0000
-11.4750 -3.4050 0.0000 1.0000
-9.4650 -3.4050 0.0000 1.0000
-9.4350 -3.4050 0.0000 1.0000
-9.4050 -3.4050 0.0000 1.0000
-9.3750 -3.4050 0.0000 1.0000
0.2550 -3.4050 0.0000 1.0000
0.3150 -3.4050 0.0000 1.0000
2.3550 -3.4050 0.0000 1.0000
-11.5350 -3.4350 0.0000 1.0000
-11.4750 -3.4350 0.0000 1.0000
-9.3450 -3.4350 0.0000 1.0000
0.1650 -3.4350 0.0000 1.0000
0.1950 -3.4350 0.0000 1.0000
0.2250 -3.4350 0.0000 1.0000
0.2550 -3.4350 0.0000 1.0000
2.3250 -3.4350 0.0000 1.0000
2.3550 -3.4350 0.0000 1.0000
-11.5350 -3.4650 0.0000 1.0000
-9.3750 -3.4650 0.0000 1.0000
-9.3150 -3.4650 0.0000 1.0000
0.0750 -3.4650 0.0000 1.0000
0.1650 -3.4650 0.0000 1.0000
0.2550 -3.4650 0.0000 1.0000
0.2850 -3.4650 0.0000 1.0000
2.3250 -3.4650 0.0000 1.0000
2.3550 -3.4650 0.0000 1.0000
-11.5350 -3.4950 0.0000 1.0000
-11.0550 -3.4950 0.0000 1.0000
-9.4350 -3.4950 0.0000 1.0000
-9.3750 -3.4950 0.0000 1.0000
-9.3450 -3.4950 0.0000 1.0000
-9.2850 -3.4950 0.0000 1.0000
0.1650 -3.4950 0.0000 1.0000
0.2550 -3.4950 0.0000 1.0000
2.3250 -3.4950 0.0000 1.0000
2.3550 -3.4950 0.0000 1.0000
-11.5350 -3.5250 0.0000 1.0000
-11.5050 -3.5250 0.0000 1.0000
-11.0550 -3.5250 0.0000 1.0000
-9.5850 -3.5250 0.0000 1.0000
-9.5550 -3.5250 0.0000 1.0000
-9.4350 -3.5250 0.0000 1.0000
-9.4050 -3.5250 0.0000 1.0000
-9.3750 -3.5250 0.0000 1.0000
-9.3450 -3.5250 0.0000 1.0000
0.1050 -3.5250 0.0000 1.0000
0.1350 -3.5250 0.0000 1.0000
2.0550 -3.5250 0.0000 1.0000
2.0850 -3.5250 0.0000 1.0000
2.3250 -3.5250 0.0000 1.0000
2.3550 -3.5250 0.0000 1.0000
-11.5350 -3.5550 0.0000 1.0000
-11.5050 -3.5550 0.0000 1.0000
-11.0850 -3.5550 0.0000 1.0000
-11.0550 -3.5550 0.0000 1.0000
-10.9350 -3.5550 0.0000 1.0000
-9.4650 -3.5550 0.0000 1.0000
-9.4350 -3.5550 0.0000 1.0000
-9.4050 -3.5550 0.0000 1.0000
-9.3750 -3.5550 0.0000 1.0000
-9.3450 -3.5550 0.0000 1.0000
0.1050 -3.5550 0.0000 1.0000
0.1350 -3.5550 0.0000 1.0000
0.2550 -3.5550 0.0000 1.0000
0.3150 -3.5550 0.0000 1.0000
0.3450 -3.5550 0.0000 1.0000
2.0550 -3.5550 0.0000 1.0000
2.0850 -3.5550 0.0000 1.0000
2.1750 -3.5550 0.0000 1.0000
2.2050 -3.5550 0.0000 1.0000
2.2650 -3.5550 0.0000 1.0000
2.2950 -3.5550 0.0000 1.0000
2.3250 -3.5550 0.0000 1.0000
-11.5350 -3.5850 0.0000 1.0000
-11.3550 -3.5850 0.0000 1.0000
-11.3250 -3.5850 0.0000 1.0000
-11.1150 -3.5850 0.0000 1.0000
-11.0550 -3.5850 0.0000 1.0000
-9.6450 -3.5850 0.0000 1.0000
-9.4350 -3.5850 0.0000 1.0000
-9.4050 -3.5850 0.0000 1.0000
0.1650 -3.5850 0.0000 1.0000
0.1950 -3.5850 0.0000 1.0000
0.2250 -3.5850 0.0000 1.0000
0.2850 -3.5850 0.0000 1.0000
0.3150 -3.5850 0.0000 1.0000
0.4650 -3.5850 0.0000 1.0000
2.1450 -3.5850 0.0000 1.0000
2.1750 -3.5850 0.0000 1.0000
2.2050 -3.5850 0.0000 1.0000
2.2350 -3.5850 0.0000 1.0000
2.3250 -3.5850 0.0000 1.0000
-11.5350 -3.6150 0.0000 1.0000
-11.5050 -3.6150 0.0000 1.0000
-11.4750 -3.6150 0.0000 1.0000
-11.4450 -3.6150 0.0000 1.0000
-11.4150 -3.6150 0.0000 1.0000
-11.3850 -3.6150 0.0000 1.0000
-11.3550 -3.6150 0.0000 1.0000
-11.3250 -3.6150 0.0000 1.0000
-11.2950 -3.6150 0.0000 1.0000
-11.2650 -3.6150 0.0000 1.0000
-11.2350 -3.6150 0.0000 1.0000
-11.2050 -3.6150 0.0000 1.0000
-11.1150 -3.6150 0.0000 1.0000
-11.0850 -3.6150 0.0000 1.0000
-11.0550 -3.6150 0.0000 1.0000
-9.4050 -3.6150 0.0000 1.0000
0.1350 -3.6150 0.0000 1.0000
0.1650 -3.6150 0.0000 1.0000
0.3150 -3.6150 0.0000 1.0000
2.0550 -3.6150 0.0000 1.0000
2.0850 -3.6150 0.0000 1.0000
-11.5050 -3.6450 0.0000 1.0000
-11.4750 -3.6450 0.0000 1.0000
-11.4150 -3.6450 0.0000 1.0000
-11.3250 -3.6450 0.0000 1.0000
-11.2950 -3.6450 0.0000 1.0000
-11.2650 -3.6450 0.0000 1.0000
-11.2350 -3.6450 0.0000 1.0000
-11.2050 -3.6450 0.0000 1.0000
-11.1750 -3.6450 0.0000 1.0000
-9.4350 -3.6450 0.0000 1.0000
0.2550 -3.6450 0.0000 1.0000
0.2850 -3.6450 0.0000 1.0000
0.3150 -3.6450 0.0000 1.0000
1.9950 -3.6450 0.0000 1.0000
2.0250 -3.6450 0.0000 1.0000
2.0550 -3.6450 0.0000 1.0000
-11.4750 -3.6750 0.0000 1.0000
-11.3250 -3.6750 0.0000 1.0000
-11.2050 -3.6750 0.0000 1.0000
-11.1750 -3.6750 0.0000 1.0000
-11.1450 -3.6750 0.0000 1.0000
-9.6450 -3.6750 0.0000 1.0000
-9.4050 -3.6750 0.0000 1.0000
-9.3150 -3.6750 0.0000 1.0000
0.1950 -3.6750 0.0000 1.0000
0.2550 -3.6750 0.0000 1.0000
1.6650 -3.6750 0.0000 1.0000
1.9950 -3.6750 0.0000 1.0000
2.0250 -3.6750 0.0000 1.0000
2.0550 -3.6750 0.0000 1.0000
-11.2350 -3.7050 0.0000 1.0000
-11.2050 -3.7050 0.0000 1.0000
-11.1450 -3.7050 0.0000 1.0000
-9.3750 -3.7050 0.0000 1.0000
-9.3450 -3.7050 0.0000 1.0000
-9.3150 -3.7050 0.0000 1.0000
0.1050 -3.7050 0.0000 1.0000
0.1650 -3.7050 0.0000 1.0000
0.1950 -3.7050 0.0000 1.0000
0.2250 -3.7050 0.0000 1.0000
1.7550 -3.7050 0.0000 1.0000
1.9650 -3.7050 0.0000 1.0000
1.9950 -3.7050 0.0000 1.0000
2.0250 -3.7050 0.0000 1.0000
2.0550 -3.7050 0.0000 1.0000
-11.3250 -3.7350 0.0000 1.0000
-11.2950 -3.7350 0.0000 1.0000
-11.2650 -3.7350 0.0000 1.0000
-11.2350 -3.7350 0.0000 1.0000
-11.0250 -3.7350 0.0000 1.0000
-9.4650 -3.7350 0.0000 1.0000
-9.3750 -3.7350 0.0000 1.0000
-9.3450 -3.7350 0.0000 1.0000
0.0750 -3.7350 0.0000 1.0000
0.1050 -3.7350 0.0000 1.0000
0.1650 -3.7350 0.0000 1.0000
0.1950 -3.7350 0.0000 1.0000
0.2250 -3.7350 0.0000 1.0000
0.2850 -3.7350 0.0000 1.0000
1.8450 -3.7350 0.0000 1.0000
1.9050 -3.7350 0.0000 1.0000
1.9350 -3.7350 0.0000 1.0000
1.9650 -3.7350 0.0000 1.0000
2.0550 -3.7350 0.0000 1.0000
-11.2050 -3.7650 0.0000 1.0000
-9.5250 -3.7650 0.0000 1.0000
-9.4350 -3.7650 0.0000 1.0000
-9.4050 -3.7650 0.0000 1.0000
-9.3750 -3.7650 0.0000 1.0000
0.0750 -3.7650 0.0000 1.0000
0.1050 -3.7650 0.0000 1.0000
1.8150 -3.7650 0.0000 1.0000
1.8750 -3.7650 0.0000 1.0000
1.9050 -3.7650 0.0000 1.0000
1.9350 -3.7650 0.0000 1.0000
1.9950 -3.7650 0.0000 1.0000
2.1150 -3.7650 0.0000 1.0000
-11.3250 -3.7950 0.0000 1.0000
-11.2050 -3.7950 0.0000 1.0000
-11.0850 -3.7950 0.0000 1.0000
-9.4650 -3.7950 0.0000 1.0000
-9.4350 -3.7950 0.0000 1.0000
0.0750 -3.7950 0.0000 1.0000
0.1050 -3.7950 0.0000 1.0000
1.8750 -3.7950 0.0000 1.0000
1.9050 -3.7950 0.0000 1.0000
1.9350 -3.7950 0.0000 1.0000
1.9650 -3.7950 0.0000 1.0000
1.9950 -3.7950 0.0000 1.0000
2.1150 -3.7950 0.0000 1.0000
-11.3250 -3.8250 0.0000 1.0000
-11.1750 -3.8250 0.0000 1.0000
-9.4650 -3.8250 0.0000 1.0000
-9.4350 -3.8250 0.0000 1.0000
0.0150 -3.8250 0.0000 1.0000
0.0750 -3.8250 0.0000 1.0000
0.1650 -3.8250 0.0000 1.0000
0.1950 -3.8250 0.0000 1.0000
1.6950 -3.8250 0.0000 1.0000
1.7250 -3.8250 0.0000 1.0000
1.9050 -3.8250 0.0000 1.0000
2.0550 -3.8250 0.0000 1.0000
2.0850 -3.8250 0.0000 1.0000
-11.1750 -3.8550 0.0000 1.0000
-11.1450 -3.8550 0.0000 1.0000
-9.4950 -3.8550 0.0000 1.0000
-9.4650 -3.8550 0.0000 1.0000
0.0450 -3.8550 0.0000 1.0000
0.1650 -3.8550 0.0000 1.0000
1.7850 -3.8550 0.0000 1.0000
1.8150 -3.8550 0.0000 1.0000
1.8450 -3.8550 0.0000 1.0000
1.9350 -3.8550 0.0000 1.0000
2.0250 -3.8550 0.0000 1.0000
2.0550 -3.8550 0.0000 1.0000
-11.1750 -3.8850 0.0000 1.0000
-11.1450 -3.8850 0.0000 1.0000
-11.1150 -3.8850 0.0000 1.0000
-9.5250 -3.8850 0.0000 1.0000
-9.4950 -3.8850 0.0000 1.0000
-9.4650 -3.8850 0.0000 1.0000
0.0450 -3.8850 0.0000 1.0000
0.0750 -3.8850 0.0000 1.0000
0.1350 -3.8850 0.0000 1.0000
1.7850 -3.8850 0.0000 1.0000
1.9350 -3.8850 0.0000 1.0000
-11.1150 -3.9150 0.0000 1.0000
-9.5250 -3.9150 0.0000 1.0000
-9.4950 -3.9150 0.0000 1.0000
-9.4650 -3.9150 0.0000 1.0000
0.0750 -3.9150 0.0000 1.0000
0.1050 -3.9150 0.0000 1.0000
0.1650 -3.9150 0.0000 1.0000
0.1950 -3.9150 0.0000 1.0000
1.7250 -3.9150 0.0000 1.0000
1.7550 -3.9150 0.0000 1.0000
1.9350 -3.9150 0.0000 1.0000
1.9650 -3.9150 0.0000 1.0000
-11.1150 -3.9450 0.0000 1.0000
-11.0850 -3.9450 0.0000 1.0000
-9.5550 -3.9450 0.0000 1.0000
-9.5250 -3.9450 0.0000 1.0000
-9.4650 -3.9450 0.0000 1.0000
-9.4050 -3.9450 0.0000 1.0000
-9.3150 -3.9450 0.0000 1.0000
0.1050 -3.9450 0.0000 1.0000
0.1350 -3.9450 0.0000 1.0000
0.3450 -3.9450 0.0000 1.0000
1.7850 -3.9450 0.0000 1.0000
1.9050 -3.9450 0.0000 1.0000
1.9350 -3.9450 0.0000 1.0000
-11.1150 -3.9750 0.0000 1.0000
-11.0850 -3.9750 0.0000 1.0000
-11.0550 -3.9750 0.0000 1.0000
-10.9950 -3.9750 0.0000 1.0000
-10.9650 -3.9750 0.0000 1.0000
-10.9350 -3.9750 0.0000 1.0000
-9.5850 -3.9750 0.0000 1.0000
-9.5550 -3.9750 0.0000 1.0000
-9.5250 -3.9750 0.0000 1.0000
-9.4650 -3.9750 0.0000 1.0000
-9.4050 -3.9750 0.0000 1.0000
0.0450 -3.9750 0.0000 1.0000
0.0750 -3.9750 0.0000 1.0000
0.1050 -3.9750 0.0000 1.0000
0.1350 -3.9750 0.0000 1.0000
1.9650 -3.9750 0.0000 1.0000
-11.0550 -4.0050 0.0000 1.0000
-10.9950 -4.0050 0.0000 1.0000
-10.9650 -4.0050 0.0000 1.0000
-10.9350 -4.0050 0.0000 1.0000
-10.8750 -4.0050 0.0000 1.0000
-9.3750 -4.0050 0.0000 1.0000
-9.3450 -4.0050 0.0000 1.0000
0.0450 -4.0050 0.0000 1.0000
0.0750 -4.0050 0.0000 1.0000
0.1050 -4.0050 0.0000 1.0000
0.1650 -4.0050 0.0000 1.0000
-11.0550 -4.0350 0.0000 1.0000
-11.0250 -4.0350 0.0000 1.0000
-10.9650 -4.0350 0.0000 1.0000
-10.9350 -4.0350 0.0000 1.0000
0.0750 -4.0350 0.0000 1.0000
0.1050 -4.0350 0.0000 1.0000
1.8150 -4.0350 0.0000 1.0000
1.8450 -4.0350 0.0000 1.0000
1.9350 -4.0350 0.0000 1.0000
1.9950 -4.0350 0.0000 1.0000
-11.0250 -4.0650 0.0000 1.0000
-10.9950 -4.0650 0.0000 1.0000
-10.9650 -4.0650 0.0000 1.0000
-10.9350 -4.0650 0.0000 1.0000
-10.9050 -4.0650 0.0000 1.0000
0.0450 -4.0650 0.0000 1.0000
0.0750 -4.0650 0.0000 1.0000
1.8750 -4.0650 0.0000 1.0000
1.9050 -4.0650 0.0000 1.0000
-11.0550 -4.0950 0.0000 1.0000
-11.0250 -4.0950 0.0000 1.0000
-10.9950 -4.0950 0.0000 1.0000
-10.9650 -4.0950 0.0000 1.0000
-10.9050 -4.0950 0.0000 1.0000
-9.5850 -4.0950 0.0000 1.0000
-9.5550 -4.0950 0.0000 1.0000
-9.5250 -4.0950 0.0000 1.0000
0.1050 -4.0950 0.0000 1.0000
0.1350 -4.0950 0.0000 1.0000
1.8750 -4.0950 0.0000 1.0000
1.9350 -4.0950 0.0000 1.0000
-11.3550 -4.1250 0.0000 1.0000
-11.3250 -4.1250 0.0000 1.0000
-10.9950 -4.1250 0.0000 1.0000
-10.8750 -4.1250 0.0000 1.0000
-10.8450 -4.1250 0.0000 1.0000
-9.5550 -4.1250 0.0000 1.0000
-9.5250 -4.1250 0.0000 1.0000
-9.4650 -4.1250 0.0000 1.0000
-9.3750 -4.1250 0.0000 1.0000
0.1050 -4.1250 0.0000 1.0000
0.1350 -4.1250 0.0000 1.0000
0.1650 -4.1250 0.0000 1.0000
0.1950 -4.1250 0.0000 1.0000
0.2250 -4.1250 0.0000 1.0000
0.2550 -4.1250 0.0000 1.0000
1.8450 -4.1250 0.0000 1.0000
1.9350 -4.1250 0.0000 1.0000
-11.3850 -4.1550 0.0000 1.0000
-11.3550 -4.1550 0.0000 1.0000
-11.2950 -4.1550 0.0000 1.0000
-11.0550 -4.1550 0.0000 1.0000
-10.9950 -4.1550 0.0000 1.0000
-10.9650 -4.1550 0.0000 1.0000
-9.5550 -4.1550 0.0000 1.0000
-9.5250 -4.1550 0.0000 1.0000
-9.4650 -4.1550 0.0000 1.0000
-9.4050 -4.1550 0.0000 1.0000
-9.3750 -4.1550 0.0000 1.0000
0.0750 -4.1550 0.0000 1.0000
1.9650 -4.1550 0.0000 1.0000
-11.5350 -4.1850 0.0000 1.0000
-11.5050 -4.1850 0.0000 1.0000
-11.4750 -4.1850 0.0000 1.0000
-11.4150 -4.1850 0.0000 1.0000
-11.3850 -4.1850 0.0000 1.0000
-11.1750 -4.1850 0.0000 1.0000
-11.1450 -4.1850 0.0000 1.0000
-11.0850 -4.1850 0.0000 1.0000
-11.0550 -4.1850 0.0000 1.0000
0.0150 -4.1850 0.0000 1.0000
1.9650 -4.1850 0.0000 1.0000
-11.5350 -4.2150 0.0000 1.0000
-11.5050 -4.2150 0.0000 1.0000
-11.4750 -4.2150 0.0000 1.0000
-11.4450 -4.2150 0.0000 1.0000
-11.1150 -4.2150 0.0000 1.0000
-11.0850 -4.2150 0.0000 1.0000
-10.9950 -4.2150 0.0000 1.0000
-9.6750 -4.2150 0.0000 1.0000
-9.6450 -4.2150 0.0000 1.0000
-9.6150 -4.2150 0.0000 1.0000
-9.5250 -4.2150 0.0000 1.0000
-9.4950 -4.2150 0.0000 1.0000
-9.4650 -4.2150 0.0000 1.0000
-0.0150 -4.2150 0.0000 1.0000
0.0450 -4.2150 0.0000 1.0000
-11.5650 -4.2450 0.0000 1.0000
-11.5350 -4.2450 0.0000 1.0000
-11.1150 -4.2450 0.0000 1.0000
-11.0850 -4.2450 0.0000 1.0000
-10.9950 -4.2450 0.0000 1.0000
-10.9650 -4.2450 0.0000 1.0000
-10.9350 -4.2450 0.0000 1.0000
-9.5550 -4.2450 0.0000 1.0000
-9.4650 -4.2450 0.0000 1.0000
0.0450 -4.2450 0.0000 1.0000
0.0750 -4.2450 0.0000 1.0000
1.9650 -4.2450 0.0000 1.0000
1.9950 -4.2450 0.0000 1.0000
2.1150 -4.2450 0.0000 1.0000
-11.5650 -4.2750 0.0000 1.0000
-11.5350 -4.2750 0.0000 1.0000
-11.0850 -4.2750 0.0000 1.0000
-11.0250 -4.2750 0.0000 1.0000
-10.9950 -4.2750 0.0000 1.0000
-9.7050 -4.2750 0.0000 1.0000
-9.4650 -4.2750 0.0000 1.0000
-9.4350 -4.2750 0.0000 1.0000
-0.1350 -4.2750 0.0000 1.0000
1.6650 -4.2750 0.0000 1.0000
1.7550 -4.2750 0.0000 1.0000
1.9950 -4.2750 0.0000 1.0000
2.0850 -4.2750 0.0000 1.0000
-11.5650 -4.3050 0.0000 1.0000
-11.5350 -4.3050 0.0000 1.0000
-11.1450 -4.3050 0.0000 1.0000
-11.0850 -4.3050 0.0000 1.0000
-11.0550 -4.3050 0.0000 1.0000
-9.4650 -4.3050 0.0000 1.0000
-9.4350 -4.3050 0.0000 1.0000
-9.4050 -4.3050 0.0000 1.0000
-0.0450 -4.3050 0.0000 1.0000
1.7550 -4.3050 0.0000 1.0000
1.7850 -4.3050 0.0000 1.0000
1.8150 -4.3050 0.0000 1.0000
2.0850 -4.3050 0.0000 1.0000
-11.5650 -4.3350 0.0000 1.0000
-11.5350 -4.3350 0.0000 1.0000
-10.9650 -4.3350 0.0000 1.0000
-9.4050 -4.3350 0.0000 1.0000
-9.2550 -4.3350 0.0000 1.0000
-9.2250 -4.3350 0.0000 1.0000
-0.1050 -4.3350 0.0000 1.0000
-0.0750 -4.3350 0.0000 1.0000
-0.0450 -4.3350 0.0000 1.0000
0.1950 -4.3350 0.0000 1.0000
1.7850 -4.3350 0.0000 1.0000
1.8150 -4.3350 0.0000 1.0000
1.9050 -4.3350 0.0000 1.0000
1.9950 -4.3350 0.0000 1.0000
2.0850 -4.3350 0.0000 1.0000
-11.5650 -4.3650 0.0000 1.0000
-11.5350 -4.3650 0.0000 1.0000
-9.2250 -4.3650 0.0000 1.0000
-0.1050 -4.3650 0.0000 1.0000
-0.0750 -4.3650 0.0000 1.0000
-0.0450 -4.3650 0.0000 1.0000
-0.0150 -4.3650 0.0000 1.0000
0.0750 -4.3650 0.0000 1.0000
0.1050 -4.3650 0.0000 1.0000
0.2250 -4.3650 0.0000 1.0000
0.2850 -4.3650 0.0000 1.0000
1.7250 -4.3650 0.0000 1.0000
-11.5650 -4.3950 0.0000 1.0000
-11.5350 -4.3950 0.0000 1.0000
-9.5550 -4.3950 0.0000 1.0000
-9.5250 -4.3950 0.0000 1.0000
-9.4950 -4.3950 0.0000 1.0000
-0.0750 -4.3950 0.0000 1.0000
-0.0450 -4.3950 0.0000 1.0000
-0.0150 -4.3950 0.0000 1.0000
0.1050 -4.3950 0.0000 1.0000
0.1950 -4.3950 0.0000 1.0000
0.2250 -4.3950 0.0000 1.0000
0.2550 -4.3950 0.0000 1.0000
0.2850 -4.3950 0.0000 1.0000
0.3150 -4.3950 0.0000 1.0000
0.3450 -4.3950 0.0000 1.0000
0.3750 -4.3950 0.0000 1.0000
0.4050 -4.3950 0.0000 1.0000
1.9050 -4.3950 0.0000 1.0000
1.9950 -4.3950 0.0000 1.0000
-11.5650 -4.4250 0.0000 1.0000
-9.5250 -4.4250 0.0000 1.0000
-9.4650 -4.4250 0.0000 1.0000
-9.4350 -4.4250 0.0000 1.0000
-9.3150 -4.4250 0.0000 1.0000
-9.1650 -4.4250 0.0000 1.0000
-11.5350 -4.4550 0.0000 1.0000
-9.5550 -4.4550 0.0000 1.0000
-9.5250 -4.4550 0.0000 1.0000
-9.4950 -4.4550 0.0000 1.0000
-9.4650 -4.4550 0.0000 1.0000
-9.4350 -4.4550 0.0000 1.0000
-9.3150 -4.4550 0.0000 1.0000
-9.1650 -4.4550 0.0000 1.0000
1.9050 -4.4550 0.0000 1.0000
1.9350 -4.4550 0.0000 1.0000
1.9950 -4.4550 0.0000 1.0000
2.0850 -4.4550 0.0000 1.0000
2.1150 -4.4550 0.0000 1.0000
-11.5350 -4.4850 0.0000 1.0000
-9.4350 -4.4850 0.0000 1.0000
-9.3450 -4.4850 0.0000 1.0000
0.0150 -4.4850 0.0000 1.0000
0.0450 -4.4850 0.0000 1.0000
1.9350 -4.4850 0.0000 1.0000
1.9650 -4.4850 0.0000 1.0000
1.9950 -4.4850 0.0000 1.0000
2.1150 -4.4850 0.0000 1.0000
-11.5650 -4.5150 0.0000 1.0000
-11.5350 -4.5150 0.0000 1.0000
-9.5550 -4.5150 0.0000 1.0000
-9.4350 -4.5150 0.0000 1.0000
-9.4050 -4.5150 0.0000 1.0000
0.0150 -4.5150 0.0000 1.0000
0.1050 -4.5150 0.0000 1.0000
0.1950 -4.5150 0.0000 1.0000
0.2550 -4.5150 0.0000 1.0000
0.2850 -4.5150 0.0000 1.0000
1.9350 -4.5150 0.0000 1.0000
1.9650 -4.5150 0.0000 1.0000
-11.5350 -4.5450 0.0000 1.0000
-9.4350 -4.5450 0.0000 1.0000
-0.1950 -4.5450 0.0000 1.0000
-0.1650 -4.5450 0.0000 1.0000
0.0450 -4.5450 0.0000 1.0000
0.2550 -4.5450 0.0000 1.0000
1.8750 -4.5450 0.0000 1.0000
1.9050 -4.5450 0.0000 1.0000
1.9350 -4.5450 0.0000 1.0000
1.9650 -4.5450 0.0000 1.0000
-11.5350 -4.5750 0.0000 1.0000
-9.4650 -4.5750 0.0000 1.0000
-9.4350 -4.5750 0.0000 1.0000
-9.4050 -4.5750 0.0000 1.0000
0.0150 -4.5750 0.0000 1.0000
0.1950 -4.5750 0.0000 1.0000
0.2250 -4.5750 0.0000 1.0000
1.8750 -4.5750 0.0000 1.0000
1.9050 -4.5750 0.0000 1.0000
-11.5350 -4.6050 0.0000 1.0000
-9.4350 -4.6050 0.0000 1.0000
-9.3750 -4.6050 0.0000 1.0000
-9.3450 -4.6050 0.0000 1.0000
0.0450 -4.6050 0.0000 1.0000
0.0750 -4.6050 0.0000 1.0000
0.1050 -4.6050 0.0000 1.0000
0.1950 -4.6050 0.0000 1.0000
1.8750 -4.6050 0.0000 1.0000
1.9050 -4.6050 0.0000 1.0000
-11.5350 -4.6350 0.0000 1.0000
-9.4350 -4.6350 0.0000 1.0000
-9.3750 -4.6350 0.0000 1.0000
-9.3450 -4.6350 0.0000 1.0000
0.0450 -4.6350 0.0000 1.0000
0.1050 -4.6350 0.0000 1.0000
0.1350 -4.6350 0.0000 1.0000
0.1650 -4.6350 0.0000 1.0000
0.2250 -4.6350 0.0000 1.0000
-11.5650 -4.6650 0.0000 1.0000
-11.5350 -4.6650 0.0000 1.0000
-9.4350 -4.6650 0.0000 1.0000
-9.3750 -4.6650 0.0000 1.0000
0.0150 -4.6650 0.0000 1.0000
0.0450 -4.6650 0.0000 1.0000
0.0750 -4.6650 0.0000 1.0000
0.1050 -4.6650 0.0000 1.0000
0.1950 -4.6650 0.0000 1.0000
1.9050 -4.6650 0.0000 1.0000
1.9350 -4.6650 0.0000 1.0000
1.9650 -4.6650 0.0000 1.0000
-11.5650 -4.6950 0.0000 1.0000
-11.5350 -4.6950 0.0000 1.0000
-9.4350 -4.6950 0.0000 1.0000
-9.4050 -4.6950 0.0000 1.0000
-9.3450 -4.6950 0.0000 1.0000
-0.0450 -4.6950 0.0000 1.0000
0.0150 -4.6950 0.0000 1.0000
0.0450 -4.6950 0.0000 1.0000
0.0750 -4.6950 0.0000 1.0000
-11.5650 -4.7250 0.0000 1.0000
-11.5350 -4.7250 0.0000 1.0000
-9.3450 -4.7250 0.0000 1.0000
-9.3150 -4.7250 0.0000 1.0000
-0.1650 -4.7250 0.0000 1.0000
-0.1350 -4.7250 0.0000 1.0000
-0.0450 -4.7250 0.0000 1.0000
0.0150 -4.7250 0.0000 1.0000
0.0450 -4.7250 0.0000 1.0000
0.0750 -4.7250 0.0000 1.0000
0.1050 -4.7250 0.0000 1.0000
0.1950 -4.7250 0.0000 1.0000
0.2250 -4.7250 0.0000 1.0000
0.2550 -4.7250 0.0000 1.0000
-11.5350 -4.7550 0.0000 1.0000
-9.4050 -4.7550 0.0000 1.0000
-9.3150 -4.7550 0.0000 1.0000
-9.2550 -4.7550 0.0000 1.0000
-0.1950 -4.7550 0.0000 1.0000
-0.1650 -4.7550 0.0000 1.0000
0.0150 -4.7550 0.0000 1.0000
0.1950 -4.7550 0.0000 1.0000
0.2250 -4.7550 0.0000 1.0000
0.2550 -4.7550 0.0000 1.0000
1.7250 -4.7550 0.0000 1.0000
1.8750 -4.7550 0.0000 1.0000
-11.5350 -4.7850 0.0000 1.0000
-9.4350 -4.7850 0.0000 1.0000
-9.4050 -4.7850 0.0000 1.0000
-9.3750 -4.7850 0.0000 1.0000
-9.3150 -4.7850 0.0000 1.0000
-0.3150 -4.7850 0.0000 1.0000
-0.2850 -4.7850 0.0000 1.0000
-0.2550 -4.7850 0.0000 1.0000
-0.2250 -4.7850 0.0000 1.0000
-0.1950 -4.7850 0.0000 1.0000
-0.0150 -4.7850 0.0000 1.0000
0.0150 -4.7850 0.0000 1.0000
-11.5650 -4.8150 0.0000 1.0000
-11.5350 -4.8150 0.0000 1.0000
-9.4350 -4.8150 0.0000 1.0000
-9.4050 -4.8150 0.0000 1.0000
-9.3750 -4.8150 0.0000 1.0000
-0.2850 -4.8150 0.0000 1.0000
-0.2550 -4.8150 0.0000 1.0000
-0.0150 -4.8150 0.0000 1.0000
0.0150 -4.8150 0.0000 1.0000
0.0450 -4.8150 0.0000 1.0000
-11.5350 -4.8450 0.0000 1.0000
-9.4050 -4.8450 0.0000 1.0000
-9.3750 -4.8450 0.0000 1.0000
-0.3450 -4.8450 0.0000 1.0000
-0.3150 -4.8450 0.0000 1.0000
-0.2850 -4.8450 0.0000 1.0000
-0.0450 -4.8450 0.0000 1.0000
-0.0150 -4.8450 0.0000 1.0000
0.0150 -4.8450 0.0000 1.0000
1.8450 -4.8450 0.0000 1.0000
1.9350 -4.8450 0.0000 1.0000
-11.5350 -4.8750 0.0000 1.0000
-11.1750 -4.8750 0.0000 1.0000
-11.1150 -4.8750 0.0000 1.0000
-9.4050 -4.8750 0.0000 1.0000
-9.3750 -4.8750 0.0000 1.0000
-0.3750 -4.8750 0.0000 1.0000
-0.3450 -4.8750 0.0000 1.0000
-0.0150 -4.8750 0.0000 1.0000
0.0150 -4.8750 0.0000 1.0000
1.9950 -4.8750 0.0000 1.0000
-11.5350 -4.9050 0.0000 1.0000
-11.2650 -4.9050 0.0000 1.0000
-11.1150 -4.9050 0.0000 1.0000
-10.9650 -4.9050 0.0000 1.0000
-9.3150 -4.9050 0.0000 1.0000
-0.3750 -4.9050 0.0000 1.0000
-0.3450 -4.9050 0.0000 1.0000
-0.3150 -4.9050 0.0000 1.0000
1.9350 -4.9050 0.0000 1.0000
1.9950 -4.9050 0.0000 1.0000
-11.5350 -4.9350 0.0000 1.0000
-11.5050 -4.9350 0.0000 1.0000
-11.4450 -4.9350 0.0000 1.0000
-11.4150 -4.9350 0.0000 1.0000
-11.2650 -4.9350 0.0000 1.0000
-11.2350 -4.9350 0.0000 1.0000
-11.2050 -4.9350 0.0000 1.0000
-11.0850 -4.9350 0.0000 1.0000
-11.0250 -4.9350 0.0000 1.0000
-10.9950 -4.9350 0.0000 1.0000
-10.9650 -4.9350 0.0000 1.0000
-9.4650 -4.9350 0.0000 1.0000
-9.4350 -4.9350 0.0000 1.0000
-9.4050 -4.9350 0.0000 1.0000
-9.3450 -4.9350 0.0000 1.0000
-9.3150 -4.9350 0.0000 1.0000
-0.3750 -4.9350 0.0000 1.0000
-0.3450 -4.9350 0.0000 1.0000
-0.3150 -4.9350 0.0000 1.0000
-11.5350 -4.9650 0.0000 1.0000
-11.5050 -4.9650 0.0000 1.0000
-11.3850 -4.9650 0.0000 1.0000
-11.3550 -4.9650 0.0000 1.0000
-11.1450 -4.9650 0.0000 1.0000
-11.1150 -4.9650 0.0000 1.0000
-11.0850 -4.9650 0.0000 1.0000
-11.0250 -4.9650 0.0000 1.0000
-9.5250 -4.9650 0.0000 1.0000
-9.4950 -4.9650 0.0000 1.0000
-9.4350 -4.9650 0.0000 1.0000
-9.4050 -4.9650 0.0000 1.0000
-9.3750 -4.9650 0.0000 1.0000
-9.3450 -4.9650 0.0000 1.0000
-0.3750 -4.9650 0.0000 1.0000
-0.3450 -4.9650 0.0000 1.0000
-0.3150 -4.9650 0.0000 1.0000
1.6350 -4.9650 0.0000 1.0000
1.8750 -4.9650 0.0000 1.0000
1.9650 -4.9650 0.0000 1.0000
-11.4750 -4.9950 0.0000 1.0000
-11.4450 -4.9950 0.0000 1.0000
-11.1450 -4.9950 0.0000 1.0000
-11.1150 -4.9950 0.0000 1.0000
-11.0850 -4.9950 0.0000 1.0000
-11.0550 -4.9950 0.0000 1.0000
-9.5250 -4.9950 0.0000 1.0000
-9.4350 -4.9950 0.0000 1.0000
-0.3450 -4.9950 0.0000 1.0000
-0.3150 -4.9950 0.0000 1.0000
0.0150 -4.9950 0.0000 1.0000
1.7250 -4.9950 0.0000 1.0000
1.7850 -4.9950 0.0000 1.0000
1.8150 -4.9950 0.0000 1.0000
1.8450 -4.9950 0.0000 1.0000
1.9050 -4.9950 0.0000 1.0000
1.9350 -4.9950 0.0000 1.0000
1.9650 -4.9950 0.0000 1.0000
1.9950 -4.9950 0.0000 1.0000
-11.3250 -5.0250 0.0000 1.0000
-11.2950 -5.0250 0.0000 1.0000
-11.2650 -5.0250 0.0000 1.0000
-11.0550 -5.0250 0.0000 1.0000
-9.5250 -5.0250 0.0000 1.0000
-9.4950 -5.0250 0.0000 1.0000
-0.3750 -5.0250 0.0000 1.0000
-0.3450 -5.0250 0.0000 1.0000
-0.3150 -5.0250 0.0000 1.0000
0.0150 -5.0250 0.0000 1.0000
1.9050 -5.0250 0.0000 1.0000
1.9950 -5.0250 0.0000 1.0000
2.0250 -5.0250 0.0000 1.0000
-11.1450 -5.0550 0.0000 1.0000
-11.0850 -5.0550 0.0000 1.0000
-11.0550 -5.0550 0.0000 1.0000
-9.5550 -5.0550 0.0000 1.0000
-9.5250 -5.0550 0.0000 1.0000
-9.4950 -5.0550 0.0000 1.0000
-9.4350 -5.0550 0.0000 1.0000
-0.3450 -5.0550 0.0000 1.0000
-0.3150 -5.0550 0.0000 1.0000
1.7850 -5.0550 0.0000 1.0000
1.8450 -5.0550 0.0000 1.0000
1.9050 -5.0550 0.0000 1.0000
1.9350 -5.0550 0.0000 1.0000
2.0250 -5.0550 0.0000 1.0000
-11.1450 -5.0850 0.0000 1.0000
-11.1150 -5.0850 0.0000 1.0000
-11.0850 -5.0850 0.0000 1.0000
-9.5250 -5.0850 0.0000 1.0000
-9.4650 -5.0850 0.0000 1.0000
-0.3750 -5.0850 0.0000 1.0000
-0.3450 -5.0850 0.0000 1.0000
1.6950 -5.0850 0.0000 1.0000
1.7550 -5.0850 0.0000 1.0000
1.9050 -5.0850 0.0000 1.0000
1.9350 -5.0850 0.0000 1.0000
-11.1750 -5.1150 0.0000 1.0000
-11.1450 -5.1150 0.0000 1.0000
-11.1150 -5.1150 0.0000 1.0000
-9.5250 -5.1150 0.0000 1.0000
-9.4950 -5.1150 0.0000 1.0000
-0.3450 -5.1150 0.0000 1.0000
-0.3150 -5.1150 0.0000 1.0000
1.6950 -5.1150 0.0000 1.0000
1.7550 -5.1150 0.0000 1.0000
1.7850 -5.1150 0.0000 1.0000
1.8150 -5.1150 0.0000 1.0000
1.9050 -5.1150 0.0000 1.0000
-11.3250 -5.1450 0.0000 1.0000
-11.1750 -5.1450 0.0000 1.0000
-11.1450 -5.1450 0.0000 1.0000
-9.5850 -5.1450 0.0000 1.0000
-9.5250 -5.1450 0.0000 1.0000
-0.3450 -5.1450 0.0000 1.0000
-0.3150 -5.1450 0.0000 1.0000
1.6950 -5.1450 0.0000 1.0000
1.7250 -5.1450 0.0000 1.0000
1.7550 -5.1450 0.0000 1.0000
1.7850 -5.1450 0.0000 1.0000
1.8150 -5.1450 0.0000 1.0000
1.8450 -5.1450 0.0000 1.0000
1.8750 -5.1450 0.0000 1.0000
1.9050 -5.1450 0.0000 1.0000
-11.1450 -5.1750 0.0000 1.0000
-9.6450 -5.1750 0.0000 1.0000
-9.5850 -5.1750 0.0000 1.0000
-9.5250 -5.1750 0.0000 1.0000
-9.4950 -5.1750 0.0000 1.0000
-9.4650 -5.1750 0.0000 1.0000
-9.4350 -5.1750 0.0000 1.0000
-0.3450 -5.1750 0.0000 1.0000
-0.3150 -5.1750 0.0000 1.0000
1.7850 -5.1750 0.0000 1.0000
1.9050 -5.1750 0.0000 1.0000
1.9350 -5.1750 0.0000 1.0000
-11.2650 -5.2050 0.0000 1.0000
-11.1450 -5.2050 0.0000 1.0000
-11.1150 -5.2050 0.0000 1.0000
-9.6450 -5.2050 0.0000 1.0000
-9.6150 -5.2050 0.0000 1.0000
-9.5850 -5.2050 0.0000 1.0000
-9.4650 -5.2050 0.0000 1.0000
-0.3450 -5.2050 0.0000 1.0000
-0.3150 -5.2050 0.0000 1.0000
1.8750 -5.2050 0.0000 1.0000
1.9050 -5.2050 0.0000 1.0000
1.9350 -5.2050 0.0000 1.0000
1.9950 -5.2050 0.0000 1.0000
2.0250 -5.2050 0.0000 1.0000
-11.2650 -5.2350 0.0000 1.0000
-11.2350 -5.2350 0.0000 1.0000
-11.2050 -5.2350 0.0000 1.0000
-11.1150 -5.2350 0.0000 1.0000
-11.0850 -5.2350 0.0000 1.0000
-9.5850 -5.2350 0.0000 1.0000
-0.3450 -5.2350 0.0000 1.0000
-0.3150 -5.2350 0.0000 1.0000
1.8750 -5.2350 0.0000 1.0000
1.9650 -5.2350 0.0000 1.0000
-11.1150 -5.2650 0.0000 1.0000
-11.0850 -5.2650 0.0000 1.0000
-9.6750 -5.2650 0.0000 1.0000
-9.6450 -5.2650 0.0000 1.0000
-9.5550 -5.2650 0.0000 1.0000
-9.5250 -5.2650 0.0000 1.0000
-0.3450 -5.2650 0.0000 1.0000
-0.3150 -5.2650 0.0000 1.0000
1.9650 -5.2650 0.0000 1.0000
-11.1450 -5.2950 0.0000 1.0000
-11.0850 -5.2950 0.0000 1.0000
-10.9350 -5.2950 0.0000 1.0000
-9.6150 -5.2950 0.0000 1.0000
-9.5550 -5.2950 0.0000 1.0000
-0.3150 -5.2950 0.0000 1.0000
1.9950 -5.2950 0.0000 1.0000
-9.5550 -5.3250 0.0000 1.0000
-9.5250 -5.3250 0.0000 1.0000
-9.4350 -5.3250 0.0000 1.0000
-9.4050 -5.3250 0.0000 1.0000
-0.3150 -5.3250 0.0000 1.0000
1.9350 -5.3250 0.0000 1.0000
1.9650 -5.3250 0.0000 1.0000
1.9950 -5.3250 0.0000 1.0000
-11.1450 -5.3550 0.0000 1.0000
-11.1150 -5.3550 0.0000 1.0000
-11.0850 -5.3550 0.0000 1.0000
-11.0250 -5.3550 0.0000 1.0000
-10.9950 -5.3550 0.0000 1.0000
-10.9650 -5.3550 0.0000 1.0000
-9.5250 -5.3550 0.0000 1.0000
-9.4650 -5.3550 0.0000 1.0000
-9.4050 -5.3550 0.0000 1.0000
-9.2550 -5.3550 0.0000 1.0000
-0.3150 -5.3550 0.0000 1.0000
1.8450 -5.3550 0.0000 1.0000
1.8750 -5.3550 0.0000 1.0000
-11.1150 -5.3850 0.0000 1.0000
-11.0850 -5.3850 0.0000 1.0000
-11.0550 -5.3850 0.0000 1.0000
-11.0250 -5.3850 0.0000 1.0000
-10.9950 -5.3850 0.0000 1.0000
-10.9650 -5.3850 0.0000 1.0000
-9.5250 -5.3850 0.0000 1.0000
-9.4050 -5.3850 0.0000 1.0000
-9.2550 -5.3850 0.0000 1.0000
-0.3150 -5.3850 0.0000 1.0000
2.0250 -5.3850 0.0000 1.0000
-11.1150 -5.4150 0.0000 1.0000
-11.0850 -5.4150 0.0000 1.0000
-11.0250 -5.4150 0.0000 1.0000
-10.9950 -5.4150 0.0000 1.0000
-10.9650 -5.4150 0.0000 1.0000
-9.4050 -5.4150 0.0000 1.0000
-9.3750 -5.4150 0.0000 1.0000
-9.2850 -5.4150 0.0000 1.0000
-9.2550 -5.4150 0.0000 1.0000
-9.2250 -5.4150 0.0000 1.0000
-0.3150 -5.4150 0.0000 1.0000
1.9650 -5.4150 0.0000 1.0000
1.9950 -5.4150 0.0000 1.0000
2.0250 -5.4150 0.0000 1.0000
2.0550 -5.4150 0.0000 1.0000
2.0850 -5.4150 0.0000 1.0000
-11.0850 -5.4450 0.0000 1.0000
-10.9950 -5.4450 0.0000 1.0000
-10.9650 -5.4450 0.0000 1.0000
-10.9050 -5.4450 0.0000 1.0000
-10.8750 -5.4450 0.0000 1.0000
-10.8150 -5.4450 0.0000 1.0000
-10.7850 -5.4450 0.0000 1.0000
-9.4050 -5.4450 0.0000 1.0000
-0.3150 -5.4450 0.0000 1.0000
-0.2850 -5.4450 0.0000 1.0000
1.8450 -5.4450 0.0000 1.0000
1.8750 -5.4450 0.0000 1.0000
1.9650 -5.4450 0.0000 1.0000
1.9950 -5.4450 0.0000 1.0000
2.0250 -5.4450 0.0000 1.0000
2.1750 -5.4450 0.0000 1.0000
2.2050 -5.4450 0.0000 1.0000
-10.9950 -5.4750 0.0000 1.0000
-10.9650 -5.4750 0.0000 1.0000
-10.9350 -5.4750 0.0000 1.0000
-10.9050 -5.4750 0.0000 1.0000
-10.8750 -5.4750 0.0000 1.0000
-9.3750 -5.4750 0.0000 1.0000
-0.3150 -5.4750 0.0000 1.0000
-0.2850 -5.4750 0.0000 1.0000
1.8450 -5.4750 0.0000 1.0000
1.8750 -5.4750 0.0000 1.0000
1.9050 -5.4750 0.0000 1.0000
1.9350 -5.4750 0.0000 1.0000
1.9950 -5.4750 0.0000 1.0000
2.0250 -5.4750 0.0000 1.0000
2.0550 -5.4750 0.0000 1.0000
2.0850 -5.4750 0.0000 1.0000
2.1450 -5.4750 0.0000 1.0000
2.1750 -5.4750 0.0000 1.0000
-11.0550 -5.5050 0.0000 1.0000
-11.0250 -5.5050 0.0000 1.0000
-10.9650 -5.5050 0.0000 1.0000
-10.9350 -5.5050 0.0000 1.0000
-10.9050 -5.5050 0.0000 1.0000
-9.5550 -5.5050 0.0000 1.0000
-9.4950 -5.5050 0.0000 1.0000
-9.2550 -5.5050 0.0000 1.0000
-9.1650 -5.5050 0.0000 1.0000
-9.1350 -5.5050 0.0000 1.0000
-0.3450 -5.5050 0.0000 1.0000
-0.2850 -5.5050 0.0000 1.0000
-0.1950 -5.5050 0.0000 1.0000
2.1750 -5.5050 0.0000 1.0000
2.2050 -5.5050 0.0000 1.0000
-10.9650 -5.5350 0.0000 1.0000
-10.9350 -5.5350 0.0000 1.0000
-10.9050 -5.5350 0.0000 1.0000
-9.4650 -5.5350 0.0000 1.0000
-9.2850 -5.5350 0.0000 1.0000
-9.2550 -5.5350 0.0000 1.0000
-9.1650 -5.5350 0.0000 1.0000
-9.1350 -5.5350 0.0000 1.0000
-0.3150 -5.5350 0.0000 1.0000
-0.2850 -5.5350 0.0000 1.0000
-0.2550 -5.5350 0.0000 1.0000
-0.1950 -5.5350 0.0000 1.0000
-0.1650 -5.5350 0.0000 1.0000
-0.1350 -5.5350 0.0000 1.0000
-0.1050 -5.5350 0.0000 1.0000
0.0450 -5.5350 0.0000 1.0000
0.0750 -5.5350 0.0000 1.0000
2.1750 -5.5350 0.0000 1.0000
2.2050 -5.5350 0.0000 1.0000
2.2350 -5.5350 0.0000 1.0000
-10.9350 -5.5650 0.0000 1.0000
-10.9050 -5.5650 0.0000 1.0000
-9.3450 -5.5650 0.0000 1.0000
-9.3150 -5.5650 0.0000 1.0000
-9.2850 -5.5650 0.0000 1.0000
-9.1650 -5.5650 0.0000 1.0000
-9.1350 -5.5650 0.0000 1.0000
-9.1050 -5.5650 0.0000 1.0000
-0.3150 -5.5650 0.0000 1.0000
-0.2850 -5.5650 0.0000 1.0000
-0.2550 -5.5650 0.0000 1.0000
-0.2250 -5.5650 0.0000 1.0000
-0.1950 -5.5650 0.0000 1.0000
-0.1050 -5.5650 0.0000 1.0000
-0.0450 -5.5650 0.0000 1.0000
-0.0150 -5.5650 0.0000 1.0000
0.0150 -5.5650 0.0000 1.0000
0.0450 -5.5650 0.0000 1.0000
0.0750 -5.5650 0.0000 1.0000
1.8750 -5.5650 0.0000 1.0000
2.2350 -5.5650 0.0000 1.0000
-10.9350 -5.5950 0.0000 1.0000
-10.9050 -5.5950 0.0000 1.0000
-9.3450 -5.5950 0.0000 1.0000
-9.1050 -5.5950 0.0000 1.0000
0.0750 -5.5950 0.0000 1.0000
0.1050 -5.5950 0.0000 1.0000
0.1350 -5.5950 0.0000 1.0000
0.1650 -5.5950 0.0000 1.0000
2.0850 -5.5950 0.0000 1.0000
2.2350 -5.5950 0.0000 1.0000
-10.9950 -5.6250 0.0000 1.0000
-10.9650 -5.6250 0.0000 1.0000
-10.9350 -5.6250 0.0000 1.0000
-10.9050 -5.6250 0.0000 1.0000
0.1350 -5.6250 0.0000 1.0000
0.1650 -5.6250 0.0000 1.0000
0.1950 -5.6250 0.0000 1.0000
0.3150 -5.6250 0.0000 1.0000
-10.9950 -5.6550 0.0000 1.0000
-10.9650 -5.6550 0.0000 1.0000
-10.8750 -5.6550 0.0000 1.0000
0.1350 -5.6550 0.0000 1.0000
0.2550 -5.6550 0.0000 1.0000
-11.0250 -5.6850 0.0000 1.0000
-10.9950 -5.6850 0.0000 1.0000
-10.9050 -5.6850 0.0000 1.0000
-10.8450 -5.6850 0.0000 1.0000
-9.2850 -5.6850 0.0000 1.0000
-9.1650 -5.6850 0.0000 1.0000
0.1350 -5.6850 0.0000 1.0000
0.1650 -5.6850 0.0000 1.0000
0.3150 -5.6850 0.0000 1.0000
2.1750 -5.6850 0.0000 1.0000
2.2050 -5.6850 0.0000 1.0000
2.2350 -5.6850 0.0000 1.0000
-11.0550 -5.7150 0.0000 1.0000
-11.0250 -5.7150 0.0000 1.0000
-10.9950 -5.7150 0.0000 1.0000
-10.9650 -5.7150 0.0000 1.0000
-9.2850 -5.7150 0.0000 1.0000
-9.2550 -5.7150 0.0000 1.0000
-9.2250 -5.7150 0.0000 1.0000
-9.1950 -5.7150 0.0000 1.0000
-9.1650 -5.7150 0.0000 1.0000
0.1650 -5.7150 0.0000 1.0000
0.1950 -5.7150 0.0000 1.0000
2.2050 -5.7150 0.0000 1.0000
2.2350 -5.7150 0.0000 1.0000
2.2650 -5.7150 0.0000 1.0000
-11.0850 -5.7450 0.0000 1.0000
-11.0550 -5.7450 0.0000 1.0000
-11.0250 -5.7450 0.0000 1.0000
-10.9950 -5.7450 0.0000 1.0000
-9.2550 -5.7450 0.0000 1.0000
-9.2250 -5.7450 0.0000 1.0000
0.0750 -5.7450 0.0000 1.0000
0.1050 -5.7450 0.0000 1.0000
0.1350 -5.7450 0.0000 1.0000
0.1650 -5.7450 0.0000 1.0000
1.9350 -5.7450 0.0000 1.0000
2.2350 -5.7450 0.0000 1.0000
2.2650 -5.7450 0.0000 1.0000
-11.2650 -5.7750 0.0000 1.0000
-11.0850 -5.7750 0.0000 1.0000
-11.0550 -5.7750 0.0000 1.0000
-11.0250 -5.7750 0.0000 1.0000
-10.9950 -5.7750 0.0000 1.0000
-9.4050 -5.7750 0.0000 1.0000
-9.3450 -5.7750 0.0000 1.0000
-9.3150 -5.7750 0.0000 1.0000
-9.2850 -5.7750 0.0000 1.0000
-9.2550 -5.7750 0.0000 1.0000
-0.1650 -5.7750 0.0000 1.0000
-0.1350 -5.7750 0.0000 1.0000
0.0750 -5.7750 0.0000 1.0000
0.1050 -5.7750 0.0000 1.0000
2.2050 -5.7750 0.0000 1.0000
2.2350 -5.7750 0.0000 1.0000
-11.2650 -5.8050 0.0000 1.0000
-11.1150 -5.8050 0.0000 1.0000
-11.0850 -5.8050 0.0000 1.0000
-11.0550 -5.8050 0.0000 1.0000
-9.4050 -5.8050 0.0000 1.0000
-9.3150 -5.8050 0.0000 1.0000
-9.2850 -5.8050 0.0000 1.0000
-8.5950 -5.8050 0.0000 1.0000
0.0750 -5.8050 0.0000 1.0000
0.1050 -5.8050 0.0000 1.0000
0.1350 -5.8050 0.0000 1.0000
0.1950 -5.8050 0.0000 1.0000
2.2050 -5.8050 0.0000 1.0000
2.2350 -5.8050 0.0000 1.0000
-11.1450 -5.8350 0.0000 1.0000
-11.1150 -5.8350 0.0000 1.0000
-11.0550 -5.8350 0.0000 1.0000
-11.0250 -5.8350 0.0000 1.0000
-10.9950 -5.8350 0.0000 1.0000
-9.3150 -5.8350 0.0000 1.0000
-9.2850 -5.8350 0.0000 1.0000
-8.9850 -5.8350 0.0000 1.0000
-8.8350 -5.8350 0.0000 1.0000
-8.8050 -5.8350 0.0000 1.0000
-8.5950 -5.8350 0.0000 1.0000
0.1350 -5.8350 0.0000 1.0000
0.1650 -5.8350 0.0000 1.0000
2.2050 -5.8350 0.0000 1.0000
2.2350 -5.8350 0.0000 1.0000
-11.1450 -5.8650 0.0000 1.0000
-11.0250 -5.8650 0.0000 1.0000
-10.9950 -5.8650 0.0000 1.0000
-10.9650 -5.8650 0.0000 1.0000
-9.2850 -5.8650 0.0000 1.0000
-9.2250 -5.8650 0.0000 1.0000
-9.0750 -5.8650 0.0000 1.0000
-8.9850 -5.8650 0.0000 1.0000
-8.9250 -5.8650 0.0000 1.0000
-8.8950 -5.8650 0.0000 1.0000
-8.7750 -5.8650 0.0000 1.0000
0.1050 -5.8650 0.0000 1.0000
0.1650 -5.8650 0.0000 1.0000
0.1950 -5.8650 0.0000 1.0000
2.2050 -5.8650 0.0000 1.0000
2.2350 -5.8650 0.0000 1.0000
-11.1450 -5.8950 0.0000 1.0000
-10.9950 -5.8950 0.0000 1.0000
-9.2850 -5.8950 0.0000 1.0000
-9.2250 -5.8950 0.0000 1.0000
-9.0750 -5.8950 0.0000 1.0000
-8.9850 -5.8950 0.0000 1.0000
-8.9250 -5.8950 0.0000 1.0000
-8.8950 -5.8950 0.0000 1.0000
-8.8650 -5.8950 0.0000 1.0000
-8.8350 -5.8950 0.0000 1.0000
-8.8050 -5.8950 0.0000 1.0000
-8.7750 -5.8950 0.0000 1.0000
-8.7450 -5.8950 0.0000 1.0000
0.1050 -5.8950 0.0000 1.0000
0.1950 -5.8950 0.0000 1.0000
2.2050 -5.8950 0.0000 1.0000
2.2350 -5.8950 0.0000 1.0000
-11.2950 -5.9250 0.0000 1.0000
-11.1450 -5.9250 0.0000 1.0000
-11.1150 -5.9250 0.0000 1.0000
-9.3150 -5.9250 0.0000 1.0000
-9.2250 -5.9250 0.0000 1.0000
-8.9850 -5.9250 0.0000 1.0000
-8.9550 -5.9250 0.0000 1.0000
-8.7150 -5.9250 0.0000 1.0000
0.1050 -5.9250 0.0000 1.0000
0.1950 -5.9250 0.0000 1.0000
2.2350 -5.9250 0.0000 1.0000
-11.2950 -5.9550 0.0000 1.0000
-9.3150 -5.9550 0.0000 1.0000
-9.2850 -5.9550 0.0000 1.0000
-9.0450 -5.9550 0.0000 1.0000
-9.0150 -5.9550 0.0000 1.0000
-8.7150 -5.9550 0.0000 1.0000
0.2250 -5.9550 0.0000 1.0000
2.2350 -5.9550 0.0000 1.0000
-11.2950 -5.9850 0.0000 1.0000
-9.2550 -5.9850 0.0000 1.0000
-8.7150 -5.9850 0.0000 1.0000
-8.6850 -5.9850 0.0000 1.0000
0.1050 -5.9850 0.0000 1.0000
0.1650 -5.9850 0.0000 1.0000
2.0550 -5.9850 0.0000 1.0000
2.2050 -5.9850 0.0000 1.0000
-11.2950 -6.0150 0.0000 1.0000
-9.2550 -6.0150 0.0000 1.0000
-8.7150 -6.0150 0.0000 1.0000
-8.6850 -6.0150 0.0000 1.0000
0.1050 -6.0150 0.0000 1.0000
0.1350 -6.0150 0.0000 1.0000
0.1650 -6.0150 0.0000 1.0000
0.2250 -6.0150 0.0000 1.0000
2.0850 -6.0150 0.0000 1.0000
2.1150 -6.0150 0.0000 1.0000
2.2050 -6.0150 0.0000 1.0000
2.2350 -6.0150 0.0000 1.0000
-11.2950 -6.0450 0.0000 1.0000
-11.1150 -6.0450 0.0000 1.0000
-9.2550 -6.0450 0.0000 1.0000
-8.7150 -6.0450 0.0000 1.0000
-8.6850 -6.0450 0.0000 1.0000
0.0450 -6.0450 0.0000 1.0000
0.0750 -6.0450 0.0000 1.0000
0.1650 -6.0450 0.0000 1.0000
0.1950 -6.0450 0.0000 1.0000
0.3150 -6.0450 0.0000 1.0000
2.0850 -6.0450 0.0000 1.0000
2.1150 -6.0450 0.0000 1.0000
2.2350 -6.0450 0.0000 1.0000
-11.2950 -6.0750 0.0000 1.0000
-11.0550 -6.0750 0.0000 1.0000
-8.7150 -6.0750 0.0000 1.0000
-8.6850 -6.0750 0.0000 1.0000
0.2550 -6.0750 0.0000 1.0000
0.3450 -6.0750 0.0000 1.0000
2.0850 -6.0750 0.0000 1.0000
2.1150 -6.0750 0.0000 1.0000
2.2350 -6.0750 0.0000 1.0000
-11.2950 -6.1050 0.0000 1.0000
-11.0250 -6.1050 0.0000 1.0000
-10.9950 -6.1050 0.0000 1.0000
-8.7150 -6.1050 0.0000 1.0000
-8.6850 -6.1050 0.0000 1.0000
-0.2250 -6.1050 0.0000 1.0000
-0.1950 -6.1050 0.0000 1.0000
-0.1050 -6.1050 0.0000 1.0000
-0.0750 -6.1050 0.0000 1.0000
0.0450 -6.1050 0.0000 1.0000
0.0750 -6.1050 0.0000 1.0000
0.1350 -6.1050 0.0000 1.0000
0.1650 -6.1050 0.0000 1.0000
0.1950 -6.1050 0.0000 1.0000
0.2250 -6.1050 0.0000 1.0000
0.4050 -6.1050 0.0000 1.0000
0.4650 -6.1050 0.0000 1.0000
2.1150 -6.1050 0.0000 1.0000
2.1750 -6.1050 0.0000 1.0000
2.2350 -6.1050 0.0000 1.0000
-11.2950 -6.1350 0.0000 1.0000
-11.2650 -6.1350 0.0000 1.0000
-8.7150 -6.1350 0.0000 1.0000
-0.2850 -6.1350 0.0000 1.0000
-0.2250 -6.1350 0.0000 1.0000
0.0450 -6.1350 0.0000 1.0000
0.0750 -6.1350 0.0000 1.0000
0.1350 -6.1350 0.0000 1.0000
0.1650 -6.1350 0.0000 1.0000
0.2250 -6.1350 0.0000 1.0000
0.3750 -6.1350 0.0000 1.0000
0.4050 -6.1350 0.0000 1.0000
0.4350 -6.1350 0.0000 1.0000
2.1150 -6.1350 0.0000 1.0000
-11.2950 -6.1650 0.0000 1.0000
-11.2650 -6.1650 0.0000 1.0000
-11.0850 -6.1650 0.0000 1.0000
-8.7150 -6.1650 0.0000 1.0000
-0.2850 -6.1650 0.0000 1.0000
0.1350 -6.1650 0.0000 1.0000
0.2550 -6.1650 0.0000 1.0000
0.4350 -6.1650 0.0000 1.0000
1.9350 -6.1650 0.0000 1.0000
2.1450 -6.1650 0.0000 1.0000
-11.2950 -6.1950 0.0000 1.0000
-11.2650 -6.1950 0.0000 1.0000
-8.7150 -6.1950 0.0000 1.0000
-0.2850 -6.1950 0.0000 1.0000
0.1350 -6.1950 0.0000 1.0000
1.9950 -6.1950 0.0000 1.0000
2.2650 -6.1950 0.0000 1.0000
-11.2950 -6.2250 0.0000 1.0000
-11.2650 -6.2250 0.0000 1.0000
-8.7150 -6.2250 0.0000 1.0000
-0.2850 -6.2250 0.0000 1.0000
-0.2550 -6.2250 0.0000 1.0000
0.1050 -6.2250 0.0000 1.0000
0.1350 -6.2250 0.0000 1.0000
0.1650 -6.2250 0.0000 1.0000
2.2650 -6.2250 0.0000 1.0000
-11.2950 -6.2550 0.0000 1.0000
-11.2650 -6.2550 0.0000 1.0000
-11.1450 -6.2550 0.0000 1.0000
-11.1150 -6.2550 0.0000 1.0000
-10.9950 -6.2550 0.0000 1.0000
-10.9650 -6.2550 0.0000 1.0000
-8.7150 -6.2550 0.0000 1.0000
-0.2550 -6.2550 0.0000 1.0000
0.1650 -6.2550 0.0000 1.0000
0.3150 -6.2550 0.0000 1.0000
1.7850 -6.2550 0.0000 1.0000
2.2350 -6.2550 0.0000 1.0000
-11.2650 -6.2850 0.0000 1.0000
-11.0550 -6.2850 0.0000 1.0000
-11.0250 -6.2850 0.0000 1.0000
-10.9650 -6.2850 0.0000 1.0000
-8.7150 -6.2850 0.0000 1.0000
-0.2850 -6.2850 0.0000 1.0000
-0.2550 -6.2850 0.0000 1.0000
-0.1950 -6.2850 0.0000 1.0000
2.0550 -6.2850 0.0000 1.0000
2.2350 -6.2850 0.0000 1.0000
2.2650 -6.2850 0.0000 1.0000
-8.7450 -6.3150 0.0000 1.0000
-8.7150 -6.3150 0.0000 1.0000
-0.2850 -6.3150 0.0000 1.0000
-0.2550 -6.3150 0.0000 1.0000
1.9050 -6.3150 0.0000 1.0000
2.0250 -6.3150 0.0000 1.0000
2.0550 -6.3150 0.0000 1.0000
-11.2950 -6.3450 0.0000 1.0000
-8.7450 -6.3450 0.0000 1.0000
-8.7150 -6.3450 0.0000 1.0000
-0.2850 -6.3450 0.0000 1.0000
1.7850 -6.3450 0.0000 1.0000
1.8450 -6.3450 0.0000 1.0000
1.8750 -6.3450 0.0000 1.0000
1.9050 -6.3450 0.0000 1.0000
1.9350 -6.3450 0.0000 1.0000
1.9650 -6.3450 0.0000 1.0000
1.9950 -6.3450 0.0000 1.0000
2.0250 -6.3450 0.0000 1.0000
2.2350 -6.3450 0.0000 1.0000
-11.2950 -6.3750 0.0000 1.0000
-11.2650 -6.3750 0.0000 1.0000
-11.2050 -6.3750 0.0000 1.0000
-11.1450 -6.3750 0.0000 1.0000
-11.1150 -6.3750 0.0000 1.0000
-11.0850 -6.3750 0.0000 1.0000
-8.7450 -6.3750 0.0000 1.0000
-8.7150 -6.3750 0.0000 1.0000
-0.2850 -6.3750 0.0000 1.0000
-0.2550 -6.3750 0.0000 1.0000
1.8750 -6.3750 0.0000 1.0000
1.9050 -6.3750 0.0000 1.0000
1.9350 -6.3750 0.0000 1.0000
2.2350 -6.3750 0.0000 1.0000
2.2650 -6.3750 0.0000 1.0000
-11.2650 -6.4050 0.0000 1.0000
-11.2050 -6.4050 0.0000 1.0000
-11.1750 -6.4050 0.0000 1.0000
-11.0850 -6.4050 0.0000 1.0000
-11.0550 -6.4050 0.0000 1.0000
-8.7450 -6.4050 0.0000 1.0000
-8.7150 -6.4050 0.0000 1.0000
-0.2850 -6.4050 0.0000 1.0000
-0.2550 -6.4050 0.0000 1.0000
1.9050 -6.4050 0.0000 1.0000
1.9350 -6.4050 0.0000 1.0000
1.9650 -6.4050 0.0000 1.0000
1.9950 -6.4050 0.0000 1.0000
2.2350 -6.4050 0.0000 1.0000
2.2650 -6.4050 0.0000 1.0000
-11.2350 -6.4350 0.0000 1.0000
-11.2050 -6.4350 0.0000 1.0000
-11.1750 -6.4350 0.0000 1.0000
-11.0850 -6.4350 0.0000 1.0000
-10.9650 -6.4350 0.0000 1.0000
-10.7550 -6.4350 0.0000 1.0000
-8.7450 -6.4350 0.0000 1.0000
-8.7150 -6.4350 0.0000 1.0000
-0.2850 -6.4350 0.0000 1.0000
-0.2550 -6.4350 0.0000 1.0000
1.9650 -6.4350 0.0000 1.0000
1.9950 -6.4350 0.0000 1.0000
2.0250 -6.4350 0.0000 1.0000
2.2350 -6.4350 0.0000 1.0000
2.2650 -6.4350 0.0000 1.0000
-11.1150 -6.4650 0.0000 1.0000
-11.0250 -6.4650 0.0000 1.0000
-10.9950 -6.4650 0.0000 1.0000
-10.9650 -6.4650 0.0000 1.0000
-10.7850 -6.4650 0.0000 1.0000
-10.7550 -6.4650 0.0000 1.0000
-8.7450 -6.4650 0.0000 1.0000
-8.7150 -6.4650 0.0000 1.0000
-0.2850 -6.4650 0.0000 1.0000
-0.2550 -6.4650 0.0000 1.0000
2.0250 -6.4650 0.0000 1.0000
-11.1150 -6.4950 0.0000 1.0000
-11.0850 -6.4950 0.0000 1.0000
-11.0550 -6.4950 0.0000 1.0000
-11.0250 -6.4950 0.0000 1.0000
-10.9950 -6.4950 0.0000 1.0000
-10.9650 -6.4950 0.0000 1.0000
-10.7550 -6.4950 0.0000 1.0000
-8.7450 -6.4950 0.0000 1.0000
-8.7150 -6.4950 0.0000 1.0000
-0.2850 -6.4950 0.0000 1.0000
-0.2550 -6.4950 0.0000 1.0000
1.9650 -6.4950 0.0000 1.0000
1.9950 -6.4950 0.0000 1.0000
-11.1150 -6.5250 0.0000 1.0000
-11.0850 -6.5250 0.0000 1.0000
-11.0550 -6.5250 0.0000 1.0000
-10.9950 -6.5250 0.0000 1.0000
-10.9650 -6.5250 0.0000 1.0000
-10.9050 -6.5250 0.0000 1.0000
-10.8750 -6.5250 0.0000 1.0000
-10.7550 -6.5250 0.0000 1.0000
-10.7250 -6.5250 0.0000 1.0000
-10.6650 -6.5250 0.0000 1.0000
-8.7450 -6.5250 0.0000 1.0000
-0.2850 -6.5250 0.0000 1.0000
-0.2550 -6.5250 0.0000 1.0000
2.0850 -6.5250 0.0000 1.0000
-11.0250 -6.5550 0.0000 1.0000
-10.9950 -6.5550 0.0000 1.0000
-10.9650 -6.5550 0.0000 1.0000
-10.9350 -6.5550 0.0000 1.0000
-10.9050 -6.5550 0.0000 1.0000
-10.8750 -6.5550 0.0000 1.0000
-10.8150 -6.5550 0.0000 1.0000
-10.6650 -6.5550 0.0000 1.0000
-8.7450 -6.5550 0.0000 1.0000
-0.2550 -6.5550 0.0000 1.0000
2.0850 -6.5550 0.0000 1.0000
2.1150 -6.5550 0.0000 1.0000
2.2650 -6.5550 0.0000 1.0000
-11.0550 -6.5850 0.0000 1.0000
-11.0250 -6.5850 0.0000 1.0000
-10.9950 -6.5850 0.0000 1.0000
-8.7450 -6.5850 0.0000 1.0000
-0.2550 -6.5850 0.0000 1.0000
1.9050 -6.5850 0.0000 1.0000
2.0850 -6.5850 0.0000 1.0000
2.1150 -6.5850 0.0000 1.0000
2.1450 -6.5850 0.0000 1.0000
2.2650 -6.5850 0.0000 1.0000
-11.0250 -6.6150 0.0000 1.0000
-10.8750 -6.6150 0.0000 1.0000
-9.4350 -6.6150 0.0000 1.0000
-9.2850 -6.6150 0.0000 1.0000
-9.2550 -6.6150 0.0000 1.0000
-9.2250 -6.6150 0.0000 1.0000
-9.1350 -6.6150 0.0000 1.0000
-9.1050 -6.6150 0.0000 1.0000
-9.0150 -6.6150 0.0000 1.0000
-8.9850 -6.6150 0.0000 1.0000
-8.7450 -6.6150 0.0000 1.0000
-0.2550 -6.6150 0.0000 1.0000
-0.2250 -6.6150 0.0000 1.0000
1.8750 -6.6150 0.0000 1.0000
1.9050 -6.6150 0.0000 1.0000
2.1150 -6.6150 0.0000 1.0000
-10.9650 -6.6450 0.0000 1.0000
-10.9350 -6.6450 0.0000 1.0000
-9.2850 -6.6450 0.0000 1.0000
-9.2550 -6.6450 0.0000 1.0000
-9.2250 -6.6450 0.0000 1.0000
-9.1050 -6.6450 0.0000 1.0000
-9.0450 -6.6450 0.0000 1.0000
-9.0150 -6.6450 0.0000 1.0000
-8.9850 -6.6450 0.0000 1.0000
-8.7450 -6.6450 0.0000 1.0000
-0.2550 -6.6450 0.0000 1.0000
1.8750 -6.6450 0.0000 1.0000
2.0850 -6.6450 0.0000 1.0000
2.1150 -6.6450 0.0000 1.0000
-10.9350 -6.6750 0.0000 1.0000
-9.4050 -6.6750 0.0000 1.0000
-9.3750 -6.6750 0.0000 1.0000
-9.3450 -6.6750 0.0000 1.0000
-9.3150 -6.6750 0.0000 1.0000
-9.2550 -6.6750 0.0000 1.0000
-9.1950 -6.6750 0.0000 1.0000
-9.0750 -6.6750 0.0000 1.0000
-9.0450 -6.6750 0.0000 1.0000
-8.7450 -6.6750 0.0000 1.0000
-0.2850 -6.6750 0.0000 1.0000
-0.2550 -6.6750 0.0000 1.0000
-0.2250 -6.6750 0.0000 1.0000
2.0250 -6.6750 0.0000 1.0000
2.0550 -6.6750 0.0000 1.0000
-9.3450 -6.7050 0.0000 1.0000
-9.3150 -6.7050 0.0000 1.0000
-9.2850 -6.7050 0.0000 1.0000
-9.2550 -6.7050 0.0000 1.0000
-9.2250 -6.7050 0.0000 1.0000
-9.1950 -6.7050 0.0000 1.0000
-9.0750 -6.7050 0.0000 1.0000
-9.0450 -6.7050 0.0000 1.0000
-8.8650 -6.7050 0.0000 1.0000
-8.7750 -6.7050 0.0000 1.0000
-8.7450 -6.7050 0.0000 1.0000
-0.2550 -6.7050 0.0000 1.0000
-0.2250 -6.7050 0.0000 1.0000
1.9650 -6.7050 0.0000 1.0000
1.9950 -6.7050 0.0000 1.0000
2.0550 -6.7050 0.0000 1.0000
-10.9350 -6.7350 0.0000 1.0000
-10.8450 -6.7350 0.0000 1.0000
-9.4050 -6.7350 0.0000 1.0000
-9.3150 -6.7350 0.0000 1.0000
-9.2250 -6.7350 0.0000 1.0000
-9.1950 -6.7350 0.0000 1.0000
-9.1050 -6.7350 0.0000 1.0000
-9.0750 -6.7350 0.0000 1.0000
-9.0450 -6.7350 0.0000 1.0000
-8.8650 -6.7350 0.0000 1.0000
-8.8050 -6.7350 0.0000 1.0000
-8.7750 -6.7350 0.0000 1.0000
-0.2550 -6.7350 0.0000 1.0000
-0.2250 -6.7350 0.0000 1.0000
0.1950 -6.7350 0.0000 1.0000
1.8450 -6.7350 0.0000 1.0000
1.9650 -6.7350 0.0000 1.0000
1.9950 -6.7350 0.0000 1.0000
2.0250 -6.7350 0.0000 1.0000
-10.9350 -6.7650 0.0000 1.0000
-10.8750 -6.7650 0.0000 1.0000
-9.4050 -6.7650 0.0000 1.0000
-9.3750 -6.7650 0.0000 1.0000
-9.3450 -6.7650 0.0000 1.0000
-9.2850 -6.7650 0.0000 1.0000
-9.1950 -6.7650 0.0000 1.0000
-9.1650 -6.7650 0.0000 1.0000
-9.1350 -6.7650 0.0000 1.0000
-9.1050 -6.7650 0.0000 1.0000
-9.0750 -6.7650 0.0000 1.0000
-0.2550 -6.7650 0.0000 1.0000
-0.2250 -6.7650 0.0000 1.0000
0.1950 -6.7650 0.0000 1.0000
1.8450 -6.7650 0.0000 1.0000
1.8750 -6.7650 0.0000 1.0000
1.9650 -6.7650 0.0000 1.0000
1.9950 -6.7650 0.0000 1.0000
2.0250 -6.7650 0.0000 1.0000
-10.9650 -6.7950 0.0000 1.0000
-10.9350 -6.7950 0.0000 1.0000
-10.8750 -6.7950 0.0000 1.0000
-10.8450 -6.7950 0.0000 1.0000
-9.3450 -6.7950 0.0000 1.0000
-9.2250 -6.7950 0.0000 1.0000
-9.1950 -6.7950 0.0000 1.0000
-9.1050 -6.7950 0.0000 1.0000
-0.2250 -6.7950 0.0000 1.0000
0.1650 -6.7950 0.0000 1.0000
1.8750 -6.7950 0.0000 1.0000
1.9350 -6.7950 0.0000 1.0000
1.9650 -6.7950 0.0000 1.0000
2.0250 -6.7950 0.0000 1.0000
-11.2350 -6.8250 0.0000 1.0000
-11.1750 -6.8250 0.0000 1.0000
-10.9350 -6.8250 0.0000 1.0000
-10.8750 -6.8250 0.0000 1.0000
-10.8450 -6.8250 0.0000 1.0000
-9.4050 -6.8250 0.0000 1.0000
-9.3750 -6.8250 0.0000 1.0000
-9.3450 -6.8250 0.0000 1.0000
-9.2250 -6.8250 0.0000 1.0000
-9.1950 -6.8250 0.0000 1.0000
-9.1350 -6.8250 0.0000 1.0000
-0.2250 -6.8250 0.0000 1.0000
0.1650 -6.8250 0.0000 1.0000
1.7850 -6.8250 0.0000 1.0000
1.9050 -6.8250 0.0000 1.0000
2.0250 -6.8250 0.0000 1.0000
-11.2350 -6.8550 0.0000 1.0000
-10.9050 -6.8550 0.0000 1.0000
-10.8750 -6.8550 0.0000 1.0000
-10.8450 -6.8550 0.0000 1.0000
-10.8150 -6.8550 0.0000 1.0000
-10.7850 -6.8550 0.0000 1.0000
-9.3750 -6.8550 0.0000 1.0000
-9.1650 -6.8550 0.0000 1.0000
-9.1050 -6.8550 0.0000 1.0000
-0.2250 -6.8550 0.0000 1.0000
0.0750 -6.8550 0.0000 1.0000
0.1050 -6.8550 0.0000 1.0000
0.2250 -6.8550 0.0000 1.0000
1.9050 -6.8550 0.0000 1.0000
1.9650 -6.8550 0.0000 1.0000
-10.8450 -6.8850 0.0000 1.0000
-10.8150 -6.8850 0.0000 1.0000
-10.7850 -6.8850 0.0000 1.0000
-9.3750 -6.8850 0.0000 1.0000
-9.3150 -6.8850 0.0000 1.0000
-9.2550 -6.8850 0.0000 1.0000
-9.2250 -6.8850 0.0000 1.0000
-9.1050 -6.8850 0.0000 1.0000
-0.2250 -6.8850 0.0000 1.0000
-0.1350 -6.8850 0.0000 1.0000
-0.1050 -6.8850 0.0000 1.0000
0.2250 -6.8850 0.0000 1.0000
1.8750 -6.8850 0.0000 1.0000
1.9050 -6.8850 0.0000 1.0000
-11.0250 -6.9150 0.0000 1.0000
-10.9950 -6.9150 0.0000 1.0000
-10.8450 -6.9150 0.0000 1.0000
-10.8150 -6.9150 0.0000 1.0000
-10.7850 -6.9150 0.0000 1.0000
-9.2250 -6.9150 0.0000 1.0000
-9.1950 -6.9150 0.0000 1.0000
-0.2250 -6.9150 0.0000 1.0000
-0.1950 -6.9150 0.0000 1.0000
-0.1650 -6.9150 0.0000 1.0000
-0.0750 -6.9150 0.0000 1.0000
0.0150 -6.9150 0.0000 1.0000
1.7250 -6.9150 0.0000 1.0000
1.8750 -6.9150 0.0000 1.0000
1.9650 -6.9150 0.0000 1.0000
1.9950 -6.9150 0.0000 1.0000
-11.0250 -6.9450 0.0000 1.0000
-10.8750 -6.9450 0.0000 1.0000
-10.8150 -6.9450 0.0000 1.0000
-10.7850 -6.9450 0.0000 1.0000
-9.2250 -6.9450 0.0000 1.0000
-9.1350 -6.9450 0.0000 1.0000
-9.1050 -6.9450 0.0000 1.0000
-0.2250 -6.9450 0.0000 1.0000
-0.1650 -6.9450 0.0000 1.0000
-0.1350 -6.9450 0.0000 1.0000
-0.0750 -6.9450 0.0000 1.0000
-0.0450 -6.9450 0.0000 1.0000
0.0150 -6.9450 0.0000 1.0000
0.1350 -6.9450 0.0000 1.0000
0.1650 -6.9450 0.0000 1.0000
1.7550 -6.9450 0.0000 1.0000
-11.0250 -6.9750 0.0000 1.0000
-9.1350 -6.9750 0.0000 1.0000
-9.1050 -6.9750 0.0000 1.0000
-0.0750 -6.9750 0.0000 1.0000
-0.0450 -6.9750 0.0000 1.0000
0.1650 -6.9750 0.0000 1.0000
0.1950 -6.9750 0.0000 1.0000
0.4350 -6.9750 0.0000 1.0000
1.7550 -6.9750 0.0000 1.0000
1.9350 -6.9750 0.0000 1.0000
1.9650 -6.9750 0.0000 1.0000
1.9950 -6.9750 0.0000 1.0000
-11.2050 -7.0050 0.0000 1.0000
-9.3750 -7.0050 0.0000 1.0000
-9.2250 -7.0050 0.0000 1.0000
-0.0750 -7.0050 0.0000 1.0000
-0.0450 -7.0050 0.0000 1.0000
0.0750 -7.0050 0.0000 1.0000
0.1050 -7.0050 0.0000 1.0000
0.1650 -7.0050 0.0000 1.0000
1.9050 -7.0050 0.0000 1.0000
1.9350 -7.0050 0.0000 1.0000
1.9650 -7.0050 0.0000 1.0000
1.9950 -7.0050 0.0000 1.0000
-11.2050 -7.0350 0.0000 1.0000
-9.3750 -7.0350 0.0000 1.0000
-9.2550 -7.0350 0.0000 1.0000
-9.2250 -7.0350 0.0000 1.0000
-0.0450 -7.0350 0.0000 1.0000
0.1350 -7.0350 0.0000 1.0000
0.1950 -7.0350 0.0000 1.0000
0.2250 -7.0350 0.0000 1.0000
0.2550 -7.0350 0.0000 1.0000
1.8150 -7.0350 0.0000 1.0000
1.9050 -7.0350 0.0000 1.0000
1.9350 -7.0350 0.0000 1.0000
-10.9650 -7.0650 0.0000 1.0000
-10.9350 -7.0650 0.0000 1.0000
-10.8450 -7.0650 0.0000 1.0000
-9.3450 -7.0650 0.0000 1.0000
-9.2250 -7.0650 0.0000 1.0000
-9.1950 -7.0650 0.0000 1.0000
-9.1350 -7.0650 0.0000 1.0000
0.1650 -7.0650 0.0000 1.0000
0.1950 -7.0650 0.0000 1.0000
0.3450 -7.0650 0.0000 1.0000
1.8150 -7.0650 0.0000 1.0000
1.9650 -7.0650 0.0000 1.0000
1.9950 -7.0650 0.0000 1.0000
-10.9650 -7.0950 0.0000 1.0000
-9.2250 -7.0950 0.0000 1.0000
-9.1950 -7.0950 0.0000 1.0000
0.1950 -7.0950 0.0000 1.0000
0.2250 -7.0950 0.0000 1.0000
0.4050 -7.0950 0.0000 1.0000
0.4350 -7.0950 0.0000 1.0000
0.4650 -7.0950 0.0000 1.0000
1.8150 -7.0950 0.0000 1.0000
1.9350 -7.0950 0.0000 1.0000
-10.9650 -7.1250 0.0000 1.0000
-9.3150 -7.1250 0.0000 1.0000
-9.1950 -7.1250 0.0000 1.0000
-0.0750 -7.1250 0.0000 1.0000
-0.0450 -7.1250 0.0000 1.0000
0.2250 -7.1250 0.0000 1.0000
0.2550 -7.1250 0.0000 1.0000
0.2850 -7.1250 0.0000 1.0000
0.3450 -7.1250 0.0000 1.0000
1.7550 -7.1250 0.0000 1.0000
1.9050 -7.1250 0.0000 1.0000
1.9650 -7.1250 0.0000 1.0000
1.9950 -7.1250 0.0000 1.0000
-11.1150 -7.1550 0.0000 1.0000
-10.9650 -7.1550 0.0000 1.0000
-10.9350 -7.1550 0.0000 1.0000
-10.8750 -7.1550 0.0000 1.0000
-10.8450 -7.1550 0.0000 1.0000
-9.3150 -7.1550 0.0000 1.0000
-9.2550 -7.1550 0.0000 1.0000
-9.2250 -7.1550 0.0000 1.0000
0.2550 -7.1550 0.0000 1.0000
0.2850 -7.1550 0.0000 1.0000
0.3150 -7.1550 0.0000 1.0000
0.3450 -7.1550 0.0000 1.0000
1.7550 -7.1550 0.0000 1.0000
1.8750 -7.1550 0.0000 1.0000
1.9650 -7.1550 0.0000 1.0000
1.9950 -7.1550 0.0000 1.0000
-11.1150 -7.1850 0.0000 1.0000
-11.0250 -7.1850 0.0000 1.0000
-10.9350 -7.1850 0.0000 1.0000
-10.9050 -7.1850 0.0000 1.0000
-10.8750 -7.1850 0.0000 1.0000
-10.8450 -7.1850 0.0000 1.0000
-9.3150 -7.1850 0.0000 1.0000
-9.2550 -7.1850 0.0000 1.0000
0.3150 -7.1850 0.0000 1.0000
0.3450 -7.1850 0.0000 1.0000
0.4050 -7.1850 0.0000 1.0000
1.8150 -7.1850 0.0000 1.0000
1.9650 -7.1850 0.0000 1.0000
1.9950 -7.1850 0.0000 1.0000
-11.1450 -7.2150 0.0000 1.0000
-11.0250 -7.2150 0.0000 1.0000
-10.9350 -7.2150 0.0000 1.0000
-10.9050 -7.2150 0.0000 1.0000
-10.8750 -7.2150 0.0000 1.0000
-9.2850 -7.2150 0.0000 1.0000
-9.2250 -7.2150 0.0000 1.0000
-9.1950 -7.2150 0.0000 1.0000
0.2550 -7.2150 0.0000 1.0000
0.4350 -7.2150 0.0000 1.0000
0.4650 -7.2150 0.0000 1.0000
0.4950 -7.2150 0.0000 1.0000
1.9650 -7.2150 0.0000 1.0000
1.9950 -7.2150 0.0000 1.0000
2.0550 -7.2150 0.0000 1.0000
-11.1450 -7.2450 0.0000 1.0000
-10.9350 -7.2450 0.0000 1.0000
-9.2550 -7.2450 0.0000 1.0000
-9.1650 -7.2450 0.0000 1.0000
0.2550 -7.2450 0.0000 1.0000
0.4950 -7.2450 0.0000 1.0000
0.5250 -7.2450 0.0000 1.0000
0.5550 -7.2450 0.0000 1.0000
0.5850 -7.2450 0.0000 1.0000
0.6150 -7.2450 0.0000 1.0000
1.9950 -7.2450 0.0000 1.0000
2.0250 -7.2450 0.0000 1.0000
2.0550 -7.2450 0.0000 1.0000
-11.1450 -7.2750 0.0000 1.0000
-10.9350 -7.2750 0.0000 1.0000
-9.1350 -7.2750 0.0000 1.0000
-8.8050 -7.2750 0.0000 1.0000
-8.7750 -7.2750 0.0000 1.0000
-8.7450 -7.2750 0.0000 1.0000
0.2850 -7.2750 0.0000 1.0000
0.5850 -7.2750 0.0000 1.0000
1.9950 -7.2750 0.0000 1.0000
2.0250 -7.2750 0.0000 1.0000
2.0550 -7.2750 0.0000 1.0000
-10.9350 -7.3050 0.0000 1.0000
-9.2850 -7.3050 0.0000 1.0000
-9.1950 -7.3050 0.0000 1.0000
-9.1650 -7.3050 0.0000 1.0000
-9.1350 -7.3050 0.0000 1.0000
-8.7450 -7.3050 0.0000 1.0000
-8.7150 -7.3050 0.0000 1.0000
0.4050 -7.3050 0.0000 1.0000
1.7850 -7.3050 0.0000 1.0000
1.9950 -7.3050 0.0000 1.0000
2.0250 -7.3050 0.0000 1.0000
2.0850 -7.3050 0.0000 1.0000
-10.9050 -7.3350 0.0000 1.0000
-9.2850 -7.3350 0.0000 1.0000
-8.7450 -7.3350 0.0000 1.0000
-8.7150 -7.3350 0.0000 1.0000
0.2550 -7.3350 0.0000 1.0000
0.4050 -7.3350 0.0000 1.0000
0.5250 -7.3350 0.0000 1.0000
2.0250 -7.3350 0.0000 1.0000
2.1150 -7.3350 0.0000 1.0000
-11.0250 -7.3650 0.0000 1.0000
-10.9350 -7.3650 0.0000 1.0000
-9.2850 -7.3650 0.0000 1.0000
-9.1350 -7.3650 0.0000 1.0000
-9.0750 -7.3650 0.0000 1.0000
-9.0450 -7.3650 0.0000 1.0000
-8.7150 -7.3650 0.0000 1.0000
2.0550 -7.3650 0.0000 1.0000
-11.0850 -7.3950 0.0000 1.0000
-11.0250 -7.3950 0.0000 1.0000
-9.2550 -7.3950 0.0000 1.0000
-9.1350 -7.3950 0.0000 1.0000
-9.0450 -7.3950 0.0000 1.0000
-8.7150 -7.3950 0.0000 1.0000
0.3450 -7.3950 0.0000 1.0000
0.5250 -7.3950 0.0000 1.0000
1.8450 -7.3950 0.0000 1.0000
1.8750 -7.3950 0.0000 1.0000
2.0250 -7.3950 0.0000 1.0000
-11.0850 -7.4250 0.0000 1.0000
-11.0550 -7.4250 0.0000 1.0000
-11.0250 -7.4250 0.0000 1.0000
-9.0450 -7.4250 0.0000 1.0000
-8.7150 -7.4250 0.0000 1.0000
0.1650 -7.4250 0.0000 1.0000
0.3150 -7.4250 0.0000 1.0000
0.5250 -7.4250 0.0000 1.0000
-10.9650 -7.4550 0.0000 1.0000
-9.0150 -7.4550 0.0000 1.0000
-8.7150 -7.4550 0.0000 1.0000
0.1650 -7.4550 0.0000 1.0000
0.2250 -7.4550 0.0000 1.0000
0.3750 -7.4550 0.0000 1.0000
0.4350 -7.4550 0.0000 1.0000
1.9950 -7.4550 0.0000 1.0000
2.0250 -7.4550 0.0000 1.0000
2.0550 -7.4550 0.0000 1.0000
-10.9650 -7.4850 0.0000 1.0000
-10.9350 -7.4850 0.0000 1.0000
-10.9050 -7.4850 0.0000 1.0000
-10.8750 -7.4850 0.0000 1.0000
-8.7150 -7.4850 0.0000 1.0000
-8.6850 -7.4850 0.0000 1.0000
0.2550 -7.4850 0.0000 1.0000
0.4050 -7.4850 0.0000 1.0000
1.9950 -7.4850 0.0000 1.0000
2.0250 -7.4850 0.0000 1.0000
-10.9350 -7.5150 0.0000 1.0000
-10.9050 -7.5150 0.0000 1.0000
-10.8750 -7.5150 0.0000 1.0000
-8.7150 -7.5150 0.0000 1.0000
-8.6850 -7.5150 0.0000 1.0000
0.2550 -7.5150 0.0000 1.0000
0.2850 -7.5150 0.0000 1.0000
0.3750 -7.5150 0.0000 1.0000
0.4050 -7.5150 0.0000 1.0000
1.7550 -7.5150 0.0000 1.0000
1.9350 -7.5150 0.0000 1.0000
1.9650 -7.5150 0.0000 1.0000
1.9950 -7.5150 0.0000 1.0000
2.0250 -7.5150 0.0000 1.0000
2.0550 -7.5150 0.0000 1.0000
-11.2050 -7.5450 0.0000 1.0000
-8.7150 -7.5450 0.0000 1.0000
-8.6850 -7.5450 0.0000 1.0000
1.7250 -7.5450 0.0000 1.0000
1.9950 -7.5450 0.0000 1.0000
2.0250 -7.5450 0.0000 1.0000
2.0850 -7.5450 0.0000 1.0000
-11.1750 -7.5750 0.0000 1.0000
-11.0550 -7.5750 0.0000 1.0000
-11.0250 -7.5750 0.0000 1.0000
-10.9350 -7.5750 0.0000 1.0000
-10.9050 -7.5750 0.0000 1.0000
-10.8750 -7.5750 0.0000 1.0000
-10.8450 -7.5750 0.0000 1.0000
-8.7150 -7.5750 0.0000 1.0000
-8.6850 -7.5750 0.0000 1.0000
1.9650 -7.5750 0.0000 1.0000
2.0250 -7.5750 0.0000 1.0000
2.0550 -7.5750 0.0000 1.0000
2.0850 -7.5750 0.0000 1.0000
-11.0550 -7.6050 0.0000 1.0000
-11.0250 -7.6050 0.0000 1.0000
-10.6650 -7.6050 0.0000 1.0000
-8.7150 -7.6050 0.0000 1.0000
-8.6850 -7.6050 0.0000 1.0000
-8.6550 -7.6050 0.0000 1.0000
0.2850 -7.6050 0.0000 1.0000
0.3150 -7.6050 0.0000 1.0000
0.4350 -7.6050 0.0000 1.0000
0.7350 -7.6050 0.0000 1.0000
1.9650 -7.6050 0.0000 1.0000
1.9950 -7.6050 0.0000 1.0000
2.1150 -7.6050 0.0000 1.0000
-11.0250 -7.6350 0.0000 1.0000
-10.9950 -7.6350 0.0000 1.0000
-10.9350 -7.6350 0.0000 1.0000
-10.9050 -7.6350 0.0000 1.0000
-10.8750 -7.6350 0.0000 1.0000
-10.7850 -7.6350 0.0000 1.0000
-8.7150 -7.6350 0.0000 1.0000
-8.6850 -7.6350 0.0000 1.0000
-8.6550 -7.6350 0.0000 1.0000
0.2550 -7.6350 0.0000 1.0000
2.0250 -7.6350 0.0000 1.0000
2.0550 -7.6350 0.0000 1.0000
-10.9050 -7.6650 0.0000 1.0000
-10.8750 -7.6650 0.0000 1.0000
-10.8450 -7.6650 0.0000 1.0000
-10.7850 -7.6650 0.0000 1.0000
-10.7550 -7.6650 0.0000 1.0000
-10.7250 -7.6650 0.0000 1.0000
-10.6950 -7.6650 0.0000 1.0000
-8.7150 -7.6650 0.0000 1.0000
-8.6850 -7.6650 0.0000 1.0000
-8.6550 -7.6650 0.0000 1.0000
0.2250 -7.6650 0.0000 1.0000
0.2550 -7.6650 0.0000 1.0000
0.4650 -7.6650 0.0000 1.0000
1.9350 -7.6650 0.0000 1.0000
2.0550 -7.6650 0.0000 1.0000
2.0850 -7.6650 0.0000 1.0000
-10.9950 -7.6950 0.0000 1.0000
-10.9050 -7.6950 0.0000 1.0000
-10.7850 -7.6950 0.0000 1.0000
-10.7550 -7.6950 0.0000 1.0000
-10.7250 -7.6950 0.0000 1.0000
-8.6850 -7.6950 0.0000 1.0000
-8.6550 -7.6950 0.0000 1.0000
0.2550 -7.6950 0.0000 1.0000
0.2850 -7.6950 0.0000 1.0000
0.3150 -7.6950 0.0000 1.0000
1.9350 -7.6950 0.0000 1.0000
1.9650 -7.6950 0.0000 1.0000
2.0250 -7.6950 0.0000 1.0000
2.0550 -7.6950 0.0000 1.0000
-10.9950 -7.7250 0.0000 1.0000
-10.7550 -7.7250 0.0000 1.0000
-8.9850 -7.7250 0.0000 1.0000
-8.9550 -7.7250 0.0000 1.0000
-8.6850 -7.7250 0.0000 1.0000
0.3150 -7.7250 0.0000 1.0000
0.3450 -7.7250 0.0000 1.0000
1.8750 -7.7250 0.0000 1.0000
1.9050 -7.7250 0.0000 1.0000
1.9350 -7.7250 0.0000 1.0000
1.9650 -7.7250 0.0000 1.0000
1.9950 -7.7250 0.0000 1.0000
2.0250 -7.7250 0.0000 1.0000
2.0550 -7.7250 0.0000 1.0000
2.0850 -7.7250 0.0000 1.0000
2.1450 -7.7250 0.0000 1.0000
2.1750 -7.7250 0.0000 1.0000
2.2050 -7.7250 0.0000 1.0000
2.2350 -7.7250 0.0000 1.0000
-10.8450 -7.7550 0.0000 1.0000
-8.6850 -7.7550 0.0000 1.0000
0.3150 -7.7550 0.0000 1.0000
0.3750 -7.7550 0.0000 1.0000
0.4050 -7.7550 0.0000 1.0000
1.9350 -7.7550 0.0000 1.0000
1.9650 -7.7550 0.0000 1.0000
1.9950 -7.7550 0.0000 1.0000
2.0250 -7.7550 0.0000 1.0000
2.0550 -7.7550 0.0000 1.0000
2.0850 -7.7550 0.0000 1.0000
2.1450 -7.7550 0.0000 1.0000
2.1750 -7.7550 0.0000 1.0000
-10.8450 -7.7850 0.0000 1.0000
-8.6550 -7.7850 0.0000 1.0000
0.3750 -7.7850 0.0000 1.0000
0.4050 -7.7850 0.0000 1.0000
0.4350 -7.7850 0.0000 1.0000
0.4650 -7.7850 0.0000 1.0000
0.7650 -7.7850 0.0000 1.0000
2.0850 -7.7850 0.0000 1.0000
2.1150 -7.7850 0.0000 1.0000
2.2950 -7.7850 0.0000 1.0000
2.3250 -7.7850 0.0000 1.0000
-10.9050 -7.8150 0.0000 1.0000
-8.9850 -7.8150 0.0000 1.0000
-8.7150 -7.8150 0.0000 1.0000
-8.6850 -7.8150 0.0000 1.0000
-8.6550 -7.8150 0.0000 1.0000
0.1350 -7.8150 0.0000 1.0000
0.3150 -7.8150 0.0000 1.0000
0.4650 -7.8150 0.0000 1.0000
0.4950 -7.8150 0.0000 1.0000
0.5250 -7.8150 0.0000 1.0000
0.5550 -7.8150 0.0000 1.0000
0.5850 -7.8150 0.0000 1.0000
2.1150 -7.8150 0.0000 1.0000
2.1450 -7.8150 0.0000 1.0000
2.1750 -7.8150 0.0000 1.0000
2.2050 -7.8150 0.0000 1.0000
-10.9650 -7.8450 0.0000 1.0000
-10.9050 -7.8450 0.0000 1.0000
-10.8450 -7.8450 0.0000 1.0000
-10.8150 -7.8450 0.0000 1.0000
-10.7850 -7.8450 0.0000 1.0000
-10.7250 -7.8450 0.0000 1.0000
-8.9850 -7.8450 0.0000 1.0000
-8.7150 -7.8450 0.0000 1.0000
-8.6850 -7.8450 0.0000 1.0000
-8.6550 -7.8450 0.0000 1.0000
0.4650 -7.8450 0.0000 1.0000
0.5850 -7.8450 0.0000 1.0000
0.6150 -7.8450 0.0000 1.0000
2.1750 -7.8450 0.0000 1.0000
2.2350 -7.8450 0.0000 1.0000
2.2650 -7.8450 0.0000 1.0000
2.3250 -7.8450 0.0000 1.0000
2.3550 -7.8450 0.0000 1.0000
2.4150 -7.8450 0.0000 1.0000
2.4450 -7.8450 0.0000 1.0000
2.5050 -7.8450 0.0000 1.0000
2.5350 -7.8450 0.0000 1.0000
-10.9650 -7.8750 0.0000 1.0000
-10.8750 -7.8750 0.0000 1.0000
-10.8450 -7.8750 0.0000 1.0000
-10.7850 -7.8750 0.0000 1.0000
-10.7550 -7.8750 0.0000 1.0000
-10.6950 -7.8750 0.0000 1.0000
-9.1050 -7.8750 0.0000 1.0000
-8.9250 -7.8750 0.0000 1.0000
-8.6850 -7.8750 0.0000 1.0000
-8.6550 -7.8750 0.0000 1.0000
0.5850 -7.8750 0.0000 1.0000
0.6150 -7.8750 0.0000 1.0000
0.6450 -7.8750 0.0000 1.0000
0.6750 -7.8750 0.0000 1.0000
2.1150 -7.8750 0.0000 1.0000
2.2350 -7.8750 0.0000 1.0000
2.3250 -7.8750 0.0000 1.0000
2.3550 -7.8750 0.0000 1.0000
2.3850 -7.8750 0.0000 1.0000
2.4150 -7.8750 0.0000 1.0000
2.5050 -7.8750 0.0000 1.0000
-10.9350 -7.9050 0.0000 1.0000
-10.9050 -7.9050 0.0000 1.0000
-10.8150 -7.9050 0.0000 1.0000
-10.7850 -7.9050 0.0000 1.0000
-10.7250 -7.9050 0.0000 1.0000
-10.6950 -7.9050 0.0000 1.0000
-10.6650 -7.9050 0.0000 1.0000
-8.9550 -7.9050 0.0000 1.0000
0.4050 -7.9050 0.0000 1.0000
0.4650 -7.9050 0.0000 1.0000
0.6150 -7.9050 0.0000 1.0000
0.6450 -7.9050 0.0000 1.0000
2.1450 -7.9050 0.0000 1.0000
2.1750 -7.9050 0.0000 1.0000
2.2650 -7.9050 0.0000 1.0000
2.3250 -7.9050 0.0000 1.0000
2.4150 -7.9050 0.0000 1.0000
2.4450 -7.9050 0.0000 1.0000
2.5050 -7.9050 0.0000 1.0000
2.5350 -7.9050 0.0000 1.0000
-10.6650 -7.9350 0.0000 1.0000
-10.6350 -7.9350 0.0000 1.0000
-10.6050 -7.9350 0.0000 1.0000
-10.5750 -7.9350 0.0000 1.0000
-10.5450 -7.9350 0.0000 1.0000
-8.9550 -7.9350 0.0000 1.0000
-8.8050 -7.9350 0.0000 1.0000
0.5550 -7.9350 0.0000 1.0000
0.5850 -7.9350 0.0000 1.0000
0.6150 -7.9350 0.0000 1.0000
0.6450 -7.9350 0.0000 1.0000
2.2050 -7.9350 0.0000 1.0000
2.5350 -7.9350 0.0000 1.0000
-10.9650 -7.9650 0.0000 1.0000
-10.7850 -7.9650 0.0000 1.0000
-10.7250 -7.9650 0.0000 1.0000
-10.6950 -7.9650 0.0000 1.0000
-10.6650 -7.9650 0.0000 1.0000
-10.6050 -7.9650 0.0000 1.0000
-10.5450 -7.9650 0.0000 1.0000
-9.3450 -7.9650 0.0000 1.0000
-8.9850 -7.9650 0.0000 1.0000
-8.9250 -7.9650 0.0000 1.0000
-8.8950 -7.9650 0.0000 1.0000
-8.8650 -7.9650 0.0000 1.0000
-8.8350 -7.9650 0.0000 1.0000
0.6150 -7.9650 0.0000 1.0000
2.2350 -7.9650 0.0000 1.0000
2.5050 -7.9650 0.0000 1.0000
2.5350 -7.9650 0.0000 1.0000
-10.9650 -7.9950 0.0000 1.0000
-10.9050 -7.9950 0.0000 1.0000
-10.6950 -7.9950 0.0000 1.0000
-10.6050 -7.9950 0.0000 1.0000
-10.5750 -7.9950 0.0000 1.0000
-9.3450 -7.9950 0.0000 1.0000
-9.2850 -7.9950 0.0000 1.0000
-9.0150 -7.9950 0.0000 1.0000
-8.9550 -7.9950 0.0000 1.0000
0.4050 -7.9950 0.0000 1.0000
2.5350 -7.9950 0.0000 1.0000
2.5650 -7.9950 0.0000 1.0000
-10.8750 -8.0250 0.0000 1.0000
-10.8450 -8.0250 0.0000 1.0000
-10.8150 -8.0250 0.0000 1.0000
-10.7850 -8.0250 0.0000 1.0000
-10.7550 -8.0250 0.0000 1.0000
-10.7250 -8.0250 0.0000 1.0000
-9.3150 -8.0250 0.0000 1.0000
-9.2850 -8.0250 0.0000 1.0000
-9.2250 -8.0250 0.0000 1.0000
-9.1650 -8.0250 0.0000 1.0000
-9.1050 -8.0250 0.0000 1.0000
-9.0150 -8.0250 0.0000 1.0000
-8.9850 -8.0250 0.0000 1.0000
-8.9550 -8.0250 0.0000 1.0000
0.5250 -8.0250 0.0000 1.0000
2.5050 -8.0250 0.0000 1.0000
2.5350 -8.0250 0.0000 1.0000
2.5650 -8.0250 0.0000 1.0000
-10.7250 -8.0550 0.0000 1.0000
-10.6950 -8.0550 0.0000 1.0000
-9.2550 -8.0550 0.0000 1.0000
-9.2250 -8.0550 0.0000 1.0000
-9.1950 -8.0550 0.0000 1.0000
-9.1650 -8.0550 0.0000 1.0000
-9.1350 -8.0550 0.0000 1.0000
-8.9250 -8.0550 0.0000 1.0000
0.4650 -8.0550 0.0000 1.0000
2.5350 -8.0550 0.0000 1.0000
2.5650 -8.0550 0.0000 1.0000
-10.9650 -8.0850 0.0000 1.0000
-10.8150 -8.0850 0.0000 1.0000
-9.3750 -8.0850 0.0000 1.0000
-9.0750 -8.0850 0.0000 1.0000
-9.0450 -8.0850 0.0000 1.0000
0.4650 -8.0850 0.0000 1.0000
2.5350 -8.0850 0.0000 1.0000
2.5650 -8.0850 0.0000 1.0000
-10.8450 -8.1150 0.0000 1.0000
-10.8150 -8.1150 0.0000 1.0000
-10.7850 -8.1150 0.0000 1.0000
-9.4050 -8.1150 0.0000 1.0000
-9.2550 -8.1150 0.0000 1.0000
-9.1650 -8.1150 0.0000 1.0000
-9.0750 -8.1150 0.0000 1.0000
-9.0450 -8.1150 0.0000 1.0000
0.4350 -8.1150 0.0000 1.0000
2.5350 -8.1150 0.0000 1.0000
-10.8750 -8.1450 0.0000 1.0000
-10.8150 -8.1450 0.0000 1.0000
-10.7550 -8.1450 0.0000 1.0000
-9.3450 -8.1450 0.0000 1.0000
-9.3150 -8.1450 0.0000 1.0000
-9.2850 -8.1450 0.0000 1.0000
-9.2550 -8.1450 0.0000 1.0000
-9.2250 -8.1450 0.0000 1.0000
0.4350 -8.1450 0.0000 1.0000
0.5250 -8.1450 0.0000 1.0000
0.5850 -8.1450 0.0000 1.0000
2.5350 -8.1450 0.0000 1.0000
2.5650 -8.1450 0.0000 1.0000
-11.0250 -8.1750 0.0000 1.0000
-10.9950 -8.1750 0.0000 1.0000
-10.9350 -8.1750 0.0000 1.0000
-10.8750 -8.1750 0.0000 1.0000
-10.8450 -8.1750 0.0000 1.0000
-9.4050 -8.1750 0.0000 1.0000
-9.3750 -8.1750 0.0000 1.0000
-9.3150 -8.1750 0.0000 1.0000
-9.2250 -8.1750 0.0000 1.0000
0.4350 -8.1750 0.0000 1.0000
2.5350 -8.1750 0.0000 1.0000
2.5650 -8.1750 0.0000 1.0000
-11.0250 -8.2050 0.0000 1.0000
-10.9950 -8.2050 0.0000 1.0000
-10.9650 -8.2050 0.0000 1.0000
-10.9350 -8.2050 0.0000 1.0000
-9.4050 -8.2050 0.0000 1.0000
0.4050 -8.2050 0.0000 1.0000
2.5350 -8.2050 0.0000 1.0000
2.5650 -8.2050 0.0000 1.0000
-10.9650 -8.2350 0.0000 1.0000
-9.3750 -8.2350 0.0000 1.0000
-9.2850 -8.2350 0.0000 1.0000
0.4050 -8.2350 0.0000 1.0000
2.5350 -8.2350 0.0000 1.0000
2.5650 -8.2350 0.0000 1.0000
-10.9350 -8.2650 0.0000 1.0000
-9.4350 -8.2650 0.0000 1.0000
-9.4050 -8.2650 0.0000 1.0000
-9.3750 -8.2650 0.0000 1.0000
-9.3450 -8.2650 0.0000 1.0000
-9.3150 -8.2650 0.0000 1.0000
-9.2850 -8.2650 0.0000 1.0000
0.3150 -8.2650 0.0000 1.0000
0.3750 -8.2650 0.0000 1.0000
0.4050 -8.2650 0.0000 1.0000
2.5350 -8.2650 0.0000 1.0000
2.5650 -8.2650 0.0000 1.0000
-10.9350 -8.2950 0.0000 1.0000
-10.9050 -8.2950 0.0000 1.0000
-10.7550 -8.2950 0.0000 1.0000
-9.3750 -8.2950 0.0000 1.0000
-9.3450 -8.2950 0.0000 1.0000
-9.2250 -8.2950 0.0000 1.0000
-9.1650 -8.2950 0.0000 1.0000
0.1950 -8.2950 0.0000 1.0000
0.3750 -8.2950 0.0000 1.0000
0.4050 -8.2950 0.0000 1.0000
2.5350 -8.2950 0.0000 1.0000
2.5650 -8.2950 0.0000 1.0000
-10.9050 -8.3250 0.0000 1.0000
-9.3750 -8.3250 0.0000 1.0000
-9.3450 -8.3250 0.0000 1.0000
-9.1050 -8.3250 0.0000 1.0000
0.4050 -8.3250 0.0000 1.0000
2.5350 -8.3250 0.0000 1.0000
2.5650 -8.3250 0.0000 1.0000
-10.8750 -8.3550 0.0000 1.0000
-10.8450 -8.3550 0.0000 1.0000
-9.2550 -8.3550 0.0000 1.0000
-9.1050 -8.3550 0.0000 1.0000
-9.0750 -8.3550 0.0000 1.0000
0.3750 -8.3550 0.0000 1.0000
0.4050 -8.3550 0.0000 1.0000
0.5250 -8.3550 0.0000 1.0000
0.5550 -8.3550 0.0000 1.0000
0.5850 -8.3550 0.0000 1.0000
2.5350 -8.3550 0.0000 1.0000
2.5650 -8.3550 0.0000 1.0000
-10.8150 -8.3850 0.0000 1.0000
-10.6950 -8.3850 0.0000 1.0000
-9.1050 -8.3850 0.0000 1.0000
0.3750 -8.3850 0.0000 1.0000
0.5550 -8.3850 0.0000 1.0000
0.6450 -8.3850 0.0000 1.0000
0.6750 -8.3850 0.0000 1.0000
2.5650 -8.3850 0.0000 1.0000
-10.9350 -8.4150 0.0000 1.0000
-10.9050 -8.4150 0.0000 1.0000
-10.8750 -8.4150 0.0000 1.0000
-10.8150 -8.4150 0.0000 1.0000
-10.7850 -8.4150 0.0000 1.0000
-9.2250 -8.4150 0.0000 1.0000
0.1350 -8.4150 0.0000 1.0000
0.1950 -8.4150 0.0000 1.0000
0.2250 -8.4150 0.0000 1.0000
0.2850 -8.4150 0.0000 1.0000
0.4350 -8.4150 0.0000 1.0000
0.4650 -8.4150 0.0000 1.0000
0.5550 -8.4150 0.0000 1.0000
0.5850 -8.4150 0.0000 1.0000
0.6450 -8.4150 0.0000 1.0000
0.6750 -8.4150 0.0000 1.0000
2.5350 -8.4150 0.0000 1.0000
2.5650 -8.4150 0.0000 1.0000
-10.9350 -8.4450 0.0000 1.0000
-10.9050 -8.4450 0.0000 1.0000
-10.8750 -8.4450 0.0000 1.0000
-10.8150 -8.4450 0.0000 1.0000
-10.7850 -8.4450 0.0000 1.0000
-9.3150 -8.4450 0.0000 1.0000
-9.2850 -8.4450 0.0000 1.0000
-9.2550 -8.4450 0.0000 1.0000
-9.2250 -8.4450 0.0000 1.0000
0.1050 -8.4450 0.0000 1.0000
0.1650 -8.4450 0.0000 1.0000
0.1950 -8.4450 0.0000 1.0000
0.3150 -8.4450 0.0000 1.0000
0.4650 -8.4450 0.0000 1.0000
0.7950 -8.4450 0.0000 1.0000
2.5350 -8.4450 0.0000 1.0000
2.5650 -8.4450 0.0000 1.0000
-9.3450 -8.4750 0.0000 1.0000
-9.3150 -8.4750 0.0000 1.0000
-9.2850 -8.4750 0.0000 1.0000
0.2550 -8.4750 0.0000 1.0000
0.3150 -8.4750 0.0000 1.0000
0.3450 -8.4750 0.0000 1.0000
0.3750 -8.4750 0.0000 1.0000
0.4050 -8.4750 0.0000 1.0000
0.4350 -8.4750 0.0000 1.0000
0.6750 -8.4750 0.0000 1.0000
2.5650 -8.4750 0.0000 1.0000
-10.8750 -8.5050 0.0000 1.0000
-9.4050 -8.5050 0.0000 1.0000
-9.3750 -8.5050 0.0000 1.0000
-9.3450 -8.5050 0.0000 1.0000
-9.3150 -8.5050 0.0000 1.0000
-9.2850 -8.5050 0.0000 1.0000
0.4650 -8.5050 0.0000 1.0000
0.5850 -8.5050 0.0000 1.0000
0.6750 -8.5050 0.0000 1.0000
2.5650 -8.5050 0.0000 1.0000
-9.4350 -8.5350 0.0000 1.0000
-9.4050 -8.5350 0.0000 1.0000
-9.3750 -8.5350 0.0000 1.0000
-9.3450 -8.5350 0.0000 1.0000
0.4950 -8.5350 0.0000 1.0000
0.5250 -8.5350 0.0000 1.0000
2.3250 -8.5350 0.0000 1.0000
2.5650 -8.5350 0.0000 1.0000
-10.8750 -8.5650 0.0000 1.0000
-9.4350 -8.5650 0.0000 1.0000
-9.3750 -8.5650 0.0000 1.0000
-9.3450 -8.5650 0.0000 1.0000
-9.3150 -8.5650 0.0000 1.0000
2.5350 -8.5650 0.0000 1.0000
2.5650 -8.5650 0.0000 1.0000
-10.8750 -8.5950 0.0000 1.0000
-10.8450 -8.5950 0.0000 1.0000
-10.7850 -8.5950 0.0000 1.0000
-9.4350 -8.5950 0.0000 1.0000
-9.3150 -8.5950 0.0000 1.0000
0.4050 -8.5950 0.0000 1.0000
0.6150 -8.5950 0.0000 1.0000
0.6450 -8.5950 0.0000 1.0000
0.6750 -8.5950 0.0000 1.0000
0.7050 -8.5950 0.0000 1.0000
2.1150 -8.5950 0.0000 1.0000
2.1750 -8.5950 0.0000 1.0000
2.4150 -8.5950 0.0000 1.0000
2.5350 -8.5950 0.0000 1.0000
2.5650 -8.5950 0.0000 1.0000
-10.9050 -8.6250 0.0000 1.0000
-10.8750 -8.6250 0.0000 1.0000
-10.8450 -8.6250 0.0000 1.0000
-10.8150 -8.6250 0.0000 1.0000
-10.7250 -8.6250 0.0000 1.0000
-9.4050 -8.6250 0.0000 1.0000
-9.3450 -8.6250 0.0000 1.0000
-9.3150 -8.6250 0.0000 1.0000
0.4950 -8.6250 0.0000 1.0000
0.6150 -8.6250 0.0000 1.0000
2.1150 -8.6250 0.0000 1.0000
2.1450 -8.6250 0.0000 1.0000
2.1750 -8.6250 0.0000 1.0000
2.3850 -8.6250 0.0000 1.0000
2.4150 -8.6250 0.0000 1.0000
2.4450 -8.6250 0.0000 1.0000
2.4750 -8.6250 0.0000 1.0000
2.5050 -8.6250 0.0000 1.0000
2.5350 -8.6250 0.0000 1.0000
-10.9050 -8.6550 0.0000 1.0000
-10.8750 -8.6550 0.0000 1.0000
-10.7550 -8.6550 0.0000 1.0000
-10.7250 -8.6550 0.0000 1.0000
-9.4650 -8.6550 0.0000 1.0000
-9.4050 -8.6550 0.0000 1.0000
-9.3750 -8.6550 0.0000 1.0000
-9.3450 -8.6550 0.0000 1.0000
0.4350 -8.6550 0.0000 1.0000
0.5250 -8.6550 0.0000 1.0000
0.5550 -8.6550 0.0000 1.0000
0.6150 -8.6550 0.0000 1.0000
2.1750 -8.6550 0.0000 1.0000
2.3850 -8.6550 0.0000 1.0000
2.4150 -8.6550 0.0000 1.0000
-10.9050 -8.6850 0.0000 1.0000
-10.8450 -8.6850 0.0000 1.0000
-10.7850 -8.6850 0.0000 1.0000
-9.4350 -8.6850 0.0000 1.0000
-9.4050 -8.6850 0.0000 1.0000
0.4050 -8.6850 0.0000 1.0000
0.4350 -8.6850 0.0000 1.0000
0.5250 -8.6850 0.0000 1.0000
2.2050 -8.6850 0.0000 1.0000
2.3550 -8.6850 0.0000 1.0000
2.3850 -8.6850 0.0000 1.0000
-10.8750 -8.7150 0.0000 1.0000
-10.8450 -8.7150 0.0000 1.0000
-10.8150 -8.7150 0.0000 1.0000
-10.7850 -8.7150 0.0000 1.0000
-10.7550 -8.7150 0.0000 1.0000
-10.6650 -8.7150 0.0000 1.0000
-9.5250 -8.7150 0.0000 1.0000
-9.4950 -8.7150 0.0000 1.0000
-9.4650 -8.7150 0.0000 1.0000
-9.4350 -8.7150 0.0000 1.0000
-9.4050 -8.7150 0.0000 1.0000
0.4350 -8.7150 0.0000 1.0000
0.4950 -8.7150 0.0000 1.0000
0.5250 -8.7150 0.0000 1.0000
2.0250 -8.7150 0.0000 1.0000
2.0850 -8.7150 0.0000 1.0000
2.2050 -8.7150 0.0000 1.0000
2.2350 -8.7150 0.0000 1.0000
-10.8450 -8.7450 0.0000 1.0000
-10.8150 -8.7450 0.0000 1.0000
-10.7850 -8.7450 0.0000 1.0000
-10.7550 -8.7450 0.0000 1.0000
-10.7250 -8.7450 0.0000 1.0000
-10.6950 -8.7450 0.0000 1.0000
-10.6650 -8.7450 0.0000 1.0000
-10.6350 -8.7450 0.0000 1.0000
-9.4350 -8.7450 0.0000 1.0000
-9.4050 -8.7450 0.0000 1.0000
0.4650 -8.7450 0.0000 1.0000
0.4950 -8.7450 0.0000 1.0000
2.0250 -8.7450 0.0000 1.0000
2.0550 -8.7450 0.0000 1.0000
2.0850 -8.7450 0.0000 1.0000
2.1150 -8.7450 0.0000 1.0000
-10.7550 -8.7750 0.0000 1.0000
-10.6950 -8.7750 0.0000 1.0000
-10.6650 -8.7750 0.0000 1.0000
-10.6350 -8.7750 0.0000 1.0000
-9.4050 -8.7750 0.0000 1.0000
-9.3750 -8.7750 0.0000 1.0000
-9.3450 -8.7750 0.0000 1.0000
0.2850 -8.7750 0.0000 1.0000
0.4950 -8.7750 0.0000 1.0000
0.5250 -8.7750 0.0000 1.0000
0.6150 -8.7750 0.0000 1.0000
1.9650 -8.7750 0.0000 1.0000
2.0250 -8.7750 0.0000 1.0000
2.0550 -8.7750 0.0000 1.0000
2.1150 -8.7750 0.0000 1.0000
2.1450 -8.7750 0.0000 1.0000
2.1750 -8.7750 0.0000 1.0000
2.2050 -8.7750 0.0000 1.0000
2.2950 -8.7750 0.0000 1.0000
-10.8150 -8.8050 0.0000 1.0000
-10.7850 -8.8050 0.0000 1.0000
-10.7550 -8.8050 0.0000 1.0000
-10.7250 -8.8050 0.0000 1.0000
-10.6950 -8.8050 0.0000 1.0000
-9.4950 -8.8050 0.0000 1.0000
-9.4650 -8.8050 0.0000 1.0000
-9.4350 -8.8050 0.0000 1.0000
-9.4050 -8.8050 0.0000 1.0000
0.2850 -8.8050 0.0000 1.0000
0.3450 -8.8050 0.0000 1.0000
0.3750 -8.8050 0.0000 1.0000
0.4350 -8.8050 0.0000 1.0000
0.5250 -8.8050 0.0000 1.0000
2.1150 -8.8050 0.0000 1.0000
2.1450 -8.8050 0.0000 1.0000
2.2050 -8.8050 0.0000 1.0000
2.2650 -8.8050 0.0000 1.0000
-10.8450 -8.8350 0.0000 1.0000
-10.8150 -8.8350 0.0000 1.0000
-9.4950 -8.8350 0.0000 1.0000
-9.4650 -8.8350 0.0000 1.0000
0.4350 -8.8350 0.0000 1.0000
2.0550 -8.8350 0.0000 1.0000
2.1450 -8.8350 0.0000 1.0000
-10.8750 -8.8650 0.0000 1.0000
-10.8150 -8.8650 0.0000 1.0000
-10.7550 -8.8650 0.0000 1.0000
-9.4050 -8.8650 0.0000 1.0000
0.4350 -8.8650 0.0000 1.0000
2.1450 -8.8650 0.0000 1.0000
-10.8450 -8.8950 0.0000 1.0000
-10.7850 -8.8950 0.0000 1.0000
-9.4650 -8.8950 0.0000 1.0000
-9.4350 -8.8950 0.0000 1.0000
-9.4050 -8.8950 0.0000 1.0000
0.4350 -8.8950 0.0000 1.0000
0.4650 -8.8950 0.0000 1.0000
0.5850 -8.8950 0.0000 1.0000
2.1450 -8.8950 0.0000 1.0000
-10.8450 -8.9250 0.0000 1.0000
-9.4050 -8.9250 0.0000 1.0000
0.3750 -8.9250 0.0000 1.0000
0.4350 -8.9250 0.0000 1.0000
0.4650 -8.9250 0.0000 1.0000
0.4950 -8.9250 0.0000 1.0000
2.1450 -8.9250 0.0000 1.0000
2.1750 -8.9250 0.0000 1.0000
-10.8750 -8.9550 0.0000 1.0000
-10.8150 -8.9550 0.0000 1.0000
-10.7850 -8.9550 0.0000 1.0000
-10.7550 -8.9550 0.0000 1.0000
-10.6950 -8.9550 0.0000 1.0000
-10.6350 -8.9550 0.0000 1.0000
0.2850 -8.9550 0.0000 1.0000
0.4350 -8.9550 0.0000 1.0000
2.1150 -8.9550 0.0000 1.0000
2.1450 -8.9550 0.0000 1.0000
2.1750 -8.9550 0.0000 1.0000
-10.7850 -8.9850 0.0000 1.0000
-10.7550 -8.9850 0.0000 1.0000
-10.6950 -8.9850 0.0000 1.0000
-9.4950 -8.9850 0.0000 1.0000
-9.4050 -8.9850 0.0000 1.0000
0.2850 -8.9850 0.0000 1.0000
2.1150 -8.9850 0.0000 1.0000
2.1750 -8.9850 0.0000 1.0000
-10.7850 -9.0150 0.0000 1.0000
-9.5250 -9.0150 0.0000 1.0000
-9.4950 -9.0150 0.0000 1.0000
-9.4650 -9.0150 0.0000 1.0000
-9.4050 -9.0150 0.0000 1.0000
0.2850 -9.0150 0.0000 1.0000
2.1750 -9.0150 0.0000 1.0000
2.2050 -9.0150 0.0000 1.0000
-10.9350 -9.0450 0.0000 1.0000
-10.8450 -9.0450 0.0000 1.0000
-10.7850 -9.0450 0.0000 1.0000
-10.7550 -9.0450 0.0000 1.0000
-10.7250 -9.0450 0.0000 1.0000
-10.6950 -9.0450 0.0000 1.0000
-9.4650 -9.0450 0.0000 1.0000
-9.4350 -9.0450 0.0000 1.0000
-9.4050 -9.0450 0.0000 1.0000
-9.3750 -9.0450 0.0000 1.0000
0.4050 -9.0450 0.0000 1.0000
1.9650 -9.0450 0.0000 1.0000
1.9950 -9.0450 0.0000 1.0000
2.0250 -9.0450 0.0000 1.0000
2.0550 -9.0450 0.0000 1.0000
2.1450 -9.0450 0.0000 1.0000
-10.9350 -9.0750 0.0000 1.0000
-10.9050 -9.0750 0.0000 1.0000
-10.8450 -9.0750 0.0000 1.0000
-10.8150 -9.0750 0.0000 1.0000
-9.4350 -9.0750 0.0000 1.0000
-9.4050 -9.0750 0.0000 1.0000
0.4050 -9.0750 0.0000 1.0000
0.4650 -9.0750 0.0000 1.0000
1.9650 -9.0750 0.0000 1.0000
1.9950 -9.0750 0.0000 1.0000
2.0250 -9.0750 0.0000 1.0000
2.0850 -9.0750 0.0000 1.0000
2.1150 -9.0750 0.0000 1.0000
-9.7950 -9.1050 0.0000 1.0000
-9.4050 -9.1050 0.0000 1.0000
-9.3750 -9.1050 0.0000 1.0000
0.0750 -9.1050 0.0000 1.0000
0.4650 -9.1050 0.0000 1.0000
0.4950 -9.1050 0.0000 1.0000
2.0550 -9.1050 0.0000 1.0000
2.0850 -9.1050 0.0000 1.0000
2.1750 -9.1050 0.0000 1.0000
-11.0250 -9.1350 0.0000 1.0000
-10.9950 -9.1350 0.0000 1.0000
-10.9050 -9.1350 0.0000 1.0000
-10.8750 -9.1350 0.0000 1.0000
-10.7550 -9.1350 0.0000 1.0000
-9.3750 -9.1350 0.0000 1.0000
-9.3450 -9.1350 0.0000 1.0000
0.4650 -9.1350 0.0000 1.0000
0.4950 -9.1350 0.0000 1.0000
0.5250 -9.1350 0.0000 1.0000
2.1150 -9.1350 0.0000 1.0000
2.2050 -9.1350 0.0000 1.0000
2.2350 -9.1350 0.0000 1.0000
2.2650 -9.1350 0.0000 1.0000
2.3550 -9.1350 0.0000 1.0000
-10.9050 -9.1650 0.0000 1.0000
-9.3450 -9.1650 0.0000 1.0000
-9.3150 -9.1650 0.0000 1.0000
2.0250 -9.1650 0.0000 1.0000
2.1150 -9.1650 0.0000 1.0000
2.1450 -9.1650 0.0000 1.0000
2.1750 -9.1650 0.0000 1.0000
2.2050 -9.1650 0.0000 1.0000
2.2350 -9.1650 0.0000 1.0000
2.2650 -9.1650 0.0000 1.0000
2.4150 -9.1650 0.0000 1.0000
-11.1150 -9.1950 0.0000 1.0000
-10.9350 -9.1950 0.0000 1.0000
-10.9050 -9.1950 0.0000 1.0000
-10.8750 -9.1950 0.0000 1.0000
-10.8450 -9.1950 0.0000 1.0000
-10.7250 -9.1950 0.0000 1.0000
-9.2850 -9.1950 0.0000 1.0000
2.2350 -9.1950 0.0000 1.0000
2.2650 -9.1950 0.0000 1.0000
2.2950 -9.1950 0.0000 1.0000
2.3550 -9.1950 0.0000 1.0000
2.4150 -9.1950 0.0000 1.0000
2.4750 -9.1950 0.0000 1.0000
2.5050 -9.1950 0.0000 1.0000
-11.1150 -9.2250 0.0000 1.0000
-11.0850 -9.2250 0.0000 1.0000
-11.0550 -9.2250 0.0000 1.0000
-10.8150 -9.2250 0.0000 1.0000
-10.7550 -9.2250 0.0000 1.0000
-9.4350 -9.2250 0.0000 1.0000
0.4950 -9.2250 0.0000 1.0000
2.3250 -9.2250 0.0000 1.0000
2.3550 -9.2250 0.0000 1.0000
2.3850 -9.2250 0.0000 1.0000
2.4150 -9.2250 0.0000 1.0000
2.4450 -9.2250 0.0000 1.0000
2.4750 -9.2250 0.0000 1.0000
2.5350 -9.2250 0.0000 1.0000
-11.3550 -9.2550 0.0000 1.0000
-11.1150 -9.2550 0.0000 1.0000
-10.9950 -9.2550 0.0000 1.0000
-10.9650 -9.2550 0.0000 1.0000
-10.8150 -9.2550 0.0000 1.0000
-10.7850 -9.2550 0.0000 1.0000
-10.7550 -9.2550 0.0000 1.0000
-9.4350 -9.2550 0.0000 1.0000
-9.4050 -9.2550 0.0000 1.0000
-9.2550 -9.2550 0.0000 1.0000
0.1050 -9.2550 0.0000 1.0000
0.4650 -9.2550 0.0000 1.0000
0.4950 -9.2550 0.0000 1.0000
0.6750 -9.2550 0.0000 1.0000
0.7050 -9.2550 0.0000 1.0000
1.9950 -9.2550 0.0000 1.0000
2.3250 -9.2550 0.0000 1.0000
2.3550 -9.2550 0.0000 1.0000
2.3850 -9.2550 0.0000 1.0000
2.4150 -9.2550 0.0000 1.0000
2.4750 -9.2550 0.0000 1.0000
2.5350 -9.2550 0.0000 1.0000
2.5650 -9.2550 0.0000 1.0000
2.5950 -9.2550 0.0000 1.0000
-11.4150 -9.2850 0.0000 1.0000
-11.3850 -9.2850 0.0000 1.0000
-11.3550 -9.2850 0.0000 1.0000
-9.4950 -9.2850 0.0000 1.0000
-9.4650 -9.2850 0.0000 1.0000
-9.4050 -9.2850 0.0000 1.0000
0.1350 -9.2850 0.0000 1.0000
0.4950 -9.2850 0.0000 1.0000
0.5250 -9.2850 0.0000 1.0000
0.5550 -9.2850 0.0000 1.0000
0.5850 -9.2850 0.0000 1.0000
0.7050 -9.2850 0.0000 1.0000
0.7350 -9.2850 0.0000 1.0000
0.7950 -9.2850 0.0000 1.0000
2.2950 -9.2850 0.0000 1.0000
2.5650 -9.2850 0.0000 1.0000
2.5950 -9.2850 0.0000 1.0000
-11.5050 -9.3150 0.0000 1.0000
-11.4750 -9.3150 0.0000 1.0000
-11.1450 -9.3150 0.0000 1.0000
-9.4950 -9.3150 0.0000 1.0000
0.3450 -9.3150 0.0000 1.0000
0.3750 -9.3150 0.0000 1.0000
0.5250 -9.3150 0.0000 1.0000
0.5850 -9.3150 0.0000 1.0000
0.6750 -9.3150 0.0000 1.0000
0.7950 -9.3150 0.0000 1.0000
2.2950 -9.3150 0.0000 1.0000
2.5650 -9.3150 0.0000 1.0000
2.5950 -9.3150 0.0000 1.0000
-11.5050 -9.3450 0.0000 1.0000
-11.1750 -9.3450 0.0000 1.0000
-11.1450 -9.3450 0.0000 1.0000
-11.0550 -9.3450 0.0000 1.0000
-9.4650 -9.3450 0.0000 1.0000
-9.4350 -9.3450 0.0000 1.0000
-9.3750 -9.3450 0.0000 1.0000
-9.3450 -9.3450 0.0000 1.0000
-9.3150 -9.3450 0.0000 1.0000
0.3750 -9.3450 0.0000 1.0000
0.5250 -9.3450 0.0000 1.0000
0.5550 -9.3450 0.0000 1.0000
0.7950 -9.3450 0.0000 1.0000
2.5650 -9.3450 0.0000 1.0000
2.5950 -9.3450 0.0000 1.0000
-11.4750 -9.3750 0.0000 1.0000
-11.1750 -9.3750 0.0000 1.0000
-11.0550 -9.3750 0.0000 1.0000
-9.4350 -9.3750 0.0000 1.0000
-9.4050 -9.3750 0.0000 1.0000
-9.3450 -9.3750 0.0000 1.0000
-9.3150 -9.3750 0.0000 1.0000
-9.2850 -9.3750 0.0000 1.0000
-9.2550 -9.3750 0.0000 1.0000
-9.2250 -9.3750 0.0000 1.0000
0.4950 -9.3750 0.0000 1.0000
0.5250 -9.3750 0.0000 1.0000
0.6450 -9.3750 0.0000 1.0000
2.2950 -9.3750 0.0000 1.0000
2.5650 -9.3750 0.0000 1.0000
2.5950 -9.3750 0.0000 1.0000
-11.4750 -9.4050 0.0000 1.0000
-9.3150 -9.4050 0.0000 1.0000
-9.2550 -9.4050 0.0000 1.0000
-9.2250 -9.4050 0.0000 1.0000
-9.1650 -9.4050 0.0000 1.0000
-9.1050 -9.4050 0.0000 1.0000
0.5250 -9.4050 0.0000 1.0000
0.5550 -9.4050 0.0000 1.0000
2.3250 -9.4050 0.0000 1.0000
2.5650 -9.4050 0.0000 1.0000
2.5950 -9.4050 0.0000 1.0000
2.6250 -9.4050 0.0000 1.0000
-11.4750 -9.4350 0.0000 1.0000
0.5850 -9.4350 0.0000 1.0000
2.5650 -9.4350 0.0000 1.0000
2.5950 -9.4350 0.0000 1.0000
-11.4750 -9.4650 0.0000 1.0000
-9.1650 -9.4650 0.0000 1.0000
-9.1350 -9.4650 0.0000 1.0000
0.5250 -9.4650 0.0000 1.0000
0.6450 -9.4650 0.0000 1.0000
0.6750 -9.4650 0.0000 1.0000
2.5650 -9.4650 0.0000 1.0000
2.5950 -9.4650 0.0000 1.0000
-11.4750 -9.4950 0.0000 1.0000
-11.4450 -9.4950 0.0000 1.0000
-9.2250 -9.4950 0.0000 1.0000
-9.1950 -9.4950 0.0000 1.0000
-9.1350 -9.4950 0.0000 1.0000
-9.0750 -9.4950 0.0000 1.0000
0.4350 -9.4950 0.0000 1.0000
0.4650 -9.4950 0.0000 1.0000
2.5950 -9.4950 0.0000 1.0000
2.6250 -9.4950 0.0000 1.0000
-11.4750 -9.5250 0.0000 1.0000
-11.4450 -9.5250 0.0000 1.0000
-9.2850 -9.5250 0.0000 1.0000
-9.1350 -9.5250 0.0000 1.0000
-9.0750 -9.5250 0.0000 1.0000
0.4350 -9.5250 0.0000 1.0000
0.4650 -9.5250 0.0000 1.0000
0.5550 -9.5250 0.0000 1.0000
0.6150 -9.5250 0.0000 1.0000
2.5950 -9.5250 0.0000 1.0000
2.6250 -9.5250 0.0000 1.0000
-11.4750 -9.5550 0.0000 1.0000
-11.4450 -9.5550 0.0000 1.0000
-9.1950 -9.5550 0.0000 1.0000
-9.1050 -9.5550 0.0000 1.0000
0.4650 -9.5550 0.0000 1.0000
0.5550 -9.5550 0.0000 1.0000
0.7350 -9.5550 0.0000 1.0000
2.5950 -9.5550 0.0000 1.0000
2.6250 -9.5550 0.0000 1.0000
-11.4150 -9.5850 0.0000 1.0000
-9.1050 -9.5850 0.0000 1.0000
-9.0750 -9.5850 0.0000 1.0000
0.4650 -9.5850 0.0000 1.0000
0.4950 -9.5850 0.0000 1.0000
0.6450 -9.5850 0.0000 1.0000
0.6750 -9.5850 0.0000 1.0000
2.6250 -9.5850 0.0000 1.0000
-11.4450 -9.6150 0.0000 1.0000
-9.1050 -9.6150 0.0000 1.0000
-9.0750 -9.6150 0.0000 1.0000
0.5250 -9.6150 0.0000 1.0000
2.6250 -9.6150 0.0000 1.0000
-11.4450 -9.6450 0.0000 1.0000
-9.1650 -9.6450 0.0000 1.0000
-9.1350 -9.6450 0.0000 1.0000
0.5250 -9.6450 0.0000 1.0000
0.5850 -9.6450 0.0000 1.0000
2.6250 -9.6450 0.0000 1.0000
-11.4150 -9.6750 0.0000 1.0000
-9.2250 -9.6750 0.0000 1.0000
-9.1650 -9.6750 0.0000 1.0000
-9.1350 -9.6750 0.0000 1.0000
0.4950 -9.6750 0.0000 1.0000
0.6150 -9.6750 0.0000 1.0000
0.6750 -9.6750 0.0000 1.0000
2.6250 -9.6750 0.0000 1.0000
-11.4150 -9.7050 0.0000 1.0000
-9.2550 -9.7050 0.0000 1.0000
-9.2250 -9.7050 0.0000 1.0000
-9.1950 -9.7050 0.0000 1.0000
-9.1650 -9.7050 0.0000 1.0000
0.4950 -9.7050 0.0000 1.0000
0.6750 -9.7050 0.0000 1.0000
2.6250 -9.7050 0.0000 1.0000
2.6550 -9.7050 0.0000 1.0000
-11.4150 -9.7350 0.0000 1.0000
-9.2850 -9.7350 0.0000 1.0000
-9.2550 -9.7350 0.0000 1.0000
-9.1950 -9.7350 0.0000 1.0000
0.5550 -9.7350 0.0000 1.0000
0.6450 -9.7350 0.0000 1.0000
2.5950 -9.7350 0.0000 1.0000
2.6250 -9.7350 0.0000 1.0000
2.6550 -9.7350 0.0000 1.0000
-11.4150 -9.7650 0.0000 1.0000
-9.3750 -9.7650 0.0000 1.0000
-9.3450 -9.7650 0.0000 1.0000
-9.3150 -9.7650 0.0000 1.0000
-9.2850 -9.7650 0.0000 1.0000
0.5550 -9.7650 0.0000 1.0000
0.5850 -9.7650 0.0000 1.0000
0.6150 -9.7650 0.0000 1.0000
2.5950 -9.7650 0.0000 1.0000
2.6250 -9.7650 0.0000 1.0000
2.6550 -9.7650 0.0000 1.0000
-11.4150 -9.7950 0.0000 1.0000
-11.3850 -9.7950 0.0000 1.0000
-9.3750 -9.7950 0.0000 1.0000
-9.3450 -9.7950 0.0000 1.0000
-9.3150 -9.7950 0.0000 1.0000
0.5550 -9.7950 0.0000 1.0000
0.5850 -9.7950 0.0000 1.0000
0.6150 -9.7950 0.0000 1.0000
2.6550 -9.7950 0.0000 1.0000
-11.4150 -9.8250 0.0000 1.0000
-11.3850 -9.8250 0.0000 1.0000
-11.1150 -9.8250 0.0000 1.0000
-9.3450 -9.8250 0.0000 1.0000
-9.2550 -9.8250 0.0000 1.0000
0.4950 -9.8250 0.0000 1.0000
0.5550 -9.8250 0.0000 1.0000
2.6250 -9.8250 0.0000 1.0000
2.6550 -9.8250 0.0000 1.0000
-11.4150 -9.8550 0.0000 1.0000
-11.3850 -9.8550 0.0000 1.0000
-9.3750 -9.8550 0.0000 1.0000
-9.3450 -9.8550 0.0000 1.0000
-9.2550 -9.8550 0.0000 1.0000
0.5550 -9.8550 0.0000 1.0000
0.5850 -9.8550 0.0000 1.0000
0.6150 -9.8550 0.0000 1.0000
2.6250 -9.8550 0.0000 1.0000
2.6550 -9.8550 0.0000 1.0000
-11.3850 -9.8850 0.0000 1.0000
-11.2050 -9.8850 0.0000 1.0000
-11.0550 -9.8850 0.0000 1.0000
-9.3450 -9.8850 0.0000 1.0000
-9.2850 -9.8850 0.0000 1.0000
-9.2250 -9.8850 0.0000 1.0000
-9.1650 -9.8850 0.0000 1.0000
-9.1350 -9.8850 0.0000 1.0000
0.5250 -9.8850 0.0000 1.0000
0.5550 -9.8850 0.0000 1.0000
0.5850 -9.8850 0.0000 1.0000
2.6250 -9.8850 0.0000 1.0000
2.6550 -9.8850 0.0000 1.0000
-11.3850 -9.9150 0.0000 1.0000
-11.0850 -9.9150 0.0000 1.0000
-9.4650 -9.9150 0.0000 1.0000
-9.3450 -9.9150 0.0000 1.0000
-9.2850 -9.9150 0.0000 1.0000
-9.2250 -9.9150 0.0000 1.0000
-9.1950 -9.9150 0.0000 1.0000
-9.1350 -9.9150 0.0000 1.0000
0.5250 -9.9150 0.0000 1.0000
0.5550 -9.9150 0.0000 1.0000
0.5850 -9.9150 0.0000 1.0000
2.6550 -9.9150 0.0000 1.0000
-11.3850 -9.9450 0.0000 1.0000
-9.3750 -9.9450 0.0000 1.0000
-9.3150 -9.9450 0.0000 1.0000
-9.2850 -9.9450 0.0000 1.0000
-9.1650 -9.9450 0.0000 1.0000
-9.1350 -9.9450 0.0000 1.0000
2.1150 -9.9450 0.0000 1.0000
2.5950 -9.9450 0.0000 1.0000
2.6250 -9.9450 0.0000 1.0000
2.6550 -9.9450 0.0000 1.0000
-11.3850 -9.9750 0.0000 1.0000
-11.3550 -9.9750 0.0000 1.0000
-9.4050 -9.9750 0.0000 1.0000
-9.3750 -9.9750 0.0000 1.0000
-9.3450 -9.9750 0.0000 1.0000
-9.1950 -9.9750 0.0000 1.0000
-9.1350 -9.9750 0.0000 1.0000
0.4950 -9.9750 0.0000 1.0000
0.5550 -9.9750 0.0000 1.0000
0.6750 -9.9750 0.0000 1.0000
0.7050 -9.9750 0.0000 1.0000
2.4450 -9.9750 0.0000 1.0000
2.4750 -9.9750 0.0000 1.0000
2.5050 -9.9750 0.0000 1.0000
2.5350 -9.9750 0.0000 1.0000
2.5650 -9.9750 0.0000 1.0000
2.5950 -9.9750 0.0000 1.0000
2.6250 -9.9750 0.0000 1.0000
-11.3550 -10.0050 0.0000 1.0000
-11.2350 -10.0050 0.0000 1.0000
-9.4350 -10.0050 0.0000 1.0000
-9.4050 -10.0050 0.0000 1.0000
-9.3450 -10.0050 0.0000 1.0000
-9.1950 -10.0050 0.0000 1.0000
-9.1650 -10.0050 0.0000 1.0000
-9.1350 -10.0050 0.0000 1.0000
0.4950 -10.0050 0.0000 1.0000
0.5850 -10.0050 0.0000 1.0000
2.0850 -10.0050 0.0000 1.0000
2.1150 -10.0050 0.0000 1.0000
2.4750 -10.0050 0.0000 1.0000
2.5050 -10.0050 0.0000 1.0000
2.5350 -10.0050 0.0000 1.0000
2.5650 -10.0050 0.0000 1.0000
2.5950 -10.0050 0.0000 1.0000
-11.3550 -10.0350 0.0000 1.0000
-11.3250 -10.0350 0.0000 1.0000
-11.2050 -10.0350 0.0000 1.0000
-11.1450 -10.0350 0.0000 1.0000
-9.1350 -10.0350 0.0000 1.0000
0.4950 -10.0350 0.0000 1.0000
0.5250 -10.0350 0.0000 1.0000
0.5550 -10.0350 0.0000 1.0000
0.5850 -10.0350 0.0000 1.0000
2.1150 -10.0350 0.0000 1.0000
2.2950 -10.0350 0.0000 1.0000
2.3250 -10.0350 0.0000 1.0000
2.4750 -10.0350 0.0000 1.0000
-11.3250 -10.0650 0.0000 1.0000
-11.2950 -10.0650 0.0000 1.0000
-11.2650 -10.0650 0.0000 1.0000
-11.2350 -10.0650 0.0000 1.0000
-11.2050 -10.0650 0.0000 1.0000
-11.1750 -10.0650 0.0000 1.0000
-11.1450 -10.0650 0.0000 1.0000
-11.1150 -10.0650 0.0000 1.0000
-11.0850 -10.0650 0.0000 1.0000
-11.0250 -10.0650 0.0000 1.0000
-10.9950 -10.0650 0.0000 1.0000
-9.1650 -10.0650 0.0000 1.0000
-9.1350 -10.0650 0.0000 1.0000
0.6450 -10.0650 0.0000 1.0000
0.6750 -10.0650 0.0000 1.0000
0.7050 -10.0650 0.0000 1.0000
2.0850 -10.0650 0.0000 1.0000
2.1150 -10.0650 0.0000 1.0000
2.1450 -10.0650 0.0000 1.0000
2.2650 -10.0650 0.0000 1.0000
2.2950 -10.0650 0.0000 1.0000
2.4750 -10.0650 0.0000 1.0000
-11.1750 -10.0950 0.0000 1.0000
-11.1450 -10.0950 0.0000 1.0000
-11.1150 -10.0950 0.0000 1.0000
-11.0850 -10.0950 0.0000 1.0000
-11.0550 -10.0950 0.0000 1.0000
-11.0250 -10.0950 0.0000 1.0000
-10.9950 -10.0950 0.0000 1.0000
-10.9650 -10.0950 0.0000 1.0000
-10.9350 -10.0950 0.0000 1.0000
-10.9050 -10.0950 0.0000 1.0000
-9.1650 -10.0950 0.0000 1.0000
-9.1350 -10.0950 0.0000 1.0000
0.4350 -10.0950 0.0000 1.0000
0.6150 -10.0950 0.0000 1.0000
2.0850 -10.0950 0.0000 1.0000
2.1150 -10.0950 0.0000 1.0000
2.2950 -10.0950 0.0000 1.0000
2.4450 -10.0950 0.0000 1.0000
2.4750 -10.0950 0.0000 1.0000
-11.1150 -10.1250 0.0000 1.0000
-11.0550 -10.1250 0.0000 1.0000
-11.0250 -10.1250 0.0000 1.0000
-10.9650 -10.1250 0.0000 1.0000
-10.9350 -10.1250 0.0000 1.0000
-10.9050 -10.1250 0.0000 1.0000
-10.8750 -10.1250 0.0000 1.0000
-10.7850 -10.1250 0.0000 1.0000
-9.1350 -10.1250 0.0000 1.0000
-9.1050 -10.1250 0.0000 1.0000
0.4650 -10.1250 0.0000 1.0000
0.5250 -10.1250 0.0000 1.0000
0.5850 -10.1250 0.0000 1.0000
2.0550 -10.1250 0.0000 1.0000
2.1450 -10.1250 0.0000 1.0000
2.2350 -10.1250 0.0000 1.0000
2.2950 -10.1250 0.0000 1.0000
-11.0250 -10.1550 0.0000 1.0000
-10.9950 -10.1550 0.0000 1.0000
-10.9650 -10.1550 0.0000 1.0000
-10.9050 -10.1550 0.0000 1.0000
-10.8750 -10.1550 0.0000 1.0000
-10.8450 -10.1550 0.0000 1.0000
-9.2850 -10.1550 0.0000 1.0000
-9.1350 -10.1550 0.0000 1.0000
-9.1050 -10.1550 0.0000 1.0000
0.3750 -10.1550 0.0000 1.0000
0.4050 -10.1550 0.0000 1.0000
2.0550 -10.1550 0.0000 1.0000
2.0850 -10.1550 0.0000 1.0000
2.1150 -10.1550 0.0000 1.0000
-10.9350 -10.1850 0.0000 1.0000
-10.8750 -10.1850 0.0000 1.0000
-9.1350 -10.1850 0.0000 1.0000
-9.1050 -10.1850 0.0000 1.0000
0.3750 -10.1850 0.0000 1.0000
0.4050 -10.1850 0.0000 1.0000
0.4950 -10.1850 0.0000 1.0000
0.6150 -10.1850 0.0000 1.0000
2.1450 -10.1850 0.0000 1.0000
-10.9650 -10.2150 0.0000 1.0000
-10.9350 -10.2150 0.0000 1.0000
-10.9050 -10.2150 0.0000 1.0000
-10.8750 -10.2150 0.0000 1.0000
-9.2850 -10.2150 0.0000 1.0000
-9.1350 -10.2150 0.0000 1.0000
-9.1050 -10.2150 0.0000 1.0000
0.4950 -10.2150 0.0000 1.0000
0.5550 -10.2150 0.0000 1.0000
0.6450 -10.2150 0.0000 1.0000
0.6750 -10.2150 0.0000 1.0000
2.1750 -10.2150 0.0000 1.0000
2.2050 -10.2150 0.0000 1.0000
-10.9650 -10.2450 0.0000 1.0000
-10.9350 -10.2450 0.0000 1.0000
-10.9050 -10.2450 0.0000 1.0000
-10.8750 -10.2450 0.0000 1.0000
-10.8450 -10.2450 0.0000 1.0000
-9.1350 -10.2450 0.0000 1.0000
0.4950 -10.2450 0.0000 1.0000
0.6150 -10.2450 0.0000 1.0000
0.6450 -10.2450 0.0000 1.0000
0.6750 -10.2450 0.0000 1.0000
2.0250 -10.2450 0.0000 1.0000
2.2050 -10.2450 0.0000 1.0000
2.2350 -10.2450 0.0000 1.0000
-10.9650 -10.2750 0.0000 1.0000
-10.8750 -10.2750 0.0000 1.0000
-9.1950 -10.2750 0.0000 1.0000
-9.1350 -10.2750 0.0000 1.0000
0.5250 -10.2750 0.0000 1.0000
0.5550 -10.2750 0.0000 1.0000
0.6150 -10.2750 0.0000 1.0000
0.6750 -10.2750 0.0000 1.0000
2.2350 -10.2750 0.0000 1.0000
-9.1350 -10.3050 0.0000 1.0000
-9.1050 -10.3050 0.0000 1.0000
2.1150 -10.3050 0.0000 1.0000
-10.9350 -10.3350 0.0000 1.0000
-10.9050 -10.3350 0.0000 1.0000
-9.1350 -10.3350 0.0000 1.0000
0.6150 -10.3350 0.0000 1.0000
2.0550 -10.3350 0.0000 1.0000
2.0850 -10.3350 0.0000 1.0000
2.1150 -10.3350 0.0000 1.0000
2.2050 -10.3350 0.0000 1.0000
2.2350 -10.3350 0.0000 1.0000
2.3250 -10.3350 0.0000 1.0000
-10.9950 -10.3650 0.0000 1.0000
-10.9650 -10.3650 0.0000 1.0000
-10.9350 -10.3650 0.0000 1.0000
-9.1350 -10.3650 0.0000 1.0000
-9.1050 -10.3650 0.0000 1.0000
0.6150 -10.3650 0.0000 1.0000
0.6750 -10.3650 0.0000 1.0000
0.7050 -10.3650 0.0000 1.0000
1.9350 -10.3650 0.0000 1.0000
2.0550 -10.3650 0.0000 1.0000
2.1450 -10.3650 0.0000 1.0000
2.2050 -10.3650 0.0000 1.0000
2.2350 -10.3650 0.0000 1.0000
2.3250 -10.3650 0.0000 1.0000
2.3550 -10.3650 0.0000 1.0000
-11.0250 -10.3950 0.0000 1.0000
-10.9950 -10.3950 0.0000 1.0000
-9.1650 -10.3950 0.0000 1.0000
-9.1350 -10.3950 0.0000 1.0000
-9.1050 -10.3950 0.0000 1.0000
0.6450 -10.3950 0.0000 1.0000
2.0550 -10.3950 0.0000 1.0000
2.0850 -10.3950 0.0000 1.0000
2.1450 -10.3950 0.0000 1.0000
2.1750 -10.3950 0.0000 1.0000
2.2050 -10.3950 0.0000 1.0000
2.2350 -10.3950 0.0000 1.0000
-11.0250 -10.4250 0.0000 1.0000
-10.9050 -10.4250 0.0000 1.0000
-9.1650 -10.4250 0.0000 1.0000
-9.1050 -10.4250 0.0000 1.0000
0.5850 -10.4250 0.0000 1.0000
0.6150 -10.4250 0.0000 1.0000
2.0550 -10.4250 0.0000 1.0000
2.1450 -10.4250 0.0000 1.0000
2.1750 -10.4250 0.0000 1.0000
-11.0550 -10.4550 0.0000 1.0000
-10.9650 -10.4550 0.0000 1.0000
-9.3450 -10.4550 0.0000 1.0000
-9.1650 -10.4550 0.0000 1.0000
-9.1350 -10.4550 0.0000 1.0000
0.4350 -10.4550 0.0000 1.0000
0.5250 -10.4550 0.0000 1.0000
0.5550 -10.4550 0.0000 1.0000
0.5850 -10.4550 0.0000 1.0000
0.6150 -10.4550 0.0000 1.0000
0.7950 -10.4550 0.0000 1.0000
1.9050 -10.4550 0.0000 1.0000
2.0550 -10.4550 0.0000 1.0000
-11.0550 -10.4850 0.0000 1.0000
-11.0250 -10.4850 0.0000 1.0000
-10.9650 -10.4850 0.0000 1.0000
-9.2850 -10.4850 0.0000 1.0000
-9.1950 -10.4850 0.0000 1.0000
-9.1650 -10.4850 0.0000 1.0000
-9.1350 -10.4850 0.0000 1.0000
0.4650 -10.4850 0.0000 1.0000
0.5250 -10.4850 0.0000 1.0000
0.5550 -10.4850 0.0000 1.0000
2.0850 -10.4850 0.0000 1.0000
-11.1750 -10.5150 0.0000 1.0000
-10.9950 -10.5150 0.0000 1.0000
-10.9650 -10.5150 0.0000 1.0000
-10.9350 -10.5150 0.0000 1.0000
-10.8450 -10.5150 0.0000 1.0000
-10.8150 -10.5150 0.0000 1.0000
-9.2250 -10.5150 0.0000 1.0000
0.5550 -10.5150 0.0000 1.0000
0.6450 -10.5150 0.0000 1.0000
1.9350 -10.5150 0.0000 1.0000
2.0550 -10.5150 0.0000 1.0000
2.1150 -10.5150 0.0000 1.0000
-11.1750 -10.5450 0.0000 1.0000
-11.1450 -10.5450 0.0000 1.0000
-10.9350 -10.5450 0.0000 1.0000
-10.8750 -10.5450 0.0000 1.0000
-10.8150 -10.5450 0.0000 1.0000
-10.7850 -10.5450 0.0000 1.0000
-9.2850 -10.5450 0.0000 1.0000
-9.2550 -10.5450 0.0000 1.0000
-9.2250 -10.5450 0.0000 1.0000
-9.1950 -10.5450 0.0000 1.0000
0.4950 -10.5450 0.0000 1.0000
0.5250 -10.5450 0.0000 1.0000
0.5550 -10.5450 0.0000 1.0000
-11.3850 -10.5750 0.0000 1.0000
-11.2050 -10.5750 0.0000 1.0000
-11.1750 -10.5750 0.0000 1.0000
-11.0850 -10.5750 0.0000 1.0000
-11.0550 -10.5750 0.0000 1.0000
-10.8450 -10.5750 0.0000 1.0000
-10.8150 -10.5750 0.0000 1.0000
-9.2550 -10.5750 0.0000 1.0000
-9.2250 -10.5750 0.0000 1.0000
-9.1950 -10.5750 0.0000 1.0000
-9.1350 -10.5750 0.0000 1.0000
0.4950 -10.5750 0.0000 1.0000
0.5550 -10.5750 0.0000 1.0000
0.6750 -10.5750 0.0000 1.0000
0.8250 -10.5750 0.0000 1.0000
1.9650 -10.5750 0.0000 1.0000
2.0850 -10.5750 0.0000 1.0000
2.1150 -10.5750 0.0000 1.0000
-11.4150 -10.6050 0.0000 1.0000
-11.3850 -10.6050 0.0000 1.0000
-11.2050 -10.6050 0.0000 1.0000
-11.0250 -10.6050 0.0000 1.0000
-10.9950 -10.6050 0.0000 1.0000
-10.9650 -10.6050 0.0000 1.0000
-10.9050 -10.6050 0.0000 1.0000
-10.7850 -10.6050 0.0000 1.0000
-9.2550 -10.6050 0.0000 1.0000
-9.1950 -10.6050 0.0000 1.0000
0.4650 -10.6050 0.0000 1.0000
0.4950 -10.6050 0.0000 1.0000
0.6750 -10.6050 0.0000 1.0000
0.7050 -10.6050 0.0000 1.0000
1.8450 -10.6050 0.0000 1.0000
1.9050 -10.6050 0.0000 1.0000
1.9350 -10.6050 0.0000 1.0000
2.1450 -10.6050 0.0000 1.0000
-11.4450 -10.6350 0.0000 1.0000
-10.9950 -10.6350 0.0000 1.0000
-10.9350 -10.6350 0.0000 1.0000
-10.9050 -10.6350 0.0000 1.0000
-9.2550 -10.6350 0.0000 1.0000
-9.2250 -10.6350 0.0000 1.0000
0.6750 -10.6350 0.0000 1.0000
0.7350 -10.6350 0.0000 1.0000
2.0850 -10.6350 0.0000 1.0000
-11.5350 -10.6650 0.0000 1.0000
-11.5050 -10.6650 0.0000 1.0000
-11.4750 -10.6650 0.0000 1.0000
-11.4450 -10.6650 0.0000 1.0000
-11.1750 -10.6650 0.0000 1.0000
-11.1450 -10.6650 0.0000 1.0000
-11.1150 -10.6650 0.0000 1.0000
-10.9650 -10.6650 0.0000 1.0000
-10.9350 -10.6650 0.0000 1.0000
-10.9050 -10.6650 0.0000 1.0000
-9.2550 -10.6650 0.0000 1.0000
-6.3150 -10.6650 0.0000 1.0000
-6.2550 -10.6650 0.0000 1.0000
-6.1950 -10.6650 0.0000 1.0000
0.5550 -10.6650 0.0000 1.0000
0.7050 -10.6650 0.0000 1.0000
1.9050 -10.6650 0.0000 1.0000
1.9350 -10.6650 0.0000 1.0000
2.0550 -10.6650 0.0000 1.0000
-11.6250 -10.6950 0.0000 1.0000
-11.5950 -10.6950 0.0000 1.0000
-11.5350 -10.6950 0.0000 1.0000
-11.5050 -10.6950 0.0000 1.0000
-11.4750 -10.6950 0.0000 1.0000
-11.1750 -10.6950 0.0000 1.0000
-11.1450 -10.6950 0.0000 1.0000
-11.1150 -10.6950 0.0000 1.0000
-10.9050 -10.6950 0.0000 1.0000
-10.8750 -10.6950 0.0000 1.0000
-9.3750 -10.6950 0.0000 1.0000
-9.3450 -10.6950 0.0000 1.0000
-9.2550 -10.6950 0.0000 1.0000
-6.7050 -10.6950 0.0000 1.0000
-6.1950 -10.6950 0.0000 1.0000
-6.1650 -10.6950 0.0000 1.0000
0.5250 -10.6950 0.0000 1.0000
1.9350 -10.6950 0.0000 1.0000
2.0250 -10.6950 0.0000 1.0000
2.0550 -10.6950 0.0000 1.0000
2.0850 -10.6950 0.0000 1.0000
-11.6850 -10.7250 0.0000 1.0000
-11.6550 -10.7250 0.0000 1.0000
-11.6250 -10.7250 0.0000 1.0000
-11.5350 -10.7250 0.0000 1.0000
-10.8750 -10.7250 0.0000 1.0000
-9.3150 -10.7250 0.0000 1.0000
-9.2550 -10.7250 0.0000 1.0000
-9.1950 -10.7250 0.0000 1.0000
-6.6750 -10.7250 0.0000 1.0000
-6.6450 -10.7250 0.0000 1.0000
-6.6150 -10.7250 0.0000 1.0000
-6.1650 -10.7250 0.0000 1.0000
-5.8350 -10.7250 0.0000 1.0000
0.4050 -10.7250 0.0000 1.0000
0.4950 -10.7250 0.0000 1.0000
0.5250 -10.7250 0.0000 1.0000
1.9950 -10.7250 0.0000 1.0000
2.1150 -10.7250 0.0000 1.0000
2.2350 -10.7250 0.0000 1.0000
2.2650 -10.7250 0.0000 1.0000
-11.8050 -10.7550 0.0000 1.0000
-11.7150 -10.7550 0.0000 1.0000
-11.6850 -10.7550 0.0000 1.0000
-11.6250 -10.7550 0.0000 1.0000
-9.4050 -10.7550 0.0000 1.0000
-9.3150 -10.7550 0.0000 1.0000
-9.2550 -10.7550 0.0000 1.0000
-6.6150 -10.7550 0.0000 1.0000
-6.5850 -10.7550 0.0000 1.0000
-5.8050 -10.7550 0.0000 1.0000
0.4050 -10.7550 0.0000 1.0000
0.5550 -10.7550 0.0000 1.0000
0.5850 -10.7550 0.0000 1.0000
1.9950 -10.7550 0.0000 1.0000
2.0250 -10.7550 0.0000 1.0000
2.1150 -10.7550 0.0000 1.0000
2.2350 -10.7550 0.0000 1.0000
-11.8050 -10.7850 0.0000 1.0000
-9.3150 -10.7850 0.0000 1.0000
-9.2850 -10.7850 0.0000 1.0000
-9.2550 -10.7850 0.0000 1.0000
-5.8050 -10.7850 0.0000 1.0000
0.4050 -10.7850 0.0000 1.0000
0.5550 -10.7850 0.0000 1.0000
0.7650 -10.7850 0.0000 1.0000
1.9050 -10.7850 0.0000 1.0000
1.9350 -10.7850 0.0000 1.0000
1.9950 -10.7850 0.0000 1.0000
2.0250 -10.7850 0.0000 1.0000
2.0850 -10.7850 0.0000 1.0000
-12.6450 -10.8150 0.0000 1.0000
-11.9550 -10.8150 0.0000 1.0000
-11.9250 -10.8150 0.0000 1.0000
-11.8350 -10.8150 0.0000 1.0000
-11.8050 -10.8150 0.0000 1.0000
-9.3450 -10.8150 0.0000 1.0000
-9.3150 -10.8150 0.0000 1.0000
-9.2850 -10.8150 0.0000 1.0000
-5.8050 -10.8150 0.0000 1.0000
0.5250 -10.8150 0.0000 1.0000
2.0850 -10.8150 0.0000 1.0000
-12.6450 -10.8450 0.0000 1.0000
-11.9850 -10.8450 0.0000 1.0000
-11.9550 -10.8450 0.0000 1.0000
-11.8350 -10.8450 0.0000 1.0000
-9.3450 -10.8450 0.0000 1.0000
-9.3150 -10.8450 0.0000 1.0000
-9.2850 -10.8450 0.0000 1.0000
-5.8050 -10.8450 0.0000 1.0000
0.5850 -10.8450 0.0000 1.0000
0.7650 -10.8450 0.0000 1.0000
-12.6750 -10.8750 0.0000 1.0000
-12.1650 -10.8750 0.0000 1.0000
-12.0150 -10.8750 0.0000 1.0000
-11.1150 -10.8750 0.0000 1.0000
-9.3150 -10.8750 0.0000 1.0000
-9.2850 -10.8750 0.0000 1.0000
-9.2550 -10.8750 0.0000 1.0000
-5.7750 -10.8750 0.0000 1.0000
0.3750 -10.8750 0.0000 1.0000
0.4650 -10.8750 0.0000 1.0000
0.5250 -10.8750 0.0000 1.0000
0.5550 -10.8750 0.0000 1.0000
2.1750 -10.8750 0.0000 1.0000
2.2050 -10.8750 0.0000 1.0000
-12.6750 -10.9050 0.0000 1.0000
-12.1650 -10.9050 0.0000 1.0000
-11.1150 -10.9050 0.0000 1.0000
-9.3750 -10.9050 0.0000 1.0000
-9.3450 -10.9050 0.0000 1.0000
-9.3150 -10.9050 0.0000 1.0000
-9.2850 -10.9050 0.0000 1.0000
0.3450 -10.9050 0.0000 1.0000
0.4650 -10.9050 0.0000 1.0000
0.7050 -10.9050 0.0000 1.0000
0.7350 -10.9050 0.0000 1.0000
2.0850 -10.9050 0.0000 1.0000
2.1150 -10.9050 0.0000 1.0000
2.2050 -10.9050 0.0000 1.0000
-11.1150 -10.9350 0.0000 1.0000
-11.0850 -10.9350 0.0000 1.0000
-9.3450 -10.9350 0.0000 1.0000
-9.3150 -10.9350 0.0000 1.0000
-9.2850 -10.9350 0.0000 1.0000
0.4350 -10.9350 0.0000 1.0000
0.4950 -10.9350 0.0000 1.0000
0.5850 -10.9350 0.0000 1.0000
0.6450 -10.9350 0.0000 1.0000
0.7050 -10.9350 0.0000 1.0000
1.9650 -10.9350 0.0000 1.0000
1.9950 -10.9350 0.0000 1.0000
2.0250 -10.9350 0.0000 1.0000
2.0550 -10.9350 0.0000 1.0000
2.0850 -10.9350 0.0000 1.0000
2.1150 -10.9350 0.0000 1.0000
2.1750 -10.9350 0.0000 1.0000
-11.1150 -10.9650 0.0000 1.0000
-11.0850 -10.9650 0.0000 1.0000
-9.3450 -10.9650 0.0000 1.0000
-9.3150 -10.9650 0.0000 1.0000
0.4050 -10.9650 0.0000 1.0000
0.4350 -10.9650 0.0000 1.0000
0.4650 -10.9650 0.0000 1.0000
0.4950 -10.9650 0.0000 1.0000
0.5250 -10.9650 0.0000 1.0000
0.5550 -10.9650 0.0000 1.0000
0.5850 -10.9650 0.0000 1.0000
0.6150 -10.9650 0.0000 1.0000
0.6450 -10.9650 0.0000 1.0000
0.6750 -10.9650 0.0000 1.0000
1.9650 -10.9650 0.0000 1.0000
2.0250 -10.9650 0.0000 1.0000
2.0550 -10.9650 0.0000 1.0000
2.1750 -10.9650 0.0000 1.0000
-11.1150 -10.9950 0.0000 1.0000
-11.0850 -10.9950 0.0000 1.0000
-9.3750 -10.9950 0.0000 1.0000
-9.3150 -10.9950 0.0000 1.0000
-9.2850 -10.9950 0.0000 1.0000
0.4050 -10.9950 0.0000 1.0000
0.4650 -10.9950 0.0000 1.0000
0.5250 -10.9950 0.0000 1.0000
0.5550 -10.9950 0.0000 1.0000
0.5850 -10.9950 0.0000 1.0000
0.6150 -10.9950 0.0000 1.0000
0.6450 -10.9950 0.0000 1.0000
0.6750 -10.9950 0.0000 1.0000
0.7050 -10.9950 0.0000 1.0000
0.7650 -10.9950 0.0000 1.0000
1.8450 -10.9950 0.0000 1.0000
1.9650 -10.9950 0.0000 1.0000
2.0550 -10.9950 0.0000 1.0000
-11.1150 -11.0250 0.0000 1.0000
-11.0850 -11.0250 0.0000 1.0000
-9.3150 -11.0250 0.0000 1.0000
-9.2850 -11.0250 0.0000 1.0000
0.3750 -11.0250 0.0000 1.0000
0.4350 -11.0250 0.0000 1.0000
0.4650 -11.0250 0.0000 1.0000
0.4950 -11.0250 0.0000 1.0000
0.7050 -11.0250 0.0000 1.0000
-11.0850 -11.0550 0.0000 1.0000
-9.3150 -11.0550 0.0000 1.0000
-9.2850 -11.0550 0.0000 1.0000
-9.2550 -11.0550 0.0000 1.0000
-9.2250 -11.0550 0.0000 1.0000
0.3150 -11.0550 0.0000 1.0000
0.3450 -11.0550 0.0000 1.0000
0.3750 -11.0550 0.0000 1.0000
0.4050 -11.0550 0.0000 1.0000
0.4350 -11.0550 0.0000 1.0000
0.6750 -11.0550 0.0000 1.0000
1.9350 -11.0550 0.0000 1.0000
1.9650 -11.0550 0.0000 1.0000
-11.0850 -11.0850 0.0000 1.0000
-9.3150 -11.0850 0.0000 1.0000
-9.2850 -11.0850 0.0000 1.0000
-9.2550 -11.0850 0.0000 1.0000
-9.2250 -11.0850 0.0000 1.0000
0.2550 -11.0850 0.0000 1.0000
0.3750 -11.0850 0.0000 1.0000
0.4050 -11.0850 0.0000 1.0000
0.4350 -11.0850 0.0000 1.0000
-9.2850 -11.1150 0.0000 1.0000
-9.2550 -11.1150 0.0000 1.0000
0.1350 -11.1150 0.0000 1.0000
0.1650 -11.1150 0.0000 1.0000
0.2550 -11.1150 0.0000 1.0000
0.3750 -11.1150 0.0000 1.0000
0.4950 -11.1150 0.0000 1.0000
2.1150 -11.1150 0.0000 1.0000
-11.1150 -11.1450 0.0000 1.0000
-9.2550 -11.1450 0.0000 1.0000
-9.2250 -11.1450 0.0000 1.0000
-9.1650 -11.1450 0.0000 1.0000
0.1350 -11.1450 0.0000 1.0000
0.1650 -11.1450 0.0000 1.0000
0.1950 -11.1450 0.0000 1.0000
0.2250 -11.1450 0.0000 1.0000
0.2550 -11.1450 0.0000 1.0000
0.2850 -11.1450 0.0000 1.0000
0.3150 -11.1450 0.0000 1.0000
0.3450 -11.1450 0.0000 1.0000
0.3750 -11.1450 0.0000 1.0000
0.4050 -11.1450 0.0000 1.0000
2.0250 -11.1450 0.0000 1.0000
2.1150 -11.1450 0.0000 1.0000
-11.1150 -11.1750 0.0000 1.0000
-11.0850 -11.1750 0.0000 1.0000
-9.2250 -11.1750 0.0000 1.0000
-9.1650 -11.1750 0.0000 1.0000
0.1050 -11.1750 0.0000 1.0000
0.1350 -11.1750 0.0000 1.0000
0.2250 -11.1750 0.0000 1.0000
0.3150 -11.1750 0.0000 1.0000
0.3450 -11.1750 0.0000 1.0000
1.9950 -11.1750 0.0000 1.0000
2.0250 -11.1750 0.0000 1.0000
2.0550 -11.1750 0.0000 1.0000
-11.1150 -11.2050 0.0000 1.0000
-9.3150 -11.2050 0.0000 1.0000
-9.2850 -11.2050 0.0000 1.0000
-9.1950 -11.2050 0.0000 1.0000
-9.1650 -11.2050 0.0000 1.0000
-9.1350 -11.2050 0.0000 1.0000
-9.1050 -11.2050 0.0000 1.0000
0.0750 -11.2050 0.0000 1.0000
0.1050 -11.2050 0.0000 1.0000
0.1350 -11.2050 0.0000 1.0000
0.1950 -11.2050 0.0000 1.0000
0.2250 -11.2050 0.0000 1.0000
0.2850 -11.2050 0.0000 1.0000
0.3150 -11.2050 0.0000 1.0000
0.3450 -11.2050 0.0000 1.0000
1.8150 -11.2050 0.0000 1.0000
2.0550 -11.2050 0.0000 1.0000
2.1750 -11.2050 0.0000 1.0000
2.2050 -11.2050 0.0000 1.0000
-11.0850 -11.2350 0.0000 1.0000
-9.3150 -11.2350 0.0000 1.0000
-9.2850 -11.2350 0.0000 1.0000
-9.2550 -11.2350 0.0000 1.0000
-9.1650 -11.2350 0.0000 1.0000
-9.0750 -11.2350 0.0000 1.0000
-9.0450 -11.2350 0.0000 1.0000
-0.0150 -11.2350 0.0000 1.0000
0.0150 -11.2350 0.0000 1.0000
0.0450 -11.2350 0.0000 1.0000
0.0750 -11.2350 0.0000 1.0000
0.1050 -11.2350 0.0000 1.0000
0.1350 -11.2350 0.0000 1.0000
0.1650 -11.2350 0.0000 1.0000
0.1950 -11.2350 0.0000 1.0000
0.2250 -11.2350 0.0000 1.0000
0.2550 -11.2350 0.0000 1.0000
0.3150 -11.2350 0.0000 1.0000
2.1450 -11.2350 0.0000 1.0000
2.1750 -11.2350 0.0000 1.0000
-11.1150 -11.2650 0.0000 1.0000
-11.0850 -11.2650 0.0000 1.0000
-11.0550 -11.2650 0.0000 1.0000
-9.3150 -11.2650 0.0000 1.0000
-9.2850 -11.2650 0.0000 1.0000
-9.2550 -11.2650 0.0000 1.0000
-9.1950 -11.2650 0.0000 1.0000
-9.1650 -11.2650 0.0000 1.0000
-9.1050 -11.2650 0.0000 1.0000
-9.0750 -11.2650 0.0000 1.0000
-0.0450 -11.2650 0.0000 1.0000
-0.0150 -11.2650 0.0000 1.0000
0.0450 -11.2650 0.0000 1.0000
0.1050 -11.2650 0.0000 1.0000
0.3150 -11.2650 0.0000 1.0000
0.3450 -11.2650 0.0000 1.0000
0.5250 -11.2650 0.0000 1.0000
1.8150 -11.2650 0.0000 1.0000
1.9350 -11.2650 0.0000 1.0000
2.1150 -11.2650 0.0000 1.0000
2.1450 -11.2650 0.0000 1.0000
-11.0850 -11.2950 0.0000 1.0000
-11.0550 -11.2950 0.0000 1.0000
-9.3150 -11.2950 0.0000 1.0000
-9.2850 -11.2950 0.0000 1.0000
-9.0750 -11.2950 0.0000 1.0000
-0.0750 -11.2950 0.0000 1.0000
-0.0450 -11.2950 0.0000 1.0000
-0.0150 -11.2950 0.0000 1.0000
0.0150 -11.2950 0.0000 1.0000
0.0450 -11.2950 0.0000 1.0000
0.0750 -11.2950 0.0000 1.0000
0.1050 -11.2950 0.0000 1.0000
2.1750 -11.2950 0.0000 1.0000
-11.0850 -11.3250 0.0000 1.0000
-11.0250 -11.3250 0.0000 1.0000
-10.9950 -11.3250 0.0000 1.0000
-9.2850 -11.3250 0.0000 1.0000
-9.2250 -11.3250 0.0000 1.0000
-9.0750 -11.3250 0.0000 1.0000
-0.0750 -11.3250 0.0000 1.0000
-0.0450 -11.3250 0.0000 1.0000
-0.0150 -11.3250 0.0000 1.0000
0.0150 -11.3250 0.0000 1.0000
0.0450 -11.3250 0.0000 1.0000
0.0750 -11.3250 0.0000 1.0000
2.1450 -11.3250 0.0000 1.0000
2.1750 -11.3250 0.0000 1.0000
-11.1450 -11.3550 0.0000 1.0000
-11.1150 -11.3550 0.0000 1.0000
-11.0850 -11.3550 0.0000 1.0000
-10.9950 -11.3550 0.0000 1.0000
-9.1950 -11.3550 0.0000 1.0000
-9.1050 -11.3550 0.0000 1.0000
-0.1050 -11.3550 0.0000 1.0000
-0.0750 -11.3550 0.0000 1.0000
-0.0450 -11.3550 0.0000 1.0000
-0.0150 -11.3550 0.0000 1.0000
2.0850 -11.3550 0.0000 1.0000
2.1750 -11.3550 0.0000 1.0000
-12.1950 -11.3850 0.0000 1.0000
-11.1150 -11.3850 0.0000 1.0000
-11.0250 -11.3850 0.0000 1.0000
-9.0750 -11.3850 0.0000 1.0000
-8.9850 -11.3850 0.0000 1.0000
-0.1050 -11.3850 0.0000 1.0000
-0.0750 -11.3850 0.0000 1.0000
-0.0450 -11.3850 0.0000 1.0000
-0.0150 -11.3850 0.0000 1.0000
1.9950 -11.3850 0.0000 1.0000
2.0250 -11.3850 0.0000 1.0000
2.0550 -11.3850 0.0000 1.0000
2.0850 -11.3850 0.0000 1.0000
2.1150 -11.3850 0.0000 1.0000
-12.1950 -11.4150 0.0000 1.0000
-12.1650 -11.4150 0.0000 1.0000
-11.4150 -11.4150 0.0000 1.0000
-11.3250 -11.4150 0.0000 1.0000
-11.1150 -11.4150 0.0000 1.0000
-11.0850 -11.4150 0.0000 1.0000
-10.9650 -11.4150 0.0000 1.0000
-9.1950 -11.4150 0.0000 1.0000
-9.0150 -11.4150 0.0000 1.0000
-0.1050 -11.4150 0.0000 1.0000
-0.0450 -11.4150 0.0000 1.0000
-0.0150 -11.4150 0.0000 1.0000
1.9350 -11.4150 0.0000 1.0000
2.0250 -11.4150 0.0000 1.0000
2.0550 -11.4150 0.0000 1.0000
-12.1650 -11.4450 0.0000 1.0000
-12.1350 -11.4450 0.0000 1.0000
-11.4150 -11.4450 0.0000 1.0000
-11.3850 -11.4450 0.0000 1.0000
-11.3550 -11.4450 0.0000 1.0000
-11.0850 -11.4450 0.0000 1.0000
-11.0550 -11.4450 0.0000 1.0000
-9.1650 -11.4450 0.0000 1.0000
-9.1350 -11.4450 0.0000 1.0000
-9.0450 -11.4450 0.0000 1.0000
-9.0150 -11.4450 0.0000 1.0000
-0.1050 -11.4450 0.0000 1.0000
-0.0750 -11.4450 0.0000 1.0000
-0.0450 -11.4450 0.0000 1.0000
-0.0150 -11.4450 0.0000 1.0000
1.9350 -11.4450 0.0000 1.0000
2.1750 -11.4450 0.0000 1.0000
2.2650 -11.4450 0.0000 1.0000
-12.1350 -11.4750 0.0000 1.0000
-11.1450 -11.4750 0.0000 1.0000
-11.1150 -11.4750 0.0000 1.0000
-11.0550 -11.4750 0.0000 1.0000
-10.9050 -11.4750 0.0000 1.0000
-9.1950 -11.4750 0.0000 1.0000
-0.0750 -11.4750 0.0000 1.0000
-0.0450 -11.4750 0.0000 1.0000
2.1750 -11.4750 0.0000 1.0000
2.2650 -11.4750 0.0000 1.0000
-11.0850 -11.5050 0.0000 1.0000
-11.0550 -11.5050 0.0000 1.0000
-10.9050 -11.5050 0.0000 1.0000
-9.1950 -11.5050 0.0000 1.0000
-9.0150 -11.5050 0.0000 1.0000
-0.0750 -11.5050 0.0000 1.0000
-0.0450 -11.5050 0.0000 1.0000
-0.0150 -11.5050 0.0000 1.0000
2.0250 -11.5050 0.0000 1.0000
2.0550 -11.5050 0.0000 1.0000
-11.0850 -11.5350 0.0000 1.0000
-11.0550 -11.5350 0.0000 1.0000
-11.0250 -11.5350 0.0000 1.0000
-9.1950 -11.5350 0.0000 1.0000
-9.1650 -11.5350 0.0000 1.0000
-9.0450 -11.5350 0.0000 1.0000
-9.0150 -11.5350 0.0000 1.0000
-0.0750 -11.5350 0.0000 1.0000
-0.0450 -11.5350 0.0000 1.0000
-0.0150 -11.5350 0.0000 1.0000
2.1750 -11.5350 0.0000 1.0000
-11.0550 -11.5650 0.0000 1.0000
-11.0250 -11.5650 0.0000 1.0000
-10.9950 -11.5650 0.0000 1.0000
-9.2550 -11.5650 0.0000 1.0000
-9.1350 -11.5650 0.0000 1.0000
-9.0450 -11.5650 0.0000 1.0000
-8.9850 -11.5650 0.0000 1.0000
-0.0750 -11.5650 0.0000 1.0000
-0.0450 -11.5650 0.0000 1.0000
-0.0150 -11.5650 0.0000 1.0000
2.0250 -11.5650 0.0000 1.0000
2.1750 -11.5650 0.0000 1.0000
-11.0550 -11.5950 0.0000 1.0000
-11.0250 -11.5950 0.0000 1.0000
-10.9650 -11.5950 0.0000 1.0000
-9.0750 -11.5950 0.0000 1.0000
-9.0450 -11.5950 0.0000 1.0000
-0.0750 -11.5950 0.0000 1.0000
-0.0450 -11.5950 0.0000 1.0000
-0.0150 -11.5950 0.0000 1.0000
1.8150 -11.5950 0.0000 1.0000
2.0550 -11.5950 0.0000 1.0000
2.1150 -11.5950 0.0000 1.0000
2.1450 -11.5950 0.0000 1.0000
2.1750 -11.5950 0.0000 1.0000
-10.9650 -11.6250 0.0000 1.0000
-9.0150 -11.6250 0.0000 1.0000
-8.9850 -11.6250 0.0000 1.0000
-0.0750 -11.6250 0.0000 1.0000
-0.0450 -11.6250 0.0000 1.0000
-0.0150 -11.6250 0.0000 1.0000
2.1150 -11.6250 0.0000 1.0000
-10.9950 -11.6550 0.0000 1.0000
-10.9650 -11.6550 0.0000 1.0000
-10.9350 -11.6550 0.0000 1.0000
-10.9050 -11.6550 0.0000 1.0000
-10.8450 -11.6550 0.0000 1.0000
-10.7550 -11.6550 0.0000 1.0000
-9.0150 -11.6550 0.0000 1.0000
-0.0750 -11.6550 0.0000 1.0000
-0.0450 -11.6550 0.0000 1.0000
-0.0150 -11.6550 0.0000 1.0000
2.1150 -11.6550 0.0000 1.0000
-10.9650 -11.6850 0.0000 1.0000
-10.9350 -11.6850 0.0000 1.0000
-10.9050 -11.6850 0.0000 1.0000
-10.8750 -11.6850 0.0000 1.0000
-10.8450 -11.6850 0.0000 1.0000
-10.8150 -11.6850 0.0000 1.0000
-10.7850 -11.6850 0.0000 1.0000
-10.7550 -11.6850 0.0000 1.0000
-9.2250 -11.6850 0.0000 1.0000
-9.0750 -11.6850 0.0000 1.0000
-0.0750 -11.6850 0.0000 1.0000
-0.0450 -11.6850 0.0000 1.0000
-0.0150 -11.6850 0.0000 1.0000
1.8150 -11.6850 0.0000 1.0000
1.9950 -11.6850 0.0000 1.0000
2.0250 -11.6850 0.0000 1.0000
2.1150 -11.6850 0.0000 1.0000
-11.1150 -11.7150 0.0000 1.0000
-11.0850 -11.7150 0.0000 1.0000
-10.9050 -11.7150 0.0000 1.0000
-10.8750 -11.7150 0.0000 1.0000
-10.8450 -11.7150 0.0000 1.0000
-10.8150 -11.7150 0.0000 1.0000
-10.7850 -11.7150 0.0000 1.0000
-10.7250 -11.7150 0.0000 1.0000
-10.6950 -11.7150 0.0000 1.0000
-10.6050 -11.7150 0.0000 1.0000
-9.2250 -11.7150 0.0000 1.0000
-9.1650 -11.7150 0.0000 1.0000
-9.1350 -11.7150 0.0000 1.0000
-9.1050 -11.7150 0.0000 1.0000
-5.0550 -11.7150 0.0000 1.0000
-0.0750 -11.7150 0.0000 1.0000
-0.0450 -11.7150 0.0000 1.0000
-0.0150 -11.7150 0.0000 1.0000
1.9950 -11.7150 0.0000 1.0000
2.0850 -11.7150 0.0000 1.0000
2.1750 -11.7150 0.0000 1.0000
-11.0850 -11.7450 0.0000 1.0000
-11.0550 -11.7450 0.0000 1.0000
-10.8150 -11.7450 0.0000 1.0000
-10.7550 -11.7450 0.0000 1.0000
-10.7250 -11.7450 0.0000 1.0000
-10.6650 -11.7450 0.0000 1.0000
-10.6050 -11.7450 0.0000 1.0000
-10.5750 -11.7450 0.0000 1.0000
-9.2850 -11.7450 0.0000 1.0000
-9.2550 -11.7450 0.0000 1.0000
-9.2250 -11.7450 0.0000 1.0000
-9.1050 -11.7450 0.0000 1.0000
-9.0750 -11.7450 0.0000 1.0000
-5.0250 -11.7450 0.0000 1.0000
-0.0750 -11.7450 0.0000 1.0000
-0.0450 -11.7450 0.0000 1.0000
-0.0150 -11.7450 0.0000 1.0000
1.8750 -11.7450 0.0000 1.0000
1.9350 -11.7450 0.0000 1.0000
1.9950 -11.7450 0.0000 1.0000
2.0550 -11.7450 0.0000 1.0000
2.1450 -11.7450 0.0000 1.0000
-10.8750 -11.7750 0.0000 1.0000
-10.8450 -11.7750 0.0000 1.0000
-10.7550 -11.7750 0.0000 1.0000
-10.7250 -11.7750 0.0000 1.0000
-10.6950 -11.7750 0.0000 1.0000
-10.6650 -11.7750 0.0000 1.0000
-10.6350 -11.7750 0.0000 1.0000
-10.5450 -11.7750 0.0000 1.0000
-10.5150 -11.7750 0.0000 1.0000
-10.4850 -11.7750 0.0000 1.0000
-9.1650 -11.7750 0.0000 1.0000
-9.1350 -11.7750 0.0000 1.0000
-9.1050 -11.7750 0.0000 1.0000
-5.7450 -11.7750 0.0000 1.0000
-5.0250 -11.7750 0.0000 1.0000
-0.0750 -11.7750 0.0000 1.0000
-0.0450 -11.7750 0.0000 1.0000
-0.0150 -11.7750 0.0000 1.0000
0.0150 -11.7750 0.0000 1.0000
1.8750 -11.7750 0.0000 1.0000
1.9950 -11.7750 0.0000 1.0000
-10.8450 -11.8050 0.0000 1.0000
-10.7250 -11.8050 0.0000 1.0000
-10.6650 -11.8050 0.0000 1.0000
-10.6350 -11.8050 0.0000 1.0000
-10.6050 -11.8050 0.0000 1.0000
-10.5750 -11.8050 0.0000 1.0000
-10.5450 -11.8050 0.0000 1.0000
-9.0750 -11.8050 0.0000 1.0000
-5.7450 -11.8050 0.0000 1.0000
-5.7150 -11.8050 0.0000 1.0000
-5.0250 -11.8050 0.0000 1.0000
-4.9650 -11.8050 0.0000 1.0000
-4.4550 -11.8050 0.0000 1.0000
-4.4250 -11.8050 0.0000 1.0000
-0.0750 -11.8050 0.0000 1.0000
-0.0450 -11.8050 0.0000 1.0000
-0.0150 -11.8050 0.0000 1.0000
1.8750 -11.8050 0.0000 1.0000
1.9050 -11.8050 0.0000 1.0000
2.0250 -11.8050 0.0000 1.0000
-10.6650 -11.8350 0.0000 1.0000
-10.6350 -11.8350 0.0000 1.0000
-10.5450 -11.8350 0.0000 1.0000
-9.1950 -11.8350 0.0000 1.0000
-9.1650 -11.8350 0.0000 1.0000
-9.0750 -11.8350 0.0000 1.0000
-5.7150 -11.8350 0.0000 1.0000
-4.9650 -11.8350 0.0000 1.0000
-4.4250 -11.8350 0.0000 1.0000
-0.0450 -11.8350 0.0000 1.0000
-0.0150 -11.8350 0.0000 1.0000
0.0150 -11.8350 0.0000 1.0000
1.8450 -11.8350 0.0000 1.0000
1.8750 -11.8350 0.0000 1.0000
1.9650 -11.8350 0.0000 1.0000
1.9950 -11.8350 0.0000 1.0000
7.0350 -11.8350 0.0000 1.0000
-10.8150 -11.8650 0.0000 1.0000
-10.7550 -11.8650 0.0000 1.0000
-10.7250 -11.8650 0.0000 1.0000
-10.6950 -11.8650 0.0000 1.0000
-10.6350 -11.8650 0.0000 1.0000
-9.1650 -11.8650 0.0000 1.0000
-9.1350 -11.8650 0.0000 1.0000
-9.0750 -11.8650 0.0000 1.0000
-5.6850 -11.8650 0.0000 1.0000
-4.9350 -11.8650 0.0000 1.0000
-4.3950 -11.8650 0.0000 1.0000
-0.0450 -11.8650 0.0000 1.0000
-0.0150 -11.8650 0.0000 1.0000
0.0150 -11.8650 0.0000 1.0000
1.8450 -11.8650 0.0000 1.0000
1.8750 -11.8650 0.0000 1.0000
1.9050 -11.8650 0.0000 1.0000
1.9350 -11.8650 0.0000 1.0000
1.9650 -11.8650 0.0000 1.0000
2.2350 -11.8650 0.0000 1.0000
2.2650 -11.8650 0.0000 1.0000
6.9150 -11.8650 0.0000 1.0000
7.0350 -11.8650 0.0000 1.0000
7.1550 -11.8650 0.0000 1.0000
-10.9050 -11.8950 0.0000 1.0000
-10.8450 -11.8950 0.0000 1.0000
-10.8150 -11.8950 0.0000 1.0000
-10.7550 -11.8950 0.0000 1.0000
-10.7250 -11.8950 0.0000 1.0000
-10.6950 -11.8950 0.0000 1.0000
-10.6650 -11.8950 0.0000 1.0000
-10.6350 -11.8950 0.0000 1.0000
-10.6050 -11.8950 0.0000 1.0000
-9.1950 -11.8950 0.0000 1.0000
-9.1350 -11.8950 0.0000 1.0000
-4.3950 -11.8950 0.0000 1.0000
-0.0450 -11.8950 0.0000 1.0000
-0.0150 -11.8950 0.0000 1.0000
0.0150 -11.8950 0.0000 1.0000
1.8450 -11.8950 0.0000 1.0000
1.8750 -11.8950 0.0000 1.0000
1.9950 -11.8950 0.0000 1.0000
2.0250 -11.8950 0.0000 1.0000
2.0550 -11.8950 0.0000 1.0000
2.2050 -11.8950 0.0000 1.0000
2.2350 -11.8950 0.0000 1.0000
2.2650 -11.8950 0.0000 1.0000
2.3250 -11.8950 0.0000 1.0000
2.4150 -11.8950 0.0000 1.0000
2.4750 -11.8950 0.0000 1.0000
2.5050 -11.8950 0.0000 1.0000
7.0650 -11.8950 0.0000 1.0000
7.1850 -11.8950 0.0000 1.0000
-10.6950 -11.9250 0.0000 1.0000
-10.6350 -11.9250 0.0000 1.0000
-9.1950 -11.9250 0.0000 1.0000
-9.1650 -11.9250 0.0000 1.0000
-4.3650 -11.9250 0.0000 1.0000
-0.0450 -11.9250 0.0000 1.0000
-0.0150 -11.9250 0.0000 1.0000
0.0150 -11.9250 0.0000 1.0000
1.8150 -11.9250 0.0000 1.0000
1.8450 -11.9250 0.0000 1.0000
1.8750 -11.9250 0.0000 1.0000
1.9050 -11.9250 0.0000 1.0000
1.9950 -11.9250 0.0000 1.0000
2.0250 -11.9250 0.0000 1.0000
2.0550 -11.9250 0.0000 1.0000
2.0850 -11.9250 0.0000 1.0000
2.1150 -11.9250 0.0000 1.0000
2.1450 -11.9250 0.0000 1.0000
2.2350 -11.9250 0.0000 1.0000
2.2650 -11.9250 0.0000 1.0000
2.3250 -11.9250 0.0000 1.0000
2.5350 -11.9250 0.0000 1.0000
7.6350 -11.9250 0.0000 1.0000
-10.6650 -11.9550 0.0000 1.0000
-10.6350 -11.9550 0.0000 1.0000
-9.2250 -11.9550 0.0000 1.0000
-9.1650 -11.9550 0.0000 1.0000
-9.1350 -11.9550 0.0000 1.0000
-4.3650 -11.9550 0.0000 1.0000
-0.0450 -11.9550 0.0000 1.0000
-0.0150 -11.9550 0.0000 1.0000
0.0150 -11.9550 0.0000 1.0000
1.7850 -11.9550 0.0000 1.0000
1.8150 -11.9550 0.0000 1.0000
1.9050 -11.9550 0.0000 1.0000
2.0250 -11.9550 0.0000 1.0000
7.2150 -11.9550 0.0000 1.0000
7.6650 -11.9550 0.0000 1.0000
-10.7850 -11.9850 0.0000 1.0000
-10.6650 -11.9850 0.0000 1.0000
-9.2250 -11.9850 0.0000 1.0000
-9.1950 -11.9850 0.0000 1.0000
-9.1650 -11.9850 0.0000 1.0000
-4.3650 -11.9850 0.0000 1.0000
-0.0450 -11.9850 0.0000 1.0000
-0.0150 -11.9850 0.0000 1.0000
0.0150 -11.9850 0.0000 1.0000
1.9950 -11.9850 0.0000 1.0000
2.0250 -11.9850 0.0000 1.0000
2.0550 -11.9850 0.0000 1.0000
7.2450 -11.9850 0.0000 1.0000
7.6650 -11.9850 0.0000 1.0000
-10.7550 -12.0150 0.0000 1.0000
-10.6650 -12.0150 0.0000 1.0000
-9.2250 -12.0150 0.0000 1.0000
-9.1950 -12.0150 0.0000 1.0000
-9.1350 -12.0150 0.0000 1.0000
-9.1050 -12.0150 0.0000 1.0000
-4.3650 -12.0150 0.0000 1.0000
-0.0450 -12.0150 0.0000 1.0000
-0.0150 -12.0150 0.0000 1.0000
0.0150 -12.0150 0.0000 1.0000
1.9950 -12.0150 0.0000 1.0000
2.1150 -12.0150 0.0000 1.0000
7.6950 -12.0150 0.0000 1.0000
-10.7250 -12.0450 0.0000 1.0000
-10.6050 -12.0450 0.0000 1.0000
-9.1650 -12.0450 0.0000 1.0000
-9.1350 -12.0450 0.0000 1.0000
-9.0750 -12.0450 0.0000 1.0000
-9.0450 -12.0450 0.0000 1.0000
-4.3650 -12.0450 0.0000 1.0000
-0.0450 -12.0450 0.0000 1.0000
-0.0150 -12.0450 0.0000 1.0000
0.0150 -12.0450 0.0000 1.0000
0.0450 -12.0450 0.0000 1.0000
0.0750 -12.0450 0.0000 1.0000
0.1050 -12.0450 0.0000 1.0000
0.1350 -12.0450 0.0000 1.0000
0.1650 -12.0450 0.0000 1.0000
0.1950 -12.0450 0.0000 1.0000
-10.7250 -12.0750 0.0000 1.0000
-10.6950 -12.0750 0.0000 1.0000
-10.6650 -12.0750 0.0000 1.0000
-9.1650 -12.0750 0.0000 1.0000
-9.1050 -12.0750 0.0000 1.0000
-9.0750 -12.0750 0.0000 1.0000
-4.3650 -12.0750 0.0000 1.0000
0.1950 -12.0750 0.0000 1.0000
2.2350 -12.0750 0.0000 1.0000
2.2950 -12.0750 0.0000 1.0000
-10.6950 -12.1050 0.0000 1.0000
-10.6650 -12.1050 0.0000 1.0000
-9.1650 -12.1050 0.0000 1.0000
-4.3650 -12.1050 0.0000 1.0000
0.1650 -12.1050 0.0000 1.0000
0.1950 -12.1050 0.0000 1.0000
2.3250 -12.1050 0.0000 1.0000
2.3550 -12.1050 0.0000 1.0000
6.7650 -12.1050 0.0000 1.0000
6.9150 -12.1050 0.0000 1.0000
6.9750 -12.1050 0.0000 1.0000
7.0650 -12.1050 0.0000 1.0000
-10.6950 -12.1350 0.0000 1.0000
-10.6650 -12.1350 0.0000 1.0000
-9.2250 -12.1350 0.0000 1.0000
-9.1950 -12.1350 0.0000 1.0000
-9.1650 -12.1350 0.0000 1.0000
-9.1350 -12.1350 0.0000 1.0000
-9.0450 -12.1350 0.0000 1.0000
-9.0150 -12.1350 0.0000 1.0000
-4.3650 -12.1350 0.0000 1.0000
0.1650 -12.1350 0.0000 1.0000
0.1950 -12.1350 0.0000 1.0000
2.3250 -12.1350 0.0000 1.0000
6.2250 -12.1350 0.0000 1.0000
6.3150 -12.1350 0.0000 1.0000
6.4650 -12.1350 0.0000 1.0000
6.5250 -12.1350 0.0000 1.0000
6.6450 -12.1350 0.0000 1.0000
6.6750 -12.1350 0.0000 1.0000
6.7050 -12.1350 0.0000 1.0000
6.7650 -12.1350 0.0000 1.0000
6.7950 -12.1350 0.0000 1.0000
6.8250 -12.1350 0.0000 1.0000
6.9750 -12.1350 0.0000 1.0000
7.0050 -12.1350 0.0000 1.0000
7.0650 -12.1350 0.0000 1.0000
7.0950 -12.1350 0.0000 1.0000
7.1250 -12.1350 0.0000 1.0000
7.1550 -12.1350 0.0000 1.0000
-10.7550 -12.1650 0.0000 1.0000
-10.6650 -12.1650 0.0000 1.0000
-10.6350 -12.1650 0.0000 1.0000
-10.6050 -12.1650 0.0000 1.0000
-9.1950 -12.1650 0.0000 1.0000
-9.1650 -12.1650 0.0000 1.0000
-9.1050 -12.1650 0.0000 1.0000
-4.3350 -12.1650 0.0000 1.0000
0.1650 -12.1650 0.0000 1.0000
0.1950 -12.1650 0.0000 1.0000
2.2950 -12.1650 0.0000 1.0000
2.3250 -12.1650 0.0000 1.0000
6.0750 -12.1650 0.0000 1.0000
6.2250 -12.1650 0.0000 1.0000
6.2850 -12.1650 0.0000 1.0000
6.3150 -12.1650 0.0000 1.0000
6.3450 -12.1650 0.0000 1.0000
6.4050 -12.1650 0.0000 1.0000
6.4350 -12.1650 0.0000 1.0000
6.4650 -12.1650 0.0000 1.0000
6.4950 -12.1650 0.0000 1.0000
6.5550 -12.1650 0.0000 1.0000
6.5850 -12.1650 0.0000 1.0000
6.6150 -12.1650 0.0000 1.0000
6.7050 -12.1650 0.0000 1.0000
6.7350 -12.1650 0.0000 1.0000
6.7650 -12.1650 0.0000 1.0000
7.0050 -12.1650 0.0000 1.0000
7.0350 -12.1650 0.0000 1.0000
7.0650 -12.1650 0.0000 1.0000
7.1250 -12.1650 0.0000 1.0000
7.1550 -12.1650 0.0000 1.0000
7.1850 -12.1650 0.0000 1.0000
7.2150 -12.1650 0.0000 1.0000
-10.6350 -12.1950 0.0000 1.0000
-10.4850 -12.1950 0.0000 1.0000
-9.1650 -12.1950 0.0000 1.0000
-9.1050 -12.1950 0.0000 1.0000
-9.0450 -12.1950 0.0000 1.0000
0.1650 -12.1950 0.0000 1.0000
0.1950 -12.1950 0.0000 1.0000
2.1450 -12.1950 0.0000 1.0000
2.2050 -12.1950 0.0000 1.0000
5.5650 -12.1950 0.0000 1.0000
5.6250 -12.1950 0.0000 1.0000
5.8950 -12.1950 0.0000 1.0000
5.9250 -12.1950 0.0000 1.0000
6.0150 -12.1950 0.0000 1.0000
6.0750 -12.1950 0.0000 1.0000
6.1350 -12.1950 0.0000 1.0000
6.1650 -12.1950 0.0000 1.0000
6.1950 -12.1950 0.0000 1.0000
6.2850 -12.1950 0.0000 1.0000
6.3750 -12.1950 0.0000 1.0000
6.4950 -12.1950 0.0000 1.0000
6.5550 -12.1950 0.0000 1.0000
6.9450 -12.1950 0.0000 1.0000
7.0950 -12.1950 0.0000 1.0000
7.1550 -12.1950 0.0000 1.0000
7.2450 -12.1950 0.0000 1.0000
7.2750 -12.1950 0.0000 1.0000
-10.6350 -12.2250 0.0000 1.0000
-10.5750 -12.2250 0.0000 1.0000
-10.5450 -12.2250 0.0000 1.0000
-9.1050 -12.2250 0.0000 1.0000
-9.0450 -12.2250 0.0000 1.0000
-9.0150 -12.2250 0.0000 1.0000
0.1650 -12.2250 0.0000 1.0000
0.1950 -12.2250 0.0000 1.0000
2.0850 -12.2250 0.0000 1.0000
5.2650 -12.2250 0.0000 1.0000
5.4150 -12.2250 0.0000 1.0000
5.4450 -12.2250 0.0000 1.0000
5.5050 -12.2250 0.0000 1.0000
5.5350 -12.2250 0.0000 1.0000
5.5650 -12.2250 0.0000 1.0000
5.5950 -12.2250 0.0000 1.0000
5.6250 -12.2250 0.0000 1.0000
5.6550 -12.2250 0.0000 1.0000
5.6850 -12.2250 0.0000 1.0000
5.7150 -12.2250 0.0000 1.0000
5.7450 -12.2250 0.0000 1.0000
5.7750 -12.2250 0.0000 1.0000
5.8050 -12.2250 0.0000 1.0000
5.8350 -12.2250 0.0000 1.0000
5.8950 -12.2250 0.0000 1.0000
5.9250 -12.2250 0.0000 1.0000
5.9550 -12.2250 0.0000 1.0000
6.0450 -12.2250 0.0000 1.0000
6.1050 -12.2250 0.0000 1.0000
6.1350 -12.2250 0.0000 1.0000
6.1650 -12.2250 0.0000 1.0000
6.2250 -12.2250 0.0000 1.0000
6.3150 -12.2250 0.0000 1.0000
7.1250 -12.2250 0.0000 1.0000
7.2450 -12.2250 0.0000 1.0000
7.2750 -12.2250 0.0000 1.0000
-10.5450 -12.2550 0.0000 1.0000
-10.5150 -12.2550 0.0000 1.0000
-9.0150 -12.2550 0.0000 1.0000
-8.9550 -12.2550 0.0000 1.0000
0.1650 -12.2550 0.0000 1.0000
0.1950 -12.2550 0.0000 1.0000
2.1150 -12.2550 0.0000 1.0000
2.2350 -12.2550 0.0000 1.0000
4.8450 -12.2550 0.0000 1.0000
4.8750 -12.2550 0.0000 1.0000
4.9350 -12.2550 0.0000 1.0000
4.9650 -12.2550 0.0000 1.0000
4.9950 -12.2550 0.0000 1.0000
5.1750 -12.2550 0.0000 1.0000
5.2350 -12.2550 0.0000 1.0000
5.2650 -12.2550 0.0000 1.0000
5.2950 -12.2550 0.0000 1.0000
5.3550 -12.2550 0.0000 1.0000
5.3850 -12.2550 0.0000 1.0000
5.4150 -12.2550 0.0000 1.0000
5.4450 -12.2550 0.0000 1.0000
5.5050 -12.2550 0.0000 1.0000
5.5350 -12.2550 0.0000 1.0000
5.5950 -12.2550 0.0000 1.0000
5.6250 -12.2550 0.0000 1.0000
5.6550 -12.2550 0.0000 1.0000
5.6850 -12.2550 0.0000 1.0000
5.7150 -12.2550 0.0000 1.0000
5.7450 -12.2550 0.0000 1.0000
5.7750 -12.2550 0.0000 1.0000
5.8050 -12.2550 0.0000 1.0000
5.8350 -12.2550 0.0000 1.0000
5.8950 -12.2550 0.0000 1.0000
5.9250 -12.2550 0.0000 1.0000
5.9550 -12.2550 0.0000 1.0000
5.9850 -12.2550 0.0000 1.0000
6.0150 -12.2550 0.0000 1.0000
6.1650 -12.2550 0.0000 1.0000
7.2750 -12.2550 0.0000 1.0000
7.3050 -12.2550 0.0000 1.0000
-10.6950 -12.2850 0.0000 1.0000
-10.6050 -12.2850 0.0000 1.0000
-10.5750 -12.2850 0.0000 1.0000
-10.5450 -12.2850 0.0000 1.0000
-10.5150 -12.2850 0.0000 1.0000
-10.4850 -12.2850 0.0000 1.0000
-8.9850 -12.2850 0.0000 1.0000
-8.9550 -12.2850 0.0000 1.0000
-8.9250 -12.2850 0.0000 1.0000
0.1650 -12.2850 0.0000 1.0000
0.1950 -12.2850 0.0000 1.0000
2.1150 -12.2850 0.0000 1.0000
2.2950 -12.2850 0.0000 1.0000
2.3250 -12.2850 0.0000 1.0000
2.5950 -12.2850 0.0000 1.0000
2.6250 -12.2850 0.0000 1.0000
4.7550 -12.2850 0.0000 1.0000
4.8750 -12.2850 0.0000 1.0000
4.9650 -12.2850 0.0000 1.0000
5.0250 -12.2850 0.0000 1.0000
5.0550 -12.2850 0.0000 1.0000
5.0850 -12.2850 0.0000 1.0000
5.1150 -12.2850 0.0000 1.0000
5.1450 -12.2850 0.0000 1.0000
5.1750 -12.2850 0.0000 1.0000
5.2050 -12.2850 0.0000 1.0000
5.2350 -12.2850 0.0000 1.0000
5.2650 -12.2850 0.0000 1.0000
5.2950 -12.2850 0.0000 1.0000
5.3250 -12.2850 0.0000 1.0000
5.4150 -12.2850 0.0000 1.0000
5.6550 -12.2850 0.0000 1.0000
5.7150 -12.2850 0.0000 1.0000
5.8350 -12.2850 0.0000 1.0000
7.2750 -12.2850 0.0000 1.0000
7.3050 -12.2850 0.0000 1.0000
7.3350 -12.2850 0.0000 1.0000
-10.5450 -12.3150 0.0000 1.0000
-10.5150 -12.3150 0.0000 1.0000
-8.9550 -12.3150 0.0000 1.0000
-8.9250 -12.3150 0.0000 1.0000
-8.8950 -12.3150 0.0000 1.0000
0.1650 -12.3150 0.0000 1.0000
0.1950 -12.3150 0.0000 1.0000
0.2250 -12.3150 0.0000 1.0000
2.1750 -12.3150 0.0000 1.0000
2.3250 -12.3150 0.0000 1.0000
2.6250 -12.3150 0.0000 1.0000
2.6550 -12.3150 0.0000 1.0000
4.0650 -12.3150 0.0000 1.0000
4.0950 -12.3150 0.0000 1.0000
4.1550 -12.3150 0.0000 1.0000
4.3350 -12.3150 0.0000 1.0000
4.3650 -12.3150 0.0000 1.0000
4.3950 -12.3150 0.0000 1.0000
4.4250 -12.3150 0.0000 1.0000
4.4550 -12.3150 0.0000 1.0000
4.4850 -12.3150 0.0000 1.0000
4.5150 -12.3150 0.0000 1.0000
4.5450 -12.3150 0.0000 1.0000
4.5750 -12.3150 0.0000 1.0000
4.6050 -12.3150 0.0000 1.0000
4.6350 -12.3150 0.0000 1.0000
4.6650 -12.3150 0.0000 1.0000
4.6950 -12.3150 0.0000 1.0000
4.7550 -12.3150 0.0000 1.0000
4.7850 -12.3150 0.0000 1.0000
4.8150 -12.3150 0.0000 1.0000
4.8450 -12.3150 0.0000 1.0000
4.8750 -12.3150 0.0000 1.0000
4.9050 -12.3150 0.0000 1.0000
4.9350 -12.3150 0.0000 1.0000
4.9650 -12.3150 0.0000 1.0000
4.9950 -12.3150 0.0000 1.0000
5.0250 -12.3150 0.0000 1.0000
5.2050 -12.3150 0.0000 1.0000
5.2650 -12.3150 0.0000 1.0000
5.2950 -12.3150 0.0000 1.0000
7.3350 -12.3150 0.0000 1.0000
7.3650 -12.3150 0.0000 1.0000
-10.5750 -12.3450 0.0000 1.0000
-10.5150 -12.3450 0.0000 1.0000
-9.1050 -12.3450 0.0000 1.0000
-9.0750 -12.3450 0.0000 1.0000
-8.9250 -12.3450 0.0000 1.0000
-8.8950 -12.3450 0.0000 1.0000
-8.8650 -12.3450 0.0000 1.0000
0.1650 -12.3450 0.0000 1.0000
0.1950 -12.3450 0.0000 1.0000
0.2250 -12.3450 0.0000 1.0000
2.1150 -12.3450 0.0000 1.0000
2.1450 -12.3450 0.0000 1.0000
2.2050 -12.3450 0.0000 1.0000
2.2350 -12.3450 0.0000 1.0000
2.2650 -12.3450 0.0000 1.0000
2.5650 -12.3450 0.0000 1.0000
2.6250 -12.3450 0.0000 1.0000
2.6550 -12.3450 0.0000 1.0000
4.0350 -12.3450 0.0000 1.0000
4.1250 -12.3450 0.0000 1.0000
4.1550 -12.3450 0.0000 1.0000
4.1850 -12.3450 0.0000 1.0000
4.2150 -12.3450 0.0000 1.0000
4.2450 -12.3450 0.0000 1.0000
4.2750 -12.3450 0.0000 1.0000
4.3050 -12.3450 0.0000 1.0000
4.3350 -12.3450 0.0000 1.0000
4.3650 -12.3450 0.0000 1.0000
4.3950 -12.3450 0.0000 1.0000
4.4250 -12.3450 0.0000 1.0000
4.4550 -12.3450 0.0000 1.0000
4.4850 -12.3450 0.0000 1.0000
4.5150 -12.3450 0.0000 1.0000
4.5450 -12.3450 0.0000 1.0000
4.5750 -12.3450 0.0000 1.0000
4.6050 -12.3450 0.0000 1.0000
4.6350 -12.3450 0.0000 1.0000
4.6650 -12.3450 0.0000 1.0000
4.6950 -12.3450 0.0000 1.0000
4.7250 -12.3450 0.0000 1.0000
-10.5150 -12.3750 0.0000 1.0000
-9.0150 -12.3750 0.0000 1.0000
-8.9850 -12.3750 0.0000 1.0000
-8.8950 -12.3750 0.0000 1.0000
-8.8650 -12.3750 0.0000 1.0000
-8.8050 -12.3750 0.0000 1.0000
0.1650 -12.3750 0.0000 1.0000
0.1950 -12.3750 0.0000 1.0000
2.0850 -12.3750 0.0000 1.0000
2.2050 -12.3750 0.0000 1.0000
2.2650 -12.3750 0.0000 1.0000
2.2950 -12.3750 0.0000 1.0000
2.5350 -12.3750 0.0000 1.0000
2.5650 -12.3750 0.0000 1.0000
2.5950 -12.3750 0.0000 1.0000
2.6850 -12.3750 0.0000 1.0000
3.8250 -12.3750 0.0000 1.0000
3.8550 -12.3750 0.0000 1.0000
3.8850 -12.3750 0.0000 1.0000
3.9150 -12.3750 0.0000 1.0000
3.9450 -12.3750 0.0000 1.0000
3.9750 -12.3750 0.0000 1.0000
4.0050 -12.3750 0.0000 1.0000
4.0350 -12.3750 0.0000 1.0000
4.0650 -12.3750 0.0000 1.0000
4.0950 -12.3750 0.0000 1.0000
4.1250 -12.3750 0.0000 1.0000
4.1550 -12.3750 0.0000 1.0000
4.1850 -12.3750 0.0000 1.0000
4.3050 -12.3750 0.0000 1.0000
4.4250 -12.3750 0.0000 1.0000
-10.5750 -12.4050 0.0000 1.0000
-10.5150 -12.4050 0.0000 1.0000
-9.0150 -12.4050 0.0000 1.0000
-8.9850 -12.4050 0.0000 1.0000
-8.8650 -12.4050 0.0000 1.0000
-8.8350 -12.4050 0.0000 1.0000
-8.7750 -12.4050 0.0000 1.0000
-8.7150 -12.4050 0.0000 1.0000
-8.6850 -12.4050 0.0000 1.0000
0.1650 -12.4050 0.0000 1.0000
0.1950 -12.4050 0.0000 1.0000
0.2250 -12.4050 0.0000 1.0000
2.0550 -12.4050 0.0000 1.0000
2.0850 -12.4050 0.0000 1.0000
2.1150 -12.4050 0.0000 1.0000
2.2050 -12.4050 0.0000 1.0000
2.2350 -12.4050 0.0000 1.0000
2.2650 -12.4050 0.0000 1.0000
2.3250 -12.4050 0.0000 1.0000
2.3550 -12.4050 0.0000 1.0000
2.4450 -12.4050 0.0000 1.0000
2.4750 -12.4050 0.0000 1.0000
2.5050 -12.4050 0.0000 1.0000
2.5350 -12.4050 0.0000 1.0000
2.5650 -12.4050 0.0000 1.0000
2.6250 -12.4050 0.0000 1.0000
2.9850 -12.4050 0.0000 1.0000
3.0750 -12.4050 0.0000 1.0000
3.1050 -12.4050 0.0000 1.0000
3.1350 -12.4050 0.0000 1.0000
3.1650 -12.4050 0.0000 1.0000
3.1950 -12.4050 0.0000 1.0000
3.2250 -12.4050 0.0000 1.0000
3.2550 -12.4050 0.0000 1.0000
3.2850 -12.4050 0.0000 1.0000
3.3150 -12.4050 0.0000 1.0000
3.3450 -12.4050 0.0000 1.0000
3.3750 -12.4050 0.0000 1.0000
3.4050 -12.4050 0.0000 1.0000
3.4350 -12.4050 0.0000 1.0000
3.4650 -12.4050 0.0000 1.0000
3.4950 -12.4050 0.0000 1.0000
3.5850 -12.4050 0.0000 1.0000
3.7350 -12.4050 0.0000 1.0000
3.8850 -12.4050 0.0000 1.0000
3.9150 -12.4050 0.0000 1.0000
-10.6050 -12.4350 0.0000 1.0000
-10.5750 -12.4350 0.0000 1.0000
-8.9850 -12.4350 0.0000 1.0000
-8.6850 -12.4350 0.0000 1.0000
0.1650 -12.4350 0.0000 1.0000
0.1950 -12.4350 0.0000 1.0000
2.0550 -12.4350 0.0000 1.0000
2.2650 -12.4350 0.0000 1.0000
2.2950 -12.4350 0.0000 1.0000
2.3250 -12.4350 0.0000 1.0000
2.3550 -12.4350 0.0000 1.0000
2.3850 -12.4350 0.0000 1.0000
2.4150 -12.4350 0.0000 1.0000
2.5950 -12.4350 0.0000 1.0000
2.6250 -12.4350 0.0000 1.0000
2.6550 -12.4350 0.0000 1.0000
2.7150 -12.4350 0.0000 1.0000
2.7450 -12.4350 0.0000 1.0000
2.7750 -12.4350 0.0000 1.0000
2.8050 -12.4350 0.0000 1.0000
2.8350 -12.4350 0.0000 1.0000
2.8650 -12.4350 0.0000 1.0000
2.8950 -12.4350 0.0000 1.0000
2.9250 -12.4350 0.0000 1.0000
2.9550 -12.4350 0.0000 1.0000
2.9850 -12.4350 0.0000 1.0000
3.0150 -12.4350 0.0000 1.0000
3.0450 -12.4350 0.0000 1.0000
3.0750 -12.4350 0.0000 1.0000
3.1050 -12.4350 0.0000 1.0000
3.1350 -12.4350 0.0000 1.0000
3.1650 -12.4350 0.0000 1.0000
3.1950 -12.4350 0.0000 1.0000
3.2250 -12.4350 0.0000 1.0000
3.2550 -12.4350 0.0000 1.0000
3.2850 -12.4350 0.0000 1.0000
3.3150 -12.4350 0.0000 1.0000
3.3450 -12.4350 0.0000 1.0000
3.3750 -12.4350 0.0000 1.0000
3.4050 -12.4350 0.0000 1.0000
3.4350 -12.4350 0.0000 1.0000
3.4650 -12.4350 0.0000 1.0000
3.4950 -12.4350 0.0000 1.0000
3.5250 -12.4350 0.0000 1.0000
3.5550 -12.4350 0.0000 1.0000
3.6150 -12.4350 0.0000 1.0000
3.6450 -12.4350 0.0000 1.0000
3.6750 -12.4350 0.0000 1.0000
3.7350 -12.4350 0.0000 1.0000
-10.6350 -12.4650 0.0000 1.0000
-10.6050 -12.4650 0.0000 1.0000
-10.5750 -12.4650 0.0000 1.0000
-10.5450 -12.4650 0.0000 1.0000
-10.4850 -12.4650 0.0000 1.0000
-8.9550 -12.4650 0.0000 1.0000
0.1650 -12.4650 0.0000 1.0000
0.1950 -12.4650 0.0000 1.0000
2.2050 -12.4650 0.0000 1.0000
2.2350 -12.4650 0.0000 1.0000
2.2650 -12.4650 0.0000 1.0000
2.2950 -12.4650 0.0000 1.0000
2.3250 -12.4650 0.0000 1.0000
2.3550 -12.4650 0.0000 1.0000
2.4150 -12.4650 0.0000 1.0000
2.4450 -12.4650 0.0000 1.0000
2.5350 -12.4650 0.0000 1.0000
2.6250 -12.4650 0.0000 1.0000
2.6550 -12.4650 0.0000 1.0000
2.6850 -12.4650 0.0000 1.0000
2.7150 -12.4650 0.0000 1.0000
2.7450 -12.4650 0.0000 1.0000
2.7750 -12.4650 0.0000 1.0000
2.8050 -12.4650 0.0000 1.0000
2.8350 -12.4650 0.0000 1.0000
2.8650 -12.4650 0.0000 1.0000
2.8950 -12.4650 0.0000 1.0000
2.9250 -12.4650 0.0000 1.0000
2.9550 -12.4650 0.0000 1.0000
3.0150 -12.4650 0.0000 1.0000
3.0450 -12.4650 0.0000 1.0000
3.0750 -12.4650 0.0000 1.0000
3.1050 -12.4650 0.0000 1.0000
3.1350 -12.4650 0.0000 1.0000
3.1650 -12.4650 0.0000 1.0000
3.1950 -12.4650 0.0000 1.0000
3.2250 -12.4650 0.0000 1.0000
3.3150 -12.4650 0.0000 1.0000
3.4950 -12.4650 0.0000 1.0000
3.5250 -12.4650 0.0000 1.0000
3.5550 -12.4650 0.0000 1.0000
3.5850 -12.4650 0.0000 1.0000
3.6150 -12.4650 0.0000 1.0000
3.7350 -12.4650 0.0000 1.0000
3.7650 -12.4650 0.0000 1.0000
3.7950 -12.4650 0.0000 1.0000
3.8250 -12.4650 0.0000 1.0000
3.8550 -12.4650 0.0000 1.0000
6.0150 -12.4650 0.0000 1.0000
-10.6950 -12.4950 0.0000 1.0000
-10.6650 -12.4950 0.0000 1.0000
-10.6050 -12.4950 0.0000 1.0000
-10.5450 -12.4950 0.0000 1.0000
0.1950 -12.4950 0.0000 1.0000
0.2250 -12.4950 0.0000 1.0000
2.0550 -12.4950 0.0000 1.0000
2.2350 -12.4950 0.0000 1.0000
2.2650 -12.4950 0.0000 1.0000
2.3250 -12.4950 0.0000 1.0000
2.3550 -12.4950 0.0000 1.0000
2.3850 -12.4950 0.0000 1.0000
2.4150 -12.4950 0.0000 1.0000
2.7750 -12.4950 0.0000 1.0000
2.8050 -12.4950 0.0000 1.0000
3.4950 -12.4950 0.0000 1.0000
3.5250 -12.4950 0.0000 1.0000
3.5550 -12.4950 0.0000 1.0000
3.5850 -12.4950 0.0000 1.0000
6.0150 -12.4950 0.0000 1.0000
-10.7550 -12.5250 0.0000 1.0000
-10.7250 -12.5250 0.0000 1.0000
-10.6950 -12.5250 0.0000 1.0000
-10.6650 -12.5250 0.0000 1.0000
-10.6350 -12.5250 0.0000 1.0000
-8.9250 -12.5250 0.0000 1.0000
-8.8650 -12.5250 0.0000 1.0000
0.1950 -12.5250 0.0000 1.0000
0.2250 -12.5250 0.0000 1.0000
2.0550 -12.5250 0.0000 1.0000
2.4150 -12.5250 0.0000 1.0000
2.4450 -12.5250 0.0000 1.0000
3.5850 -12.5250 0.0000 1.0000
3.6150 -12.5250 0.0000 1.0000
3.6450 -12.5250 0.0000 1.0000
5.5350 -12.5250 0.0000 1.0000
-10.7250 -12.5550 0.0000 1.0000
-10.6950 -12.5550 0.0000 1.0000
-10.6650 -12.5550 0.0000 1.0000
-8.9250 -12.5550 0.0000 1.0000
0.1950 -12.5550 0.0000 1.0000
0.2250 -12.5550 0.0000 1.0000
2.0550 -12.5550 0.0000 1.0000
2.0850 -12.5550 0.0000 1.0000
3.5850 -12.5550 0.0000 1.0000
3.6150 -12.5550 0.0000 1.0000
7.3950 -12.5550 0.0000 1.0000
7.5450 -12.5550 0.0000 1.0000
-10.7850 -12.5850 0.0000 1.0000
-10.7550 -12.5850 0.0000 1.0000
-10.7250 -12.5850 0.0000 1.0000
-8.9250 -12.5850 0.0000 1.0000
-8.8350 -12.5850 0.0000 1.0000
0.1950 -12.5850 0.0000 1.0000
7.3950 -12.5850 0.0000 1.0000
7.5150 -12.5850 0.0000 1.0000
7.5750 -12.5850 0.0000 1.0000
-10.8150 -12.6150 0.0000 1.0000
-10.7850 -12.6150 0.0000 1.0000
-10.7550 -12.6150 0.0000 1.0000
-8.9250 -12.6150 0.0000 1.0000
-7.6350 -12.6150 0.0000 1.0000
-7.6050 -12.6150 0.0000 1.0000
0.0450 -12.6150 0.0000 1.0000
0.1950 -12.6150 0.0000 1.0000
0.2250 -12.6150 0.0000 1.0000
3.5550 -12.6150 0.0000 1.0000
6.9750 -12.6150 0.0000 1.0000
7.5450 -12.6150 0.0000 1.0000
7.6050 -12.6150 0.0000 1.0000
-10.8150 -12.6450 0.0000 1.0000
-10.7850 -12.6450 0.0000 1.0000
-7.6650 -12.6450 0.0000 1.0000
0.0150 -12.6450 0.0000 1.0000
0.0450 -12.6450 0.0000 1.0000
0.0750 -12.6450 0.0000 1.0000
0.1050 -12.6450 0.0000 1.0000
0.1350 -12.6450 0.0000 1.0000
0.1950 -12.6450 0.0000 1.0000
2.3250 -12.6450 0.0000 1.0000
3.5550 -12.6450 0.0000 1.0000
6.6750 -12.6450 0.0000 1.0000
7.0050 -12.6450 0.0000 1.0000
7.5450 -12.6450 0.0000 1.0000
7.6050 -12.6450 0.0000 1.0000
-10.8150 -12.6750 0.0000 1.0000
-7.6650 -12.6750 0.0000 1.0000
0.0150 -12.6750 0.0000 1.0000
0.0450 -12.6750 0.0000 1.0000
6.7050 -12.6750 0.0000 1.0000
7.0350 -12.6750 0.0000 1.0000
7.0650 -12.6750 0.0000 1.0000
7.1550 -12.6750 0.0000 1.0000
7.5750 -12.6750 0.0000 1.0000
-10.8150 -12.7050 0.0000 1.0000
-7.6650 -12.7050 0.0000 1.0000
0.0150 -12.7050 0.0000 1.0000
0.0450 -12.7050 0.0000 1.0000
2.4150 -12.7050 0.0000 1.0000
7.1550 -12.7050 0.0000 1.0000
-10.8150 -12.7350 0.0000 1.0000
-10.7850 -12.7350 0.0000 1.0000
-10.7250 -12.7350 0.0000 1.0000
-7.7850 -12.7350 0.0000 1.0000
0.0150 -12.7350 0.0000 1.0000
0.0450 -12.7350 0.0000 1.0000
2.4150 -12.7350 0.0000 1.0000
7.1850 -12.7350 0.0000 1.0000
7.5150 -12.7350 0.0000 1.0000
-10.7550 -12.7650 0.0000 1.0000
-7.8750 -12.7650 0.0000 1.0000
-7.8150 -12.7650 0.0000 1.0000
0.0150 -12.7650 0.0000 1.0000
0.0450 -12.7650 0.0000 1.0000
7.5450 -12.7650 0.0000 1.0000
-10.8150 -12.7950 0.0000 1.0000
-7.9050 -12.7950 0.0000 1.0000
-7.8750 -12.7950 0.0000 1.0000
0.0150 -12.7950 0.0000 1.0000
0.0450 -12.7950 0.0000 1.0000
2.2950 -12.7950 0.0000 1.0000
7.5450 -12.7950 0.0000 1.0000
-7.9050 -12.8250 0.0000 1.0000
0.0150 -12.8250 0.0000 1.0000
0.0450 -12.8250 0.0000 1.0000
7.5450 -12.8250 0.0000 1.0000
-8.0850 -12.8550 0.0000 1.0000
-7.9950 -12.8550 0.0000 1.0000
-7.9650 -12.8550 0.0000 1.0000
-7.9350 -12.8550 0.0000 1.0000
0.0150 -12.8550 0.0000 1.0000
0.0450 -12.8550 0.0000 1.0000
-10.7550 -12.8850 0.0000 1.0000
-10.7250 -12.8850 0.0000 1.0000
-8.8050 -12.8850 0.0000 1.0000
-8.0850 -12.8850 0.0000 1.0000
-8.0550 -12.8850 0.0000 1.0000
-8.0250 -12.8850 0.0000 1.0000
-7.9950 -12.8850 0.0000 1.0000
0.0150 -12.8850 0.0000 1.0000
0.0450 -12.8850 0.0000 1.0000
-10.7550 -12.9150 0.0000 1.0000
-10.7250 -12.9150 0.0000 1.0000
-8.8050 -12.9150 0.0000 1.0000
-8.2350 -12.9150 0.0000 1.0000
-8.2050 -12.9150 0.0000 1.0000
-8.1450 -12.9150 0.0000 1.0000
-8.1150 -12.9150 0.0000 1.0000
-8.0850 -12.9150 0.0000 1.0000
0.0150 -12.9150 0.0000 1.0000
0.0450 -12.9150 0.0000 1.0000
-8.8050 -12.9450 0.0000 1.0000
-8.7750 -12.9450 0.0000 1.0000
-8.2350 -12.9450 0.0000 1.0000
-8.2050 -12.9450 0.0000 1.0000
-8.1750 -12.9450 0.0000 1.0000
0.0150 -12.9450 0.0000 1.0000
0.0450 -12.9450 0.0000 1.0000
-10.7850 -12.9750 0.0000 1.0000
-10.6650 -12.9750 0.0000 1.0000
-10.6050 -12.9750 0.0000 1.0000
-8.2950 -12.9750 0.0000 1.0000
-8.2650 -12.9750 0.0000 1.0000
-8.2350 -12.9750 0.0000 1.0000
0.0150 -12.9750 0.0000 1.0000
0.0450 -12.9750 0.0000 1.0000
-10.8150 -13.0050 0.0000 1.0000
-10.7850 -13.0050 0.0000 1.0000
-10.7550 -13.0050 0.0000 1.0000
-10.7250 -13.0050 0.0000 1.0000
-10.6950 -13.0050 0.0000 1.0000
-10.6650 -13.0050 0.0000 1.0000
-8.8050 -13.0050 0.0000 1.0000
-8.7750 -13.0050 0.0000 1.0000
-8.7450 -13.0050 0.0000 1.0000
-8.7150 -13.0050 0.0000 1.0000
-8.4450 -13.0050 0.0000 1.0000
-8.3850 -13.0050 0.0000 1.0000
-8.3550 -13.0050 0.0000 1.0000
-8.3250 -13.0050 0.0000 1.0000
0.0150 -13.0050 0.0000 1.0000
0.0450 -13.0050 0.0000 1.0000
-10.7250 -13.0350 0.0000 1.0000
-10.6950 -13.0350 0.0000 1.0000
-10.6650 -13.0350 0.0000 1.0000
-10.5750 -13.0350 0.0000 1.0000
-10.5450 -13.0350 0.0000 1.0000
-9.1350 -13.0350 0.0000 1.0000
-9.0750 -13.0350 0.0000 1.0000
-8.8350 -13.0350 0.0000 1.0000
-8.8050 -13.0350 0.0000 1.0000
-8.7750 -13.0350 0.0000 1.0000
-8.7150 -13.0350 0.0000 1.0000
-8.4750 -13.0350 0.0000 1.0000
-8.3850 -13.0350 0.0000 1.0000
0.0450 -13.0350 0.0000 1.0000
-10.6950 -13.0650 0.0000 1.0000
-10.6350 -13.0650 0.0000 1.0000
-10.5450 -13.0650 0.0000 1.0000
-10.4850 -13.0650 0.0000 1.0000
-8.8950 -13.0650 0.0000 1.0000
-8.8350 -13.0650 0.0000 1.0000
-8.8050 -13.0650 0.0000 1.0000
-8.5050 -13.0650 0.0000 1.0000
-8.4750 -13.0650 0.0000 1.0000
-8.4450 -13.0650 0.0000 1.0000
-8.4150 -13.0650 0.0000 1.0000
-8.3850 -13.0650 0.0000 1.0000
0.0450 -13.0650 0.0000 1.0000
0.0750 -13.0650 0.0000 1.0000
-10.6950 -13.0950 0.0000 1.0000
-10.6650 -13.0950 0.0000 1.0000
-10.6350 -13.0950 0.0000 1.0000
-10.6050 -13.0950 0.0000 1.0000
-10.5150 -13.0950 0.0000 1.0000
-10.4850 -13.0950 0.0000 1.0000
-9.0450 -13.0950 0.0000 1.0000
-8.8950 -13.0950 0.0000 1.0000
-8.8650 -13.0950 0.0000 1.0000
-8.8350 -13.0950 0.0000 1.0000
-8.8050 -13.0950 0.0000 1.0000
-8.7150 -13.0950 0.0000 1.0000
-8.6850 -13.0950 0.0000 1.0000
-8.6550 -13.0950 0.0000 1.0000
-8.6250 -13.0950 0.0000 1.0000
-8.5950 -13.0950 0.0000 1.0000
-8.5650 -13.0950 0.0000 1.0000
-8.5350 -13.0950 0.0000 1.0000
-8.5050 -13.0950 0.0000 1.0000
-8.4750 -13.0950 0.0000 1.0000
0.0450 -13.0950 0.0000 1.0000
0.0750 -13.0950 0.0000 1.0000
-10.6050 -13.1250 0.0000 1.0000
-10.5750 -13.1250 0.0000 1.0000
-10.4850 -13.1250 0.0000 1.0000
-9.1050 -13.1250 0.0000 1.0000
-9.0450 -13.1250 0.0000 1.0000
-9.0150 -13.1250 0.0000 1.0000
-8.9850 -13.1250 0.0000 1.0000
-8.9550 -13.1250 0.0000 1.0000
-8.9250 -13.1250 0.0000 1.0000
-8.8950 -13.1250 0.0000 1.0000
-8.8650 -13.1250 0.0000 1.0000
-8.7150 -13.1250 0.0000 1.0000
-8.5350 -13.1250 0.0000 1.0000
-8.5050 -13.1250 0.0000 1.0000
-8.4450 -13.1250 0.0000 1.0000
0.0450 -13.1250 0.0000 1.0000
0.0750 -13.1250 0.0000 1.0000
-10.5750 -13.1550 0.0000 1.0000
-10.5150 -13.1550 0.0000 1.0000
-9.1050 -13.1550 0.0000 1.0000
-9.0150 -13.1550 0.0000 1.0000
-8.9250 -13.1550 0.0000 1.0000
-8.8950 -13.1550 0.0000 1.0000
-8.8050 -13.1550 0.0000 1.0000
0.0450 -13.1550 0.0000 1.0000
0.0750 -13.1550 0.0000 1.0000
-10.5750 -13.1850 0.0000 1.0000
-10.5450 -13.1850 0.0000 1.0000
-9.0150 -13.1850 0.0000 1.0000
-8.9850 -13.1850 0.0000 1.0000
-8.9550 -13.1850 0.0000 1.0000
-8.9250 -13.1850 0.0000 1.0000
-8.8950 -13.1850 0.0000 1.0000
-8.8650 -13.1850 0.0000 1.0000
-8.8050 -13.1850 0.0000 1.0000
-8.7750 -13.1850 0.0000 1.0000
0.0450 -13.1850 0.0000 1.0000
0.0750 -13.1850 0.0000 1.0000
-10.6350 -13.2150 0.0000 1.0000
-10.5750 -13.2150 0.0000 1.0000
-9.1350 -13.2150 0.0000 1.0000
-8.9850 -13.2150 0.0000 1.0000
-8.9550 -13.2150 0.0000 1.0000
-8.9250 -13.2150 0.0000 1.0000
0.0450 -13.2150 0.0000 1.0000
0.0750 -13.2150 0.0000 1.0000
-10.6050 -13.2450 0.0000 1.0000
-10.5750 -13.2450 0.0000 1.0000
-10.5450 -13.2450 0.0000 1.0000
-9.1650 -13.2450 0.0000 1.0000
-9.1350 -13.2450 0.0000 1.0000
-8.9850 -13.2450 0.0000 1.0000
-8.9550 -13.2450 0.0000 1.0000
0.0450 -13.2450 0.0000 1.0000
0.0750 -13.2450 0.0000 1.0000
1.6650 -13.2450 0.0000 1.0000
-10.5750 -13.2750 0.0000 1.0000
-8.9850 -13.2750 0.0000 1.0000
-8.9550 -13.2750 0.0000 1.0000
-8.9250 -13.2750 0.0000 1.0000
-8.8950 -13.2750 0.0000 1.0000
0.0450 -13.2750 0.0000 1.0000
0.0750 -13.2750 0.0000 1.0000
-10.7850 -13.3050 0.0000 1.0000
-10.7550 -13.3050 0.0000 1.0000
-10.7250 -13.3050 0.0000 1.0000
-10.5750 -13.3050 0.0000 1.0000
-10.5450 -13.3050 0.0000 1.0000
-10.5150 -13.3050 0.0000 1.0000
-10.4850 -13.3050 0.0000 1.0000
-8.9850 -13.3050 0.0000 1.0000
-8.9250 -13.3050 0.0000 1.0000
0.0450 -13.3050 0.0000 1.0000
0.0750 -13.3050 0.0000 1.0000
-10.7850 -13.3350 0.0000 1.0000
-10.5450 -13.3350 0.0000 1.0000
-10.5150 -13.3350 0.0000 1.0000
-10.4550 -13.3350 0.0000 1.0000
-8.9550 -13.3350 0.0000 1.0000
-8.9250 -13.3350 0.0000 1.0000
-8.8950 -13.3350 0.0000 1.0000
0.0450 -13.3350 0.0000 1.0000
0.0750 -13.3350 0.0000 1.0000
-10.6650 -13.3650 0.0000 1.0000
-10.5150 -13.3650 0.0000 1.0000
-10.4850 -13.3650 0.0000 1.0000
-10.4550 -13.3650 0.0000 1.0000
-10.4250 -13.3650 0.0000 1.0000
-8.9850 -13.3650 0.0000 1.0000
-8.9250 -13.3650 0.0000 1.0000
-8.8950 -13.3650 0.0000 1.0000
0.0750 -13.3650 0.0000 1.0000
0.1050 -13.3650 0.0000 1.0000
0.1350 -13.3650 0.0000 1.0000
-10.8150 -13.3950 0.0000 1.0000
-10.6950 -13.3950 0.0000 1.0000
-10.6650 -13.3950 0.0000 1.0000
-10.5450 -13.3950 0.0000 1.0000
-10.4850 -13.3950 0.0000 1.0000
-10.4550 -13.3950 0.0000 1.0000
-10.4250 -13.3950 0.0000 1.0000
-8.9850 -13.3950 0.0000 1.0000
0.0750 -13.3950 0.0000 1.0000
0.1350 -13.3950 0.0000 1.0000
0.1650 -13.3950 0.0000 1.0000
0.2550 -13.3950 0.0000 1.0000
-10.8150 -13.4250 0.0000 1.0000
-10.5150 -13.4250 0.0000 1.0000
-10.4250 -13.4250 0.0000 1.0000
-10.3950 -13.4250 0.0000 1.0000
-8.9550 -13.4250 0.0000 1.0000
-8.8650 -13.4250 0.0000 1.0000
0.0750 -13.4250 0.0000 1.0000
0.1050 -13.4250 0.0000 1.0000
0.1350 -13.4250 0.0000 1.0000
0.1650 -13.4250 0.0000 1.0000
0.1950 -13.4250 0.0000 1.0000
0.2250 -13.4250 0.0000 1.0000
0.2550 -13.4250 0.0000 1.0000
-10.8150 -13.4550 0.0000 1.0000
-8.9550 -13.4550 0.0000 1.0000
-8.9250 -13.4550 0.0000 1.0000
0.2550 -13.4550 0.0000 1.0000
-10.6350 -13.4850 0.0000 1.0000
-8.9550 -13.4850 0.0000 1.0000
-8.9250 -13.4850 0.0000 1.0000
0.2550 -13.4850 0.0000 1.0000
0.2850 -13.4850 0.0000 1.0000
-10.6350 -13.5150 0.0000 1.0000
-10.4550 -13.5150 0.0000 1.0000
-9.1350 -13.5150 0.0000 1.0000
-8.9850 -13.5150 0.0000 1.0000
-8.9550 -13.5150 0.0000 1.0000
-8.9250 -13.5150 0.0000 1.0000
-8.8950 -13.5150 0.0000 1.0000
0.2550 -13.5150 0.0000 1.0000
0.2850 -13.5150 0.0000 1.0000
-10.7850 -13.5450 0.0000 1.0000
-10.4850 -13.5450 0.0000 1.0000
-9.0750 -13.5450 0.0000 1.0000
-9.0150 -13.5450 0.0000 1.0000
-8.9850 -13.5450 0.0000 1.0000
-8.9550 -13.5450 0.0000 1.0000
0.2550 -13.5450 0.0000 1.0000
0.2850 -13.5450 0.0000 1.0000
-10.7850 -13.5750 0.0000 1.0000
-10.6350 -13.5750 0.0000 1.0000
-10.6050 -13.5750 0.0000 1.0000
-9.1050 -13.5750 0.0000 1.0000
-9.0750 -13.5750 0.0000 1.0000
-9.0450 -13.5750 0.0000 1.0000
-9.0150 -13.5750 0.0000 1.0000
-8.9250 -13.5750 0.0000 1.0000
0.2550 -13.5750 0.0000 1.0000
0.2850 -13.5750 0.0000 1.0000
-10.6350 -13.6050 0.0000 1.0000
-10.4250 -13.6050 0.0000 1.0000
-9.1350 -13.6050 0.0000 1.0000
-9.0450 -13.6050 0.0000 1.0000
-8.9850 -13.6050 0.0000 1.0000
-8.9550 -13.6050 0.0000 1.0000
0.2550 -13.6050 0.0000 1.0000
0.2850 -13.6050 0.0000 1.0000
7.7550 -13.6050 0.0000 1.0000
-10.6350 -13.6350 0.0000 1.0000
-10.6050 -13.6350 0.0000 1.0000
-10.4550 -13.6350 0.0000 1.0000
-9.0150 -13.6350 0.0000 1.0000
-8.9850 -13.6350 0.0000 1.0000
-8.9550 -13.6350 0.0000 1.0000
0.2550 -13.6350 0.0000 1.0000
0.2850 -13.6350 0.0000 1.0000
6.3450 -13.6350 0.0000 1.0000
7.3950 -13.6350 0.0000 1.0000
7.7850 -13.6350 0.0000 1.0000
-10.6650 -13.6650 0.0000 1.0000
-10.6350 -13.6650 0.0000 1.0000
-10.6050 -13.6650 0.0000 1.0000
-10.4550 -13.6650 0.0000 1.0000
-9.0150 -13.6650 0.0000 1.0000
-8.9850 -13.6650 0.0000 1.0000
0.2550 -13.6650 0.0000 1.0000
0.2850 -13.6650 0.0000 1.0000
6.3450 -13.6650 0.0000 1.0000
7.4250 -13.6650 0.0000 1.0000
7.7850 -13.6650 0.0000 1.0000
8.4450 -13.6650 0.0000 1.0000
8.5650 -13.6650 0.0000 1.0000
-10.6050 -13.6950 0.0000 1.0000
-10.4550 -13.6950 0.0000 1.0000
-9.0750 -13.6950 0.0000 1.0000
-9.0150 -13.6950 0.0000 1.0000
-8.9850 -13.6950 0.0000 1.0000
0.2550 -13.6950 0.0000 1.0000
0.2850 -13.6950 0.0000 1.0000
6.3750 -13.6950 0.0000 1.0000
7.7850 -13.6950 0.0000 1.0000
-10.6050 -13.7250 0.0000 1.0000
-10.5750 -13.7250 0.0000 1.0000
-9.1350 -13.7250 0.0000 1.0000
-9.0450 -13.7250 0.0000 1.0000
-9.0150 -13.7250 0.0000 1.0000
0.2550 -13.7250 0.0000 1.0000
0.2850 -13.7250 0.0000 1.0000
6.4050 -13.7250 0.0000 1.0000
7.3350 -13.7250 0.0000 1.0000
7.8150 -13.7250 0.0000 1.0000
8.5950 -13.7250 0.0000 1.0000
-10.5750 -13.7550 0.0000 1.0000
-10.5450 -13.7550 0.0000 1.0000
-9.1350 -13.7550 0.0000 1.0000
-9.0750 -13.7550 0.0000 1.0000
-9.0450 -13.7550 0.0000 1.0000
-9.0150 -13.7550 0.0000 1.0000
-8.9850 -13.7550 0.0000 1.0000
0.2550 -13.7550 0.0000 1.0000
0.2850 -13.7550 0.0000 1.0000
6.4050 -13.7550 0.0000 1.0000
7.8150 -13.7550 0.0000 1.0000
8.5950 -13.7550 0.0000 1.0000
-10.5750 -13.7850 0.0000 1.0000
-9.1350 -13.7850 0.0000 1.0000
-9.0750 -13.7850 0.0000 1.0000
-9.0450 -13.7850 0.0000 1.0000
0.2550 -13.7850 0.0000 1.0000
0.2850 -13.7850 0.0000 1.0000
8.5950 -13.7850 0.0000 1.0000
-10.5750 -13.8150 0.0000 1.0000
-10.5150 -13.8150 0.0000 1.0000
-10.3950 -13.8150 0.0000 1.0000
-9.1050 -13.8150 0.0000 1.0000
0.2550 -13.8150 0.0000 1.0000
0.2850 -13.8150 0.0000 1.0000
-10.6650 -13.8450 0.0000 1.0000
-10.5450 -13.8450 0.0000 1.0000
-9.1650 -13.8450 0.0000 1.0000
-9.1050 -13.8450 0.0000 1.0000
-9.0450 -13.8450 0.0000 1.0000
0.2550 -13.8450 0.0000 1.0000
0.2850 -13.8450 0.0000 1.0000
8.5950 -13.8450 0.0000 1.0000
-10.6650 -13.8750 0.0000 1.0000
-10.5150 -13.8750 0.0000 1.0000
-10.4850 -13.8750 0.0000 1.0000
-10.4550 -13.8750 0.0000 1.0000
-10.4250 -13.8750 0.0000 1.0000
-9.1050 -13.8750 0.0000 1.0000
-9.0750 -13.8750 0.0000 1.0000
-9.0450 -13.8750 0.0000 1.0000
0.2550 -13.8750 0.0000 1.0000
0.2850 -13.8750 0.0000 1.0000
8.5950 -13.8750 0.0000 1.0000
-10.4850 -13.9050 0.0000 1.0000
-10.4250 -13.9050 0.0000 1.0000
-9.1350 -13.9050 0.0000 1.0000
-9.1050 -13.9050 0.0000 1.0000
-9.0750 -13.9050 0.0000 1.0000
0.2550 -13.9050 0.0000 1.0000
0.2850 -13.9050 0.0000 1.0000
1.8150 -13.9050 0.0000 1.0000
8.6250 -13.9050 0.0000 1.0000
-10.5150 -13.9350 0.0000 1.0000
-10.4850 -13.9350 0.0000 1.0000
-10.4550 -13.9350 0.0000 1.0000
-9.1650 -13.9350 0.0000 1.0000
-9.1350 -13.9350 0.0000 1.0000
-9.1050 -13.9350 0.0000 1.0000
-9.0450 -13.9350 0.0000 1.0000
0.2550 -13.9350 0.0000 1.0000
0.2850 -13.9350 0.0000 1.0000
8.6550 -13.9350 0.0000 1.0000
-10.6050 -13.9650 0.0000 1.0000
-10.5150 -13.9650 0.0000 1.0000
-10.4850 -13.9650 0.0000 1.0000
-10.4550 -13.9650 0.0000 1.0000
-9.2250 -13.9650 0.0000 1.0000
-9.1950 -13.9650 0.0000 1.0000
-9.1350 -13.9650 0.0000 1.0000
-9.1050 -13.9650 0.0000 1.0000
0.2550 -13.9650 0.0000 1.0000
0.2850 -13.9650 0.0000 1.0000
8.6550 -13.9650 0.0000 1.0000
-10.6950 -13.9950 0.0000 1.0000
-10.6350 -13.9950 0.0000 1.0000
-10.6050 -13.9950 0.0000 1.0000
-9.2550 -13.9950 0.0000 1.0000
-9.2250 -13.9950 0.0000 1.0000
-9.1650 -13.9950 0.0000 1.0000
-9.1350 -13.9950 0.0000 1.0000
-9.1050 -13.9950 0.0000 1.0000
-8.6250 -13.9950 0.0000 1.0000
-8.5950 -13.9950 0.0000 1.0000
0.2550 -13.9950 0.0000 1.0000
0.2850 -13.9950 0.0000 1.0000
-10.6950 -14.0250 0.0000 1.0000
-10.6350 -14.0250 0.0000 1.0000
-10.6050 -14.0250 0.0000 1.0000
-10.3950 -14.0250 0.0000 1.0000
-9.2250 -14.0250 0.0000 1.0000
-9.1050 -14.0250 0.0000 1.0000
-8.7150 -14.0250 0.0000 1.0000
-8.6550 -14.0250 0.0000 1.0000
0.2550 -14.0250 0.0000 1.0000
0.2850 -14.0250 0.0000 1.0000
8.6250 -14.0250 0.0000 1.0000
-10.7250 -14.0550 0.0000 1.0000
-10.6350 -14.0550 0.0000 1.0000
-10.6050 -14.0550 0.0000 1.0000
-9.0750 -14.0550 0.0000 1.0000
0.2550 -14.0550 0.0000 1.0000
0.2850 -14.0550 0.0000 1.0000
-10.6350 -14.0850 0.0000 1.0000
-10.6050 -14.0850 0.0000 1.0000
-9.1350 -14.0850 0.0000 1.0000
0.2550 -14.0850 0.0000 1.0000
0.2850 -14.0850 0.0000 1.0000
0.3150 -14.0850 0.0000 1.0000
8.5650 -14.0850 0.0000 1.0000
-10.6050 -14.1150 0.0000 1.0000
-9.1050 -14.1150 0.0000 1.0000
0.2850 -14.1150 0.0000 1.0000
0.3150 -14.1150 0.0000 1.0000
8.5950 -14.1150 0.0000 1.0000
-10.6050 -14.1450 0.0000 1.0000
-10.5750 -14.1450 0.0000 1.0000
0.2850 -14.1450 0.0000 1.0000
0.3150 -14.1450 0.0000 1.0000
8.5950 -14.1450 0.0000 1.0000
-10.6050 -14.1750 0.0000 1.0000
-10.5150 -14.1750 0.0000 1.0000
-9.1650 -14.1750 0.0000 1.0000
-9.1350 -14.1750 0.0000 1.0000
-9.0450 -14.1750 0.0000 1.0000
-8.9250 -14.1750 0.0000 1.0000
0.2550 -14.1750 0.0000 1.0000
0.2850 -14.1750 0.0000 1.0000
0.3150 -14.1750 0.0000 1.0000
4.9050 -14.1750 0.0000 1.0000
10.6350 -14.1750 0.0000 1.0000
-10.5450 -14.2050 0.0000 1.0000
-9.1950 -14.2050 0.0000 1.0000
-9.1650 -14.2050 0.0000 1.0000
-9.0750 -14.2050 0.0000 1.0000
-9.0450 -14.2050 0.0000 1.0000
-8.9550 -14.2050 0.0000 1.0000
-8.9250 -14.2050 0.0000 1.0000
0.2850 -14.2050 0.0000 1.0000
0.3150 -14.2050 0.0000 1.0000
4.9050 -14.2050 0.0000 1.0000
8.5950 -14.2050 0.0000 1.0000
-10.6650 -14.2350 0.0000 1.0000
-10.5750 -14.2350 0.0000 1.0000
-9.1950 -14.2350 0.0000 1.0000
-8.9550 -14.2350 0.0000 1.0000
0.2850 -14.2350 0.0000 1.0000
0.3150 -14.2350 0.0000 1.0000
10.6050 -14.2350 0.0000 1.0000
-10.6050 -14.2650 0.0000 1.0000
-10.5450 -14.2650 0.0000 1.0000
-9.0450 -14.2650 0.0000 1.0000
0.2850 -14.2650 0.0000 1.0000
0.3150 -14.2650 0.0000 1.0000
4.9650 -14.2650 0.0000 1.0000
4.9950 -14.2650 0.0000 1.0000
5.0250 -14.2650 0.0000 1.0000
-10.5750 -14.2950 0.0000 1.0000
-10.5450 -14.2950 0.0000 1.0000
-10.4550 -14.2950 0.0000 1.0000
-9.3150 -14.2950 0.0000 1.0000
-9.2850 -14.2950 0.0000 1.0000
-9.1650 -14.2950 0.0000 1.0000
-9.1350 -14.2950 0.0000 1.0000
0.2850 -14.2950 0.0000 1.0000
0.3150 -14.2950 0.0000 1.0000
4.9050 -14.2950 0.0000 1.0000
4.9650 -14.2950 0.0000 1.0000
4.9950 -14.2950 0.0000 1.0000
10.5750 -14.2950 0.0000 1.0000
-10.6050 -14.3250 0.0000 1.0000
-10.5750 -14.3250 0.0000 1.0000
-10.5150 -14.3250 0.0000 1.0000
-9.2850 -14.3250 0.0000 1.0000
-9.1050 -14.3250 0.0000 1.0000
-8.9550 -14.3250 0.0000 1.0000
0.2850 -14.3250 0.0000 1.0000
0.3150 -14.3250 0.0000 1.0000
4.9350 -14.3250 0.0000 1.0000
4.9650 -14.3250 0.0000 1.0000
5.0250 -14.3250 0.0000 1.0000
10.6050 -14.3250 0.0000 1.0000
-10.6050 -14.3550 0.0000 1.0000
-9.3450 -14.3550 0.0000 1.0000
-9.1950 -14.3550 0.0000 1.0000
-9.1050 -14.3550 0.0000 1.0000
-8.9550 -14.3550 0.0000 1.0000
0.2850 -14.3550 0.0000 1.0000
0.3150 -14.3550 0.0000 1.0000
4.9350 -14.3550 0.0000 1.0000
4.9650 -14.3550 0.0000 1.0000
4.9950 -14.3550 0.0000 1.0000
5.0550 -14.3550 0.0000 1.0000
-10.6350 -14.3850 0.0000 1.0000
-9.2250 -14.3850 0.0000 1.0000
-9.1950 -14.3850 0.0000 1.0000
-9.1650 -14.3850 0.0000 1.0000
-9.1350 -14.3850 0.0000 1.0000
-9.0750 -14.3850 0.0000 1.0000
-8.9850 -14.3850 0.0000 1.0000
-8.9550 -14.3850 0.0000 1.0000
0.2850 -14.3850 0.0000 1.0000
0.3150 -14.3850 0.0000 1.0000
4.9050 -14.3850 0.0000 1.0000
4.9650 -14.3850 0.0000 1.0000
4.9950 -14.3850 0.0000 1.0000
5.0250 -14.3850 0.0000 1.0000
5.0550 -14.3850 0.0000 1.0000
5.0850 -14.3850 0.0000 1.0000
10.6050 -14.3850 0.0000 1.0000
-10.6650 -14.4150 0.0000 1.0000
-10.5450 -14.4150 0.0000 1.0000
-10.5150 -14.4150 0.0000 1.0000
-9.2550 -14.4150 0.0000 1.0000
-9.1050 -14.4150 0.0000 1.0000
-8.9550 -14.4150 0.0000 1.0000
0.2850 -14.4150 0.0000 1.0000
0.3150 -14.4150 0.0000 1.0000
4.9350 -14.4150 0.0000 1.0000
4.9950 -14.4150 0.0000 1.0000
5.0250 -14.4150 0.0000 1.0000
5.0550 -14.4150 0.0000 1.0000
5.0850 -14.4150 0.0000 1.0000
10.6050 -14.4150 0.0000 1.0000
-10.6950 -14.4450 0.0000 1.0000
-10.6650 -14.4450 0.0000 1.0000
-10.6050 -14.4450 0.0000 1.0000
-10.5450 -14.4450 0.0000 1.0000
-9.1350 -14.4450 0.0000 1.0000
0.2850 -14.4450 0.0000 1.0000
0.3150 -14.4450 0.0000 1.0000
4.9650 -14.4450 0.0000 1.0000
4.9950 -14.4450 0.0000 1.0000
5.0250 -14.4450 0.0000 1.0000
5.0550 -14.4450 0.0000 1.0000
5.0850 -14.4450 0.0000 1.0000
-10.6950 -14.4750 0.0000 1.0000
-10.6650 -14.4750 0.0000 1.0000
-10.5450 -14.4750 0.0000 1.0000
-9.1650 -14.4750 0.0000 1.0000
-9.1350 -14.4750 0.0000 1.0000
-9.1050 -14.4750 0.0000 1.0000
0.2850 -14.4750 0.0000 1.0000
0.3150 -14.4750 0.0000 1.0000
1.9050 -14.4750 0.0000 1.0000
5.0550 -14.4750 0.0000 1.0000
5.0850 -14.4750 0.0000 1.0000
5.1150 -14.4750 0.0000 1.0000
10.6050 -14.4750 0.0000 1.0000
11.3850 -14.4750 0.0000 1.0000
-10.6950 -14.5050 0.0000 1.0000
-10.4850 -14.5050 0.0000 1.0000
-9.1050 -14.5050 0.0000 1.0000
-9.0450 -14.5050 0.0000 1.0000
0.2850 -14.5050 0.0000 1.0000
0.3150 -14.5050 0.0000 1.0000
4.9950 -14.5050 0.0000 1.0000
5.0550 -14.5050 0.0000 1.0000
7.8750 -14.5050 0.0000 1.0000
8.0250 -14.5050 0.0000 1.0000
-10.3650 -14.5350 0.0000 1.0000
-9.2250 -14.5350 0.0000 1.0000
-9.1950 -14.5350 0.0000 1.0000
-9.1650 -14.5350 0.0000 1.0000
-9.0750 -14.5350 0.0000 1.0000
-9.0450 -14.5350 0.0000 1.0000
0.2850 -14.5350 0.0000 1.0000
0.3150 -14.5350 0.0000 1.0000
10.5450 -14.5350 0.0000 1.0000
-10.5450 -14.5650 0.0000 1.0000
-10.3950 -14.5650 0.0000 1.0000
-10.3650 -14.5650 0.0000 1.0000
-9.1650 -14.5650 0.0000 1.0000
0.2850 -14.5650 0.0000 1.0000
0.3150 -14.5650 0.0000 1.0000
8.0250 -14.5650 0.0000 1.0000
10.5750 -14.5650 0.0000 1.0000
11.2050 -14.5650 0.0000 1.0000
-10.6650 -14.5950 0.0000 1.0000
-10.6350 -14.5950 0.0000 1.0000
-9.1950 -14.5950 0.0000 1.0000
-9.0750 -14.5950 0.0000 1.0000
-8.9850 -14.5950 0.0000 1.0000
0.2850 -14.5950 0.0000 1.0000
0.3150 -14.5950 0.0000 1.0000
8.0250 -14.5950 0.0000 1.0000
-10.8450 -14.6250 0.0000 1.0000
-10.7250 -14.6250 0.0000 1.0000
-10.6950 -14.6250 0.0000 1.0000
-10.6650 -14.6250 0.0000 1.0000
-10.6350 -14.6250 0.0000 1.0000
-8.9850 -14.6250 0.0000 1.0000
-8.9550 -14.6250 0.0000 1.0000
0.2850 -14.6250 0.0000 1.0000
0.3150 -14.6250 0.0000 1.0000
8.0250 -14.6250 0.0000 1.0000
10.5450 -14.6250 0.0000 1.0000
11.2050 -14.6250 0.0000 1.0000
-10.8450 -14.6550 0.0000 1.0000
-10.7250 -14.6550 0.0000 1.0000
-10.6650 -14.6550 0.0000 1.0000
-10.4850 -14.6550 0.0000 1.0000
-10.4550 -14.6550 0.0000 1.0000
-9.1350 -14.6550 0.0000 1.0000
-8.9550 -14.6550 0.0000 1.0000
0.2850 -14.6550 0.0000 1.0000
0.3150 -14.6550 0.0000 1.0000
11.2050 -14.6550 0.0000 1.0000
-10.6950 -14.6850 0.0000 1.0000
-10.4850 -14.6850 0.0000 1.0000
-9.1950 -14.6850 0.0000 1.0000
-9.1650 -14.6850 0.0000 1.0000
0.2850 -14.6850 0.0000 1.0000
0.3150 -14.6850 0.0000 1.0000
10.4850 -14.6850 0.0000 1.0000
-10.7250 -14.7150 0.0000 1.0000
-10.6950 -14.7150 0.0000 1.0000
-10.6350 -14.7150 0.0000 1.0000
-10.6050 -14.7150 0.0000 1.0000
-9.1650 -14.7150 0.0000 1.0000
-9.1050 -14.7150 0.0000 1.0000
0.2850 -14.7150 0.0000 1.0000
0.3150 -14.7150 0.0000 1.0000
11.2350 -14.7150 0.0000 1.0000
-10.7850 -14.7450 0.0000 1.0000
-10.7250 -14.7450 0.0000 1.0000
-9.2550 -14.7450 0.0000 1.0000
-9.2250 -14.7450 0.0000 1.0000
-9.1350 -14.7450 0.0000 1.0000
-9.1050 -14.7450 0.0000 1.0000
-9.0750 -14.7450 0.0000 1.0000
-9.0450 -14.7450 0.0000 1.0000
0.2850 -14.7450 0.0000 1.0000
0.3150 -14.7450 0.0000 1.0000
0.3450 -14.7450 0.0000 1.0000
10.4850 -14.7450 0.0000 1.0000
-10.7850 -14.7750 0.0000 1.0000
-9.2550 -14.7750 0.0000 1.0000
-9.1950 -14.7750 0.0000 1.0000
-9.1050 -14.7750 0.0000 1.0000
-9.0750 -14.7750 0.0000 1.0000
-9.0450 -14.7750 0.0000 1.0000
0.2850 -14.7750 0.0000 1.0000
0.3150 -14.7750 0.0000 1.0000
10.4850 -14.7750 0.0000 1.0000
11.1450 -14.7750 0.0000 1.0000
-10.7250 -14.8050 0.0000 1.0000
-10.6650 -14.8050 0.0000 1.0000
-10.6050 -14.8050 0.0000 1.0000
-10.5450 -14.8050 0.0000 1.0000
-10.5150 -14.8050 0.0000 1.0000
-9.2550 -14.8050 0.0000 1.0000
-9.1950 -14.8050 0.0000 1.0000
-9.0450 -14.8050 0.0000 1.0000
-9.0150 -14.8050 0.0000 1.0000
0.3150 -14.8050 0.0000 1.0000
0.3450 -14.8050 0.0000 1.0000
-10.6650 -14.8350 0.0000 1.0000
-10.6350 -14.8350 0.0000 1.0000
-10.6050 -14.8350 0.0000 1.0000
0.2850 -14.8350 0.0000 1.0000
0.3150 -14.8350 0.0000 1.0000
0.3450 -14.8350 0.0000 1.0000
10.4850 -14.8350 0.0000 1.0000
-10.6650 -14.8650 0.0000 1.0000
-9.0750 -14.8650 0.0000 1.0000
-9.0450 -14.8650 0.0000 1.0000
-9.0150 -14.8650 0.0000 1.0000
-8.8950 -14.8650 0.0000 1.0000
0.3150 -14.8650 0.0000 1.0000
0.3450 -14.8650 0.0000 1.0000
11.0250 -14.8650 0.0000 1.0000
-10.6650 -14.8950 0.0000 1.0000
-9.1050 -14.8950 0.0000 1.0000
-9.0750 -14.8950 0.0000 1.0000
-9.0150 -14.8950 0.0000 1.0000
-8.8950 -14.8950 0.0000 1.0000
0.3150 -14.8950 0.0000 1.0000
0.3450 -14.8950 0.0000 1.0000
10.4250 -14.8950 0.0000 1.0000
11.0250 -14.8950 0.0000 1.0000
-10.7250 -14.9250 0.0000 1.0000
-10.6950 -14.9250 0.0000 1.0000
-10.6650 -14.9250 0.0000 1.0000
0.3150 -14.9250 0.0000 1.0000
0.3450 -14.9250 0.0000 1.0000
10.4250 -14.9250 0.0000 1.0000
-10.7550 -14.9550 0.0000 1.0000
-10.7250 -14.9550 0.0000 1.0000
-10.6950 -14.9550 0.0000 1.0000
-8.9550 -14.9550 0.0000 1.0000
-8.9250 -14.9550 0.0000 1.0000
0.3150 -14.9550 0.0000 1.0000
0.3450 -14.9550 0.0000 1.0000
10.9050 -14.9550 0.0000 1.0000
-10.7850 -14.9850 0.0000 1.0000
-10.7550 -14.9850 0.0000 1.0000
-10.7250 -14.9850 0.0000 1.0000
-10.6950 -14.9850 0.0000 1.0000
-9.0450 -14.9850 0.0000 1.0000
-8.9250 -14.9850 0.0000 1.0000
0.3450 -14.9850 0.0000 1.0000
-10.7850 -15.0150 0.0000 1.0000
-10.7550 -15.0150 0.0000 1.0000
-10.7250 -15.0150 0.0000 1.0000
-8.9250 -15.0150 0.0000 1.0000
-8.8950 -15.0150 0.0000 1.0000
0.3150 -15.0150 0.0000 1.0000
0.3450 -15.0150 0.0000 1.0000
9.9750 -15.0150 0.0000 1.0000
10.9350 -15.0150 0.0000 1.0000
-10.8750 -15.0450 0.0000 1.0000
-10.7850 -15.0450 0.0000 1.0000
-10.7550 -15.0450 0.0000 1.0000
-10.7250 -15.0450 0.0000 1.0000
-10.6950 -15.0450 0.0000 1.0000
-9.0450 -15.0450 0.0000 1.0000
-9.0150 -15.0450 0.0000 1.0000
-8.8950 -15.0450 0.0000 1.0000
0.3450 -15.0450 0.0000 1.0000
-10.8750 -15.0750 0.0000 1.0000
-10.8150 -15.0750 0.0000 1.0000
-9.1050 -15.0750 0.0000 1.0000
-9.0750 -15.0750 0.0000 1.0000
-9.0450 -15.0750 0.0000 1.0000
-9.0150 -15.0750 0.0000 1.0000
-8.9550 -15.0750 0.0000 1.0000
-8.9250 -15.0750 0.0000 1.0000
0.3150 -15.0750 0.0000 1.0000
0.3450 -15.0750 0.0000 1.0000
9.9750 -15.0750 0.0000 1.0000
-10.8150 -15.1050 0.0000 1.0000
-9.1950 -15.1050 0.0000 1.0000
-9.1050 -15.1050 0.0000 1.0000
-9.0450 -15.1050 0.0000 1.0000
0.3150 -15.1050 0.0000 1.0000
0.3450 -15.1050 0.0000 1.0000
-10.8750 -15.1350 0.0000 1.0000
-9.1050 -15.1350 0.0000 1.0000
0.3150 -15.1350 0.0000 1.0000
0.3450 -15.1350 0.0000 1.0000
9.9750 -15.1350 0.0000 1.0000
10.4250 -15.1350 0.0000 1.0000
-10.9950 -15.1650 0.0000 1.0000
-10.9650 -15.1650 0.0000 1.0000
-10.8750 -15.1650 0.0000 1.0000
-9.0150 -15.1650 0.0000 1.0000
-8.8950 -15.1650 0.0000 1.0000
0.3150 -15.1650 0.0000 1.0000
0.3450 -15.1650 0.0000 1.0000
10.0350 -15.1650 0.0000 1.0000
10.4250 -15.1650 0.0000 1.0000
-10.9650 -15.1950 0.0000 1.0000
-10.8150 -15.1950 0.0000 1.0000
-9.0450 -15.1950 0.0000 1.0000
-9.0150 -15.1950 0.0000 1.0000
0.3150 -15.1950 0.0000 1.0000
0.3450 -15.1950 0.0000 1.0000
10.1850 -15.1950 0.0000 1.0000
-10.9650 -15.2250 0.0000 1.0000
-10.9350 -15.2250 0.0000 1.0000
-10.8150 -15.2250 0.0000 1.0000
-9.1050 -15.2250 0.0000 1.0000
-9.0750 -15.2250 0.0000 1.0000
0.3150 -15.2250 0.0000 1.0000
0.3450 -15.2250 0.0000 1.0000
10.4250 -15.2250 0.0000 1.0000
-10.8150 -15.2550 0.0000 1.0000
-9.0750 -15.2550 0.0000 1.0000
0.3450 -15.2550 0.0000 1.0000
10.1850 -15.2550 0.0000 1.0000
10.4250 -15.2550 0.0000 1.0000
-9.0150 -15.2850 0.0000 1.0000
-8.9850 -15.2850 0.0000 1.0000
0.3450 -15.2850 0.0000 1.0000
0.3750 -15.2850 0.0000 1.0000
0.8850 -15.2850 0.0000 1.0000
10.1250 -15.2850 0.0000 1.0000
-10.9650 -15.3150 0.0000 1.0000
-10.9350 -15.3150 0.0000 1.0000
-9.2250 -15.3150 0.0000 1.0000
-9.1650 -15.3150 0.0000 1.0000
-9.0750 -15.3150 0.0000 1.0000
-9.0450 -15.3150 0.0000 1.0000
-8.9850 -15.3150 0.0000 1.0000
0.3450 -15.3150 0.0000 1.0000
10.4550 -15.3150 0.0000 1.0000
-10.9650 -15.3450 0.0000 1.0000
-10.9350 -15.3450 0.0000 1.0000
-10.8450 -15.3450 0.0000 1.0000
-9.1050 -15.3450 0.0000 1.0000
-9.0750 -15.3450 0.0000 1.0000
-9.0150 -15.3450 0.0000 1.0000
0.3450 -15.3450 0.0000 1.0000
0.3750 -15.3450 0.0000 1.0000
9.9450 -15.3450 0.0000 1.0000
10.6650 -15.3450 0.0000 1.0000
-10.9650 -15.3750 0.0000 1.0000
-10.9350 -15.3750 0.0000 1.0000
-10.8450 -15.3750 0.0000 1.0000
-10.7250 -15.3750 0.0000 1.0000
-10.6950 -15.3750 0.0000 1.0000
-10.6650 -15.3750 0.0000 1.0000
-10.6350 -15.3750 0.0000 1.0000
-10.5150 -15.3750 0.0000 1.0000
-9.1650 -15.3750 0.0000 1.0000
-9.1350 -15.3750 0.0000 1.0000
-9.1050 -15.3750 0.0000 1.0000
-9.0750 -15.3750 0.0000 1.0000
-9.0450 -15.3750 0.0000 1.0000
0.3450 -15.3750 0.0000 1.0000
0.3750 -15.3750 0.0000 1.0000
0.9150 -15.3750 0.0000 1.0000
0.9750 -15.3750 0.0000 1.0000
-10.9350 -15.4050 0.0000 1.0000
-10.6950 -15.4050 0.0000 1.0000
-10.6650 -15.4050 0.0000 1.0000
-10.5450 -15.4050 0.0000 1.0000
-9.2250 -15.4050 0.0000 1.0000
-9.1950 -15.4050 0.0000 1.0000
-9.1650 -15.4050 0.0000 1.0000
-9.1350 -15.4050 0.0000 1.0000
0.3450 -15.4050 0.0000 1.0000
0.3750 -15.4050 0.0000 1.0000
0.5550 -15.4050 0.0000 1.0000
0.5850 -15.4050 0.0000 1.0000
9.7950 -15.4050 0.0000 1.0000
10.5150 -15.4050 0.0000 1.0000
-10.9350 -15.4350 0.0000 1.0000
-10.9050 -15.4350 0.0000 1.0000
-10.8450 -15.4350 0.0000 1.0000
-10.8150 -15.4350 0.0000 1.0000
-10.7850 -15.4350 0.0000 1.0000
-10.6650 -15.4350 0.0000 1.0000
-10.6350 -15.4350 0.0000 1.0000
-10.5750 -15.4350 0.0000 1.0000
-9.2550 -15.4350 0.0000 1.0000
-9.1650 -15.4350 0.0000 1.0000
-9.1350 -15.4350 0.0000 1.0000
0.3450 -15.4350 0.0000 1.0000
0.3750 -15.4350 0.0000 1.0000
0.8250 -15.4350 0.0000 1.0000
9.7950 -15.4350 0.0000 1.0000
-10.9050 -15.4650 0.0000 1.0000
-10.7850 -15.4650 0.0000 1.0000
-10.6650 -15.4650 0.0000 1.0000
-10.6350 -15.4650 0.0000 1.0000
-10.5450 -15.4650 0.0000 1.0000
-10.5150 -15.4650 0.0000 1.0000
-9.1650 -15.4650 0.0000 1.0000
-9.1350 -15.4650 0.0000 1.0000
-9.1050 -15.4650 0.0000 1.0000
0.3750 -15.4650 0.0000 1.0000
0.4050 -15.4650 0.0000 1.0000
0.6150 -15.4650 0.0000 1.0000
0.6450 -15.4650 0.0000 1.0000
0.7350 -15.4650 0.0000 1.0000
0.7650 -15.4650 0.0000 1.0000
0.7950 -15.4650 0.0000 1.0000
0.8250 -15.4650 0.0000 1.0000
10.5150 -15.4650 0.0000 1.0000
-10.9650 -15.4950 0.0000 1.0000
-10.8750 -15.4950 0.0000 1.0000
-10.8150 -15.4950 0.0000 1.0000
-10.6350 -15.4950 0.0000 1.0000
-10.5150 -15.4950 0.0000 1.0000
-9.1350 -15.4950 0.0000 1.0000
0.3750 -15.4950 0.0000 1.0000
0.4050 -15.4950 0.0000 1.0000
0.4350 -15.4950 0.0000 1.0000
0.6150 -15.4950 0.0000 1.0000
0.6450 -15.4950 0.0000 1.0000
0.6750 -15.4950 0.0000 1.0000
0.7050 -15.4950 0.0000 1.0000
0.7350 -15.4950 0.0000 1.0000
0.8250 -15.4950 0.0000 1.0000
9.8850 -15.4950 0.0000 1.0000
10.5750 -15.4950 0.0000 1.0000
-10.9650 -15.5250 0.0000 1.0000
-10.8750 -15.5250 0.0000 1.0000
-10.8450 -15.5250 0.0000 1.0000
-10.7250 -15.5250 0.0000 1.0000
-10.5750 -15.5250 0.0000 1.0000
-9.1350 -15.5250 0.0000 1.0000
-9.1050 -15.5250 0.0000 1.0000
-9.0750 -15.5250 0.0000 1.0000
0.3750 -15.5250 0.0000 1.0000
0.4650 -15.5250 0.0000 1.0000
0.6450 -15.5250 0.0000 1.0000
0.6750 -15.5250 0.0000 1.0000
0.7050 -15.5250 0.0000 1.0000
0.7950 -15.5250 0.0000 1.0000
0.8250 -15.5250 0.0000 1.0000
0.8550 -15.5250 0.0000 1.0000
9.8850 -15.5250 0.0000 1.0000
-10.9650 -15.5550 0.0000 1.0000
-10.9350 -15.5550 0.0000 1.0000
-10.8450 -15.5550 0.0000 1.0000
-10.7850 -15.5550 0.0000 1.0000
-10.6650 -15.5550 0.0000 1.0000
-10.5750 -15.5550 0.0000 1.0000
-9.1350 -15.5550 0.0000 1.0000
-9.0750 -15.5550 0.0000 1.0000
-9.0450 -15.5550 0.0000 1.0000
-9.0150 -15.5550 0.0000 1.0000
0.3750 -15.5550 0.0000 1.0000
0.4350 -15.5550 0.0000 1.0000
0.4650 -15.5550 0.0000 1.0000
0.4950 -15.5550 0.0000 1.0000
0.7950 -15.5550 0.0000 1.0000
0.8250 -15.5550 0.0000 1.0000
10.5750 -15.5550 0.0000 1.0000
-10.9650 -15.5850 0.0000 1.0000
-10.9350 -15.5850 0.0000 1.0000
-10.8450 -15.5850 0.0000 1.0000
-10.7850 -15.5850 0.0000 1.0000
-10.6350 -15.5850 0.0000 1.0000
-10.5750 -15.5850 0.0000 1.0000
-9.0450 -15.5850 0.0000 1.0000
-9.0150 -15.5850 0.0000 1.0000
-8.9850 -15.5850 0.0000 1.0000
-8.9550 -15.5850 0.0000 1.0000
0.3750 -15.5850 0.0000 1.0000
0.4350 -15.5850 0.0000 1.0000
0.4650 -15.5850 0.0000 1.0000
0.5250 -15.5850 0.0000 1.0000
0.7950 -15.5850 0.0000 1.0000
0.8250 -15.5850 0.0000 1.0000
0.8550 -15.5850 0.0000 1.0000
0.9150 -15.5850 0.0000 1.0000
9.7950 -15.5850 0.0000 1.0000
10.5750 -15.5850 0.0000 1.0000
-10.9650 -15.6150 0.0000 1.0000
-10.9350 -15.6150 0.0000 1.0000
-10.9050 -15.6150 0.0000 1.0000
-10.6350 -15.6150 0.0000 1.0000
-9.1350 -15.6150 0.0000 1.0000
-9.1050 -15.6150 0.0000 1.0000
-9.0450 -15.6150 0.0000 1.0000
-8.9250 -15.6150 0.0000 1.0000
0.4650 -15.6150 0.0000 1.0000
0.7950 -15.6150 0.0000 1.0000
0.8550 -15.6150 0.0000 1.0000
0.8850 -15.6150 0.0000 1.0000
0.9150 -15.6150 0.0000 1.0000
0.9450 -15.6150 0.0000 1.0000
10.5750 -15.6150 0.0000 1.0000
-10.9650 -15.6450 0.0000 1.0000
-8.9250 -15.6450 0.0000 1.0000
0.3750 -15.6450 0.0000 1.0000
0.4650 -15.6450 0.0000 1.0000
0.7950 -15.6450 0.0000 1.0000
0.8250 -15.6450 0.0000 1.0000
0.8550 -15.6450 0.0000 1.0000
0.8850 -15.6450 0.0000 1.0000
0.9150 -15.6450 0.0000 1.0000
10.5450 -15.6450 0.0000 1.0000
10.5750 -15.6450 0.0000 1.0000
-10.9650 -15.6750 0.0000 1.0000
-10.9350 -15.6750 0.0000 1.0000
-10.9050 -15.6750 0.0000 1.0000
-8.9250 -15.6750 0.0000 1.0000
-8.7450 -15.6750 0.0000 1.0000
0.5250 -15.6750 0.0000 1.0000
0.6750 -15.6750 0.0000 1.0000
0.8250 -15.6750 0.0000 1.0000
0.8550 -15.6750 0.0000 1.0000
0.9150 -15.6750 0.0000 1.0000
9.5850 -15.6750 0.0000 1.0000
-11.1150 -15.7050 0.0000 1.0000
-10.9950 -15.7050 0.0000 1.0000
-10.9650 -15.7050 0.0000 1.0000
-10.9350 -15.7050 0.0000 1.0000
-8.8650 -15.7050 0.0000 1.0000
-8.8350 -15.7050 0.0000 1.0000
-8.7450 -15.7050 0.0000 1.0000
0.3750 -15.7050 0.0000 1.0000
0.4050 -15.7050 0.0000 1.0000
0.5550 -15.7050 0.0000 1.0000
0.6450 -15.7050 0.0000 1.0000
0.6750 -15.7050 0.0000 1.0000
0.8550 -15.7050 0.0000 1.0000
0.9150 -15.7050 0.0000 1.0000
10.4250 -15.7050 0.0000 1.0000
-11.1450 -15.7350 0.0000 1.0000
-11.1150 -15.7350 0.0000 1.0000
-11.0850 -15.7350 0.0000 1.0000
-11.0550 -15.7350 0.0000 1.0000
-11.0250 -15.7350 0.0000 1.0000
-10.9950 -15.7350 0.0000 1.0000
-10.9650 -15.7350 0.0000 1.0000
-10.9350 -15.7350 0.0000 1.0000
-8.8650 -15.7350 0.0000 1.0000
-8.8350 -15.7350 0.0000 1.0000
-8.8050 -15.7350 0.0000 1.0000
0.4050 -15.7350 0.0000 1.0000
10.4850 -15.7350 0.0000 1.0000
-11.1450 -15.7650 0.0000 1.0000
-11.1150 -15.7650 0.0000 1.0000
-11.0850 -15.7650 0.0000 1.0000
-8.8350 -15.7650 0.0000 1.0000
-8.8050 -15.7650 0.0000 1.0000
1.0350 -15.7650 0.0000 1.0000
9.5850 -15.7650 0.0000 1.0000
10.4850 -15.7650 0.0000 1.0000
-11.1450 -15.7950 0.0000 1.0000
-11.1150 -15.7950 0.0000 1.0000
-8.8350 -15.7950 0.0000 1.0000
-8.8050 -15.7950 0.0000 1.0000
-8.7750 -15.7950 0.0000 1.0000
0.1350 -15.7950 0.0000 1.0000
0.1650 -15.7950 0.0000 1.0000
0.1950 -15.7950 0.0000 1.0000
0.2250 -15.7950 0.0000 1.0000
0.7950 -15.7950 0.0000 1.0000
0.8250 -15.7950 0.0000 1.0000
1.0050 -15.7950 0.0000 1.0000
10.4550 -15.7950 0.0000 1.0000
11.0850 -15.7950 0.0000 1.0000
-11.1450 -15.8250 0.0000 1.0000
-11.1150 -15.8250 0.0000 1.0000
-8.8350 -15.8250 0.0000 1.0000
-8.7750 -15.8250 0.0000 1.0000
-0.1050 -15.8250 0.0000 1.0000
-0.0750 -15.8250 0.0000 1.0000
-0.0450 -15.8250 0.0000 1.0000
0.0150 -15.8250 0.0000 1.0000
0.1050 -15.8250 0.0000 1.0000
0.2250 -15.8250 0.0000 1.0000
0.7950 -15.8250 0.0000 1.0000
0.8250 -15.8250 0.0000 1.0000
1.0350 -15.8250 0.0000 1.0000
10.9950 -15.8250 0.0000 1.0000
-11.1150 -15.8550 0.0000 1.0000
-9.0750 -15.8550 0.0000 1.0000
-8.9850 -15.8550 0.0000 1.0000
-8.8050 -15.8550 0.0000 1.0000
-0.1650 -15.8550 0.0000 1.0000
-0.0750 -15.8550 0.0000 1.0000
-0.0450 -15.8550 0.0000 1.0000
0.0150 -15.8550 0.0000 1.0000
0.0750 -15.8550 0.0000 1.0000
0.1650 -15.8550 0.0000 1.0000
0.3450 -15.8550 0.0000 1.0000
0.6450 -15.8550 0.0000 1.0000
0.6750 -15.8550 0.0000 1.0000
1.0350 -15.8550 0.0000 1.0000
10.4550 -15.8550 0.0000 1.0000
-11.1150 -15.8850 0.0000 1.0000
-11.0850 -15.8850 0.0000 1.0000
-9.0150 -15.8850 0.0000 1.0000
-8.9850 -15.8850 0.0000 1.0000
-8.8350 -15.8850 0.0000 1.0000
-8.8050 -15.8850 0.0000 1.0000
-0.5850 -15.8850 0.0000 1.0000
-0.5550 -15.8850 0.0000 1.0000
-0.5250 -15.8850 0.0000 1.0000
-0.4950 -15.8850 0.0000 1.0000
-0.4650 -15.8850 0.0000 1.0000
-0.4350 -15.8850 0.0000 1.0000
-0.4050 -15.8850 0.0000 1.0000
-0.3750 -15.8850 0.0000 1.0000
-0.3150 -15.8850 0.0000 1.0000
-0.2850 -15.8850 0.0000 1.0000
-0.2550 -15.8850 0.0000 1.0000
-0.2250 -15.8850 0.0000 1.0000
-0.0150 -15.8850 0.0000 1.0000
0.0750 -15.8850 0.0000 1.0000
0.2250 -15.8850 0.0000 1.0000
0.3450 -15.8850 0.0000 1.0000
0.6450 -15.8850 0.0000 1.0000
0.8550 -15.8850 0.0000 1.0000
0.8850 -15.8850 0.0000 1.0000
10.3950 -15.8850 0.0000 1.0000
10.9950 -15.8850 0.0000 1.0000
-11.1150 -15.9150 0.0000 1.0000
-11.0850 -15.9150 0.0000 1.0000
-9.1650 -15.9150 0.0000 1.0000
-9.0750 -15.9150 0.0000 1.0000
-9.0450 -15.9150 0.0000 1.0000
-9.0150 -15.9150 0.0000 1.0000
-8.8650 -15.9150 0.0000 1.0000
-8.8350 -15.9150 0.0000 1.0000
-8.8050 -15.9150 0.0000 1.0000
-0.7350 -15.9150 0.0000 1.0000
-0.7050 -15.9150 0.0000 1.0000
-0.6750 -15.9150 0.0000 1.0000
-0.6450 -15.9150 0.0000 1.0000
-0.6150 -15.9150 0.0000 1.0000
-0.5850 -15.9150 0.0000 1.0000
-0.5550 -15.9150 0.0000 1.0000
-0.4650 -15.9150 0.0000 1.0000
-0.4350 -15.9150 0.0000 1.0000
-0.3750 -15.9150 0.0000 1.0000
-0.1950 -15.9150 0.0000 1.0000
-0.0150 -15.9150 0.0000 1.0000
0.0150 -15.9150 0.0000 1.0000
0.0450 -15.9150 0.0000 1.0000
0.0750 -15.9150 0.0000 1.0000
0.1650 -15.9150 0.0000 1.0000
0.1950 -15.9150 0.0000 1.0000
0.2250 -15.9150 0.0000 1.0000
0.2550 -15.9150 0.0000 1.0000
0.2850 -15.9150 0.0000 1.0000
0.3150 -15.9150 0.0000 1.0000
0.3450 -15.9150 0.0000 1.0000
0.4650 -15.9150 0.0000 1.0000
0.6750 -15.9150 0.0000 1.0000
1.0050 -15.9150 0.0000 1.0000
-11.1450 -15.9450 0.0000 1.0000
-11.1150 -15.9450 0.0000 1.0000
-11.0850 -15.9450 0.0000 1.0000
-9.1350 -15.9450 0.0000 1.0000
-9.1050 -15.9450 0.0000 1.0000
-9.0750 -15.9450 0.0000 1.0000
-9.0450 -15.9450 0.0000 1.0000
-8.8650 -15.9450 0.0000 1.0000
-0.9750 -15.9450 0.0000 1.0000
-0.9450 -15.9450 0.0000 1.0000
-0.9150 -15.9450 0.0000 1.0000
-0.8850 -15.9450 0.0000 1.0000
-0.8550 -15.9450 0.0000 1.0000
-0.8250 -15.9450 0.0000 1.0000
-0.7950 -15.9450 0.0000 1.0000
-0.7650 -15.9450 0.0000 1.0000
-0.7350 -15.9450 0.0000 1.0000
-0.7050 -15.9450 0.0000 1.0000
-0.6750 -15.9450 0.0000 1.0000
-0.6450 -15.9450 0.0000 1.0000
-0.5250 -15.9450 0.0000 1.0000
-0.4350 -15.9450 0.0000 1.0000
-0.4050 -15.9450 0.0000 1.0000
-0.3750 -15.9450 0.0000 1.0000
-0.3450 -15.9450 0.0000 1.0000
-0.3150 -15.9450 0.0000 1.0000
-0.2850 -15.9450 0.0000 1.0000
-0.2250 -15.9450 0.0000 1.0000
-0.1950 -15.9450 0.0000 1.0000
-0.1650 -15.9450 0.0000 1.0000
-0.1350 -15.9450 0.0000 1.0000
-0.1050 -15.9450 0.0000 1.0000
-0.0750 -15.9450 0.0000 1.0000
-0.0450 -15.9450 0.0000 1.0000
-0.0150 -15.9450 0.0000 1.0000
0.0150 -15.9450 0.0000 1.0000
0.0750 -15.9450 0.0000 1.0000
0.1050 -15.9450 0.0000 1.0000
0.1350 -15.9450 0.0000 1.0000
0.1650 -15.9450 0.0000 1.0000
0.2850 -15.9450 0.0000 1.0000
0.3150 -15.9450 0.0000 1.0000
0.4650 -15.9450 0.0000 1.0000
0.4950 -15.9450 0.0000 1.0000
0.5250 -15.9450 0.0000 1.0000
0.5550 -15.9450 0.0000 1.0000
0.5850 -15.9450 0.0000 1.0000
0.9450 -15.9450 0.0000 1.0000
1.0050 -15.9450 0.0000 1.0000
10.3950 -15.9450 0.0000 1.0000
10.4850 -15.9450 0.0000 1.0000
11.0250 -15.9450 0.0000 1.0000
-11.1450 -15.9750 0.0000 1.0000
-11.1150 -15.9750 0.0000 1.0000
-11.0550 -15.9750 0.0000 1.0000
-9.1950 -15.9750 0.0000 1.0000
-9.1350 -15.9750 0.0000 1.0000
-9.1050 -15.9750 0.0000 1.0000
-9.0750 -15.9750 0.0000 1.0000
-1.2150 -15.9750 0.0000 1.0000
-1.1850 -15.9750 0.0000 1.0000
-1.1550 -15.9750 0.0000 1.0000
-1.1250 -15.9750 0.0000 1.0000
-1.0950 -15.9750 0.0000 1.0000
-1.0650 -15.9750 0.0000 1.0000
-1.0350 -15.9750 0.0000 1.0000
-1.0050 -15.9750 0.0000 1.0000
-0.9450 -15.9750 0.0000 1.0000
-0.9150 -15.9750 0.0000 1.0000
-0.8850 -15.9750 0.0000 1.0000
-0.8250 -15.9750 0.0000 1.0000
-0.7950 -15.9750 0.0000 1.0000
-0.7650 -15.9750 0.0000 1.0000
-0.7050 -15.9750 0.0000 1.0000
-0.6750 -15.9750 0.0000 1.0000
-0.6450 -15.9750 0.0000 1.0000
-0.6150 -15.9750 0.0000 1.0000
-0.5850 -15.9750 0.0000 1.0000
-0.5550 -15.9750 0.0000 1.0000
-0.5250 -15.9750 0.0000 1.0000
-0.4950 -15.9750 0.0000 1.0000
-0.4350 -15.9750 0.0000 1.0000
-0.4050 -15.9750 0.0000 1.0000
-0.3750 -15.9750 0.0000 1.0000
-0.3450 -15.9750 0.0000 1.0000
-0.3150 -15.9750 0.0000 1.0000
-0.2850 -15.9750 0.0000 1.0000
-0.2550 -15.9750 0.0000 1.0000
-0.2250 -15.9750 0.0000 1.0000
-0.1950 -15.9750 0.0000 1.0000
-0.1650 -15.9750 0.0000 1.0000
-0.0450 -15.9750 0.0000 1.0000
-0.0150 -15.9750 0.0000 1.0000
0.0150 -15.9750 0.0000 1.0000
0.1050 -15.9750 0.0000 1.0000
0.1350 -15.9750 0.0000 1.0000
0.1650 -15.9750 0.0000 1.0000
0.1950 -15.9750 0.0000 1.0000
0.4650 -15.9750 0.0000 1.0000
0.5550 -15.9750 0.0000 1.0000
0.5850 -15.9750 0.0000 1.0000
0.6150 -15.9750 0.0000 1.0000
0.8250 -15.9750 0.0000 1.0000
0.9150 -15.9750 0.0000 1.0000
0.9750 -15.9750 0.0000 1.0000
10.9650 -15.9750 0.0000 1.0000
-11.1450 -16.0050 0.0000 1.0000
-11.1150 -16.0050 0.0000 1.0000
-11.0850 -16.0050 0.0000 1.0000
-11.0550 -16.0050 0.0000 1.0000
-9.1950 -16.0050 0.0000 1.0000
-9.1650 -16.0050 0.0000 1.0000
-9.1350 -16.0050 0.0000 1.0000
-9.1050 -16.0050 0.0000 1.0000
-1.4850 -16.0050 0.0000 1.0000
-1.4550 -16.0050 0.0000 1.0000
-1.4250 -16.0050 0.0000 1.0000
-1.3950 -16.0050 0.0000 1.0000
-1.3650 -16.0050 0.0000 1.0000
-1.3350 -16.0050 0.0000 1.0000
-1.3050 -16.0050 0.0000 1.0000
-1.2750 -16.0050 0.0000 1.0000
-1.2450 -16.0050 0.0000 1.0000
-1.2150 -16.0050 0.0000 1.0000
-1.1850 -16.0050 0.0000 1.0000
-1.1550 -16.0050 0.0000 1.0000
-0.9150 -16.0050 0.0000 1.0000
-0.8850 -16.0050 0.0000 1.0000
-0.8550 -16.0050 0.0000 1.0000
-0.8250 -16.0050 0.0000 1.0000
-0.7950 -16.0050 0.0000 1.0000
-0.7650 -16.0050 0.0000 1.0000
-0.7350 -16.0050 0.0000 1.0000
-0.7050 -16.0050 0.0000 1.0000
-0.6750 -16.0050 0.0000 1.0000
-0.6450 -16.0050 0.0000 1.0000
-0.4950 -16.0050 0.0000 1.0000
-0.4650 -16.0050 0.0000 1.0000
0.5850 -16.0050 0.0000 1.0000
0.6150 -16.0050 0.0000 1.0000
0.6450 -16.0050 0.0000 1.0000
0.9150 -16.0050 0.0000 1.0000
0.9450 -16.0050 0.0000 1.0000
0.9750 -16.0050 0.0000 1.0000
1.0050 -16.0050 0.0000 1.0000
10.3950 -16.0050 0.0000 1.0000
-11.1150 -16.0350 0.0000 1.0000
-11.0850 -16.0350 0.0000 1.0000
-11.0550 -16.0350 0.0000 1.0000
-9.1650 -16.0350 0.0000 1.0000
-9.1050 -16.0350 0.0000 1.0000
-9.0750 -16.0350 0.0000 1.0000
-9.0450 -16.0350 0.0000 1.0000
-1.6950 -16.0350 0.0000 1.0000
-1.6650 -16.0350 0.0000 1.0000
-1.6350 -16.0350 0.0000 1.0000
-1.6050 -16.0350 0.0000 1.0000
-1.5750 -16.0350 0.0000 1.0000
-1.5450 -16.0350 0.0000 1.0000
-1.5150 -16.0350 0.0000 1.0000
-1.4850 -16.0350 0.0000 1.0000
-1.4550 -16.0350 0.0000 1.0000
-1.4250 -16.0350 0.0000 1.0000
-1.3950 -16.0350 0.0000 1.0000
-1.3650 -16.0350 0.0000 1.0000
-1.3350 -16.0350 0.0000 1.0000
-1.3050 -16.0350 0.0000 1.0000
-1.2450 -16.0350 0.0000 1.0000
-1.2150 -16.0350 0.0000 1.0000
-1.1850 -16.0350 0.0000 1.0000
-1.1550 -16.0350 0.0000 1.0000
-1.1250 -16.0350 0.0000 1.0000
-1.0950 -16.0350 0.0000 1.0000
-1.0650 -16.0350 0.0000 1.0000
-1.0350 -16.0350 0.0000 1.0000
-1.0050 -16.0350 0.0000 1.0000
-0.9750 -16.0350 0.0000 1.0000
-0.9450 -16.0350 0.0000 1.0000
0.5550 -16.0350 0.0000 1.0000
0.5850 -16.0350 0.0000 1.0000
0.6150 -16.0350 0.0000 1.0000
0.7050 -16.0350 0.0000 1.0000
0.9750 -16.0350 0.0000 1.0000
1.0050 -16.0350 0.0000 1.0000
10.1550 -16.0350 0.0000 1.0000
10.9350 -16.0350 0.0000 1.0000
-11.0850 -16.0650 0.0000 1.0000
-11.0550 -16.0650 0.0000 1.0000
-9.0750 -16.0650 0.0000 1.0000
-9.0450 -16.0650 0.0000 1.0000
-1.9650 -16.0650 0.0000 1.0000
-1.9350 -16.0650 0.0000 1.0000
-1.9050 -16.0650 0.0000 1.0000
-1.8750 -16.0650 0.0000 1.0000
-1.8450 -16.0650 0.0000 1.0000
-1.8150 -16.0650 0.0000 1.0000
-1.7850 -16.0650 0.0000 1.0000
-1.7550 -16.0650 0.0000 1.0000
-1.7250 -16.0650 0.0000 1.0000
-1.6950 -16.0650 0.0000 1.0000
-1.6650 -16.0650 0.0000 1.0000
-1.6350 -16.0650 0.0000 1.0000
-1.5750 -16.0650 0.0000 1.0000
-1.5450 -16.0650 0.0000 1.0000
-1.5150 -16.0650 0.0000 1.0000
-1.4850 -16.0650 0.0000 1.0000
-1.4550 -16.0650 0.0000 1.0000
-1.3950 -16.0650 0.0000 1.0000
-1.3650 -16.0650 0.0000 1.0000
-1.3350 -16.0650 0.0000 1.0000
-1.3050 -16.0650 0.0000 1.0000
-1.2750 -16.0650 0.0000 1.0000
0.3450 -16.0650 0.0000 1.0000
0.3750 -16.0650 0.0000 1.0000
0.4050 -16.0650 0.0000 1.0000
0.5550 -16.0650 0.0000 1.0000
0.7050 -16.0650 0.0000 1.0000
0.7350 -16.0650 0.0000 1.0000
0.9750 -16.0650 0.0000 1.0000
1.0050 -16.0650 0.0000 1.0000
1.0650 -16.0650 0.0000 1.0000
10.9350 -16.0650 0.0000 1.0000
-11.0850 -16.0950 0.0000 1.0000
-11.0550 -16.0950 0.0000 1.0000
-9.0450 -16.0950 0.0000 1.0000
-2.5950 -16.0950 0.0000 1.0000
-2.4750 -16.0950 0.0000 1.0000
-2.4150 -16.0950 0.0000 1.0000
-2.2650 -16.0950 0.0000 1.0000
-2.2350 -16.0950 0.0000 1.0000
-2.1750 -16.0950 0.0000 1.0000
-2.1450 -16.0950 0.0000 1.0000
-2.1150 -16.0950 0.0000 1.0000
-2.0850 -16.0950 0.0000 1.0000
-2.0550 -16.0950 0.0000 1.0000
-2.0250 -16.0950 0.0000 1.0000
-1.9950 -16.0950 0.0000 1.0000
-1.9650 -16.0950 0.0000 1.0000
-1.9350 -16.0950 0.0000 1.0000
-1.9050 -16.0950 0.0000 1.0000
-1.8750 -16.0950 0.0000 1.0000
-1.8450 -16.0950 0.0000 1.0000
-1.8150 -16.0950 0.0000 1.0000
-1.7850 -16.0950 0.0000 1.0000
-1.7550 -16.0950 0.0000 1.0000
-1.7250 -16.0950 0.0000 1.0000
-1.6950 -16.0950 0.0000 1.0000
0.3450 -16.0950 0.0000 1.0000
0.4050 -16.0950 0.0000 1.0000
0.4350 -16.0950 0.0000 1.0000
0.9750 -16.0950 0.0000 1.0000
1.0050 -16.0950 0.0000 1.0000
1.0650 -16.0950 0.0000 1.0000
10.0950 -16.0950 0.0000 1.0000
10.2750 -16.0950 0.0000 1.0000
-11.0850 -16.1250 0.0000 1.0000
-11.0550 -16.1250 0.0000 1.0000
-9.0450 -16.1250 0.0000 1.0000
-9.0150 -16.1250 0.0000 1.0000
-8.9850 -16.1250 0.0000 1.0000
-8.9550 -16.1250 0.0000 1.0000
-2.8350 -16.1250 0.0000 1.0000
-2.7450 -16.1250 0.0000 1.0000
-2.7150 -16.1250 0.0000 1.0000
-2.5950 -16.1250 0.0000 1.0000
-2.5350 -16.1250 0.0000 1.0000
-2.5050 -16.1250 0.0000 1.0000
-2.4750 -16.1250 0.0000 1.0000
-2.4450 -16.1250 0.0000 1.0000
-2.4150 -16.1250 0.0000 1.0000
-2.3850 -16.1250 0.0000 1.0000
-2.3550 -16.1250 0.0000 1.0000
-2.3250 -16.1250 0.0000 1.0000
-2.2950 -16.1250 0.0000 1.0000
-2.2650 -16.1250 0.0000 1.0000
-2.2350 -16.1250 0.0000 1.0000
-2.2050 -16.1250 0.0000 1.0000
-2.1750 -16.1250 0.0000 1.0000
-2.1450 -16.1250 0.0000 1.0000
-2.1150 -16.1250 0.0000 1.0000
-2.0850 -16.1250 0.0000 1.0000
-2.0550 -16.1250 0.0000 1.0000
-1.9950 -16.1250 0.0000 1.0000
-1.9650 -16.1250 0.0000 1.0000
0.2550 -16.1250 0.0000 1.0000
0.3750 -16.1250 0.0000 1.0000
0.5550 -16.1250 0.0000 1.0000
0.5850 -16.1250 0.0000 1.0000
0.7050 -16.1250 0.0000 1.0000
0.8850 -16.1250 0.0000 1.0000
0.9450 -16.1250 0.0000 1.0000
1.0050 -16.1250 0.0000 1.0000
10.2750 -16.1250 0.0000 1.0000
10.6950 -16.1250 0.0000 1.0000
10.9350 -16.1250 0.0000 1.0000
-11.0850 -16.1550 0.0000 1.0000
-11.0550 -16.1550 0.0000 1.0000
-9.0450 -16.1550 0.0000 1.0000
-9.0150 -16.1550 0.0000 1.0000
-8.9550 -16.1550 0.0000 1.0000
-8.9250 -16.1550 0.0000 1.0000
-8.8950 -16.1550 0.0000 1.0000
-8.8650 -16.1550 0.0000 1.0000
-3.2850 -16.1550 0.0000 1.0000
-3.2550 -16.1550 0.0000 1.0000
-2.9250 -16.1550 0.0000 1.0000
-2.8350 -16.1550 0.0000 1.0000
-2.7150 -16.1550 0.0000 1.0000
-2.6850 -16.1550 0.0000 1.0000
-2.6550 -16.1550 0.0000 1.0000
-2.6250 -16.1550 0.0000 1.0000
-2.5950 -16.1550 0.0000 1.0000
-2.5650 -16.1550 0.0000 1.0000
-2.5350 -16.1550 0.0000 1.0000
-2.5050 -16.1550 0.0000 1.0000
-2.4750 -16.1550 0.0000 1.0000
-2.4450 -16.1550 0.0000 1.0000
-2.4150 -16.1550 0.0000 1.0000
-2.3850 -16.1550 0.0000 1.0000
-2.3550 -16.1550 0.0000 1.0000
-2.3250 -16.1550 0.0000 1.0000
-2.2950 -16.1550 0.0000 1.0000
-2.2650 -16.1550 0.0000 1.0000
-2.2350 -16.1550 0.0000 1.0000
-2.2050 -16.1550 0.0000 1.0000
-2.1750 -16.1550 0.0000 1.0000
-2.1450 -16.1550 0.0000 1.0000
0.3150 -16.1550 0.0000 1.0000
0.3450 -16.1550 0.0000 1.0000
0.3750 -16.1550 0.0000 1.0000
0.4050 -16.1550 0.0000 1.0000
0.5550 -16.1550 0.0000 1.0000
0.6150 -16.1550 0.0000 1.0000
0.6450 -16.1550 0.0000 1.0000
0.7950 -16.1550 0.0000 1.0000
0.8550 -16.1550 0.0000 1.0000
-11.0850 -16.1850 0.0000 1.0000
-11.0550 -16.1850 0.0000 1.0000
-9.1050 -16.1850 0.0000 1.0000
-8.9250 -16.1850 0.0000 1.0000
-3.4350 -16.1850 0.0000 1.0000
-3.3450 -16.1850 0.0000 1.0000
-3.2550 -16.1850 0.0000 1.0000
-3.2250 -16.1850 0.0000 1.0000
-3.1650 -16.1850 0.0000 1.0000
-3.1350 -16.1850 0.0000 1.0000
-3.0750 -16.1850 0.0000 1.0000
-3.0450 -16.1850 0.0000 1.0000
-3.0150 -16.1850 0.0000 1.0000
-2.9850 -16.1850 0.0000 1.0000
-2.9250 -16.1850 0.0000 1.0000
-2.8950 -16.1850 0.0000 1.0000
-2.8650 -16.1850 0.0000 1.0000
-2.8350 -16.1850 0.0000 1.0000
-2.8050 -16.1850 0.0000 1.0000
-2.7750 -16.1850 0.0000 1.0000
-2.7450 -16.1850 0.0000 1.0000
-2.7150 -16.1850 0.0000 1.0000
-2.6850 -16.1850 0.0000 1.0000
-2.6550 -16.1850 0.0000 1.0000
-2.6250 -16.1850 0.0000 1.0000
-2.5950 -16.1850 0.0000 1.0000
-2.5650 -16.1850 0.0000 1.0000
-2.5350 -16.1850 0.0000 1.0000
-2.5050 -16.1850 0.0000 1.0000
-2.4750 -16.1850 0.0000 1.0000
-2.4450 -16.1850 0.0000 1.0000
-2.4150 -16.1850 0.0000 1.0000
0.5250 -16.1850 0.0000 1.0000
0.5850 -16.1850 0.0000 1.0000
0.6150 -16.1850 0.0000 1.0000
0.7950 -16.1850 0.0000 1.0000
0.8250 -16.1850 0.0000 1.0000
0.8550 -16.1850 0.0000 1.0000
10.6950 -16.1850 0.0000 1.0000
-11.0850 -16.2150 0.0000 1.0000
-11.0550 -16.2150 0.0000 1.0000
-8.9550 -16.2150 0.0000 1.0000
-3.7650 -16.2150 0.0000 1.0000
-3.7350 -16.2150 0.0000 1.0000
-3.7050 -16.2150 0.0000 1.0000
-3.6750 -16.2150 0.0000 1.0000
-3.6450 -16.2150 0.0000 1.0000
-3.6150 -16.2150 0.0000 1.0000
-3.4950 -16.2150 0.0000 1.0000
-3.3450 -16.2150 0.0000 1.0000
-3.3150 -16.2150 0.0000 1.0000
-3.2550 -16.2150 0.0000 1.0000
-3.2250 -16.2150 0.0000 1.0000
-3.1650 -16.2150 0.0000 1.0000
-3.1350 -16.2150 0.0000 1.0000
-3.1050 -16.2150 0.0000 1.0000
-3.0750 -16.2150 0.0000 1.0000
-3.0450 -16.2150 0.0000 1.0000
-3.0150 -16.2150 0.0000 1.0000
-2.9850 -16.2150 0.0000 1.0000
-2.9550 -16.2150 0.0000 1.0000
-2.9250 -16.2150 0.0000 1.0000
-2.8950 -16.2150 0.0000 1.0000
-2.8650 -16.2150 0.0000 1.0000
-2.8350 -16.2150 0.0000 1.0000
-2.8050 -16.2150 0.0000 1.0000
-2.7750 -16.2150 0.0000 1.0000
-2.7450 -16.2150 0.0000 1.0000
-2.7150 -16.2150 0.0000 1.0000
-2.1450 -16.2150 0.0000 1.0000
-2.0550 -16.2150 0.0000 1.0000
0.6150 -16.2150 0.0000 1.0000
0.6450 -16.2150 0.0000 1.0000
0.7950 -16.2150 0.0000 1.0000
0.8250 -16.2150 0.0000 1.0000
0.9150 -16.2150 0.0000 1.0000
-11.0550 -16.2450 0.0000 1.0000
-11.0250 -16.2450 0.0000 1.0000
-8.9850 -16.2450 0.0000 1.0000
-3.9750 -16.2450 0.0000 1.0000
-3.9450 -16.2450 0.0000 1.0000
-3.9150 -16.2450 0.0000 1.0000
-3.8850 -16.2450 0.0000 1.0000
-3.8550 -16.2450 0.0000 1.0000
-3.8250 -16.2450 0.0000 1.0000
-3.7650 -16.2450 0.0000 1.0000
-3.7050 -16.2450 0.0000 1.0000
-3.6450 -16.2450 0.0000 1.0000
-3.6150 -16.2450 0.0000 1.0000
-3.5850 -16.2450 0.0000 1.0000
-3.5250 -16.2450 0.0000 1.0000
-3.4950 -16.2450 0.0000 1.0000
-3.4650 -16.2450 0.0000 1.0000
-3.4350 -16.2450 0.0000 1.0000
-3.4050 -16.2450 0.0000 1.0000
-3.3750 -16.2450 0.0000 1.0000
-3.3450 -16.2450 0.0000 1.0000
-3.3150 -16.2450 0.0000 1.0000
-3.2850 -16.2450 0.0000 1.0000
-3.2550 -16.2450 0.0000 1.0000
-3.2250 -16.2450 0.0000 1.0000
-3.1950 -16.2450 0.0000 1.0000
-3.1650 -16.2450 0.0000 1.0000
-3.1350 -16.2450 0.0000 1.0000
-3.0750 -16.2450 0.0000 1.0000
-3.0150 -16.2450 0.0000 1.0000
-2.9850 -16.2450 0.0000 1.0000
-2.1750 -16.2450 0.0000 1.0000
-2.1450 -16.2450 0.0000 1.0000
-2.1150 -16.2450 0.0000 1.0000
-2.0850 -16.2450 0.0000 1.0000
0.6450 -16.2450 0.0000 1.0000
0.7950 -16.2450 0.0000 1.0000
0.8250 -16.2450 0.0000 1.0000
10.7550 -16.2450 0.0000 1.0000
-11.0550 -16.2750 0.0000 1.0000
-11.0250 -16.2750 0.0000 1.0000
-8.9850 -16.2750 0.0000 1.0000
-8.8950 -16.2750 0.0000 1.0000
-8.8650 -16.2750 0.0000 1.0000
-4.1850 -16.2750 0.0000 1.0000
-4.1550 -16.2750 0.0000 1.0000
-4.1250 -16.2750 0.0000 1.0000
-4.0950 -16.2750 0.0000 1.0000
-4.0650 -16.2750 0.0000 1.0000
-4.0350 -16.2750 0.0000 1.0000
-4.0050 -16.2750 0.0000 1.0000
-3.9450 -16.2750 0.0000 1.0000
-3.8850 -16.2750 0.0000 1.0000
-3.8550 -16.2750 0.0000 1.0000
-3.8250 -16.2750 0.0000 1.0000
-3.7950 -16.2750 0.0000 1.0000
-3.7650 -16.2750 0.0000 1.0000
-3.7350 -16.2750 0.0000 1.0000
-3.7050 -16.2750 0.0000 1.0000
-3.6750 -16.2750 0.0000 1.0000
-3.6450 -16.2750 0.0000 1.0000
-3.6150 -16.2750 0.0000 1.0000
-3.5850 -16.2750 0.0000 1.0000
-3.5550 -16.2750 0.0000 1.0000
-3.5250 -16.2750 0.0000 1.0000
-3.4950 -16.2750 0.0000 1.0000
-3.4650 -16.2750 0.0000 1.0000
-3.4350 -16.2750 0.0000 1.0000
-3.4050 -16.2750 0.0000 1.0000
-3.3450 -16.2750 0.0000 1.0000
-3.2850 -16.2750 0.0000 1.0000
-3.2550 -16.2750 0.0000 1.0000
-3.2250 -16.2750 0.0000 1.0000
-2.0850 -16.2750 0.0000 1.0000
-2.0550 -16.2750 0.0000 1.0000
0.4950 -16.2750 0.0000 1.0000
0.5550 -16.2750 0.0000 1.0000
0.6750 -16.2750 0.0000 1.0000
0.7050 -16.2750 0.0000 1.0000
0.7650 -16.2750 0.0000 1.0000
0.8250 -16.2750 0.0000 1.0000
0.9150 -16.2750 0.0000 1.0000
1.0050 -16.2750 0.0000 1.0000
10.2450 -16.2750 0.0000 1.0000
10.6950 -16.2750 0.0000 1.0000
-11.0550 -16.3050 0.0000 1.0000
-11.0250 -16.3050 0.0000 1.0000
-8.9550 -16.3050 0.0000 1.0000
-8.9250 -16.3050 0.0000 1.0000
-8.8950 -16.3050 0.0000 1.0000
-8.8650 -16.3050 0.0000 1.0000
-4.4550 -16.3050 0.0000 1.0000
-4.4250 -16.3050 0.0000 1.0000
-4.3950 -16.3050 0.0000 1.0000
-4.3650 -16.3050 0.0000 1.0000
-4.3350 -16.3050 0.0000 1.0000
-4.3050 -16.3050 0.0000 1.0000
-4.2750 -16.3050 0.0000 1.0000
-4.2450 -16.3050 0.0000 1.0000
-4.2150 -16.3050 0.0000 1.0000
-4.1850 -16.3050 0.0000 1.0000
-4.1550 -16.3050 0.0000 1.0000
-4.1250 -16.3050 0.0000 1.0000
-4.0950 -16.3050 0.0000 1.0000
-4.0650 -16.3050 0.0000 1.0000
-4.0350 -16.3050 0.0000 1.0000
-4.0050 -16.3050 0.0000 1.0000
-3.9750 -16.3050 0.0000 1.0000
-3.9450 -16.3050 0.0000 1.0000
-3.9150 -16.3050 0.0000 1.0000
-3.8850 -16.3050 0.0000 1.0000
-3.8550 -16.3050 0.0000 1.0000
-3.8250 -16.3050 0.0000 1.0000
-3.7950 -16.3050 0.0000 1.0000
-3.7650 -16.3050 0.0000 1.0000
-3.4650 -16.3050 0.0000 1.0000
-2.1150 -16.3050 0.0000 1.0000
-1.7250 -16.3050 0.0000 1.0000
0.4950 -16.3050 0.0000 1.0000
0.5250 -16.3050 0.0000 1.0000
0.5550 -16.3050 0.0000 1.0000
0.5850 -16.3050 0.0000 1.0000
0.7050 -16.3050 0.0000 1.0000
0.7350 -16.3050 0.0000 1.0000
0.7950 -16.3050 0.0000 1.0000
0.8550 -16.3050 0.0000 1.0000
0.8850 -16.3050 0.0000 1.0000
0.9150 -16.3050 0.0000 1.0000
0.9450 -16.3050 0.0000 1.0000
0.9750 -16.3050 0.0000 1.0000
1.0350 -16.3050 0.0000 1.0000
10.1850 -16.3050 0.0000 1.0000
-11.0550 -16.3350 0.0000 1.0000
-11.0250 -16.3350 0.0000 1.0000
-10.7550 -16.3350 0.0000 1.0000
-8.8650 -16.3350 0.0000 1.0000
-4.6050 -16.3350 0.0000 1.0000
-4.5750 -16.3350 0.0000 1.0000
-4.5450 -16.3350 0.0000 1.0000
-4.5150 -16.3350 0.0000 1.0000
-4.4850 -16.3350 0.0000 1.0000
-4.4550 -16.3350 0.0000 1.0000
-4.3950 -16.3350 0.0000 1.0000
-4.3650 -16.3350 0.0000 1.0000
-4.3350 -16.3350 0.0000 1.0000
-4.3050 -16.3350 0.0000 1.0000
-4.2750 -16.3350 0.0000 1.0000
-4.2450 -16.3350 0.0000 1.0000
-4.2150 -16.3350 0.0000 1.0000
-4.1850 -16.3350 0.0000 1.0000
-4.1550 -16.3350 0.0000 1.0000
-4.1250 -16.3350 0.0000 1.0000
-4.0950 -16.3350 0.0000 1.0000
-4.0650 -16.3350 0.0000 1.0000
-4.0050 -16.3350 0.0000 1.0000
-1.6950 -16.3350 0.0000 1.0000
0.7050 -16.3350 0.0000 1.0000
1.0050 -16.3350 0.0000 1.0000
1.0950 -16.3350 0.0000 1.0000
1.1250 -16.3350 0.0000 1.0000
1.1550 -16.3350 0.0000 1.0000
10.2450 -16.3350 0.0000 1.0000
10.6950 -16.3350 0.0000 1.0000
-11.0550 -16.3650 0.0000 1.0000
-11.0250 -16.3650 0.0000 1.0000
-10.8450 -16.3650 0.0000 1.0000
-10.7550 -16.3650 0.0000 1.0000
-8.8950 -16.3650 0.0000 1.0000
-8.8650 -16.3650 0.0000 1.0000
-4.9050 -16.3650 0.0000 1.0000
-4.8450 -16.3650 0.0000 1.0000
-4.8150 -16.3650 0.0000 1.0000
-4.7850 -16.3650 0.0000 1.0000
-4.7550 -16.3650 0.0000 1.0000
-4.7250 -16.3650 0.0000 1.0000
-4.6950 -16.3650 0.0000 1.0000
-4.6650 -16.3650 0.0000 1.0000
-4.6350 -16.3650 0.0000 1.0000
-4.6050 -16.3650 0.0000 1.0000
-4.5750 -16.3650 0.0000 1.0000
-4.5450 -16.3650 0.0000 1.0000
-4.5150 -16.3650 0.0000 1.0000
-4.4850 -16.3650 0.0000 1.0000
-4.4550 -16.3650 0.0000 1.0000
-4.4250 -16.3650 0.0000 1.0000
-4.3950 -16.3650 0.0000 1.0000
-4.3650 -16.3650 0.0000 1.0000
-4.3350 -16.3650 0.0000 1.0000
-4.3050 -16.3650 0.0000 1.0000
-4.2750 -16.3650 0.0000 1.0000
-1.7550 -16.3650 0.0000 1.0000
-1.7250 -16.3650 0.0000 1.0000
-1.6950 -16.3650 0.0000 1.0000
-0.5250 -16.3650 0.0000 1.0000
0.4350 -16.3650 0.0000 1.0000
0.6150 -16.3650 0.0000 1.0000
0.7050 -16.3650 0.0000 1.0000
0.7350 -16.3650 0.0000 1.0000
0.7650 -16.3650 0.0000 1.0000
0.8250 -16.3650 0.0000 1.0000
0.8550 -16.3650 0.0000 1.0000
0.8850 -16.3650 0.0000 1.0000
1.0650 -16.3650 0.0000 1.0000
1.0950 -16.3650 0.0000 1.0000
9.7050 -16.3650 0.0000 1.0000
9.9750 -16.3650 0.0000 1.0000
-11.0250 -16.3950 0.0000 1.0000
-10.7850 -16.3950 0.0000 1.0000
-10.7550 -16.3950 0.0000 1.0000
-10.6950 -16.3950 0.0000 1.0000
-10.6650 -16.3950 0.0000 1.0000
-10.6350 -16.3950 0.0000 1.0000
-8.9250 -16.3950 0.0000 1.0000
-8.8650 -16.3950 0.0000 1.0000
-5.1150 -16.3950 0.0000 1.0000
-5.0850 -16.3950 0.0000 1.0000
-5.0550 -16.3950 0.0000 1.0000
-5.0250 -16.3950 0.0000 1.0000
-4.9950 -16.3950 0.0000 1.0000
-4.9650 -16.3950 0.0000 1.0000
-4.9350 -16.3950 0.0000 1.0000
-4.9050 -16.3950 0.0000 1.0000
-4.8750 -16.3950 0.0000 1.0000
-4.8450 -16.3950 0.0000 1.0000
-4.8150 -16.3950 0.0000 1.0000
-4.7850 -16.3950 0.0000 1.0000
-4.7550 -16.3950 0.0000 1.0000
-4.7250 -16.3950 0.0000 1.0000
-4.6950 -16.3950 0.0000 1.0000
-4.6650 -16.3950 0.0000 1.0000
-4.6350 -16.3950 0.0000 1.0000
-4.6050 -16.3950 0.0000 1.0000
-4.5750 -16.3950 0.0000 1.0000
-4.5450 -16.3950 0.0000 1.0000
-2.9850 -16.3950 0.0000 1.0000
0.4050 -16.3950 0.0000 1.0000
0.4650 -16.3950 0.0000 1.0000
0.5250 -16.3950 0.0000 1.0000
0.6450 -16.3950 0.0000 1.0000
0.7050 -16.3950 0.0000 1.0000
0.7350 -16.3950 0.0000 1.0000
1.0350 -16.3950 0.0000 1.0000
9.9150 -16.3950 0.0000 1.0000
10.6650 -16.3950 0.0000 1.0000
-11.0250 -16.4250 0.0000 1.0000
-10.7850 -16.4250 0.0000 1.0000
-10.7550 -16.4250 0.0000 1.0000
-10.6950 -16.4250 0.0000 1.0000
-10.6650 -16.4250 0.0000 1.0000
-10.6350 -16.4250 0.0000 1.0000
-8.8950 -16.4250 0.0000 1.0000
-8.8650 -16.4250 0.0000 1.0000
-8.8350 -16.4250 0.0000 1.0000
-5.3850 -16.4250 0.0000 1.0000
-5.3550 -16.4250 0.0000 1.0000
-5.3250 -16.4250 0.0000 1.0000
-5.2950 -16.4250 0.0000 1.0000
-5.2650 -16.4250 0.0000 1.0000
-5.2350 -16.4250 0.0000 1.0000
-5.2050 -16.4250 0.0000 1.0000
-5.1750 -16.4250 0.0000 1.0000
-5.1450 -16.4250 0.0000 1.0000
-5.1150 -16.4250 0.0000 1.0000
-5.0850 -16.4250 0.0000 1.0000
-5.0550 -16.4250 0.0000 1.0000
-5.0250 -16.4250 0.0000 1.0000
-4.9950 -16.4250 0.0000 1.0000
-4.9650 -16.4250 0.0000 1.0000
-4.9350 -16.4250 0.0000 1.0000
-4.9050 -16.4250 0.0000 1.0000
0.3750 -16.4250 0.0000 1.0000
0.4650 -16.4250 0.0000 1.0000
0.4950 -16.4250 0.0000 1.0000
0.5250 -16.4250 0.0000 1.0000
0.6450 -16.4250 0.0000 1.0000
0.6750 -16.4250 0.0000 1.0000
0.7050 -16.4250 0.0000 1.0000
0.7350 -16.4250 0.0000 1.0000
0.7650 -16.4250 0.0000 1.0000
9.5550 -16.4250 0.0000 1.0000
10.0950 -16.4250 0.0000 1.0000
-11.0250 -16.4550 0.0000 1.0000
-10.7850 -16.4550 0.0000 1.0000
-10.5750 -16.4550 0.0000 1.0000
-8.8950 -16.4550 0.0000 1.0000
-8.8650 -16.4550 0.0000 1.0000
-8.8350 -16.4550 0.0000 1.0000
-5.6550 -16.4550 0.0000 1.0000
-5.6250 -16.4550 0.0000 1.0000
-5.5950 -16.4550 0.0000 1.0000
-5.5650 -16.4550 0.0000 1.0000
-5.5350 -16.4550 0.0000 1.0000
-5.5050 -16.4550 0.0000 1.0000
-5.4750 -16.4550 0.0000 1.0000
-5.4450 -16.4550 0.0000 1.0000
-5.4150 -16.4550 0.0000 1.0000
-5.3850 -16.4550 0.0000 1.0000
-5.3550 -16.4550 0.0000 1.0000
-5.3250 -16.4550 0.0000 1.0000
-5.2950 -16.4550 0.0000 1.0000
-5.2650 -16.4550 0.0000 1.0000
-5.2350 -16.4550 0.0000 1.0000
-5.2050 -16.4550 0.0000 1.0000
-5.1750 -16.4550 0.0000 1.0000
-5.1450 -16.4550 0.0000 1.0000
-0.6450 -16.4550 0.0000 1.0000
0.4650 -16.4550 0.0000 1.0000
0.5550 -16.4550 0.0000 1.0000
0.7050 -16.4550 0.0000 1.0000
0.7350 -16.4550 0.0000 1.0000
0.7650 -16.4550 0.0000 1.0000
0.8850 -16.4550 0.0000 1.0000
0.9150 -16.4550 0.0000 1.0000
9.9150 -16.4550 0.0000 1.0000
-11.0250 -16.4850 0.0000 1.0000
-10.9950 -16.4850 0.0000 1.0000
-10.7250 -16.4850 0.0000 1.0000
-10.6950 -16.4850 0.0000 1.0000
-10.6350 -16.4850 0.0000 1.0000
-10.6050 -16.4850 0.0000 1.0000
-9.0150 -16.4850 0.0000 1.0000
-8.8650 -16.4850 0.0000 1.0000
-8.8350 -16.4850 0.0000 1.0000
-5.9250 -16.4850 0.0000 1.0000
-5.8950 -16.4850 0.0000 1.0000
-5.8650 -16.4850 0.0000 1.0000
-5.8350 -16.4850 0.0000 1.0000
-5.8050 -16.4850 0.0000 1.0000
-5.7750 -16.4850 0.0000 1.0000
-5.7450 -16.4850 0.0000 1.0000
-5.7150 -16.4850 0.0000 1.0000
-5.6850 -16.4850 0.0000 1.0000
-5.6550 -16.4850 0.0000 1.0000
-5.6250 -16.4850 0.0000 1.0000
-5.5950 -16.4850 0.0000 1.0000
-5.5650 -16.4850 0.0000 1.0000
-5.5350 -16.4850 0.0000 1.0000
-5.5050 -16.4850 0.0000 1.0000
-5.4750 -16.4850 0.0000 1.0000
-5.4450 -16.4850 0.0000 1.0000
0.4650 -16.4850 0.0000 1.0000
0.4950 -16.4850 0.0000 1.0000
0.6150 -16.4850 0.0000 1.0000
0.6450 -16.4850 0.0000 1.0000
0.7050 -16.4850 0.0000 1.0000
0.8850 -16.4850 0.0000 1.0000
0.9150 -16.4850 0.0000 1.0000
0.9450 -16.4850 0.0000 1.0000
9.8250 -16.4850 0.0000 1.0000
10.1550 -16.4850 0.0000 1.0000
-10.8150 -16.5150 0.0000 1.0000
-10.7850 -16.5150 0.0000 1.0000
-10.7550 -16.5150 0.0000 1.0000
-10.7250 -16.5150 0.0000 1.0000
-10.6650 -16.5150 0.0000 1.0000
-10.6350 -16.5150 0.0000 1.0000
-10.6050 -16.5150 0.0000 1.0000
-8.8650 -16.5150 0.0000 1.0000
-8.8350 -16.5150 0.0000 1.0000
-8.8050 -16.5150 0.0000 1.0000
-8.7750 -16.5150 0.0000 1.0000
-6.4350 -16.5150 0.0000 1.0000
-6.4050 -16.5150 0.0000 1.0000
-6.2550 -16.5150 0.0000 1.0000
-6.2250 -16.5150 0.0000 1.0000
-6.1950 -16.5150 0.0000 1.0000
-6.1650 -16.5150 0.0000 1.0000
-6.1350 -16.5150 0.0000 1.0000
-6.1050 -16.5150 0.0000 1.0000
-6.0750 -16.5150 0.0000 1.0000
-6.0450 -16.5150 0.0000 1.0000
-6.0150 -16.5150 0.0000 1.0000
-5.9850 -16.5150 0.0000 1.0000
-5.9550 -16.5150 0.0000 1.0000
-5.9250 -16.5150 0.0000 1.0000
-5.8950 -16.5150 0.0000 1.0000
-5.8650 -16.5150 0.0000 1.0000
-5.8350 -16.5150 0.0000 1.0000
-5.8050 -16.5150 0.0000 1.0000
-5.7750 -16.5150 0.0000 1.0000
-5.7450 -16.5150 0.0000 1.0000
0.4650 -16.5150 0.0000 1.0000
0.4950 -16.5150 0.0000 1.0000
0.8850 -16.5150 0.0000 1.0000
0.9450 -16.5150 0.0000 1.0000
0.9750 -16.5150 0.0000 1.0000
1.0050 -16.5150 0.0000 1.0000
1.0350 -16.5150 0.0000 1.0000
-10.6950 -16.5450 0.0000 1.0000
-10.6650 -16.5450 0.0000 1.0000
-10.6350 -16.5450 0.0000 1.0000
-8.8350 -16.5450 0.0000 1.0000
-8.8050 -16.5450 0.0000 1.0000
-6.4650 -16.5450 0.0000 1.0000
-6.4350 -16.5450 0.0000 1.0000
-6.4050 -16.5450 0.0000 1.0000
-6.3750 -16.5450 0.0000 1.0000
-6.3450 -16.5450 0.0000 1.0000
-6.3150 -16.5450 0.0000 1.0000
-6.2850 -16.5450 0.0000 1.0000
-6.2550 -16.5450 0.0000 1.0000
-6.2250 -16.5450 0.0000 1.0000
-6.1950 -16.5450 0.0000 1.0000
-6.1650 -16.5450 0.0000 1.0000
-6.1350 -16.5450 0.0000 1.0000
-6.1050 -16.5450 0.0000 1.0000
-6.0750 -16.5450 0.0000 1.0000
-6.0450 -16.5450 0.0000 1.0000
0.6450 -16.5450 0.0000 1.0000
0.9450 -16.5450 0.0000 1.0000
0.9750 -16.5450 0.0000 1.0000
1.0350 -16.5450 0.0000 1.0000
1.0650 -16.5450 0.0000 1.0000
1.0950 -16.5450 0.0000 1.0000
9.7650 -16.5450 0.0000 1.0000
10.1550 -16.5450 0.0000 1.0000
-10.6350 -16.5750 0.0000 1.0000
-8.8650 -16.5750 0.0000 1.0000
-6.7350 -16.5750 0.0000 1.0000
-6.7050 -16.5750 0.0000 1.0000
-6.6750 -16.5750 0.0000 1.0000
-6.6450 -16.5750 0.0000 1.0000
-6.6150 -16.5750 0.0000 1.0000
-6.5850 -16.5750 0.0000 1.0000
-6.5550 -16.5750 0.0000 1.0000
-6.5250 -16.5750 0.0000 1.0000
-6.4950 -16.5750 0.0000 1.0000
-6.4650 -16.5750 0.0000 1.0000
-6.4350 -16.5750 0.0000 1.0000
-6.4050 -16.5750 0.0000 1.0000
-6.3750 -16.5750 0.0000 1.0000
-6.3450 -16.5750 0.0000 1.0000
-6.2850 -16.5750 0.0000 1.0000
-3.5250 -16.5750 0.0000 1.0000
0.5850 -16.5750 0.0000 1.0000
0.6150 -16.5750 0.0000 1.0000
0.6450 -16.5750 0.0000 1.0000
0.9750 -16.5750 0.0000 1.0000
1.0650 -16.5750 0.0000 1.0000
10.1250 -16.5750 0.0000 1.0000
-10.6650 -16.6050 0.0000 1.0000
-10.6350 -16.6050 0.0000 1.0000
-10.6050 -16.6050 0.0000 1.0000
-8.8950 -16.6050 0.0000 1.0000
-8.8650 -16.6050 0.0000 1.0000
-8.8350 -16.6050 0.0000 1.0000
-6.9750 -16.6050 0.0000 1.0000
-6.9450 -16.6050 0.0000 1.0000
-6.9150 -16.6050 0.0000 1.0000
-6.8850 -16.6050 0.0000 1.0000
-6.8550 -16.6050 0.0000 1.0000
-6.8250 -16.6050 0.0000 1.0000
-6.7950 -16.6050 0.0000 1.0000
-6.7650 -16.6050 0.0000 1.0000
-6.7350 -16.6050 0.0000 1.0000
-6.7050 -16.6050 0.0000 1.0000
-6.6750 -16.6050 0.0000 1.0000
-6.6450 -16.6050 0.0000 1.0000
-6.5850 -16.6050 0.0000 1.0000
-3.4950 -16.6050 0.0000 1.0000
-3.4350 -16.6050 0.0000 1.0000
0.6750 -16.6050 0.0000 1.0000
0.7050 -16.6050 0.0000 1.0000
0.7350 -16.6050 0.0000 1.0000
0.9750 -16.6050 0.0000 1.0000
-10.7250 -16.6350 0.0000 1.0000
-10.6050 -16.6350 0.0000 1.0000
-10.5750 -16.6350 0.0000 1.0000
-8.8950 -16.6350 0.0000 1.0000
-8.8650 -16.6350 0.0000 1.0000
-8.8350 -16.6350 0.0000 1.0000
-8.8050 -16.6350 0.0000 1.0000
-7.0350 -16.6350 0.0000 1.0000
-7.0050 -16.6350 0.0000 1.0000
-6.9750 -16.6350 0.0000 1.0000
-6.9450 -16.6350 0.0000 1.0000
-6.9150 -16.6350 0.0000 1.0000
-3.4650 -16.6350 0.0000 1.0000
9.7650 -16.6350 0.0000 1.0000
10.1250 -16.6350 0.0000 1.0000
-10.5750 -16.6650 0.0000 1.0000
-10.5450 -16.6650 0.0000 1.0000
-7.1250 -16.6650 0.0000 1.0000
-7.0950 -16.6650 0.0000 1.0000
-7.0650 -16.6650 0.0000 1.0000
-7.0350 -16.6650 0.0000 1.0000
-7.0050 -16.6650 0.0000 1.0000
-6.9750 -16.6650 0.0000 1.0000
-6.9450 -16.6650 0.0000 1.0000
0.4950 -16.6650 0.0000 1.0000
0.5250 -16.6650 0.0000 1.0000
0.5550 -16.6650 0.0000 1.0000
9.1650 -16.6650 0.0000 1.0000
9.6450 -16.6650 0.0000 1.0000
-10.8150 -16.6950 0.0000 1.0000
-10.6950 -16.6950 0.0000 1.0000
-10.4850 -16.6950 0.0000 1.0000
-8.9250 -16.6950 0.0000 1.0000
-8.8950 -16.6950 0.0000 1.0000
-8.8650 -16.6950 0.0000 1.0000
-8.8350 -16.6950 0.0000 1.0000
-7.2450 -16.6950 0.0000 1.0000
-7.2150 -16.6950 0.0000 1.0000
-7.1550 -16.6950 0.0000 1.0000
0.4350 -16.6950 0.0000 1.0000
0.5250 -16.6950 0.0000 1.0000
0.5850 -16.6950 0.0000 1.0000
9.4950 -16.6950 0.0000 1.0000
10.1550 -16.6950 0.0000 1.0000
-10.6950 -16.7250 0.0000 1.0000
-10.5750 -16.7250 0.0000 1.0000
-10.5450 -16.7250 0.0000 1.0000
-8.9550 -16.7250 0.0000 1.0000
-8.9250 -16.7250 0.0000 1.0000
-8.8950 -16.7250 0.0000 1.0000
-8.8650 -16.7250 0.0000 1.0000
-8.8350 -16.7250 0.0000 1.0000
-8.7750 -16.7250 0.0000 1.0000
-8.7450 -16.7250 0.0000 1.0000
-8.3850 -16.7250 0.0000 1.0000
-8.1450 -16.7250 0.0000 1.0000
-8.1150 -16.7250 0.0000 1.0000
-8.0850 -16.7250 0.0000 1.0000
-8.0550 -16.7250 0.0000 1.0000
-8.0250 -16.7250 0.0000 1.0000
-7.9950 -16.7250 0.0000 1.0000
-7.9650 -16.7250 0.0000 1.0000
-7.9350 -16.7250 0.0000 1.0000
-7.9050 -16.7250 0.0000 1.0000
-7.8750 -16.7250 0.0000 1.0000
-7.8450 -16.7250 0.0000 1.0000
-7.8150 -16.7250 0.0000 1.0000
-7.7850 -16.7250 0.0000 1.0000
-7.1250 -16.7250 0.0000 1.0000
-7.0650 -16.7250 0.0000 1.0000
-3.5550 -16.7250 0.0000 1.0000
-3.4950 -16.7250 0.0000 1.0000
0.4350 -16.7250 0.0000 1.0000
0.4950 -16.7250 0.0000 1.0000
0.5850 -16.7250 0.0000 1.0000
9.4950 -16.7250 0.0000 1.0000
9.5250 -16.7250 0.0000 1.0000
9.6750 -16.7250 0.0000 1.0000
-10.6950 -16.7550 0.0000 1.0000
-10.5450 -16.7550 0.0000 1.0000
-8.9850 -16.7550 0.0000 1.0000
-8.9550 -16.7550 0.0000 1.0000
-8.9250 -16.7550 0.0000 1.0000
-8.8950 -16.7550 0.0000 1.0000
-8.8650 -16.7550 0.0000 1.0000
-8.8350 -16.7550 0.0000 1.0000
-8.7450 -16.7550 0.0000 1.0000
-8.7150 -16.7550 0.0000 1.0000
-8.4150 -16.7550 0.0000 1.0000
-8.3850 -16.7550 0.0000 1.0000
-8.3550 -16.7550 0.0000 1.0000
-8.3250 -16.7550 0.0000 1.0000
-8.2950 -16.7550 0.0000 1.0000
-8.2650 -16.7550 0.0000 1.0000
-8.2350 -16.7550 0.0000 1.0000
-8.2050 -16.7550 0.0000 1.0000
-8.1750 -16.7550 0.0000 1.0000
-8.1450 -16.7550 0.0000 1.0000
-8.1150 -16.7550 0.0000 1.0000
-8.0850 -16.7550 0.0000 1.0000
-3.5250 -16.7550 0.0000 1.0000
-3.4950 -16.7550 0.0000 1.0000
0.4950 -16.7550 0.0000 1.0000
0.5850 -16.7550 0.0000 1.0000
9.4650 -16.7550 0.0000 1.0000
9.8250 -16.7550 0.0000 1.0000
10.1550 -16.7550 0.0000 1.0000
-10.5450 -16.7850 0.0000 1.0000
-8.8950 -16.7850 0.0000 1.0000
-8.8650 -16.7850 0.0000 1.0000
-8.8350 -16.7850 0.0000 1.0000
-8.4450 -16.7850 0.0000 1.0000
-8.4150 -16.7850 0.0000 1.0000
-8.3850 -16.7850 0.0000 1.0000
-8.3550 -16.7850 0.0000 1.0000
0.5250 -16.7850 0.0000 1.0000
0.5550 -16.7850 0.0000 1.0000
0.5850 -16.7850 0.0000 1.0000
0.6150 -16.7850 0.0000 1.0000
9.4350 -16.7850 0.0000 1.0000
10.1250 -16.7850 0.0000 1.0000
-10.6050 -16.8150 0.0000 1.0000
-8.8350 -16.8150 0.0000 1.0000
-8.7450 -16.8150 0.0000 1.0000
-8.7150 -16.8150 0.0000 1.0000
-8.6850 -16.8150 0.0000 1.0000
-8.4450 -16.8150 0.0000 1.0000
-8.4150 -16.8150 0.0000 1.0000
-8.3850 -16.8150 0.0000 1.0000
0.6450 -16.8150 0.0000 1.0000
9.3750 -16.8150 0.0000 1.0000
-10.8150 -16.8450 0.0000 1.0000
-10.6050 -16.8450 0.0000 1.0000
-10.5750 -16.8450 0.0000 1.0000
-10.5450 -16.8450 0.0000 1.0000
-8.8350 -16.8450 0.0000 1.0000
-8.8050 -16.8450 0.0000 1.0000
-8.4450 -16.8450 0.0000 1.0000
-7.8150 -16.8450 0.0000 1.0000
-7.7850 -16.8450 0.0000 1.0000
-6.9450 -16.8450 0.0000 1.0000
9.3450 -16.8450 0.0000 1.0000
-10.8450 -16.8750 0.0000 1.0000
-10.8150 -16.8750 0.0000 1.0000
-10.7850 -16.8750 0.0000 1.0000
-10.6350 -16.8750 0.0000 1.0000
-10.6050 -16.8750 0.0000 1.0000
-10.5750 -16.8750 0.0000 1.0000
-10.5450 -16.8750 0.0000 1.0000
-10.3950 -16.8750 0.0000 1.0000
-8.8350 -16.8750 0.0000 1.0000
-8.8050 -16.8750 0.0000 1.0000
-8.7750 -16.8750 0.0000 1.0000
-8.7450 -16.8750 0.0000 1.0000
-8.6850 -16.8750 0.0000 1.0000
-8.6550 -16.8750 0.0000 1.0000
-8.6250 -16.8750 0.0000 1.0000
-7.9050 -16.8750 0.0000 1.0000
-7.0350 -16.8750 0.0000 1.0000
-6.9750 -16.8750 0.0000 1.0000
-6.9150 -16.8750 0.0000 1.0000
-6.8850 -16.8750 0.0000 1.0000
9.3150 -16.8750 0.0000 1.0000
-10.8150 -16.9050 0.0000 1.0000
-10.4250 -16.9050 0.0000 1.0000
-8.8050 -16.9050 0.0000 1.0000
-8.7750 -16.9050 0.0000 1.0000
-8.7450 -16.9050 0.0000 1.0000
-8.6850 -16.9050 0.0000 1.0000
-8.6250 -16.9050 0.0000 1.0000
-8.5650 -16.9050 0.0000 1.0000
-8.5050 -16.9050 0.0000 1.0000
-8.4750 -16.9050 0.0000 1.0000
-8.4450 -16.9050 0.0000 1.0000
-7.9350 -16.9050 0.0000 1.0000
-7.9050 -16.9050 0.0000 1.0000
-7.8750 -16.9050 0.0000 1.0000
-7.0650 -16.9050 0.0000 1.0000
-7.0350 -16.9050 0.0000 1.0000
-7.0050 -16.9050 0.0000 1.0000
-6.9750 -16.9050 0.0000 1.0000
-6.8850 -16.9050 0.0000 1.0000
-10.8450 -16.9350 0.0000 1.0000
-10.8150 -16.9350 0.0000 1.0000
-10.7850 -16.9350 0.0000 1.0000
-10.5450 -16.9350 0.0000 1.0000
-10.5150 -16.9350 0.0000 1.0000
-8.7150 -16.9350 0.0000 1.0000
-8.5650 -16.9350 0.0000 1.0000
-8.5350 -16.9350 0.0000 1.0000
-8.4750 -16.9350 0.0000 1.0000
-7.9350 -16.9350 0.0000 1.0000
-7.9050 -16.9350 0.0000 1.0000
-7.7550 -16.9350 0.0000 1.0000
9.2550 -16.9350 0.0000 1.0000
-10.8150 -16.9650 0.0000 1.0000
-8.7150 -16.9650 0.0000 1.0000
-8.6550 -16.9650 0.0000 1.0000
-8.4750 -16.9650 0.0000 1.0000
-7.8750 -16.9650 0.0000 1.0000
-7.7250 -16.9650 0.0000 1.0000
-10.8150 -16.9950 0.0000 1.0000
-10.7850 -16.9950 0.0000 1.0000
-8.7450 -16.9950 0.0000 1.0000
-8.7150 -16.9950 0.0000 1.0000
-8.3850 -16.9950 0.0000 1.0000
-8.3550 -16.9950 0.0000 1.0000
-7.9350 -16.9950 0.0000 1.0000
-7.0350 -16.9950 0.0000 1.0000
-7.0050 -16.9950 0.0000 1.0000
-6.9450 -16.9950 0.0000 1.0000
-6.8250 -16.9950 0.0000 1.0000
9.1050 -16.9950 0.0000 1.0000
-10.8150 -17.0250 0.0000 1.0000
-10.7850 -17.0250 0.0000 1.0000
-8.7750 -17.0250 0.0000 1.0000
-8.7450 -17.0250 0.0000 1.0000
-8.7150 -17.0250 0.0000 1.0000
-8.6850 -17.0250 0.0000 1.0000
-8.6550 -17.0250 0.0000 1.0000
-8.6250 -17.0250 0.0000 1.0000
-8.4750 -17.0250 0.0000 1.0000
-8.3850 -17.0250 0.0000 1.0000
-8.3550 -17.0250 0.0000 1.0000
-7.9350 -17.0250 0.0000 1.0000
-7.6050 -17.0250 0.0000 1.0000
-7.5750 -17.0250 0.0000 1.0000
-7.5450 -17.0250 0.0000 1.0000
-7.0350 -17.0250 0.0000 1.0000
-6.9750 -17.0250 0.0000 1.0000
-6.9450 -17.0250 0.0000 1.0000
-6.9150 -17.0250 0.0000 1.0000
-10.9650 -17.0550 0.0000 1.0000
-10.9050 -17.0550 0.0000 1.0000
-10.8150 -17.0550 0.0000 1.0000
-8.7150 -17.0550 0.0000 1.0000
-8.6550 -17.0550 0.0000 1.0000
-8.6250 -17.0550 0.0000 1.0000
-8.5950 -17.0550 0.0000 1.0000
-7.9650 -17.0550 0.0000 1.0000
-7.9350 -17.0550 0.0000 1.0000
-7.9050 -17.0550 0.0000 1.0000
-7.6050 -17.0550 0.0000 1.0000
-7.1850 -17.0550 0.0000 1.0000
-7.1550 -17.0550 0.0000 1.0000
-7.1250 -17.0550 0.0000 1.0000
-7.0650 -17.0550 0.0000 1.0000
-7.0350 -17.0550 0.0000 1.0000
-7.0050 -17.0550 0.0000 1.0000
-6.9450 -17.0550 0.0000 1.0000
10.0050 -17.0550 0.0000 1.0000
-10.9950 -17.0850 0.0000 1.0000
-10.9650 -17.0850 0.0000 1.0000
-8.6850 -17.0850 0.0000 1.0000
-8.6550 -17.0850 0.0000 1.0000
-8.6250 -17.0850 0.0000 1.0000
-8.5950 -17.0850 0.0000 1.0000
-8.5650 -17.0850 0.0000 1.0000
-8.5050 -17.0850 0.0000 1.0000
-8.4750 -17.0850 0.0000 1.0000
-8.3850 -17.0850 0.0000 1.0000
-8.3550 -17.0850 0.0000 1.0000
-7.9650 -17.0850 0.0000 1.0000
-7.9350 -17.0850 0.0000 1.0000
-7.8150 -17.0850 0.0000 1.0000
-7.7850 -17.0850 0.0000 1.0000
-7.6950 -17.0850 0.0000 1.0000
-7.6350 -17.0850 0.0000 1.0000
-7.5150 -17.0850 0.0000 1.0000
-7.3050 -17.0850 0.0000 1.0000
-7.1850 -17.0850 0.0000 1.0000
-7.1250 -17.0850 0.0000 1.0000
9.8250 -17.0850 0.0000 1.0000
-10.9950 -17.1150 0.0000 1.0000
-10.9650 -17.1150 0.0000 1.0000
-8.7750 -17.1150 0.0000 1.0000
-8.7450 -17.1150 0.0000 1.0000
-8.7150 -17.1150 0.0000 1.0000
-8.6850 -17.1150 0.0000 1.0000
-8.5950 -17.1150 0.0000 1.0000
-8.5650 -17.1150 0.0000 1.0000
-8.5350 -17.1150 0.0000 1.0000
-8.5050 -17.1150 0.0000 1.0000
-8.4750 -17.1150 0.0000 1.0000
-7.9350 -17.1150 0.0000 1.0000
-7.8750 -17.1150 0.0000 1.0000
-7.8450 -17.1150 0.0000 1.0000
-7.8150 -17.1150 0.0000 1.0000
-7.7850 -17.1150 0.0000 1.0000
-7.7550 -17.1150 0.0000 1.0000
-7.7250 -17.1150 0.0000 1.0000
-7.6350 -17.1150 0.0000 1.0000
-7.6050 -17.1150 0.0000 1.0000
-7.5150 -17.1150 0.0000 1.0000
-7.4250 -17.1150 0.0000 1.0000
-7.3950 -17.1150 0.0000 1.0000
-7.3650 -17.1150 0.0000 1.0000
-7.3350 -17.1150 0.0000 1.0000
-7.3050 -17.1150 0.0000 1.0000
-7.2150 -17.1150 0.0000 1.0000
-7.0350 -17.1150 0.0000 1.0000
-7.0050 -17.1150 0.0000 1.0000
-6.9450 -17.1150 0.0000 1.0000
-10.9950 -17.1450 0.0000 1.0000
-10.9650 -17.1450 0.0000 1.0000
-8.7450 -17.1450 0.0000 1.0000
-8.7150 -17.1450 0.0000 1.0000
-8.5050 -17.1450 0.0000 1.0000
-8.4750 -17.1450 0.0000 1.0000
-8.3250 -17.1450 0.0000 1.0000
-7.9350 -17.1450 0.0000 1.0000
-7.9050 -17.1450 0.0000 1.0000
-7.8150 -17.1450 0.0000 1.0000
-7.6050 -17.1450 0.0000 1.0000
-7.5750 -17.1450 0.0000 1.0000
-7.5150 -17.1450 0.0000 1.0000
-7.4850 -17.1450 0.0000 1.0000
-7.4250 -17.1450 0.0000 1.0000
-7.3950 -17.1450 0.0000 1.0000
-7.3650 -17.1450 0.0000 1.0000
-7.2750 -17.1450 0.0000 1.0000
-7.2150 -17.1450 0.0000 1.0000
-7.0350 -17.1450 0.0000 1.0000
-7.0050 -17.1450 0.0000 1.0000
-10.9950 -17.1750 0.0000 1.0000
-10.9650 -17.1750 0.0000 1.0000
-8.5650 -17.1750 0.0000 1.0000
-7.7850 -17.1750 0.0000 1.0000
-7.5750 -17.1750 0.0000 1.0000
-7.5450 -17.1750 0.0000 1.0000
-7.3050 -17.1750 0.0000 1.0000
-7.2450 -17.1750 0.0000 1.0000
-7.2150 -17.1750 0.0000 1.0000
-7.1550 -17.1750 0.0000 1.0000
-7.0350 -17.1750 0.0000 1.0000
-7.0050 -17.1750 0.0000 1.0000
-6.9750 -17.1750 0.0000 1.0000
-10.9950 -17.2050 0.0000 1.0000
-10.9650 -17.2050 0.0000 1.0000
-8.5650 -17.2050 0.0000 1.0000
-8.5350 -17.2050 0.0000 1.0000
-7.7250 -17.2050 0.0000 1.0000
-7.4250 -17.2050 0.0000 1.0000
-7.3050 -17.2050 0.0000 1.0000
-7.0650 -17.2050 0.0000 1.0000
-7.0350 -17.2050 0.0000 1.0000
-10.9950 -17.2350 0.0000 1.0000
-10.9650 -17.2350 0.0000 1.0000
-10.9350 -17.2350 0.0000 1.0000
-8.5650 -17.2350 0.0000 1.0000
-8.5350 -17.2350 0.0000 1.0000
-8.5050 -17.2350 0.0000 1.0000
-7.7550 -17.2350 0.0000 1.0000
-7.7250 -17.2350 0.0000 1.0000
-7.4250 -17.2350 0.0000 1.0000
-7.3950 -17.2350 0.0000 1.0000
-7.3050 -17.2350 0.0000 1.0000
-7.2750 -17.2350 0.0000 1.0000
-7.1550 -17.2350 0.0000 1.0000
-10.9650 -17.2650 0.0000 1.0000
-10.9350 -17.2650 0.0000 1.0000
-7.7550 -17.2650 0.0000 1.0000
-7.7250 -17.2650 0.0000 1.0000
-7.2750 -17.2650 0.0000 1.0000
-7.2450 -17.2650 0.0000 1.0000
2.3850 -17.2650 0.0000 1.0000
2.4450 -17.2650 0.0000 1.0000
-10.9650 -17.2950 0.0000 1.0000
-10.9350 -17.2950 0.0000 1.0000
-7.8150 -17.2950 0.0000 1.0000
-7.7550 -17.2950 0.0000 1.0000
-7.6950 -17.2950 0.0000 1.0000
-7.6050 -17.2950 0.0000 1.0000
-7.3050 -17.2950 0.0000 1.0000
-7.2750 -17.2950 0.0000 1.0000
-7.2150 -17.2950 0.0000 1.0000
-7.1850 -17.2950 0.0000 1.0000
1.9350 -17.2950 0.0000 1.0000
1.9650 -17.2950 0.0000 1.0000
1.9950 -17.2950 0.0000 1.0000
2.0250 -17.2950 0.0000 1.0000
2.0550 -17.2950 0.0000 1.0000
2.1750 -17.2950 0.0000 1.0000
2.2050 -17.2950 0.0000 1.0000
2.2350 -17.2950 0.0000 1.0000
2.2650 -17.2950 0.0000 1.0000
2.2950 -17.2950 0.0000 1.0000
2.3250 -17.2950 0.0000 1.0000
2.3550 -17.2950 0.0000 1.0000
2.3850 -17.2950 0.0000 1.0000
2.4450 -17.2950 0.0000 1.0000
8.9850 -17.2950 0.0000 1.0000
-10.9650 -17.3250 0.0000 1.0000
-10.9350 -17.3250 0.0000 1.0000
-7.8450 -17.3250 0.0000 1.0000
-7.6950 -17.3250 0.0000 1.0000
-7.6650 -17.3250 0.0000 1.0000
-7.6350 -17.3250 0.0000 1.0000
-7.6050 -17.3250 0.0000 1.0000
-7.5150 -17.3250 0.0000 1.0000
-7.4850 -17.3250 0.0000 1.0000
-7.4550 -17.3250 0.0000 1.0000
1.5150 -17.3250 0.0000 1.0000
1.5450 -17.3250 0.0000 1.0000
1.5750 -17.3250 0.0000 1.0000
1.6050 -17.3250 0.0000 1.0000
1.6350 -17.3250 0.0000 1.0000
1.6650 -17.3250 0.0000 1.0000
1.6950 -17.3250 0.0000 1.0000
1.7250 -17.3250 0.0000 1.0000
1.7550 -17.3250 0.0000 1.0000
1.7850 -17.3250 0.0000 1.0000
1.8150 -17.3250 0.0000 1.0000
1.8450 -17.3250 0.0000 1.0000
1.8750 -17.3250 0.0000 1.0000
1.9050 -17.3250 0.0000 1.0000
1.9350 -17.3250 0.0000 1.0000
1.9650 -17.3250 0.0000 1.0000
1.9950 -17.3250 0.0000 1.0000
2.0250 -17.3250 0.0000 1.0000
2.0550 -17.3250 0.0000 1.0000
2.0850 -17.3250 0.0000 1.0000
2.1150 -17.3250 0.0000 1.0000
2.1450 -17.3250 0.0000 1.0000
2.1750 -17.3250 0.0000 1.0000
2.2050 -17.3250 0.0000 1.0000
2.2350 -17.3250 0.0000 1.0000
2.2650 -17.3250 0.0000 1.0000
-10.9650 -17.3550 0.0000 1.0000
-10.9350 -17.3550 0.0000 1.0000
-7.7250 -17.3550 0.0000 1.0000
-7.6950 -17.3550 0.0000 1.0000
-7.6650 -17.3550 0.0000 1.0000
-7.6350 -17.3550 0.0000 1.0000
-7.5450 -17.3550 0.0000 1.0000
-7.5150 -17.3550 0.0000 1.0000
-7.4850 -17.3550 0.0000 1.0000
1.3350 -17.3550 0.0000 1.0000
1.3650 -17.3550 0.0000 1.0000
1.3950 -17.3550 0.0000 1.0000
1.4250 -17.3550 0.0000 1.0000
1.4550 -17.3550 0.0000 1.0000
1.4850 -17.3550 0.0000 1.0000
1.5150 -17.3550 0.0000 1.0000
1.5450 -17.3550 0.0000 1.0000
1.5750 -17.3550 0.0000 1.0000
1.6050 -17.3550 0.0000 1.0000
1.6350 -17.3550 0.0000 1.0000
1.6650 -17.3550 0.0000 1.0000
-10.9650 -17.3850 0.0000 1.0000
-10.9350 -17.3850 0.0000 1.0000
-7.7250 -17.3850 0.0000 1.0000
-7.6950 -17.3850 0.0000 1.0000
-7.6650 -17.3850 0.0000 1.0000
0.9450 -17.3850 0.0000 1.0000
0.9750 -17.3850 0.0000 1.0000
1.0050 -17.3850 0.0000 1.0000
1.0350 -17.3850 0.0000 1.0000
1.0650 -17.3850 0.0000 1.0000
1.0950 -17.3850 0.0000 1.0000
1.1250 -17.3850 0.0000 1.0000
1.1550 -17.3850 0.0000 1.0000
1.1850 -17.3850 0.0000 1.0000
1.2150 -17.3850 0.0000 1.0000
1.2450 -17.3850 0.0000 1.0000
1.2750 -17.3850 0.0000 1.0000
1.3050 -17.3850 0.0000 1.0000
1.3350 -17.3850 0.0000 1.0000
1.3650 -17.3850 0.0000 1.0000
-10.9650 -17.4150 0.0000 1.0000
-10.9350 -17.4150 0.0000 1.0000
0.9450 -17.4150 0.0000 1.0000
0.9750 -17.4150 0.0000 1.0000
1.0050 -17.4150 0.0000 1.0000
1.0350 -17.4150 0.0000 1.0000
1.0650 -17.4150 0.0000 1.0000
1.0950 -17.4150 0.0000 1.0000
1.1250 -17.4150 0.0000 1.0000
1.1550 -17.4150 0.0000 1.0000
9.7650 -17.4150 0.0000 1.0000
-10.9650 -17.4450 0.0000 1.0000
-10.9350 -17.4450 0.0000 1.0000
-10.9050 -17.4450 0.0000 1.0000
0.9450 -17.4450 0.0000 1.0000
0.9750 -17.4450 0.0000 1.0000
1.0050 -17.4450 0.0000 1.0000
1.0350 -17.4450 0.0000 1.0000
1.0650 -17.4450 0.0000 1.0000
-10.9350 -17.4750 0.0000 1.0000
-10.9050 -17.4750 0.0000 1.0000
0.9450 -17.4750 0.0000 1.0000
1.0050 -17.4750 0.0000 1.0000
1.0350 -17.4750 0.0000 1.0000
-10.9350 -17.5050 0.0000 1.0000
-10.9050 -17.5050 0.0000 1.0000
0.9750 -17.5050 0.0000 1.0000
1.0050 -17.5050 0.0000 1.0000
1.0350 -17.5050 0.0000 1.0000
8.1150 -17.5050 0.0000 1.0000
9.6150 -17.5050 0.0000 1.0000
11.2950 -17.5050 0.0000 1.0000
-10.9650 -17.5350 0.0000 1.0000
-10.9350 -17.5350 0.0000 1.0000
-10.9050 -17.5350 0.0000 1.0000
1.0350 -17.5350 0.0000 1.0000
11.0250 -17.5350 0.0000 1.0000
-10.9650 -17.5650 0.0000 1.0000
-10.9050 -17.5650 0.0000 1.0000
1.0350 -17.5650 0.0000 1.0000
7.9650 -17.5650 0.0000 1.0000
9.6150 -17.5650 0.0000 1.0000
10.9650 -17.5650 0.0000 1.0000
11.2650 -17.5650 0.0000 1.0000
-10.9650 -17.5950 0.0000 1.0000
-10.9350 -17.5950 0.0000 1.0000
-10.9050 -17.5950 0.0000 1.0000
-10.9350 -17.6250 0.0000 1.0000
-10.9050 -17.6250 0.0000 1.0000
10.9350 -17.6250 0.0000 1.0000
-10.9050 -17.6550 0.0000 1.0000
-10.9350 -17.6850 0.0000 1.0000
-10.9050 -17.6850 0.0000 1.0000
8.0550 -17.6850 0.0000 1.0000
10.8450 -17.6850 0.0000 1.0000
10.9350 -17.6850 0.0000 1.0000
-10.9350 -17.7150 0.0000 1.0000
-10.9050 -17.7150 0.0000 1.0000
-10.9050 -17.7450 0.0000 1.0000
10.8150 -17.7450 0.0000 1.0000
-10.9050 -17.7750 0.0000 1.0000
-10.9050 -17.8050 0.0000 1.0000
-10.8750 -17.8050 0.0000 1.0000
10.5150 -17.8050 0.0000 1.0000
10.7850 -17.8050 0.0000 1.0000
-10.9050 -17.8350 0.0000 1.0000
-10.8750 -17.8350 0.0000 1.0000
-10.7250 -17.8350 0.0000 1.0000
-10.6950 -17.8350 0.0000 1.0000
-10.2750 -17.8350 0.0000 1.0000
9.9450 -17.8350 0.0000 1.0000
10.4850 -17.8350 0.0000 1.0000
10.7550 -17.8350 0.0000 1.0000
-10.9050 -17.8650 0.0000 1.0000
-10.8750 -17.8650 0.0000 1.0000
-10.8450 -17.8650 0.0000 1.0000
-10.8150 -17.8650 0.0000 1.0000
-10.7850 -17.8650 0.0000 1.0000
-10.7250 -17.8650 0.0000 1.0000
-10.6950 -17.8650 0.0000 1.0000
9.3750 -17.8650 0.0000 1.0000
9.4350 -17.8650 0.0000 1.0000
9.5550 -17.8650 0.0000 1.0000
-10.8150 -17.8950 0.0000 1.0000
-10.7850 -17.8950 0.0000 1.0000
-10.7550 -17.8950 0.0000 1.0000
-10.7250 -17.8950 0.0000 1.0000
-10.6950 -17.8950 0.0000 1.0000
-10.6650 -17.8950 0.0000 1.0000
10.4550 -17.8950 0.0000 1.0000
-10.7550 -17.9250 0.0000 1.0000
-10.6950 -17.9250 0.0000 1.0000
-10.6650 -17.9250 0.0000 1.0000
-10.4250 -17.9250 0.0000 1.0000
-10.3950 -17.9250 0.0000 1.0000
-10.2750 -17.9250 0.0000 1.0000
-6.7050 -17.9250 0.0000 1.0000
9.3450 -17.9250 0.0000 1.0000
10.0350 -17.9250 0.0000 1.0000
10.3650 -17.9250 0.0000 1.0000
-10.6950 -17.9550 0.0000 1.0000
-10.6650 -17.9550 0.0000 1.0000
9.9750 -17.9550 0.0000 1.0000
-10.6650 -17.9850 0.0000 1.0000
-10.6350 -17.9850 0.0000 1.0000
-10.5450 -17.9850 0.0000 1.0000
-10.4850 -17.9850 0.0000 1.0000
-10.4550 -17.9850 0.0000 1.0000
9.1650 -17.9850 0.0000 1.0000
9.7350 -17.9850 0.0000 1.0000
9.8850 -17.9850 0.0000 1.0000
-10.6650 -18.0150 0.0000 1.0000
-10.6350 -18.0150 0.0000 1.0000
-10.5450 -18.0150 0.0000 1.0000
-10.4550 -18.0150 0.0000 1.0000
-10.4250 -18.0150 0.0000 1.0000
-10.3650 -18.0150 0.0000 1.0000
-10.3350 -18.0150 0.0000 1.0000
-10.3050 -18.0150 0.0000 1.0000
-10.2750 -18.0150 0.0000 1.0000
9.6750 -18.0150 0.0000 1.0000
-10.6950 -18.0450 0.0000 1.0000
-10.6650 -18.0450 0.0000 1.0000
-10.6350 -18.0450 0.0000 1.0000
-10.6050 -18.0450 0.0000 1.0000
-10.5750 -18.0450 0.0000 1.0000
-10.5450 -18.0450 0.0000 1.0000
-10.3650 -18.0450 0.0000 1.0000
-10.3050 -18.0450 0.0000 1.0000
8.2950 -18.0450 0.0000 1.0000
9.0750 -18.0450 0.0000 1.0000
-10.6950 -18.0750 0.0000 1.0000
-10.6650 -18.0750 0.0000 1.0000
-10.6350 -18.0750 0.0000 1.0000
-10.5750 -18.0750 0.0000 1.0000
-10.5450 -18.0750 0.0000 1.0000
-10.3350 -18.0750 0.0000 1.0000
-10.3050 -18.0750 0.0000 1.0000
-10.2750 -18.0750 0.0000 1.0000
10.0350 -18.0750 0.0000 1.0000
-10.7250 -18.1050 0.0000 1.0000
-10.6950 -18.1050 0.0000 1.0000
-10.4550 -18.1050 0.0000 1.0000
-10.2750 -18.1050 0.0000 1.0000
-10.2450 -18.1050 0.0000 1.0000
-10.2150 -18.1050 0.0000 1.0000
9.0450 -18.1050 0.0000 1.0000
9.4950 -18.1050 0.0000 1.0000
9.5550 -18.1050 0.0000 1.0000
10.0050 -18.1050 0.0000 1.0000
10.0350 -18.1050 0.0000 1.0000
-10.6650 -18.1350 0.0000 1.0000
-10.6350 -18.1350 0.0000 1.0000
-10.6050 -18.1350 0.0000 1.0000
-10.4850 -18.1350 0.0000 1.0000
-10.3050 -18.1350 0.0000 1.0000
-10.2450 -18.1350 0.0000 1.0000
-10.2150 -18.1350 0.0000 1.0000
9.6150 -18.1350 0.0000 1.0000
-10.5750 -18.1650 0.0000 1.0000
-10.4250 -18.1650 0.0000 1.0000
-10.3350 -18.1650 0.0000 1.0000
-10.2750 -18.1650 0.0000 1.0000
-10.2450 -18.1650 0.0000 1.0000
9.7050 -18.1650 0.0000 1.0000
9.9750 -18.1650 0.0000 1.0000
10.0350 -18.1650 0.0000 1.0000
-10.5450 -18.1950 0.0000 1.0000
-10.5150 -18.1950 0.0000 1.0000
-10.4850 -18.1950 0.0000 1.0000
-10.3950 -18.1950 0.0000 1.0000
-10.3650 -18.1950 0.0000 1.0000
-10.1850 -18.1950 0.0000 1.0000
8.9250 -18.1950 0.0000 1.0000
9.3450 -18.1950 0.0000 1.0000
9.4650 -18.1950 0.0000 1.0000
9.4950 -18.1950 0.0000 1.0000
9.6450 -18.1950 0.0000 1.0000
-10.6350 -18.2250 0.0000 1.0000
-10.6050 -18.2250 0.0000 1.0000
-10.4850 -18.2250 0.0000 1.0000
-10.4550 -18.2250 0.0000 1.0000
-10.2750 -18.2250 0.0000 1.0000
-10.1850 -18.2250 0.0000 1.0000
-10.1550 -18.2250 0.0000 1.0000
9.1650 -18.2250 0.0000 1.0000
9.4650 -18.2250 0.0000 1.0000
9.6450 -18.2250 0.0000 1.0000
-10.6050 -18.2550 0.0000 1.0000
-10.5750 -18.2550 0.0000 1.0000
-10.5450 -18.2550 0.0000 1.0000
-10.4850 -18.2550 0.0000 1.0000
-10.4550 -18.2550 0.0000 1.0000
-10.3950 -18.2550 0.0000 1.0000
-10.2750 -18.2550 0.0000 1.0000
-10.2450 -18.2550 0.0000 1.0000
-10.2150 -18.2550 0.0000 1.0000
-10.1850 -18.2550 0.0000 1.0000
-10.1550 -18.2550 0.0000 1.0000
-10.1250 -18.2550 0.0000 1.0000
7.9350 -18.2550 0.0000 1.0000
9.1350 -18.2550 0.0000 1.0000
9.3150 -18.2550 0.0000 1.0000
9.3450 -18.2550 0.0000 1.0000
9.4350 -18.2550 0.0000 1.0000
-10.4250 -18.2850 0.0000 1.0000
-10.2150 -18.2850 0.0000 1.0000
9.2850 -18.2850 0.0000 1.0000
9.6750 -18.2850 0.0000 1.0000
9.0750 -18.3150 0.0000 1.0000
9.2550 -18.3150 0.0000 1.0000
9.6150 -18.3150 0.0000 1.0000
-10.3350 -18.3450 0.0000 1.0000
8.8650 -18.3450 0.0000 1.0000
9.0150 -18.3450 0.0000 1.0000
9.5250 -18.3450 0.0000 1.0000
8.7450 -18.3750 0.0000 1.0000
8.9850 -18.3750 0.0000 1.0000
9.2250 -18.3750 0.0000 1.0000
9.4650 -18.3750 0.0000 1.0000
9.1050 -18.4050 0.0000 1.0000
-10.3950 -18.4350 0.0000 1.0000
-10.3650 -18.4350 0.0000 1.0000
-10.2750 -18.4350 0.0000 1.0000
-10.1550 -18.4350 0.0000 1.0000
6.5850 -18.4350 0.0000 1.0000
8.9850 -18.4350 0.0000 1.0000
9.4350 -18.4350 0.0000 1.0000
10.3050 -18.4350 0.0000 1.0000
-10.3950 -18.4650 0.0000 1.0000
-10.3650 -18.4650 0.0000 1.0000
-10.3350 -18.4650 0.0000 1.0000
-10.3050 -18.4650 0.0000 1.0000
-10.2750 -18.4650 0.0000 1.0000
-10.2150 -18.4650 0.0000 1.0000
-10.1850 -18.4650 0.0000 1.0000
-10.1550 -18.4650 0.0000 1.0000
8.6850 -18.4650 0.0000 1.0000
8.9550 -18.4650 0.0000 1.0000
9.1050 -18.4650 0.0000 1.0000
9.4350 -18.4650 0.0000 1.0000
-10.3350 -18.4950 0.0000 1.0000
-10.3050 -18.4950 0.0000 1.0000
-10.2750 -18.4950 0.0000 1.0000
-10.2150 -18.4950 0.0000 1.0000
-10.1850 -18.4950 0.0000 1.0000
-10.1550 -18.4950 0.0000 1.0000
9.4050 -18.4950 0.0000 1.0000
9.7350 -18.4950 0.0000 1.0000
10.2750 -18.4950 0.0000 1.0000
-10.1550 -18.5250 0.0000 1.0000
-10.1250 -18.5250 0.0000 1.0000
-10.0950 -18.5250 0.0000 1.0000
8.6550 -18.5250 0.0000 1.0000
8.9550 -18.5250 0.0000 1.0000
9.7050 -18.5250 0.0000 1.0000
-10.2150 -18.5550 0.0000 1.0000
-10.1850 -18.5550 0.0000 1.0000
-10.1250 -18.5550 0.0000 1.0000
7.6950 -18.5550 0.0000 1.0000
9.0450 -18.5550 0.0000 1.0000
9.3750 -18.5550 0.0000 1.0000
10.2750 -18.5550 0.0000 1.0000
-10.3350 -18.5850 0.0000 1.0000
-10.1250 -18.5850 0.0000 1.0000
-10.0950 -18.5850 0.0000 1.0000
6.2250 -18.5850 0.0000 1.0000
9.3150 -18.5850 0.0000 1.0000
9.7050 -18.5850 0.0000 1.0000
-10.3050 -18.6150 0.0000 1.0000
-10.2750 -18.6150 0.0000 1.0000
-10.2450 -18.6150 0.0000 1.0000
-10.2150 -18.6150 0.0000 1.0000
-10.1250 -18.6150 0.0000 1.0000
-10.0350 -18.6150 0.0000 1.0000
8.3550 -18.6150 0.0000 1.0000
8.9550 -18.6150 0.0000 1.0000
9.2250 -18.6150 0.0000 1.0000
9.4650 -18.6150 0.0000 1.0000
9.5850 -18.6150 0.0000 1.0000
-10.2150 -18.6450 0.0000 1.0000
-10.1250 -18.6450 0.0000 1.0000
8.8050 -18.6450 0.0000 1.0000
9.1950 -18.6450 0.0000 1.0000
-10.1850 -18.6750 0.0000 1.0000
-10.1550 -18.6750 0.0000 1.0000
-10.0950 -18.6750 0.0000 1.0000
9.1350 -18.6750 0.0000 1.0000
9.4650 -18.6750 0.0000 1.0000
8.7450 -18.7050 0.0000 1.0000
8.9850 -18.7050 0.0000 1.0000
9.1350 -18.7050 0.0000 1.0000
9.4650 -18.7050 0.0000 1.0000
-10.0650 -18.7350 0.0000 1.0000
-6.4950 -18.7350 0.0000 1.0000
8.9550 -18.7350 0.0000 1.0000
-10.0650 -18.7650 0.0000 1.0000
8.8950 -18.7650 0.0000 1.0000
9.1350 -18.7650 0.0000 1.0000
9.4350 -18.7650 0.0000 1.0000
-10.0650 -18.7950 0.0000 1.0000
8.8350 -18.7950 0.0000 1.0000
9.1350 -18.7950 0.0000 1.0000
9.4350 -18.7950 0.0000 1.0000
-10.3950 -18.8250 0.0000 1.0000
-10.3350 -18.8250 0.0000 1.0000
-10.2750 -18.8250 0.0000 1.0000
-10.0650 -18.8250 0.0000 1.0000
-10.0350 -18.8250 0.0000 1.0000
-10.0050 -18.8250 0.0000 1.0000
7.5150 -18.8250 0.0000 1.0000
8.5350 -18.8250 0.0000 1.0000
8.8050 -18.8250 0.0000 1.0000
-10.2450 -18.8550 0.0000 1.0000
-10.1850 -18.8550 0.0000 1.0000
-10.0950 -18.8550 0.0000 1.0000
-10.0350 -18.8550 0.0000 1.0000
-10.0050 -18.8550 0.0000 1.0000
8.6250 -18.8550 0.0000 1.0000
9.1050 -18.8550 0.0000 1.0000
9.4350 -18.8550 0.0000 1.0000
8.4450 -18.8850 0.0000 1.0000
8.8050 -18.8850 0.0000 1.0000
9.1050 -18.8850 0.0000 1.0000
9.4050 -18.8850 0.0000 1.0000
-10.2450 -18.9150 0.0000 1.0000
-10.2150 -18.9150 0.0000 1.0000
-10.1550 -18.9150 0.0000 1.0000
8.7750 -18.9150 0.0000 1.0000
9.0750 -18.9150 0.0000 1.0000
-10.1850 -18.9450 0.0000 1.0000
7.8150 -18.9450 0.0000 1.0000
8.4450 -18.9450 0.0000 1.0000
8.7450 -18.9450 0.0000 1.0000
9.0450 -18.9450 0.0000 1.0000
-10.1850 -19.0050 0.0000 1.0000
-3.1350 -19.0050 0.0000 1.0000
-3.0750 -19.0050 0.0000 1.0000
8.6550 -19.0050 0.0000 1.0000
8.7150 -19.0050 0.0000 1.0000
9.0150 -19.0050 0.0000 1.0000
-10.1850 -19.0350 0.0000 1.0000
-10.1550 -19.0350 0.0000 1.0000
-3.1650 -19.0350 0.0000 1.0000
-3.1350 -19.0350 0.0000 1.0000
-3.1050 -19.0350 0.0000 1.0000
-3.0750 -19.0350 0.0000 1.0000
-3.0450 -19.0350 0.0000 1.0000
7.7550 -19.0350 0.0000 1.0000
8.4450 -19.0350 0.0000 1.0000
8.5950 -19.0350 0.0000 1.0000
9.0150 -19.0350 0.0000 1.0000
-3.1650 -19.0650 0.0000 1.0000
-3.1350 -19.0650 0.0000 1.0000
-3.0450 -19.0650 0.0000 1.0000
8.5350 -19.0650 0.0000 1.0000
8.9850 -19.0650 0.0000 1.0000
-10.0950 -19.0950 0.0000 1.0000
-10.0650 -19.0950 0.0000 1.0000
-10.0350 -19.0950 0.0000 1.0000
-3.1050 -19.0950 0.0000 1.0000
7.4850 -19.0950 0.0000 1.0000
7.6050 -19.0950 0.0000 1.0000
8.3850 -19.0950 0.0000 1.0000
8.4150 -19.0950 0.0000 1.0000
8.5050 -19.0950 0.0000 1.0000
8.9250 -19.0950 0.0000 1.0000
-10.0950 -19.1250 0.0000 1.0000
-10.0350 -19.1250 0.0000 1.0000
8.3550 -19.1250 0.0000 1.0000
8.8350 -19.1250 0.0000 1.0000
-10.2150 -19.1550 0.0000 1.0000
-10.1850 -19.1550 0.0000 1.0000
-10.1550 -19.1550 0.0000 1.0000
-10.0950 -19.1550 0.0000 1.0000
-10.0650 -19.1550 0.0000 1.0000
7.1550 -19.1550 0.0000 1.0000
8.2950 -19.1550 0.0000 1.0000
8.5350 -19.1550 0.0000 1.0000
8.8350 -19.1550 0.0000 1.0000
-10.1850 -19.1850 0.0000 1.0000
-10.1550 -19.1850 0.0000 1.0000
-10.0650 -19.1850 0.0000 1.0000
7.5450 -19.1850 0.0000 1.0000
8.2050 -19.1850 0.0000 1.0000
8.5650 -19.1850 0.0000 1.0000
-10.3050 -19.2150 0.0000 1.0000
-10.0650 -19.2150 0.0000 1.0000
-10.0350 -19.2150 0.0000 1.0000
7.5150 -19.2150 0.0000 1.0000
8.5050 -19.2150 0.0000 1.0000
8.7750 -19.2150 0.0000 1.0000
8.8350 -19.2150 0.0000 1.0000
7.4550 -19.2450 0.0000 1.0000
8.1450 -19.2450 0.0000 1.0000
8.1750 -19.2450 0.0000 1.0000
8.3250 -19.2450 0.0000 1.0000
8.3850 -19.2450 0.0000 1.0000
8.4450 -19.2450 0.0000 1.0000
8.5950 -19.2450 0.0000 1.0000
-10.0350 -19.2750 0.0000 1.0000
-10.0050 -19.2750 0.0000 1.0000
7.3650 -19.2750 0.0000 1.0000
8.0850 -19.2750 0.0000 1.0000
8.2650 -19.2750 0.0000 1.0000
8.5650 -19.2750 0.0000 1.0000
-10.0050 -19.3050 0.0000 1.0000
8.0550 -19.3050 0.0000 1.0000
8.8050 -19.3050 0.0000 1.0000
-10.0350 -19.3350 0.0000 1.0000
-10.0050 -19.3350 0.0000 1.0000
-9.9750 -19.3350 0.0000 1.0000
6.4950 -19.3350 0.0000 1.0000
7.1850 -19.3350 0.0000 1.0000
7.2750 -19.3350 0.0000 1.0000
8.0250 -19.3350 0.0000 1.0000
8.2650 -19.3350 0.0000 1.0000
8.5650 -19.3350 0.0000 1.0000
8.7750 -19.3350 0.0000 1.0000
-10.0950 -19.3650 0.0000 1.0000
7.2450 -19.3650 0.0000 1.0000
7.8750 -19.3650 0.0000 1.0000
8.2050 -19.3650 0.0000 1.0000
8.5050 -19.3650 0.0000 1.0000
8.7150 -19.3650 0.0000 1.0000
-9.9750 -19.3950 0.0000 1.0000
7.2150 -19.3950 0.0000 1.0000
7.9650 -19.3950 0.0000 1.0000
8.1150 -19.3950 0.0000 1.0000
8.1750 -19.3950 0.0000 1.0000
8.5050 -19.3950 0.0000 1.0000
8.6550 -19.3950 0.0000 1.0000
-10.0950 -19.4250 0.0000 1.0000
-10.0650 -19.4250 0.0000 1.0000
-6.1050 -19.4250 0.0000 1.0000
-6.0750 -19.4250 0.0000 1.0000
7.1550 -19.4250 0.0000 1.0000
7.2450 -19.4250 0.0000 1.0000
8.2350 -19.4250 0.0000 1.0000
8.5050 -19.4250 0.0000 1.0000
-10.0350 -19.4550 0.0000 1.0000
-10.0050 -19.4550 0.0000 1.0000
-9.9750 -19.4550 0.0000 1.0000
-9.9450 -19.4550 0.0000 1.0000
-6.1050 -19.4550 0.0000 1.0000
-6.0450 -19.4550 0.0000 1.0000
7.0050 -19.4550 0.0000 1.0000
7.1850 -19.4550 0.0000 1.0000
7.8450 -19.4550 0.0000 1.0000
8.2350 -19.4550 0.0000 1.0000
-9.9750 -19.4850 0.0000 1.0000
6.9450 -19.4850 0.0000 1.0000
7.1250 -19.4850 0.0000 1.0000
7.1550 -19.4850 0.0000 1.0000
7.9950 -19.4850 0.0000 1.0000
8.1150 -19.4850 0.0000 1.0000
8.4750 -19.4850 0.0000 1.0000
6.8550 -19.5150 0.0000 1.0000
6.9150 -19.5150 0.0000 1.0000
7.0950 -19.5150 0.0000 1.0000
7.8150 -19.5150 0.0000 1.0000
7.9350 -19.5150 0.0000 1.0000
8.1150 -19.5150 0.0000 1.0000
8.2950 -19.5150 0.0000 1.0000
6.7350 -19.5450 0.0000 1.0000
6.9450 -19.5450 0.0000 1.0000
7.0050 -19.5450 0.0000 1.0000
8.1150 -19.5450 0.0000 1.0000
8.2050 -19.5450 0.0000 1.0000
6.7950 -19.5750 0.0000 1.0000
6.8850 -19.5750 0.0000 1.0000
6.9450 -19.5750 0.0000 1.0000
7.8150 -19.5750 0.0000 1.0000
8.0850 -19.5750 0.0000 1.0000
-6.0450 -19.6050 0.0000 1.0000
7.7550 -19.6050 0.0000 1.0000
7.8150 -19.6050 0.0000 1.0000
8.0550 -19.6050 0.0000 1.0000
-6.1050 -19.6350 0.0000 1.0000
-6.0750 -19.6350 0.0000 1.0000
-6.0150 -19.6350 0.0000 1.0000
-5.9850 -19.6350 0.0000 1.0000
6.7650 -19.6350 0.0000 1.0000
6.8250 -19.6350 0.0000 1.0000
7.1250 -19.6350 0.0000 1.0000
8.0250 -19.6350 0.0000 1.0000
-10.0650 -19.6650 0.0000 1.0000
-6.1650 -19.6650 0.0000 1.0000
-6.1050 -19.6650 0.0000 1.0000
-6.0750 -19.6650 0.0000 1.0000
-6.0450 -19.6650 0.0000 1.0000
-6.0150 -19.6650 0.0000 1.0000
6.8550 -19.6650 0.0000 1.0000
7.7250 -19.6650 0.0000 1.0000
8.0250 -19.6650 0.0000 1.0000
-6.1950 -19.6950 0.0000 1.0000
-6.1650 -19.6950 0.0000 1.0000
-6.1350 -19.6950 0.0000 1.0000
-5.9850 -19.6950 0.0000 1.0000
6.7650 -19.6950 0.0000 1.0000
6.8250 -19.6950 0.0000 1.0000
7.7250 -19.6950 0.0000 1.0000
-6.1350 -19.7250 0.0000 1.0000
-6.1050 -19.7250 0.0000 1.0000
-6.0450 -19.7250 0.0000 1.0000
-6.0150 -19.7250 0.0000 1.0000
6.7050 -19.7250 0.0000 1.0000
7.0350 -19.7250 0.0000 1.0000
7.6950 -19.7250 0.0000 1.0000
-6.1350 -19.7550 0.0000 1.0000
-6.1050 -19.7550 0.0000 1.0000
-6.0450 -19.7550 0.0000 1.0000
6.7350 -19.7550 0.0000 1.0000
6.9750 -19.7550 0.0000 1.0000
7.6650 -19.7550 0.0000 1.0000
8.2350 -19.7550 0.0000 1.0000
-6.1650 -19.7850 0.0000 1.0000
-6.0750 -19.7850 0.0000 1.0000
6.9150 -19.7850 0.0000 1.0000
-10.1250 -19.8150 0.0000 1.0000
-6.4350 -19.8150 0.0000 1.0000
-6.4050 -19.8150 0.0000 1.0000
-6.1950 -19.8150 0.0000 1.0000
-6.0150 -19.8150 0.0000 1.0000
-5.9850 -19.8150 0.0000 1.0000
-5.9250 -19.8150 0.0000 1.0000
7.6650 -19.8150 0.0000 1.0000
8.0250 -19.8150 0.0000 1.0000
8.1750 -19.8150 0.0000 1.0000
-6.4350 -19.8450 0.0000 1.0000
-6.1350 -19.8450 0.0000 1.0000
-6.0750 -19.8450 0.0000 1.0000
-6.0450 -19.8450 0.0000 1.0000
-6.0150 -19.8450 0.0000 1.0000
-5.9850 -19.8450 0.0000 1.0000
-5.9550 -19.8450 0.0000 1.0000
-5.8650 -19.8450 0.0000 1.0000
-5.5650 -19.8450 0.0000 1.0000
6.9150 -19.8450 0.0000 1.0000
7.4850 -19.8450 0.0000 1.0000
7.5450 -19.8450 0.0000 1.0000
7.6350 -19.8450 0.0000 1.0000
7.8750 -19.8450 0.0000 1.0000
-10.2450 -19.8750 0.0000 1.0000
-10.1850 -19.8750 0.0000 1.0000
-6.1650 -19.8750 0.0000 1.0000
-6.0750 -19.8750 0.0000 1.0000
-5.9850 -19.8750 0.0000 1.0000
-5.9550 -19.8750 0.0000 1.0000
-5.9250 -19.8750 0.0000 1.0000
-5.8950 -19.8750 0.0000 1.0000
-5.8650 -19.8750 0.0000 1.0000
6.5550 -19.8750 0.0000 1.0000
7.7850 -19.8750 0.0000 1.0000
-10.2150 -19.9050 0.0000 1.0000
-6.1050 -19.9050 0.0000 1.0000
-6.0750 -19.9050 0.0000 1.0000
-6.0450 -19.9050 0.0000 1.0000
-6.0150 -19.9050 0.0000 1.0000
-5.9850 -19.9050 0.0000 1.0000
-5.8950 -19.9050 0.0000 1.0000
-5.8350 -19.9050 0.0000 1.0000
7.4850 -19.9050 0.0000 1.0000
7.7550 -19.9050 0.0000 1.0000
-10.2150 -19.9350 0.0000 1.0000
-10.1250 -19.9350 0.0000 1.0000
-6.1650 -19.9350 0.0000 1.0000
-6.1350 -19.9350 0.0000 1.0000
-6.1050 -19.9350 0.0000 1.0000
-6.0750 -19.9350 0.0000 1.0000
-6.0150 -19.9350 0.0000 1.0000
-5.9250 -19.9350 0.0000 1.0000
-5.8950 -19.9350 0.0000 1.0000
-5.8650 -19.9350 0.0000 1.0000
6.4650 -19.9350 0.0000 1.0000
6.4950 -19.9350 0.0000 1.0000
6.5250 -19.9350 0.0000 1.0000
7.4850 -19.9350 0.0000 1.0000
-10.2150 -19.9650 0.0000 1.0000
-10.1850 -19.9650 0.0000 1.0000
-10.1250 -19.9650 0.0000 1.0000
-6.1650 -19.9650 0.0000 1.0000
-6.1350 -19.9650 0.0000 1.0000
-6.1050 -19.9650 0.0000 1.0000
-5.9250 -19.9650 0.0000 1.0000
-5.8950 -19.9650 0.0000 1.0000
-5.8650 -19.9650 0.0000 1.0000
6.4350 -19.9650 0.0000 1.0000
6.7050 -19.9650 0.0000 1.0000
7.4550 -19.9650 0.0000 1.0000
7.7250 -19.9650 0.0000 1.0000
-6.1950 -19.9950 0.0000 1.0000
-6.1650 -19.9950 0.0000 1.0000
-6.1350 -19.9950 0.0000 1.0000
-5.8650 -19.9950 0.0000 1.0000
-5.7750 -19.9950 0.0000 1.0000
-5.7450 -19.9950 0.0000 1.0000
-5.7150 -19.9950 0.0000 1.0000
6.4350 -19.9950 0.0000 1.0000
7.6650 -19.9950 0.0000 1.0000
-10.1250 -20.0250 0.0000 1.0000
-6.5250 -20.0250 0.0000 1.0000
-6.2550 -20.0250 0.0000 1.0000
-6.2250 -20.0250 0.0000 1.0000
-6.1950 -20.0250 0.0000 1.0000
-6.1350 -20.0250 0.0000 1.0000
-5.9850 -20.0250 0.0000 1.0000
-5.9550 -20.0250 0.0000 1.0000
-5.8050 -20.0250 0.0000 1.0000
5.9850 -20.0250 0.0000 1.0000
6.0750 -20.0250 0.0000 1.0000
6.1350 -20.0250 0.0000 1.0000
6.6750 -20.0250 0.0000 1.0000
7.3650 -20.0250 0.0000 1.0000
7.4250 -20.0250 0.0000 1.0000
7.6350 -20.0250 0.0000 1.0000
-10.2150 -20.0550 0.0000 1.0000
-10.1250 -20.0550 0.0000 1.0000
-10.0950 -20.0550 0.0000 1.0000
-6.2550 -20.0550 0.0000 1.0000
-6.2250 -20.0550 0.0000 1.0000
-6.1950 -20.0550 0.0000 1.0000
-6.1650 -20.0550 0.0000 1.0000
-5.8650 -20.0550 0.0000 1.0000
-5.8350 -20.0550 0.0000 1.0000
-5.7750 -20.0550 0.0000 1.0000
5.9250 -20.0550 0.0000 1.0000
6.4350 -20.0550 0.0000 1.0000
6.6750 -20.0550 0.0000 1.0000
7.2150 -20.0550 0.0000 1.0000
-10.2150 -20.0850 0.0000 1.0000
-10.1850 -20.0850 0.0000 1.0000
-10.1550 -20.0850 0.0000 1.0000
-10.0950 -20.0850 0.0000 1.0000
-9.9450 -20.0850 0.0000 1.0000
-6.2550 -20.0850 0.0000 1.0000
-5.8050 -20.0850 0.0000 1.0000
5.8950 -20.0850 0.0000 1.0000
6.3450 -20.0850 0.0000 1.0000
6.4350 -20.0850 0.0000 1.0000
6.5550 -20.0850 0.0000 1.0000
7.3050 -20.0850 0.0000 1.0000
7.3650 -20.0850 0.0000 1.0000
7.6050 -20.0850 0.0000 1.0000
-10.1550 -20.1150 0.0000 1.0000
-10.1250 -20.1150 0.0000 1.0000
-10.0650 -20.1150 0.0000 1.0000
-10.0050 -20.1150 0.0000 1.0000
-6.1950 -20.1150 0.0000 1.0000
-6.1650 -20.1150 0.0000 1.0000
-5.9250 -20.1150 0.0000 1.0000
-5.8950 -20.1150 0.0000 1.0000
-5.8650 -20.1150 0.0000 1.0000
5.8350 -20.1150 0.0000 1.0000
6.3450 -20.1150 0.0000 1.0000
7.5450 -20.1150 0.0000 1.0000
-10.1250 -20.1450 0.0000 1.0000
5.9550 -20.1450 0.0000 1.0000
6.3450 -20.1450 0.0000 1.0000
7.0650 -20.1450 0.0000 1.0000
7.1250 -20.1450 0.0000 1.0000
7.2450 -20.1450 0.0000 1.0000
7.4550 -20.1450 0.0000 1.0000
-10.0050 -20.1750 0.0000 1.0000
-5.7750 -20.1750 0.0000 1.0000
5.7150 -20.1750 0.0000 1.0000
6.3450 -20.1750 0.0000 1.0000
7.2150 -20.1750 0.0000 1.0000
7.4550 -20.1750 0.0000 1.0000
-10.0350 -20.2050 0.0000 1.0000
-10.0050 -20.2050 0.0000 1.0000
6.3150 -20.2050 0.0000 1.0000
7.4550 -20.2050 0.0000 1.0000
-10.0950 -20.2350 0.0000 1.0000
-10.0050 -20.2350 0.0000 1.0000
-9.8850 -20.2350 0.0000 1.0000
5.8650 -20.2350 0.0000 1.0000
6.2550 -20.2350 0.0000 1.0000
7.4250 -20.2350 0.0000 1.0000
7.4550 -20.2350 0.0000 1.0000
-10.0950 -20.2650 0.0000 1.0000
5.6250 -20.2650 0.0000 1.0000
6.0150 -20.2650 0.0000 1.0000
6.1050 -20.2650 0.0000 1.0000
6.1950 -20.2650 0.0000 1.0000
7.1250 -20.2650 0.0000 1.0000
7.3950 -20.2650 0.0000 1.0000
-10.0350 -20.2950 0.0000 1.0000
5.6250 -20.2950 0.0000 1.0000
5.8050 -20.2950 0.0000 1.0000
6.0150 -20.2950 0.0000 1.0000
6.1650 -20.2950 0.0000 1.0000
6.1950 -20.2950 0.0000 1.0000
6.2550 -20.2950 0.0000 1.0000
7.3950 -20.2950 0.0000 1.0000
7.4250 -20.2950 0.0000 1.0000
-10.0050 -20.3250 0.0000 1.0000
5.5650 -20.3250 0.0000 1.0000
5.5950 -20.3250 0.0000 1.0000
5.9850 -20.3250 0.0000 1.0000
6.0750 -20.3250 0.0000 1.0000
7.0650 -20.3250 0.0000 1.0000
7.0950 -20.3250 0.0000 1.0000
7.3650 -20.3250 0.0000 1.0000
-10.0350 -20.3550 0.0000 1.0000
5.6550 -20.3550 0.0000 1.0000
5.9550 -20.3550 0.0000 1.0000
6.0750 -20.3550 0.0000 1.0000
7.0350 -20.3550 0.0000 1.0000
7.3350 -20.3550 0.0000 1.0000
-10.0950 -20.3850 0.0000 1.0000
-10.0050 -20.3850 0.0000 1.0000
5.5650 -20.3850 0.0000 1.0000
5.6250 -20.3850 0.0000 1.0000
6.0450 -20.3850 0.0000 1.0000
7.0050 -20.3850 0.0000 1.0000
7.2450 -20.3850 0.0000 1.0000
-10.0350 -20.4150 0.0000 1.0000
-10.0050 -20.4150 0.0000 1.0000
-9.9450 -20.4150 0.0000 1.0000
5.0850 -20.4150 0.0000 1.0000
6.9750 -20.4150 0.0000 1.0000
7.0650 -20.4150 0.0000 1.0000
7.1550 -20.4150 0.0000 1.0000
-5.5350 -20.4450 0.0000 1.0000
5.2650 -20.4450 0.0000 1.0000
5.5650 -20.4450 0.0000 1.0000
5.6250 -20.4450 0.0000 1.0000
5.9250 -20.4450 0.0000 1.0000
6.0150 -20.4450 0.0000 1.0000
6.9450 -20.4450 0.0000 1.0000
6.9750 -20.4450 0.0000 1.0000
-10.0650 -20.4750 0.0000 1.0000
4.2150 -20.4750 0.0000 1.0000
4.4250 -20.4750 0.0000 1.0000
5.4750 -20.4750 0.0000 1.0000
5.8950 -20.4750 0.0000 1.0000
5.9250 -20.4750 0.0000 1.0000
6.7950 -20.4750 0.0000 1.0000
6.8250 -20.4750 0.0000 1.0000
6.8850 -20.4750 0.0000 1.0000
6.9150 -20.4750 0.0000 1.0000
-10.0350 -20.5050 0.0000 1.0000
-5.6250 -20.5050 0.0000 1.0000
5.5950 -20.5050 0.0000 1.0000
5.7450 -20.5050 0.0000 1.0000
6.7650 -20.5050 0.0000 1.0000
6.8850 -20.5050 0.0000 1.0000
-10.0350 -20.5350 0.0000 1.0000
-5.4750 -20.5350 0.0000 1.0000
5.7150 -20.5350 0.0000 1.0000
5.7450 -20.5350 0.0000 1.0000
5.7750 -20.5350 0.0000 1.0000
5.8350 -20.5350 0.0000 1.0000
5.8650 -20.5350 0.0000 1.0000
5.8950 -20.5350 0.0000 1.0000
6.7350 -20.5350 0.0000 1.0000
6.7950 -20.5350 0.0000 1.0000
-5.6550 -20.5650 0.0000 1.0000
-5.6250 -20.5650 0.0000 1.0000
-5.5650 -20.5650 0.0000 1.0000
-5.4750 -20.5650 0.0000 1.0000
5.2050 -20.5650 0.0000 1.0000
5.3250 -20.5650 0.0000 1.0000
5.5650 -20.5650 0.0000 1.0000
5.7450 -20.5650 0.0000 1.0000
6.7050 -20.5650 0.0000 1.0000
6.7350 -20.5650 0.0000 1.0000
-5.6250 -20.5950 0.0000 1.0000
-5.5950 -20.5950 0.0000 1.0000
-5.5650 -20.5950 0.0000 1.0000
-5.5350 -20.5950 0.0000 1.0000
-5.4750 -20.5950 0.0000 1.0000
5.4450 -20.5950 0.0000 1.0000
5.6250 -20.5950 0.0000 1.0000
5.6850 -20.5950 0.0000 1.0000
6.6450 -20.5950 0.0000 1.0000
-5.5350 -20.6250 0.0000 1.0000
-5.4750 -20.6250 0.0000 1.0000
3.7950 -20.6250 0.0000 1.0000
5.5050 -20.6250 0.0000 1.0000
5.5950 -20.6250 0.0000 1.0000
5.7450 -20.6250 0.0000 1.0000
6.4650 -20.6250 0.0000 1.0000
6.5250 -20.6250 0.0000 1.0000
6.6450 -20.6250 0.0000 1.0000
6.7350 -20.6250 0.0000 1.0000
-5.6250 -20.6550 0.0000 1.0000
-5.5950 -20.6550 0.0000 1.0000
-5.5650 -20.6550 0.0000 1.0000
5.1150 -20.6550 0.0000 1.0000
5.2350 -20.6550 0.0000 1.0000
5.4750 -20.6550 0.0000 1.0000
5.5350 -20.6550 0.0000 1.0000
6.6150 -20.6550 0.0000 1.0000
6.7350 -20.6550 0.0000 1.0000
-5.5650 -20.6850 0.0000 1.0000
-5.5350 -20.6850 0.0000 1.0000
-5.5050 -20.6850 0.0000 1.0000
5.1750 -20.6850 0.0000 1.0000
5.4150 -20.6850 0.0000 1.0000
5.5050 -20.6850 0.0000 1.0000
5.6250 -20.6850 0.0000 1.0000
5.6850 -20.6850 0.0000 1.0000
5.7150 -20.6850 0.0000 1.0000
5.7450 -20.6850 0.0000 1.0000
6.4050 -20.6850 0.0000 1.0000
6.4350 -20.6850 0.0000 1.0000
6.4650 -20.6850 0.0000 1.0000
-5.5050 -20.7150 0.0000 1.0000
-5.4750 -20.7150 0.0000 1.0000
3.3750 -20.7150 0.0000 1.0000
3.4650 -20.7150 0.0000 1.0000
5.1750 -20.7150 0.0000 1.0000
5.3850 -20.7150 0.0000 1.0000
5.4750 -20.7150 0.0000 1.0000
5.5650 -20.7150 0.0000 1.0000
5.6250 -20.7150 0.0000 1.0000
6.0150 -20.7150 0.0000 1.0000
6.1350 -20.7150 0.0000 1.0000
6.2550 -20.7150 0.0000 1.0000
6.3750 -20.7150 0.0000 1.0000
6.5850 -20.7150 0.0000 1.0000
6.6750 -20.7150 0.0000 1.0000
-5.5050 -20.7450 0.0000 1.0000
-5.4450 -20.7450 0.0000 1.0000
-5.4150 -20.7450 0.0000 1.0000
5.3550 -20.7450 0.0000 1.0000
5.5350 -20.7450 0.0000 1.0000
5.9850 -20.7450 0.0000 1.0000
6.0750 -20.7450 0.0000 1.0000
6.3450 -20.7450 0.0000 1.0000
6.4050 -20.7450 0.0000 1.0000
3.2850 -20.7750 0.0000 1.0000
4.9950 -20.7750 0.0000 1.0000
5.0850 -20.7750 0.0000 1.0000
5.2650 -20.7750 0.0000 1.0000
5.4450 -20.7750 0.0000 1.0000
5.5350 -20.7750 0.0000 1.0000
6.0450 -20.7750 0.0000 1.0000
6.1650 -20.7750 0.0000 1.0000
6.3150 -20.7750 0.0000 1.0000
3.1650 -20.8050 0.0000 1.0000
5.0550 -20.8050 0.0000 1.0000
5.2350 -20.8050 0.0000 1.0000
5.4450 -20.8050 0.0000 1.0000
5.9250 -20.8050 0.0000 1.0000
5.9850 -20.8050 0.0000 1.0000
6.2250 -20.8050 0.0000 1.0000
6.2850 -20.8050 0.0000 1.0000
4.8450 -20.8350 0.0000 1.0000
4.8750 -20.8350 0.0000 1.0000
5.2050 -20.8350 0.0000 1.0000
5.3850 -20.8350 0.0000 1.0000
5.5050 -20.8350 0.0000 1.0000
6.0150 -20.8350 0.0000 1.0000
4.8450 -20.8650 0.0000 1.0000
5.1450 -20.8650 0.0000 1.0000
5.3850 -20.8650 0.0000 1.0000
5.4750 -20.8650 0.0000 1.0000
5.8650 -20.8650 0.0000 1.0000
5.9250 -20.8650 0.0000 1.0000
5.0850 -20.8950 0.0000 1.0000
5.3550 -20.8950 0.0000 1.0000
5.4450 -20.8950 0.0000 1.0000
3.6150 -20.9250 0.0000 1.0000
4.8750 -20.9250 0.0000 1.0000
4.9650 -20.9250 0.0000 1.0000
5.3250 -20.9250 0.0000 1.0000
5.3550 -20.9250 0.0000 1.0000
5.3850 -20.9250 0.0000 1.0000
5.4150 -20.9250 0.0000 1.0000
5.8350 -20.9250 0.0000 1.0000
5.1150 -20.9550 0.0000 1.0000
5.2350 -20.9550 0.0000 1.0000
5.2650 -20.9550 0.0000 1.0000
5.2950 -20.9550 0.0000 1.0000
5.3250 -20.9550 0.0000 1.0000
5.8350 -20.9550 0.0000 1.0000
4.4850 -20.9850 0.0000 1.0000
4.5150 -20.9850 0.0000 1.0000
5.1150 -20.9850 0.0000 1.0000
5.8050 -20.9850 0.0000 1.0000
4.9350 -21.0150 0.0000 1.0000
5.2050 -21.0150 0.0000 1.0000
5.2350 -21.0150 0.0000 1.0000
5.2650 -21.0150 0.0000 1.0000
5.6550 -21.0150 0.0000 1.0000
5.7450 -21.0150 0.0000 1.0000
4.6950 -21.0450 0.0000 1.0000
5.1450 -21.0450 0.0000 1.0000
5.1750 -21.0450 0.0000 1.0000
5.2350 -21.0450 0.0000 1.0000
5.6250 -21.0450 0.0000 1.0000
4.4250 -21.0750 0.0000 1.0000
4.6650 -21.0750 0.0000 1.0000
4.8750 -21.0750 0.0000 1.0000
5.1450 -21.0750 0.0000 1.0000
5.2050 -21.0750 0.0000 1.0000
5.5950 -21.0750 0.0000 1.0000
4.8450 -21.1050 0.0000 1.0000
5.1150 -21.1050 0.0000 1.0000
5.5350 -21.1050 0.0000 1.0000
4.8150 -21.1350 0.0000 1.0000
5.0550 -21.1350 0.0000 1.0000
5.1150 -21.1350 0.0000 1.0000
5.5050 -21.1350 0.0000 1.0000
3.9450 -21.1650 0.0000 1.0000
4.2450 -21.1650 0.0000 1.0000
4.5750 -21.1650 0.0000 1.0000
4.7850 -21.1650 0.0000 1.0000
4.9950 -21.1650 0.0000 1.0000
5.0250 -21.1650 0.0000 1.0000
5.0550 -21.1650 0.0000 1.0000
5.0850 -21.1650 0.0000 1.0000
5.4750 -21.1650 0.0000 1.0000
4.2150 -21.1950 0.0000 1.0000
4.7550 -21.1950 0.0000 1.0000
4.9050 -21.1950 0.0000 1.0000
4.9650 -21.1950 0.0000 1.0000
4.9950 -21.1950 0.0000 1.0000
5.4450 -21.1950 0.0000 1.0000
4.6350 -21.2250 0.0000 1.0000
4.7250 -21.2250 0.0000 1.0000
4.8750 -21.2250 0.0000 1.0000
4.9650 -21.2250 0.0000 1.0000
5.3850 -21.2250 0.0000 1.0000
4.2150 -21.2550 0.0000 1.0000
4.6950 -21.2550 0.0000 1.0000
4.9350 -21.2550 0.0000 1.0000
5.3550 -21.2550 0.0000 1.0000
4.6050 -21.2850 0.0000 1.0000
4.6350 -21.2850 0.0000 1.0000
4.8750 -21.2850 0.0000 1.0000
4.9050 -21.2850 0.0000 1.0000
4.0350 -21.3150 0.0000 1.0000
4.0950 -21.3150 0.0000 1.0000
4.2450 -21.3150 0.0000 1.0000
4.3350 -21.3150 0.0000 1.0000
4.5450 -21.3150 0.0000 1.0000
4.6050 -21.3150 0.0000 1.0000
4.8450 -21.3150 0.0000 1.0000
5.3550 -21.3150 0.0000 1.0000
3.7350 -21.3450 0.0000 1.0000
4.2150 -21.3450 0.0000 1.0000
4.3950 -21.3450 0.0000 1.0000
4.4850 -21.3450 0.0000 1.0000
4.7250 -21.3450 0.0000 1.0000
4.7550 -21.3450 0.0000 1.0000
4.7850 -21.3450 0.0000 1.0000
4.8150 -21.3450 0.0000 1.0000
1.9050 -21.3750 0.0000 1.0000
3.4650 -21.3750 0.0000 1.0000
4.0050 -21.3750 0.0000 1.0000
4.3050 -21.3750 0.0000 1.0000
4.3650 -21.3750 0.0000 1.0000
4.6050 -21.3750 0.0000 1.0000
4.6950 -21.3750 0.0000 1.0000
4.8150 -21.3750 0.0000 1.0000
4.8450 -21.3750 0.0000 1.0000
5.3850 -21.3750 0.0000 1.0000
3.9450 -21.4050 0.0000 1.0000
4.2750 -21.4050 0.0000 1.0000
4.3350 -21.4050 0.0000 1.0000
4.6050 -21.4050 0.0000 1.0000
4.6350 -21.4050 0.0000 1.0000
4.6950 -21.4050 0.0000 1.0000
5.2050 -21.4050 0.0000 1.0000
5.2650 -21.4050 0.0000 1.0000
5.3550 -21.4050 0.0000 1.0000
3.9150 -21.4350 0.0000 1.0000
4.1250 -21.4350 0.0000 1.0000
4.3350 -21.4350 0.0000 1.0000
4.5750 -21.4350 0.0000 1.0000
4.6050 -21.4350 0.0000 1.0000
4.6950 -21.4350 0.0000 1.0000
4.0650 -21.4650 0.0000 1.0000
4.1850 -21.4650 0.0000 1.0000
4.2150 -21.4650 0.0000 1.0000
4.2450 -21.4650 0.0000 1.0000
4.2750 -21.4650 0.0000 1.0000
4.3350 -21.4650 0.0000 1.0000
4.5150 -21.4650 0.0000 1.0000
4.5750 -21.4650 0.0000 1.0000
5.1750 -21.4650 0.0000 1.0000
3.9750 -21.4950 0.0000 1.0000
4.0350 -21.4950 0.0000 1.0000
4.1250 -21.4950 0.0000 1.0000
4.4550 -21.4950 0.0000 1.0000
4.5150 -21.4950 0.0000 1.0000
4.5450 -21.4950 0.0000 1.0000
5.1750 -21.4950 0.0000 1.0000
3.9450 -21.5250 0.0000 1.0000
4.0350 -21.5250 0.0000 1.0000
4.2750 -21.5250 0.0000 1.0000
4.4550 -21.5250 0.0000 1.0000
4.4850 -21.5250 0.0000 1.0000
5.1450 -21.5250 0.0000 1.0000
-8.4150 -21.5550 0.0000 1.0000
-8.3850 -21.5550 0.0000 1.0000
-8.3550 -21.5550 0.0000 1.0000
-8.3250 -21.5550 0.0000 1.0000
-8.2950 -21.5550 0.0000 1.0000
3.9150 -21.5550 0.0000 1.0000
3.9750 -21.5550 0.0000 1.0000
4.2150 -21.5550 0.0000 1.0000
-8.6850 -21.5850 0.0000 1.0000
-8.6550 -21.5850 0.0000 1.0000
-8.6250 -21.5850 0.0000 1.0000
-8.5950 -21.5850 0.0000 1.0000
-8.5350 -21.5850 0.0000 1.0000
-8.5050 -21.5850 0.0000 1.0000
-8.4750 -21.5850 0.0000 1.0000
-8.4450 -21.5850 0.0000 1.0000
-8.4150 -21.5850 0.0000 1.0000
-8.3850 -21.5850 0.0000 1.0000
-8.3550 -21.5850 0.0000 1.0000
-8.3250 -21.5850 0.0000 1.0000
-8.2950 -21.5850 0.0000 1.0000
-8.2650 -21.5850 0.0000 1.0000
3.8850 -21.5850 0.0000 1.0000
3.9750 -21.5850 0.0000 1.0000
4.2150 -21.5850 0.0000 1.0000
5.1750 -21.5850 0.0000 1.0000
-8.9550 -21.6150 0.0000 1.0000
-8.9250 -21.6150 0.0000 1.0000
-8.8950 -21.6150 0.0000 1.0000
-8.8650 -21.6150 0.0000 1.0000
-8.8350 -21.6150 0.0000 1.0000
-8.7750 -21.6150 0.0000 1.0000
-8.7450 -21.6150 0.0000 1.0000
-8.7150 -21.6150 0.0000 1.0000
-8.6850 -21.6150 0.0000 1.0000
-8.6550 -21.6150 0.0000 1.0000
-8.5950 -21.6150 0.0000 1.0000
-8.5650 -21.6150 0.0000 1.0000
-8.5050 -21.6150 0.0000 1.0000
-8.4750 -21.6150 0.0000 1.0000
-8.4450 -21.6150 0.0000 1.0000
-8.4150 -21.6150 0.0000 1.0000
-8.3850 -21.6150 0.0000 1.0000
-8.3550 -21.6150 0.0000 1.0000
-8.3250 -21.6150 0.0000 1.0000
-8.2950 -21.6150 0.0000 1.0000
-8.2650 -21.6150 0.0000 1.0000
-8.2350 -21.6150 0.0000 1.0000
3.4350 -21.6150 0.0000 1.0000
3.6150 -21.6150 0.0000 1.0000
3.7650 -21.6150 0.0000 1.0000
3.7950 -21.6150 0.0000 1.0000
3.8250 -21.6150 0.0000 1.0000
3.8850 -21.6150 0.0000 1.0000
4.1850 -21.6150 0.0000 1.0000
5.1150 -21.6150 0.0000 1.0000
-9.1950 -21.6450 0.0000 1.0000
-9.1650 -21.6450 0.0000 1.0000
-9.1050 -21.6450 0.0000 1.0000
-9.0750 -21.6450 0.0000 1.0000
-9.0450 -21.6450 0.0000 1.0000
-9.0150 -21.6450 0.0000 1.0000
-8.9850 -21.6450 0.0000 1.0000
-8.9550 -21.6450 0.0000 1.0000
-8.9250 -21.6450 0.0000 1.0000
-8.8950 -21.6450 0.0000 1.0000
-8.8650 -21.6450 0.0000 1.0000
-8.8350 -21.6450 0.0000 1.0000
-8.8050 -21.6450 0.0000 1.0000
-8.7450 -21.6450 0.0000 1.0000
-8.7150 -21.6450 0.0000 1.0000
-8.6850 -21.6450 0.0000 1.0000
-8.6550 -21.6450 0.0000 1.0000
-8.6250 -21.6450 0.0000 1.0000
-8.5950 -21.6450 0.0000 1.0000
-8.5650 -21.6450 0.0000 1.0000
-8.5350 -21.6450 0.0000 1.0000
-8.5050 -21.6450 0.0000 1.0000
-8.4750 -21.6450 0.0000 1.0000
-8.4450 -21.6450 0.0000 1.0000
-8.3850 -21.6450 0.0000 1.0000
-8.3550 -21.6450 0.0000 1.0000
-8.3250 -21.6450 0.0000 1.0000
-8.2950 -21.6450 0.0000 1.0000
3.2250 -21.6450 0.0000 1.0000
3.7050 -21.6450 0.0000 1.0000
3.7350 -21.6450 0.0000 1.0000
4.0950 -21.6450 0.0000 1.0000
4.1550 -21.6450 0.0000 1.0000
4.9650 -21.6450 0.0000 1.0000
4.9950 -21.6450 0.0000 1.0000
5.0850 -21.6450 0.0000 1.0000
-9.3750 -21.6750 0.0000 1.0000
-9.3450 -21.6750 0.0000 1.0000
-9.3150 -21.6750 0.0000 1.0000
-9.2850 -21.6750 0.0000 1.0000
-9.2550 -21.6750 0.0000 1.0000
-9.2250 -21.6750 0.0000 1.0000
-9.1950 -21.6750 0.0000 1.0000
-9.1650 -21.6750 0.0000 1.0000
-9.1350 -21.6750 0.0000 1.0000
-9.1050 -21.6750 0.0000 1.0000
-9.0150 -21.6750 0.0000 1.0000
-8.9850 -21.6750 0.0000 1.0000
-8.9550 -21.6750 0.0000 1.0000
-8.9250 -21.6750 0.0000 1.0000
-8.8350 -21.6750 0.0000 1.0000
-8.8050 -21.6750 0.0000 1.0000
-8.7750 -21.6750 0.0000 1.0000
-8.7450 -21.6750 0.0000 1.0000
-8.6550 -21.6750 0.0000 1.0000
-8.6250 -21.6750 0.0000 1.0000
-8.5950 -21.6750 0.0000 1.0000
-8.5350 -21.6750 0.0000 1.0000
-8.5050 -21.6750 0.0000 1.0000
-8.4750 -21.6750 0.0000 1.0000
-8.4450 -21.6750 0.0000 1.0000
-8.4150 -21.6750 0.0000 1.0000
-8.3850 -21.6750 0.0000 1.0000
-8.2650 -21.6750 0.0000 1.0000
3.1950 -21.6750 0.0000 1.0000
3.7950 -21.6750 0.0000 1.0000
3.9450 -21.6750 0.0000 1.0000
4.0650 -21.6750 0.0000 1.0000
-9.7050 -21.7050 0.0000 1.0000
-9.6750 -21.7050 0.0000 1.0000
-9.6450 -21.7050 0.0000 1.0000
-9.6150 -21.7050 0.0000 1.0000
-9.5850 -21.7050 0.0000 1.0000
-9.5550 -21.7050 0.0000 1.0000
-9.5250 -21.7050 0.0000 1.0000
-9.4950 -21.7050 0.0000 1.0000
-9.4650 -21.7050 0.0000 1.0000
-9.4350 -21.7050 0.0000 1.0000
-9.4050 -21.7050 0.0000 1.0000
-9.3750 -21.7050 0.0000 1.0000
-9.3450 -21.7050 0.0000 1.0000
-9.3150 -21.7050 0.0000 1.0000
-9.2850 -21.7050 0.0000 1.0000
-9.2250 -21.7050 0.0000 1.0000
-9.1050 -21.7050 0.0000 1.0000
-9.0450 -21.7050 0.0000 1.0000
-9.0150 -21.7050 0.0000 1.0000
-8.8950 -21.7050 0.0000 1.0000
-8.8650 -21.7050 0.0000 1.0000
-8.8350 -21.7050 0.0000 1.0000
-8.8050 -21.7050 0.0000 1.0000
-8.7750 -21.7050 0.0000 1.0000
-8.7450 -21.7050 0.0000 1.0000
-8.7150 -21.7050 0.0000 1.0000
-8.6850 -21.7050 0.0000 1.0000
-8.6550 -21.7050 0.0000 1.0000
-8.6250 -21.7050 0.0000 1.0000
-8.5950 -21.7050 0.0000 1.0000
-8.5650 -21.7050 0.0000 1.0000
-8.5350 -21.7050 0.0000 1.0000
-8.5050 -21.7050 0.0000 1.0000
-8.4750 -21.7050 0.0000 1.0000
-8.2350 -21.7050 0.0000 1.0000
3.2250 -21.7050 0.0000 1.0000
3.6450 -21.7050 0.0000 1.0000
3.6750 -21.7050 0.0000 1.0000
3.7650 -21.7050 0.0000 1.0000
3.8850 -21.7050 0.0000 1.0000
3.9750 -21.7050 0.0000 1.0000
4.0350 -21.7050 0.0000 1.0000
4.9350 -21.7050 0.0000 1.0000
-9.9750 -21.7350 0.0000 1.0000
-9.9450 -21.7350 0.0000 1.0000
-9.9150 -21.7350 0.0000 1.0000
-9.8850 -21.7350 0.0000 1.0000
-9.8550 -21.7350 0.0000 1.0000
-9.7950 -21.7350 0.0000 1.0000
-9.7650 -21.7350 0.0000 1.0000
-9.7350 -21.7350 0.0000 1.0000
-9.7050 -21.7350 0.0000 1.0000
-9.6750 -21.7350 0.0000 1.0000
-9.6450 -21.7350 0.0000 1.0000
-9.6150 -21.7350 0.0000 1.0000
-9.5550 -21.7350 0.0000 1.0000
-9.5250 -21.7350 0.0000 1.0000
-9.4950 -21.7350 0.0000 1.0000
-9.4650 -21.7350 0.0000 1.0000
-9.4350 -21.7350 0.0000 1.0000
-9.4050 -21.7350 0.0000 1.0000
-9.3450 -21.7350 0.0000 1.0000
-9.3150 -21.7350 0.0000 1.0000
-9.2850 -21.7350 0.0000 1.0000
-9.2550 -21.7350 0.0000 1.0000
-9.2250 -21.7350 0.0000 1.0000
-9.1950 -21.7350 0.0000 1.0000
-9.1650 -21.7350 0.0000 1.0000
-9.1350 -21.7350 0.0000 1.0000
-9.0750 -21.7350 0.0000 1.0000
-8.9550 -21.7350 0.0000 1.0000
-8.9250 -21.7350 0.0000 1.0000
-8.8950 -21.7350 0.0000 1.0000
-8.8350 -21.7350 0.0000 1.0000
-8.6550 -21.7350 0.0000 1.0000
-8.6250 -21.7350 0.0000 1.0000
-8.5950 -21.7350 0.0000 1.0000
-8.5650 -21.7350 0.0000 1.0000
-8.5350 -21.7350 0.0000 1.0000
-8.4750 -21.7350 0.0000 1.0000
3.1350 -21.7350 0.0000 1.0000
3.5550 -21.7350 0.0000 1.0000
3.6150 -21.7350 0.0000 1.0000
4.6950 -21.7350 0.0000 1.0000
4.9050 -21.7350 0.0000 1.0000
-10.0050 -21.7650 0.0000 1.0000
-9.9750 -21.7650 0.0000 1.0000
-9.9150 -21.7650 0.0000 1.0000
-9.8850 -21.7650 0.0000 1.0000
-9.8550 -21.7650 0.0000 1.0000
-9.8250 -21.7650 0.0000 1.0000
-9.7950 -21.7650 0.0000 1.0000
-9.7650 -21.7650 0.0000 1.0000
-9.6450 -21.7650 0.0000 1.0000
-9.6150 -21.7650 0.0000 1.0000
-9.5850 -21.7650 0.0000 1.0000
-9.5550 -21.7650 0.0000 1.0000
-9.5250 -21.7650 0.0000 1.0000
-9.4950 -21.7650 0.0000 1.0000
-9.4650 -21.7650 0.0000 1.0000
-9.4350 -21.7650 0.0000 1.0000
-9.4050 -21.7650 0.0000 1.0000
-9.3750 -21.7650 0.0000 1.0000
-9.3150 -21.7650 0.0000 1.0000
-9.2550 -21.7650 0.0000 1.0000
-9.2250 -21.7650 0.0000 1.0000
-9.1950 -21.7650 0.0000 1.0000
-9.1650 -21.7650 0.0000 1.0000
-9.1350 -21.7650 0.0000 1.0000
-9.0750 -21.7650 0.0000 1.0000
-9.0450 -21.7650 0.0000 1.0000
-9.0150 -21.7650 0.0000 1.0000
-8.9850 -21.7650 0.0000 1.0000
-8.9550 -21.7650 0.0000 1.0000
-8.9250 -21.7650 0.0000 1.0000
-8.8050 -21.7650 0.0000 1.0000
-8.7750 -21.7650 0.0000 1.0000
-8.7450 -21.7650 0.0000 1.0000
-8.6850 -21.7650 0.0000 1.0000
3.0450 -21.7650 0.0000 1.0000
3.1350 -21.7650 0.0000 1.0000
3.2250 -21.7650 0.0000 1.0000
3.6150 -21.7650 0.0000 1.0000
3.6450 -21.7650 0.0000 1.0000
3.9750 -21.7650 0.0000 1.0000
4.8750 -21.7650 0.0000 1.0000
-9.9450 -21.7950 0.0000 1.0000
-9.8550 -21.7950 0.0000 1.0000
-9.8250 -21.7950 0.0000 1.0000
-9.7950 -21.7950 0.0000 1.0000
-9.7650 -21.7950 0.0000 1.0000
-9.7350 -21.7950 0.0000 1.0000
-9.6750 -21.7950 0.0000 1.0000
-9.6450 -21.7950 0.0000 1.0000
-9.5850 -21.7950 0.0000 1.0000
-9.5550 -21.7950 0.0000 1.0000
-9.5250 -21.7950 0.0000 1.0000
-9.4950 -21.7950 0.0000 1.0000
-9.4650 -21.7950 0.0000 1.0000
-9.3750 -21.7950 0.0000 1.0000
-9.3450 -21.7950 0.0000 1.0000
-9.2850 -21.7950 0.0000 1.0000
-9.2550 -21.7950 0.0000 1.0000
-9.2250 -21.7950 0.0000 1.0000
-9.1950 -21.7950 0.0000 1.0000
-9.1350 -21.7950 0.0000 1.0000
-9.1050 -21.7950 0.0000 1.0000
-9.0750 -21.7950 0.0000 1.0000
-9.0450 -21.7950 0.0000 1.0000
-8.9850 -21.7950 0.0000 1.0000
-8.8950 -21.7950 0.0000 1.0000
-8.8650 -21.7950 0.0000 1.0000
-8.7450 -21.7950 0.0000 1.0000
3.0450 -21.7950 0.0000 1.0000
3.4950 -21.7950 0.0000 1.0000
3.5550 -21.7950 0.0000 1.0000
3.5850 -21.7950 0.0000 1.0000
3.7050 -21.7950 0.0000 1.0000
3.9450 -21.7950 0.0000 1.0000
4.6350 -21.7950 0.0000 1.0000
4.6950 -21.7950 0.0000 1.0000
4.8450 -21.7950 0.0000 1.0000
-9.9150 -21.8250 0.0000 1.0000
-9.8250 -21.8250 0.0000 1.0000
-9.7950 -21.8250 0.0000 1.0000
-9.7350 -21.8250 0.0000 1.0000
-9.7050 -21.8250 0.0000 1.0000
-9.6750 -21.8250 0.0000 1.0000
-9.6450 -21.8250 0.0000 1.0000
-9.6150 -21.8250 0.0000 1.0000
-9.5850 -21.8250 0.0000 1.0000
-9.5250 -21.8250 0.0000 1.0000
-9.4950 -21.8250 0.0000 1.0000
-9.3150 -21.8250 0.0000 1.0000
-8.9850 -21.8250 0.0000 1.0000
-8.9550 -21.8250 0.0000 1.0000
-8.8350 -21.8250 0.0000 1.0000
-8.7750 -21.8250 0.0000 1.0000
2.9850 -21.8250 0.0000 1.0000
3.3450 -21.8250 0.0000 1.0000
3.6750 -21.8250 0.0000 1.0000
3.7950 -21.8250 0.0000 1.0000
3.8550 -21.8250 0.0000 1.0000
3.9150 -21.8250 0.0000 1.0000
4.0950 -21.8250 0.0000 1.0000
4.1550 -21.8250 0.0000 1.0000
4.4850 -21.8250 0.0000 1.0000
4.5450 -21.8250 0.0000 1.0000
4.6050 -21.8250 0.0000 1.0000
-9.9750 -21.8550 0.0000 1.0000
-9.9150 -21.8550 0.0000 1.0000
-9.8850 -21.8550 0.0000 1.0000
-9.8550 -21.8550 0.0000 1.0000
-9.8250 -21.8550 0.0000 1.0000
-9.7950 -21.8550 0.0000 1.0000
-9.7650 -21.8550 0.0000 1.0000
-9.7350 -21.8550 0.0000 1.0000
-9.7050 -21.8550 0.0000 1.0000
-9.6750 -21.8550 0.0000 1.0000
-9.6150 -21.8550 0.0000 1.0000
-9.5850 -21.8550 0.0000 1.0000
-9.5550 -21.8550 0.0000 1.0000
-9.4950 -21.8550 0.0000 1.0000
-9.4650 -21.8550 0.0000 1.0000
-9.4350 -21.8550 0.0000 1.0000
-9.4050 -21.8550 0.0000 1.0000
-9.3750 -21.8550 0.0000 1.0000
-9.3450 -21.8550 0.0000 1.0000
3.4650 -21.8550 0.0000 1.0000
3.4950 -21.8550 0.0000 1.0000
3.6150 -21.8550 0.0000 1.0000
3.6450 -21.8550 0.0000 1.0000
4.0950 -21.8550 0.0000 1.0000
4.2450 -21.8550 0.0000 1.0000
4.4550 -21.8550 0.0000 1.0000
-10.0350 -21.8850 0.0000 1.0000
-10.0050 -21.8850 0.0000 1.0000
-9.9750 -21.8850 0.0000 1.0000
-9.9450 -21.8850 0.0000 1.0000
-9.9150 -21.8850 0.0000 1.0000
-9.8850 -21.8850 0.0000 1.0000
-9.8250 -21.8850 0.0000 1.0000
-9.7650 -21.8850 0.0000 1.0000
-9.6450 -21.8850 0.0000 1.0000
-9.5850 -21.8850 0.0000 1.0000
-9.3750 -21.8850 0.0000 1.0000
2.9850 -21.8850 0.0000 1.0000
3.3450 -21.8850 0.0000 1.0000
3.4650 -21.8850 0.0000 1.0000
3.5850 -21.8850 0.0000 1.0000
4.0650 -21.8850 0.0000 1.0000
4.3350 -21.8850 0.0000 1.0000
4.4250 -21.8850 0.0000 1.0000
3.3150 -21.9150 0.0000 1.0000
3.3450 -21.9150 0.0000 1.0000
3.3750 -21.9150 0.0000 1.0000
3.4350 -21.9150 0.0000 1.0000
3.5850 -21.9150 0.0000 1.0000
2.7450 -21.9450 0.0000 1.0000
2.8950 -21.9450 0.0000 1.0000
3.2850 -21.9450 0.0000 1.0000
3.3150 -21.9450 0.0000 1.0000
3.5550 -21.9450 0.0000 1.0000
3.2250 -21.9750 0.0000 1.0000
3.2850 -21.9750 0.0000 1.0000
3.5250 -21.9750 0.0000 1.0000
4.0950 -21.9750 0.0000 1.0000
3.1650 -22.0050 0.0000 1.0000
3.1950 -22.0050 0.0000 1.0000
3.2550 -22.0050 0.0000 1.0000
3.2850 -22.0050 0.0000 1.0000
3.4950 -22.0050 0.0000 1.0000
2.6850 -22.0350 0.0000 1.0000
2.7150 -22.0350 0.0000 1.0000
3.1350 -22.0350 0.0000 1.0000
3.1950 -22.0350 0.0000 1.0000
3.4050 -22.0350 0.0000 1.0000
3.4650 -22.0350 0.0000 1.0000
3.9150 -22.0350 0.0000 1.0000
4.0650 -22.0350 0.0000 1.0000
2.8350 -22.0650 0.0000 1.0000
2.9550 -22.0650 0.0000 1.0000
3.1050 -22.0650 0.0000 1.0000
3.1350 -22.0650 0.0000 1.0000
3.3750 -22.0650 0.0000 1.0000
3.8850 -22.0650 0.0000 1.0000
4.0050 -22.0650 0.0000 1.0000
4.0650 -22.0650 0.0000 1.0000
-11.2650 -22.0950 0.0000 1.0000
2.7450 -22.0950 0.0000 1.0000
2.9250 -22.0950 0.0000 1.0000
2.9550 -22.0950 0.0000 1.0000
3.0450 -22.0950 0.0000 1.0000
3.1050 -22.0950 0.0000 1.0000
3.3750 -22.0950 0.0000 1.0000
3.7050 -22.0950 0.0000 1.0000
3.7650 -22.0950 0.0000 1.0000
3.8550 -22.0950 0.0000 1.0000
-11.2350 -22.1250 0.0000 1.0000
2.5350 -22.1250 0.0000 1.0000
2.7150 -22.1250 0.0000 1.0000
2.9250 -22.1250 0.0000 1.0000
3.0150 -22.1250 0.0000 1.0000
3.3150 -22.1250 0.0000 1.0000
3.6750 -22.1250 0.0000 1.0000
3.8250 -22.1250 0.0000 1.0000
-11.2650 -22.1550 0.0000 1.0000
-11.2350 -22.1550 0.0000 1.0000
-11.2050 -22.1550 0.0000 1.0000
2.8650 -22.1550 0.0000 1.0000
2.9250 -22.1550 0.0000 1.0000
2.9550 -22.1550 0.0000 1.0000
3.0150 -22.1550 0.0000 1.0000
3.2850 -22.1550 0.0000 1.0000
3.6450 -22.1550 0.0000 1.0000
-11.2650 -22.1850 0.0000 1.0000
-11.2350 -22.1850 0.0000 1.0000
2.4750 -22.1850 0.0000 1.0000
2.7150 -22.1850 0.0000 1.0000
2.8350 -22.1850 0.0000 1.0000
2.8650 -22.1850 0.0000 1.0000
2.8950 -22.1850 0.0000 1.0000
3.2550 -22.1850 0.0000 1.0000
3.6150 -22.1850 0.0000 1.0000
-11.2350 -22.2150 0.0000 1.0000
-11.2050 -22.2150 0.0000 1.0000
-11.1750 -22.2150 0.0000 1.0000
-11.1450 -22.2150 0.0000 1.0000
2.4150 -22.2150 0.0000 1.0000
2.7750 -22.2150 0.0000 1.0000
2.8050 -22.2150 0.0000 1.0000
2.8350 -22.2150 0.0000 1.0000
3.2550 -22.2150 0.0000 1.0000
3.5250 -22.2150 0.0000 1.0000
3.5850 -22.2150 0.0000 1.0000
-11.2050 -22.2450 0.0000 1.0000
2.3850 -22.2450 0.0000 1.0000
2.7750 -22.2450 0.0000 1.0000
2.8350 -22.2450 0.0000 1.0000
3.2250 -22.2450 0.0000 1.0000
3.4650 -22.2450 0.0000 1.0000
3.4950 -22.2450 0.0000 1.0000
-11.3850 -22.2750 0.0000 1.0000
2.7750 -22.2750 0.0000 1.0000
3.1050 -22.2750 0.0000 1.0000
3.1650 -22.2750 0.0000 1.0000
3.1950 -22.2750 0.0000 1.0000
3.4350 -22.2750 0.0000 1.0000
-11.3550 -22.3050 0.0000 1.0000
2.4450 -22.3050 0.0000 1.0000
2.6250 -22.3050 0.0000 1.0000
2.6550 -22.3050 0.0000 1.0000
2.7450 -22.3050 0.0000 1.0000
2.7750 -22.3050 0.0000 1.0000
3.0750 -22.3050 0.0000 1.0000
3.3750 -22.3050 0.0000 1.0000
3.4050 -22.3050 0.0000 1.0000
-11.3250 -22.3350 0.0000 1.0000
-11.2350 -22.3350 0.0000 1.0000
-10.6950 -22.3350 0.0000 1.0000
2.3850 -22.3350 0.0000 1.0000
2.6250 -22.3350 0.0000 1.0000
2.6550 -22.3350 0.0000 1.0000
2.7450 -22.3350 0.0000 1.0000
2.9850 -22.3350 0.0000 1.0000
3.0450 -22.3350 0.0000 1.0000
3.3450 -22.3350 0.0000 1.0000
-11.2650 -22.3650 0.0000 1.0000
-10.6650 -22.3650 0.0000 1.0000
-10.6350 -22.3650 0.0000 1.0000
-10.6050 -22.3650 0.0000 1.0000
2.2950 -22.3650 0.0000 1.0000
2.5650 -22.3650 0.0000 1.0000
2.6250 -22.3650 0.0000 1.0000
2.9850 -22.3650 0.0000 1.0000
3.3150 -22.3650 0.0000 1.0000
-11.2950 -22.3950 0.0000 1.0000
2.3250 -22.3950 0.0000 1.0000
2.5350 -22.3950 0.0000 1.0000
3.2250 -22.3950 0.0000 1.0000
3.2850 -22.3950 0.0000 1.0000
-11.2950 -22.4250 0.0000 1.0000
2.4150 -22.4250 0.0000 1.0000
2.5650 -22.4250 0.0000 1.0000
2.9250 -22.4250 0.0000 1.0000
2.9550 -22.4250 0.0000 1.0000
-11.2650 -22.4550 0.0000 1.0000
-10.6050 -22.4550 0.0000 1.0000
-10.5750 -22.4550 0.0000 1.0000
-10.5450 -22.4550 0.0000 1.0000
2.2950 -22.4550 0.0000 1.0000
2.8350 -22.4550 0.0000 1.0000
2.8950 -22.4550 0.0000 1.0000
3.2250 -22.4550 0.0000 1.0000
-11.3550 -22.4850 0.0000 1.0000
-10.5450 -22.4850 0.0000 1.0000
-10.5150 -22.4850 0.0000 1.0000
2.2350 -22.4850 0.0000 1.0000
2.3250 -22.4850 0.0000 1.0000
2.3850 -22.4850 0.0000 1.0000
2.5350 -22.4850 0.0000 1.0000
2.5650 -22.4850 0.0000 1.0000
2.8050 -22.4850 0.0000 1.0000
3.1650 -22.4850 0.0000 1.0000
3.1950 -22.4850 0.0000 1.0000
-11.3250 -22.5150 0.0000 1.0000
-11.2950 -22.5150 0.0000 1.0000
-11.1750 -22.5150 0.0000 1.0000
-10.6950 -22.5150 0.0000 1.0000
-10.5150 -22.5150 0.0000 1.0000
2.1450 -22.5150 0.0000 1.0000
2.2050 -22.5150 0.0000 1.0000
2.4450 -22.5150 0.0000 1.0000
2.4750 -22.5150 0.0000 1.0000
2.5350 -22.5150 0.0000 1.0000
2.7750 -22.5150 0.0000 1.0000
3.0750 -22.5150 0.0000 1.0000
3.1350 -22.5150 0.0000 1.0000
-12.2850 -22.5450 0.0000 1.0000
-11.2650 -22.5450 0.0000 1.0000
-11.1450 -22.5450 0.0000 1.0000
-10.6650 -22.5450 0.0000 1.0000
-10.6350 -22.5450 0.0000 1.0000
-10.4550 -22.5450 0.0000 1.0000
1.7550 -22.5450 0.0000 1.0000
2.0550 -22.5450 0.0000 1.0000
2.1750 -22.5450 0.0000 1.0000
2.4150 -22.5450 0.0000 1.0000
2.7450 -22.5450 0.0000 1.0000
3.0450 -22.5450 0.0000 1.0000
-12.2550 -22.5750 0.0000 1.0000
-11.1150 -22.5750 0.0000 1.0000
-10.6050 -22.5750 0.0000 1.0000
-10.4250 -22.5750 0.0000 1.0000
1.7250 -22.5750 0.0000 1.0000
2.0250 -22.5750 0.0000 1.0000
2.1450 -22.5750 0.0000 1.0000
2.2650 -22.5750 0.0000 1.0000
2.3850 -22.5750 0.0000 1.0000
2.4150 -22.5750 0.0000 1.0000
2.4450 -22.5750 0.0000 1.0000
2.7450 -22.5750 0.0000 1.0000
2.9850 -22.5750 0.0000 1.0000
3.0150 -22.5750 0.0000 1.0000
-12.2250 -22.6050 0.0000 1.0000
-12.1950 -22.6050 0.0000 1.0000
-11.4750 -22.6050 0.0000 1.0000
-11.4450 -22.6050 0.0000 1.0000
-11.3550 -22.6050 0.0000 1.0000
-11.2350 -22.6050 0.0000 1.0000
1.6950 -22.6050 0.0000 1.0000
1.9950 -22.6050 0.0000 1.0000
2.0250 -22.6050 0.0000 1.0000
2.3250 -22.6050 0.0000 1.0000
2.3850 -22.6050 0.0000 1.0000
2.7150 -22.6050 0.0000 1.0000
2.9550 -22.6050 0.0000 1.0000
-12.1650 -22.6350 0.0000 1.0000
-11.4750 -22.6350 0.0000 1.0000
-11.4150 -22.6350 0.0000 1.0000
-11.3550 -22.6350 0.0000 1.0000
-11.2950 -22.6350 0.0000 1.0000
1.6050 -22.6350 0.0000 1.0000
1.9650 -22.6350 0.0000 1.0000
2.2350 -22.6350 0.0000 1.0000
2.2650 -22.6350 0.0000 1.0000
2.6850 -22.6350 0.0000 1.0000
-12.1350 -22.6650 0.0000 1.0000
-11.4450 -22.6650 0.0000 1.0000
-11.3250 -22.6650 0.0000 1.0000
-11.2950 -22.6650 0.0000 1.0000
-11.2350 -22.6650 0.0000 1.0000
-11.2050 -22.6650 0.0000 1.0000
1.8750 -22.6650 0.0000 1.0000
1.9050 -22.6650 0.0000 1.0000
1.9650 -22.6650 0.0000 1.0000
2.1450 -22.6650 0.0000 1.0000
2.2350 -22.6650 0.0000 1.0000
2.6250 -22.6650 0.0000 1.0000
2.6550 -22.6650 0.0000 1.0000
2.8050 -22.6650 0.0000 1.0000
2.8650 -22.6650 0.0000 1.0000
2.8950 -22.6650 0.0000 1.0000
2.9550 -22.6650 0.0000 1.0000
-12.1050 -22.6950 0.0000 1.0000
-11.4150 -22.6950 0.0000 1.0000
-11.3850 -22.6950 0.0000 1.0000
-11.2650 -22.6950 0.0000 1.0000
-11.2350 -22.6950 0.0000 1.0000
-11.2050 -22.6950 0.0000 1.0000
-11.1750 -22.6950 0.0000 1.0000
-10.5450 -22.6950 0.0000 1.0000
-10.5150 -22.6950 0.0000 1.0000
1.8450 -22.6950 0.0000 1.0000
1.9350 -22.6950 0.0000 1.0000
2.1150 -22.6950 0.0000 1.0000
2.1450 -22.6950 0.0000 1.0000
2.2050 -22.6950 0.0000 1.0000
2.5650 -22.6950 0.0000 1.0000
2.5950 -22.6950 0.0000 1.0000
2.7750 -22.6950 0.0000 1.0000
-12.3150 -22.7250 0.0000 1.0000
-11.4150 -22.7250 0.0000 1.0000
-11.3850 -22.7250 0.0000 1.0000
-11.3550 -22.7250 0.0000 1.0000
-11.2950 -22.7250 0.0000 1.0000
-11.2050 -22.7250 0.0000 1.0000
-10.5750 -22.7250 0.0000 1.0000
-10.5450 -22.7250 0.0000 1.0000
1.8150 -22.7250 0.0000 1.0000
1.9350 -22.7250 0.0000 1.0000
2.0850 -22.7250 0.0000 1.0000
2.5350 -22.7250 0.0000 1.0000
2.7450 -22.7250 0.0000 1.0000
-12.2850 -22.7550 0.0000 1.0000
-11.3550 -22.7550 0.0000 1.0000
-11.3250 -22.7550 0.0000 1.0000
-10.5150 -22.7550 0.0000 1.0000
-10.4850 -22.7550 0.0000 1.0000
-10.4550 -22.7550 0.0000 1.0000
1.7850 -22.7550 0.0000 1.0000
1.8750 -22.7550 0.0000 1.0000
1.9050 -22.7550 0.0000 1.0000
1.9950 -22.7550 0.0000 1.0000
2.0550 -22.7550 0.0000 1.0000
2.1450 -22.7550 0.0000 1.0000
2.7450 -22.7550 0.0000 1.0000
-12.2550 -22.7850 0.0000 1.0000
-11.2050 -22.7850 0.0000 1.0000
-11.1750 -22.7850 0.0000 1.0000
-10.9650 -22.7850 0.0000 1.0000
-10.4550 -22.7850 0.0000 1.0000
1.8450 -22.7850 0.0000 1.0000
1.9650 -22.7850 0.0000 1.0000
2.1150 -22.7850 0.0000 1.0000
2.4750 -22.7850 0.0000 1.0000
2.5050 -22.7850 0.0000 1.0000
-11.2350 -22.8150 0.0000 1.0000
-11.1750 -22.8150 0.0000 1.0000
-11.1150 -22.8150 0.0000 1.0000
-11.0850 -22.8150 0.0000 1.0000
-10.9350 -22.8150 0.0000 1.0000
-10.4250 -22.8150 0.0000 1.0000
-10.3950 -22.8150 0.0000 1.0000
1.6950 -22.8150 0.0000 1.0000
2.4150 -22.8150 0.0000 1.0000
2.4450 -22.8150 0.0000 1.0000
2.6550 -22.8150 0.0000 1.0000
2.6850 -22.8150 0.0000 1.0000
2.7150 -22.8150 0.0000 1.0000
-11.2050 -22.8450 0.0000 1.0000
-11.0850 -22.8450 0.0000 1.0000
1.7850 -22.8450 0.0000 1.0000
1.9050 -22.8450 0.0000 1.0000
2.2350 -22.8450 0.0000 1.0000
2.2650 -22.8450 0.0000 1.0000
2.3250 -22.8450 0.0000 1.0000
2.3550 -22.8450 0.0000 1.0000
2.5950 -22.8450 0.0000 1.0000
-11.0850 -22.8750 0.0000 1.0000
-11.0550 -22.8750 0.0000 1.0000
-11.0250 -22.8750 0.0000 1.0000
0.8550 -22.8750 0.0000 1.0000
1.5150 -22.8750 0.0000 1.0000
1.6950 -22.8750 0.0000 1.0000
2.5350 -22.8750 0.0000 1.0000
2.5650 -22.8750 0.0000 1.0000
-11.2050 -22.9050 0.0000 1.0000
-11.1450 -22.9050 0.0000 1.0000
-10.4550 -22.9050 0.0000 1.0000
1.6950 -22.9050 0.0000 1.0000
1.8750 -22.9050 0.0000 1.0000
2.1750 -22.9050 0.0000 1.0000
2.2350 -22.9050 0.0000 1.0000
1.5750 -22.9350 0.0000 1.0000
1.6050 -22.9350 0.0000 1.0000
1.6650 -22.9350 0.0000 1.0000
1.8750 -22.9350 0.0000 1.0000
2.1150 -22.9350 0.0000 1.0000
2.1450 -22.9350 0.0000 1.0000
2.4450 -22.9350 0.0000 1.0000
2.4750 -22.9350 0.0000 1.0000
2.5350 -22.9350 0.0000 1.0000
1.0050 -22.9650 0.0000 1.0000
1.4850 -22.9650 0.0000 1.0000
1.5150 -22.9650 0.0000 1.0000
1.7250 -22.9650 0.0000 1.0000
2.4150 -22.9650 0.0000 1.0000
1.4250 -22.9950 0.0000 1.0000
1.5750 -22.9950 0.0000 1.0000
1.7250 -22.9950 0.0000 1.0000
2.0550 -22.9950 0.0000 1.0000
2.0850 -22.9950 0.0000 1.0000
2.3850 -22.9950 0.0000 1.0000
1.4250 -23.0250 0.0000 1.0000
1.5750 -23.0250 0.0000 1.0000
1.6350 -23.0250 0.0000 1.0000
1.6950 -23.0250 0.0000 1.0000
1.9350 -23.0250 0.0000 1.0000
1.9950 -23.0250 0.0000 1.0000
2.0250 -23.0250 0.0000 1.0000
2.3550 -23.0250 0.0000 1.0000
1.8750 -23.0550 0.0000 1.0000
1.9050 -23.0550 0.0000 1.0000
2.2950 -23.0550 0.0000 1.0000
2.3250 -23.0550 0.0000 1.0000
1.2750 -23.0850 0.0000 1.0000
1.3950 -23.0850 0.0000 1.0000
1.4550 -23.0850 0.0000 1.0000
1.5150 -23.0850 0.0000 1.0000
1.5450 -23.0850 0.0000 1.0000
2.0850 -23.0850 0.0000 1.0000
2.1750 -23.0850 0.0000 1.0000
2.2050 -23.0850 0.0000 1.0000
2.2650 -23.0850 0.0000 1.0000
1.1550 -23.1150 0.0000 1.0000
1.2450 -23.1150 0.0000 1.0000
1.3350 -23.1150 0.0000 1.0000
1.3650 -23.1150 0.0000 1.0000
1.8750 -23.1150 0.0000 1.0000
2.0550 -23.1150 0.0000 1.0000
2.1450 -23.1150 0.0000 1.0000
1.0950 -23.1450 0.0000 1.0000
1.3050 -23.1450 0.0000 1.0000
1.4550 -23.1450 0.0000 1.0000
1.4850 -23.1450 0.0000 1.0000
1.8450 -23.1450 0.0000 1.0000
1.9350 -23.1450 0.0000 1.0000
1.9950 -23.1450 0.0000 1.0000
2.0250 -23.1450 0.0000 1.0000
1.2450 -23.1750 0.0000 1.0000
1.7250 -23.1750 0.0000 1.0000
1.7550 -23.1750 0.0000 1.0000
1.8150 -23.1750 0.0000 1.0000
1.9350 -23.1750 0.0000 1.0000
1.1850 -23.2050 0.0000 1.0000
1.2150 -23.2050 0.0000 1.0000
1.4250 -23.2050 0.0000 1.0000
1.0350 -23.2350 0.0000 1.0000
1.1250 -23.2350 0.0000 1.0000
1.1550 -23.2350 0.0000 1.0000
1.3350 -23.2350 0.0000 1.0000
1.3650 -23.2350 0.0000 1.0000
1.4250 -23.2350 0.0000 1.0000
1.6650 -23.2350 0.0000 1.0000
1.6950 -23.2350 0.0000 1.0000
1.7850 -23.2350 0.0000 1.0000
1.8150 -23.2350 0.0000 1.0000
1.8450 -23.2350 0.0000 1.0000
1.9050 -23.2350 0.0000 1.0000
0.4650 -23.2650 0.0000 1.0000
0.7650 -23.2650 0.0000 1.0000
1.0950 -23.2650 0.0000 1.0000
1.2150 -23.2650 0.0000 1.0000
1.2750 -23.2650 0.0000 1.0000
1.3050 -23.2650 0.0000 1.0000
1.6050 -23.2650 0.0000 1.0000
1.6350 -23.2650 0.0000 1.0000
1.6950 -23.2650 0.0000 1.0000
1.7550 -23.2650 0.0000 1.0000
-11.2050 -23.2950 0.0000 1.0000
-11.1750 -23.2950 0.0000 1.0000
-8.4450 -23.2950 0.0000 1.0000
0.9150 -23.2950 0.0000 1.0000
1.1550 -23.2950 0.0000 1.0000
1.6650 -23.2950 0.0000 1.0000
-8.4150 -23.3250 0.0000 1.0000
1.6050 -23.3250 0.0000 1.0000
1.6350 -23.3250 0.0000 1.0000
0.5550 -23.3550 0.0000 1.0000
0.8550 -23.3550 0.0000 1.0000
1.0050 -23.3550 0.0000 1.0000
1.5150 -23.3550 0.0000 1.0000
1.5450 -23.3550 0.0000 1.0000
1.6050 -23.3550 0.0000 1.0000
-8.3850 -23.3850 0.0000 1.0000
0.3750 -23.3850 0.0000 1.0000
0.7650 -23.3850 0.0000 1.0000
0.9750 -23.3850 0.0000 1.0000
1.0650 -23.3850 0.0000 1.0000
1.4850 -23.3850 0.0000 1.0000
1.5150 -23.3850 0.0000 1.0000
1.5450 -23.3850 0.0000 1.0000
-8.3850 -23.4150 0.0000 1.0000
-8.3550 -23.4150 0.0000 1.0000
0.6750 -23.4150 0.0000 1.0000
0.7350 -23.4150 0.0000 1.0000
0.7950 -23.4150 0.0000 1.0000
0.8250 -23.4150 0.0000 1.0000
0.9450 -23.4150 0.0000 1.0000
1.0050 -23.4150 0.0000 1.0000
1.4550 -23.4150 0.0000 1.0000
1.4850 -23.4150 0.0000 1.0000
-8.3550 -23.4450 0.0000 1.0000
-8.2650 -23.4450 0.0000 1.0000
-8.2050 -23.4450 0.0000 1.0000
0.4950 -23.4450 0.0000 1.0000
0.5550 -23.4450 0.0000 1.0000
0.7050 -23.4450 0.0000 1.0000
0.7650 -23.4450 0.0000 1.0000
0.8850 -23.4450 0.0000 1.0000
0.9750 -23.4450 0.0000 1.0000
1.3950 -23.4450 0.0000 1.0000
1.4250 -23.4450 0.0000 1.0000
-8.2350 -23.4750 0.0000 1.0000
0.2550 -23.4750 0.0000 1.0000
0.4050 -23.4750 0.0000 1.0000
0.5850 -23.4750 0.0000 1.0000
0.6750 -23.4750 0.0000 1.0000
0.7350 -23.4750 0.0000 1.0000
1.4250 -23.4750 0.0000 1.0000
1.4850 -23.4750 0.0000 1.0000
-8.2050 -23.5050 0.0000 1.0000
-0.2250 -23.5050 0.0000 1.0000
0.3150 -23.5050 0.0000 1.0000
0.4950 -23.5050 0.0000 1.0000
0.5550 -23.5050 0.0000 1.0000
1.3350 -23.5050 0.0000 1.0000
1.3650 -23.5050 0.0000 1.0000
1.3950 -23.5050 0.0000 1.0000
0.1050 -23.5350 0.0000 1.0000
0.1950 -23.5350 0.0000 1.0000
0.2250 -23.5350 0.0000 1.0000
0.4050 -23.5350 0.0000 1.0000
0.4650 -23.5350 0.0000 1.0000
0.5250 -23.5350 0.0000 1.0000
0.5550 -23.5350 0.0000 1.0000
1.3050 -23.5350 0.0000 1.0000
1.3650 -23.5350 0.0000 1.0000
0.0750 -23.5650 0.0000 1.0000
0.1950 -23.5650 0.0000 1.0000
0.4950 -23.5650 0.0000 1.0000
1.2450 -23.5650 0.0000 1.0000
1.3050 -23.5650 0.0000 1.0000
-8.1450 -23.5950 0.0000 1.0000
-1.3050 -23.5950 0.0000 1.0000
-0.8850 -23.5950 0.0000 1.0000
-0.7350 -23.5950 0.0000 1.0000
-0.0150 -23.5950 0.0000 1.0000
0.0450 -23.5950 0.0000 1.0000
0.0750 -23.5950 0.0000 1.0000
1.2450 -23.5950 0.0000 1.0000
1.2750 -23.5950 0.0000 1.0000
-8.0250 -23.6250 0.0000 1.0000
-0.9150 -23.6250 0.0000 1.0000
-0.2850 -23.6250 0.0000 1.0000
-0.0450 -23.6250 0.0000 1.0000
0.1650 -23.6250 0.0000 1.0000
0.2550 -23.6250 0.0000 1.0000
0.3450 -23.6250 0.0000 1.0000
0.5850 -23.6250 0.0000 1.0000
0.6150 -23.6250 0.0000 1.0000
1.0050 -23.6250 0.0000 1.0000
1.2150 -23.6250 0.0000 1.0000
-0.3150 -23.6550 0.0000 1.0000
-0.1950 -23.6550 0.0000 1.0000
-0.1650 -23.6550 0.0000 1.0000
-0.1350 -23.6550 0.0000 1.0000
-0.0750 -23.6550 0.0000 1.0000
-0.0450 -23.6550 0.0000 1.0000
0.1050 -23.6550 0.0000 1.0000
0.7050 -23.6550 0.0000 1.0000
0.7350 -23.6550 0.0000 1.0000
0.7650 -23.6550 0.0000 1.0000
0.9450 -23.6550 0.0000 1.0000
0.9750 -23.6550 0.0000 1.0000
1.1250 -23.6550 0.0000 1.0000
1.1550 -23.6550 0.0000 1.0000
1.1850 -23.6550 0.0000 1.0000
-0.3450 -23.6850 0.0000 1.0000
-0.2550 -23.6850 0.0000 1.0000
-0.2250 -23.6850 0.0000 1.0000
-0.1050 -23.6850 0.0000 1.0000
-0.0750 -23.6850 0.0000 1.0000
0.0750 -23.6850 0.0000 1.0000
0.9150 -23.6850 0.0000 1.0000
1.0650 -23.6850 0.0000 1.0000
1.1550 -23.6850 0.0000 1.0000
1.1850 -23.6850 0.0000 1.0000
-0.3450 -23.7150 0.0000 1.0000
-0.3150 -23.7150 0.0000 1.0000
-0.2550 -23.7150 0.0000 1.0000
-0.1650 -23.7150 0.0000 1.0000
-0.1050 -23.7150 0.0000 1.0000
-0.0150 -23.7150 0.0000 1.0000
0.3150 -23.7150 0.0000 1.0000
0.4950 -23.7150 0.0000 1.0000
0.5850 -23.7150 0.0000 1.0000
0.8550 -23.7150 0.0000 1.0000
1.1250 -23.7150 0.0000 1.0000
-11.1750 -23.7450 0.0000 1.0000
-11.1450 -23.7450 0.0000 1.0000
-0.4950 -23.7450 0.0000 1.0000
-0.4050 -23.7450 0.0000 1.0000
-0.3450 -23.7450 0.0000 1.0000
-0.2850 -23.7450 0.0000 1.0000
-0.1950 -23.7450 0.0000 1.0000
-0.1350 -23.7450 0.0000 1.0000
0.1950 -23.7450 0.0000 1.0000
0.2250 -23.7450 0.0000 1.0000
0.4350 -23.7450 0.0000 1.0000
0.4650 -23.7450 0.0000 1.0000
0.5550 -23.7450 0.0000 1.0000
1.0350 -23.7450 0.0000 1.0000
1.0950 -23.7450 0.0000 1.0000
-11.1150 -23.7750 0.0000 1.0000
-0.3150 -23.7750 0.0000 1.0000
-0.2550 -23.7750 0.0000 1.0000
-0.2250 -23.7750 0.0000 1.0000
-0.1650 -23.7750 0.0000 1.0000
0.0450 -23.7750 0.0000 1.0000
0.0750 -23.7750 0.0000 1.0000
0.1650 -23.7750 0.0000 1.0000
0.4050 -23.7750 0.0000 1.0000
0.4950 -23.7750 0.0000 1.0000
0.5850 -23.7750 0.0000 1.0000
0.8250 -23.7750 0.0000 1.0000
0.8550 -23.7750 0.0000 1.0000
0.9450 -23.7750 0.0000 1.0000
0.9750 -23.7750 0.0000 1.0000
1.0050 -23.7750 0.0000 1.0000
-1.4550 -23.8050 0.0000 1.0000
-1.3650 -23.8050 0.0000 1.0000
-0.6150 -23.8050 0.0000 1.0000
-0.5550 -23.8050 0.0000 1.0000
-0.4050 -23.8050 0.0000 1.0000
-0.3450 -23.8050 0.0000 1.0000
-0.2250 -23.8050 0.0000 1.0000
0.4350 -23.8050 0.0000 1.0000
0.7350 -23.8050 0.0000 1.0000
0.7650 -23.8050 0.0000 1.0000
0.8850 -23.8050 0.0000 1.0000
-9.8250 -23.8350 0.0000 1.0000
-1.3950 -23.8350 0.0000 1.0000
-0.7350 -23.8350 0.0000 1.0000
-0.5850 -23.8350 0.0000 1.0000
-0.4350 -23.8350 0.0000 1.0000
-0.3750 -23.8350 0.0000 1.0000
-0.2550 -23.8350 0.0000 1.0000
0.4050 -23.8350 0.0000 1.0000
0.6750 -23.8350 0.0000 1.0000
0.7050 -23.8350 0.0000 1.0000
0.7350 -23.8350 0.0000 1.0000
0.8250 -23.8350 0.0000 1.0000
-9.7950 -23.8650 0.0000 1.0000
-9.6450 -23.8650 0.0000 1.0000
-0.8250 -23.8650 0.0000 1.0000
-0.6150 -23.8650 0.0000 1.0000
-0.4950 -23.8650 0.0000 1.0000
-0.3150 -23.8650 0.0000 1.0000
0.3450 -23.8650 0.0000 1.0000
0.6150 -23.8650 0.0000 1.0000
0.6450 -23.8650 0.0000 1.0000
-9.7650 -23.8950 0.0000 1.0000
-9.5850 -23.8950 0.0000 1.0000
-1.5150 -23.8950 0.0000 1.0000
-0.9450 -23.8950 0.0000 1.0000
-0.8250 -23.8950 0.0000 1.0000
-0.6450 -23.8950 0.0000 1.0000
-0.6150 -23.8950 0.0000 1.0000
-0.5850 -23.8950 0.0000 1.0000
-0.5550 -23.8950 0.0000 1.0000
-0.5250 -23.8950 0.0000 1.0000
-0.4950 -23.8950 0.0000 1.0000
0.5250 -23.8950 0.0000 1.0000
0.5550 -23.8950 0.0000 1.0000
-9.7350 -23.9250 0.0000 1.0000
-9.5550 -23.9250 0.0000 1.0000
-1.5150 -23.9250 0.0000 1.0000
-0.9450 -23.9250 0.0000 1.0000
-0.8250 -23.9250 0.0000 1.0000
-0.7650 -23.9250 0.0000 1.0000
-0.7050 -23.9250 0.0000 1.0000
-0.6450 -23.9250 0.0000 1.0000
-0.6150 -23.9250 0.0000 1.0000
0.0150 -23.9250 0.0000 1.0000
0.1050 -23.9250 0.0000 1.0000
0.1650 -23.9250 0.0000 1.0000
0.2550 -23.9250 0.0000 1.0000
0.3150 -23.9250 0.0000 1.0000
0.4050 -23.9250 0.0000 1.0000
0.4650 -23.9250 0.0000 1.0000
0.4950 -23.9250 0.0000 1.0000
-9.5250 -23.9550 0.0000 1.0000
-1.5750 -23.9550 0.0000 1.0000
-0.8850 -23.9550 0.0000 1.0000
-0.8550 -23.9550 0.0000 1.0000
-0.7950 -23.9550 0.0000 1.0000
-0.7350 -23.9550 0.0000 1.0000
-0.6450 -23.9550 0.0000 1.0000
-0.0150 -23.9550 0.0000 1.0000
0.2250 -23.9550 0.0000 1.0000
0.2550 -23.9550 0.0000 1.0000
0.2850 -23.9550 0.0000 1.0000
0.3150 -23.9550 0.0000 1.0000
0.3450 -23.9550 0.0000 1.0000
0.3750 -23.9550 0.0000 1.0000
0.4050 -23.9550 0.0000 1.0000
-1.0950 -23.9850 0.0000 1.0000
-1.0350 -23.9850 0.0000 1.0000
-0.9450 -23.9850 0.0000 1.0000
-0.8550 -23.9850 0.0000 1.0000
-0.8250 -23.9850 0.0000 1.0000
-0.7350 -23.9850 0.0000 1.0000
-0.6750 -23.9850 0.0000 1.0000
0.1650 -23.9850 0.0000 1.0000
0.1950 -23.9850 0.0000 1.0000
0.2250 -23.9850 0.0000 1.0000
0.3150 -23.9850 0.0000 1.0000
0.3450 -23.9850 0.0000 1.0000
-9.5250 -24.0150 0.0000 1.0000
-0.9150 -24.0150 0.0000 1.0000
-0.7650 -24.0150 0.0000 1.0000
-0.0450 -24.0150 0.0000 1.0000
0.0450 -24.0150 0.0000 1.0000
0.0750 -24.0150 0.0000 1.0000
0.1350 -24.0150 0.0000 1.0000
-1.0350 -24.0450 0.0000 1.0000
-0.9450 -24.0450 0.0000 1.0000
-0.9150 -24.0450 0.0000 1.0000
-0.7950 -24.0450 0.0000 1.0000
-0.1050 -24.0450 0.0000 1.0000
-0.0750 -24.0450 0.0000 1.0000
-0.0150 -24.0450 0.0000 1.0000
0.0150 -24.0450 0.0000 1.0000
-1.1550 -24.0750 0.0000 1.0000
-1.0650 -24.0750 0.0000 1.0000
-1.0050 -24.0750 0.0000 1.0000
-0.9750 -24.0750 0.0000 1.0000
-0.9450 -24.0750 0.0000 1.0000
-0.8250 -24.0750 0.0000 1.0000
-0.1350 -24.0750 0.0000 1.0000
-1.6950 -24.1050 0.0000 1.0000
-0.8550 -24.1050 0.0000 1.0000
-0.2550 -24.1050 0.0000 1.0000
-0.1950 -24.1050 0.0000 1.0000
-1.2750 -24.1350 0.0000 1.0000
-0.9450 -24.1350 0.0000 1.0000
-0.8850 -24.1350 0.0000 1.0000
-0.5250 -24.1350 0.0000 1.0000
-0.4950 -24.1350 0.0000 1.0000
-0.4350 -24.1350 0.0000 1.0000
-0.3150 -24.1350 0.0000 1.0000
-0.6450 -24.1650 0.0000 1.0000
-0.6150 -24.1650 0.0000 1.0000
-0.5550 -24.1650 0.0000 1.0000
-0.4050 -24.1650 0.0000 1.0000
-0.3750 -24.1650 0.0000 1.0000
-0.3450 -24.1650 0.0000 1.0000
-1.7850 -24.1950 0.0000 1.0000
-1.3950 -24.1950 0.0000 1.0000
-0.9450 -24.1950 0.0000 1.0000
-0.7650 -24.1950 0.0000 1.0000
-0.7050 -24.1950 0.0000 1.0000
-0.6750 -24.1950 0.0000 1.0000
-0.3750 -24.1950 0.0000 1.0000
-1.5150 -24.2250 0.0000 1.0000
-1.4250 -24.2250 0.0000 1.0000
-1.1550 -24.2250 0.0000 1.0000
-1.0350 -24.2250 0.0000 1.0000
-1.0050 -24.2250 0.0000 1.0000
-0.9750 -24.2250 0.0000 1.0000
-0.9450 -24.2250 0.0000 1.0000
-0.4350 -24.2250 0.0000 1.0000
-1.3350 -24.2550 0.0000 1.0000
-1.2750 -24.2550 0.0000 1.0000
-1.1550 -24.2550 0.0000 1.0000
-1.0650 -24.2550 0.0000 1.0000
-0.4650 -24.2550 0.0000 1.0000
-1.9950 -24.2850 0.0000 1.0000
-1.3650 -24.2850 0.0000 1.0000
-1.1850 -24.2850 0.0000 1.0000
-1.1550 -24.2850 0.0000 1.0000
-1.1250 -24.2850 0.0000 1.0000
-1.0950 -24.2850 0.0000 1.0000
-1.0050 -24.2850 0.0000 1.0000
-0.4950 -24.2850 0.0000 1.0000
-2.6250 -24.3150 0.0000 1.0000
-2.5650 -24.3150 0.0000 1.0000
-1.5750 -24.3150 0.0000 1.0000
-1.3950 -24.3150 0.0000 1.0000
-1.2450 -24.3150 0.0000 1.0000
-1.1850 -24.3150 0.0000 1.0000
-1.0950 -24.3150 0.0000 1.0000
-1.0650 -24.3150 0.0000 1.0000
-0.5550 -24.3150 0.0000 1.0000
-1.6050 -24.3450 0.0000 1.0000
-1.4250 -24.3450 0.0000 1.0000
-1.2450 -24.3450 0.0000 1.0000
-1.2150 -24.3450 0.0000 1.0000
-1.1850 -24.3450 0.0000 1.0000
-1.1250 -24.3450 0.0000 1.0000
-0.5850 -24.3450 0.0000 1.0000
-1.3050 -24.3750 0.0000 1.0000
-0.6150 -24.3750 0.0000 1.0000
-1.4850 -24.4050 0.0000 1.0000
-1.4250 -24.4050 0.0000 1.0000
-9.4050 -24.4350 0.0000 1.0000
-2.5950 -24.4350 0.0000 1.0000
-1.5150 -24.4350 0.0000 1.0000
-1.3650 -24.4350 0.0000 1.0000
-0.7350 -24.4350 0.0000 1.0000
-0.6750 -24.4350 0.0000 1.0000
-9.3750 -24.4650 0.0000 1.0000
-1.6050 -24.4650 0.0000 1.0000
-1.5150 -24.4650 0.0000 1.0000
-1.4550 -24.4650 0.0000 1.0000
-1.4250 -24.4650 0.0000 1.0000
-0.7650 -24.4650 0.0000 1.0000
-9.3450 -24.4950 0.0000 1.0000
-9.1950 -24.4950 0.0000 1.0000
-1.6650 -24.4950 0.0000 1.0000
-9.3150 -24.5250 0.0000 1.0000
-9.1650 -24.5250 0.0000 1.0000
-1.9650 -24.5250 0.0000 1.0000
-1.7550 -24.5250 0.0000 1.0000
-1.6950 -24.5250 0.0000 1.0000
-1.5450 -24.5250 0.0000 1.0000
-0.7950 -24.5250 0.0000 1.0000
-9.1050 -24.5550 0.0000 1.0000
-1.8750 -24.5550 0.0000 1.0000
-1.7850 -24.5550 0.0000 1.0000
-1.6950 -24.5550 0.0000 1.0000
-1.6650 -24.5550 0.0000 1.0000
-1.6050 -24.5550 0.0000 1.0000
-1.5750 -24.5550 0.0000 1.0000
-0.8850 -24.5550 0.0000 1.0000
-0.8250 -24.5550 0.0000 1.0000
-1.8450 -24.5850 0.0000 1.0000
-1.7850 -24.5850 0.0000 1.0000
-1.6650 -24.5850 0.0000 1.0000
-0.9150 -24.5850 0.0000 1.0000
-2.1450 -24.6150 0.0000 1.0000
-1.7250 -24.6150 0.0000 1.0000
-1.6950 -24.6150 0.0000 1.0000
-0.9450 -24.6150 0.0000 1.0000
-1.9950 -24.6450 0.0000 1.0000
-1.9350 -24.6450 0.0000 1.0000
-1.9050 -24.6450 0.0000 1.0000
-1.8750 -24.6450 0.0000 1.0000
-1.8450 -24.6450 0.0000 1.0000
-1.8150 -24.6450 0.0000 1.0000
-1.7850 -24.6450 0.0000 1.0000
-1.0650 -24.6450 0.0000 1.0000
-1.0050 -24.6450 0.0000 1.0000
-2.0550 -24.6750 0.0000 1.0000
-1.9650 -24.6750 0.0000 1.0000
-1.9350 -24.6750 0.0000 1.0000
-1.4250 -24.6750 0.0000 1.0000
-1.3950 -24.6750 0.0000 1.0000
-1.0950 -24.6750 0.0000 1.0000
-2.1150 -24.7050 0.0000 1.0000
-2.0850 -24.7050 0.0000 1.0000
-1.3350 -24.7050 0.0000 1.0000
-1.2750 -24.7050 0.0000 1.0000
-1.1550 -24.7050 0.0000 1.0000
-1.3950 -24.7350 0.0000 1.0000
-1.1850 -24.7350 0.0000 1.0000
-2.1750 -24.7650 0.0000 1.0000
-1.4250 -24.7650 0.0000 1.0000
-2.4150 -24.7950 0.0000 1.0000
-2.2350 -24.7950 0.0000 1.0000
-1.6050 -24.7950 0.0000 1.0000
-1.5450 -24.7950 0.0000 1.0000
-1.5150 -24.7950 0.0000 1.0000
-1.4550 -24.7950 0.0000 1.0000
-2.2650 -24.8250 0.0000 1.0000
-1.7250 -24.8250 0.0000 1.0000
-1.6650 -24.8250 0.0000 1.0000
-1.6350 -24.8250 0.0000 1.0000
-1.6050 -24.8250 0.0000 1.0000
-2.3550 -24.8550 0.0000 1.0000
-2.3250 -24.8550 0.0000 1.0000
-2.2950 -24.8550 0.0000 1.0000
-1.6650 -24.8550 0.0000 1.0000
-2.6550 -24.8850 0.0000 1.0000
-2.6250 -24.8850 0.0000 1.0000
-2.4750 -24.8850 0.0000 1.0000
-1.8150 -24.8850 0.0000 1.0000
-1.7250 -24.8850 0.0000 1.0000
-2.7150 -24.9150 0.0000 1.0000
-2.4450 -24.9150 0.0000 1.0000
-2.4150 -24.9150 0.0000 1.0000
-1.9050 -24.9150 0.0000 1.0000
-1.8750 -24.9150 0.0000 1.0000
-1.8450 -24.9150 0.0000 1.0000
-1.7850 -24.9150 0.0000 1.0000
-1.7550 -24.9150 0.0000 1.0000
-2.7150 -24.9450 0.0000 1.0000
-2.4750 -24.9450 0.0000 1.0000
-1.9350 -24.9450 0.0000 1.0000
-1.8750 -24.9450 0.0000 1.0000
-1.8450 -24.9450 0.0000 1.0000
-1.7850 -24.9450 0.0000 1.0000
-2.8050 -24.9750 0.0000 1.0000
-2.5350 -24.9750 0.0000 1.0000
-1.9650 -24.9750 0.0000 1.0000
-1.9350 -24.9750 0.0000 1.0000
-1.9050 -24.9750 0.0000 1.0000
-1.9650 -25.0050 0.0000 1.0000
-1.9350 -25.0050 0.0000 1.0000
-2.6250 -25.0350 0.0000 1.0000
-2.1450 -25.0350 0.0000 1.0000
-2.1150 -25.0350 0.0000 1.0000
-2.0550 -25.0350 0.0000 1.0000
-2.0250 -25.0350 0.0000 1.0000
-1.9650 -25.0350 0.0000 1.0000
-3.3750 -25.0650 0.0000 1.0000
-3.3450 -25.0650 0.0000 1.0000
-2.2050 -25.0650 0.0000 1.0000
-2.1750 -25.0650 0.0000 1.0000
-2.0850 -25.0650 0.0000 1.0000
-3.7950 -25.0950 0.0000 1.0000
-2.5950 -25.0950 0.0000 1.0000
-2.2650 -25.0950 0.0000 1.0000
-2.2350 -25.0950 0.0000 1.0000
-2.9550 -25.1250 0.0000 1.0000
-2.7450 -25.1250 0.0000 1.0000
-2.7150 -25.1250 0.0000 1.0000
-2.6550 -25.1250 0.0000 1.0000
-2.5950 -25.1250 0.0000 1.0000
-2.5650 -25.1250 0.0000 1.0000
-2.4150 -25.1250 0.0000 1.0000
-2.3850 -25.1250 0.0000 1.0000
-2.3250 -25.1250 0.0000 1.0000
-2.2950 -25.1250 0.0000 1.0000
-2.8050 -25.1550 0.0000 1.0000
-2.6250 -25.1550 0.0000 1.0000
-2.5050 -25.1550 0.0000 1.0000
-2.4750 -25.1550 0.0000 1.0000
-3.4350 -25.1850 0.0000 1.0000
-2.8650 -25.1850 0.0000 1.0000
-2.7750 -25.1850 0.0000 1.0000
-3.4950 -25.2150 0.0000 1.0000
-3.2250 -25.2150 0.0000 1.0000
-2.2950 -25.2150 0.0000 1.0000
-3.3150 -25.2450 0.0000 1.0000
-2.8950 -25.2450 0.0000 1.0000
-2.3250 -25.2450 0.0000 1.0000
-3.0150 -25.2750 0.0000 1.0000
-2.9850 -25.2750 0.0000 1.0000
-2.9250 -25.2750 0.0000 1.0000
-2.8950 -25.2750 0.0000 1.0000
-2.3850 -25.2750 0.0000 1.0000
-3.5850 -25.3050 0.0000 1.0000
-3.5250 -25.3050 0.0000 1.0000
-3.0150 -25.3050 0.0000 1.0000
-2.9850 -25.3050 0.0000 1.0000
-2.9250 -25.3050 0.0000 1.0000
-2.5650 -25.3050 0.0000 1.0000
-2.5050 -25.3050 0.0000 1.0000
-2.4450 -25.3050 0.0000 1.0000
-3.6750 -25.3350 0.0000 1.0000
-8.3250 -25.3650 0.0000 1.0000
-3.6150 -25.3650 0.0000 1.0000
-3.0750 -25.3650 0.0000 1.0000
-2.5650 -25.3650 0.0000 1.0000
-8.2950 -25.3950 0.0000 1.0000
-3.7950 -25.3950 0.0000 1.0000
-3.7050 -25.3950 0.0000 1.0000
-3.1350 -25.3950 0.0000 1.0000
-3.1050 -25.3950 0.0000 1.0000
-2.6850 -25.3950 0.0000 1.0000
-2.6250 -25.3950 0.0000 1.0000
-8.2350 -25.4250 0.0000 1.0000
-3.1950 -25.4250 0.0000 1.0000
-2.8650 -25.4250 0.0000 1.0000
-2.7150 -25.4250 0.0000 1.0000
-8.2050 -25.4550 0.0000 1.0000
-3.9750 -25.4550 0.0000 1.0000
-3.1650 -25.4550 0.0000 1.0000
-2.9850 -25.4550 0.0000 1.0000
-2.9550 -25.4550 0.0000 1.0000
-2.8950 -25.4550 0.0000 1.0000
-2.8050 -25.4550 0.0000 1.0000
-2.7750 -25.4550 0.0000 1.0000
-3.2250 -25.4850 0.0000 1.0000
-7.4850 -25.5150 0.0000 1.0000
-2.8650 -25.5150 0.0000 1.0000
-2.8050 -25.5150 0.0000 1.0000
-4.1550 -25.5450 0.0000 1.0000
-3.0750 -25.5450 0.0000 1.0000
-8.2350 -25.5750 0.0000 1.0000
-4.2450 -25.5750 0.0000 1.0000
-4.1850 -25.5750 0.0000 1.0000
-4.1550 -25.5750 0.0000 1.0000
-3.2850 -25.5750 0.0000 1.0000
-3.0150 -25.5750 0.0000 1.0000
-2.8950 -25.5750 0.0000 1.0000
-8.1750 -25.6050 0.0000 1.0000
-4.0050 -25.6050 0.0000 1.0000
-3.0450 -25.6050 0.0000 1.0000
-2.9250 -25.6050 0.0000 1.0000
-8.1450 -25.6350 0.0000 1.0000
-8.0850 -25.6350 0.0000 1.0000
-4.2750 -25.6350 0.0000 1.0000
-4.1250 -25.6350 0.0000 1.0000
-3.4950 -25.6350 0.0000 1.0000
-3.4350 -25.6350 0.0000 1.0000
-3.4050 -25.6350 0.0000 1.0000
-3.3450 -25.6350 0.0000 1.0000
-3.1050 -25.6350 0.0000 1.0000
-8.0250 -25.6650 0.0000 1.0000
-3.8250 -25.6650 0.0000 1.0000
-3.1350 -25.6650 0.0000 1.0000
-4.4850 -25.6950 0.0000 1.0000
-4.3950 -25.6950 0.0000 1.0000
-3.2850 -25.6950 0.0000 1.0000
-3.2250 -25.6950 0.0000 1.0000
-3.1950 -25.6950 0.0000 1.0000
-4.5450 -25.7250 0.0000 1.0000
-4.4550 -25.7250 0.0000 1.0000
-4.3050 -25.7250 0.0000 1.0000
-3.4650 -25.7250 0.0000 1.0000
-3.3450 -25.7250 0.0000 1.0000
-3.2250 -25.7250 0.0000 1.0000
-3.1650 -25.7250 0.0000 1.0000
-3.1050 -25.7250 0.0000 1.0000
-4.3950 -25.7550 0.0000 1.0000
-3.4950 -25.7550 0.0000 1.0000
-3.2850 -25.7550 0.0000 1.0000
-3.4350 -25.7850 0.0000 1.0000
-3.4050 -25.7850 0.0000 1.0000
-3.3750 -25.7850 0.0000 1.0000
-4.6950 -25.8150 0.0000 1.0000
-3.5550 -25.8150 0.0000 1.0000
-3.5250 -25.8150 0.0000 1.0000
-3.4650 -25.8150 0.0000 1.0000
-4.7550 -25.8450 0.0000 1.0000
-4.3950 -25.8450 0.0000 1.0000
-3.4650 -25.8450 0.0000 1.0000
-4.6050 -25.8750 0.0000 1.0000
-4.5450 -25.8750 0.0000 1.0000
-3.5550 -25.8750 0.0000 1.0000
-3.6450 -25.9050 0.0000 1.0000
-3.6150 -25.9050 0.0000 1.0000
-3.5250 -25.9050 0.0000 1.0000
-3.6750 -25.9350 0.0000 1.0000
-3.6450 -25.9350 0.0000 1.0000
-3.8550 -25.9650 0.0000 1.0000
-3.7350 -25.9650 0.0000 1.0000
-3.6750 -25.9650 0.0000 1.0000
-3.5850 -25.9650 0.0000 1.0000
-4.0050 -25.9950 0.0000 1.0000
-3.8850 -25.9950 0.0000 1.0000
-3.8550 -25.9950 0.0000 1.0000
-3.7950 -25.9950 0.0000 1.0000
-3.6450 -25.9950 0.0000 1.0000
-5.0850 -26.0250 0.0000 1.0000
-3.8850 -26.0250 0.0000 1.0000
-3.8250 -26.0250 0.0000 1.0000
-3.7950 -26.0250 0.0000 1.0000
-3.7350 -26.0250 0.0000 1.0000
-5.1150 -26.0550 0.0000 1.0000
-3.8550 -26.0550 0.0000 1.0000
-3.7050 -26.0550 0.0000 1.0000
-4.0350 -26.1150 0.0000 1.0000
-3.9750 -26.1150 0.0000 1.0000
-3.9150 -26.1150 0.0000 1.0000
-5.2650 -26.1450 0.0000 1.0000
-5.2050 -26.1450 0.0000 1.0000
-4.0350 -26.1750 0.0000 1.0000
-4.2150 -26.2050 0.0000 1.0000
-4.1850 -26.2050 0.0000 1.0000
-4.1250 -26.2050 0.0000 1.0000
-4.0950 -26.2050 0.0000 1.0000
-6.3150 -26.2350 0.0000 1.0000
-4.3050 -26.2350 0.0000 1.0000
-4.2450 -26.2350 0.0000 1.0000
-4.1550 -26.2350 0.0000 1.0000
-5.4150 -26.2650 0.0000 1.0000
-5.3550 -26.2650 0.0000 1.0000
-4.3350 -26.2650 0.0000 1.0000
-4.3050 -26.2650 0.0000 1.0000
-4.2750 -26.2650 0.0000 1.0000
-4.2450 -26.2650 0.0000 1.0000
-4.1250 -26.2650 0.0000 1.0000
-5.5050 -26.2950 0.0000 1.0000
-4.3650 -26.2950 0.0000 1.0000
-4.3650 -26.3250 0.0000 1.0000
-4.3350 -26.3250 0.0000 1.0000
-4.2450 -26.3250 0.0000 1.0000
-4.4250 -26.3550 0.0000 1.0000
-4.3650 -26.3550 0.0000 1.0000
-4.3050 -26.3550 0.0000 1.0000
-4.6050 -26.3850 0.0000 1.0000
-4.5450 -26.3850 0.0000 1.0000
-4.4850 -26.3850 0.0000 1.0000
-4.3950 -26.3850 0.0000 1.0000
-5.5950 -26.4150 0.0000 1.0000
-4.6050 -26.4150 0.0000 1.0000
-4.5150 -26.4150 0.0000 1.0000
-4.4550 -26.4150 0.0000 1.0000
-4.8450 -26.4450 0.0000 1.0000
-4.5450 -26.4450 0.0000 1.0000
-4.6650 -26.4750 0.0000 1.0000
-4.6350 -26.4750 0.0000 1.0000
-4.6050 -26.4750 0.0000 1.0000
-4.5750 -26.4750 0.0000 1.0000
-4.4850 -26.4750 0.0000 1.0000
-5.5050 -26.5050 0.0000 1.0000
-4.9050 -26.5050 0.0000 1.0000
-4.6950 -26.5050 0.0000 1.0000
-4.6350 -26.5050 0.0000 1.0000
-6.0450 -26.5350 0.0000 1.0000
-5.9850 -26.5350 0.0000 1.0000
-4.7250 -26.5350 0.0000 1.0000
-4.5750 -26.5350 0.0000 1.0000
-6.1050 -26.5650 0.0000 1.0000
-5.9550 -26.5650 0.0000 1.0000
-5.9250 -26.5650 0.0000 1.0000
-5.8050 -26.5650 0.0000 1.0000
-4.6950 -26.5650 0.0000 1.0000
-5.8650 -26.5950 0.0000 1.0000
-4.6350 -26.5950 0.0000 1.0000
-4.8750 -26.6250 0.0000 1.0000
-4.8150 -26.6250 0.0000 1.0000
-5.8650 -26.6550 0.0000 1.0000
-4.9650 -26.6550 0.0000 1.0000
-4.9050 -26.6550 0.0000 1.0000
-5.0250 -26.6850 0.0000 1.0000
-4.9950 -26.7150 0.0000 1.0000
-4.8450 -26.7150 0.0000 1.0000
-4.9050 -26.7450 0.0000 1.0000
-5.0850 -26.7750 0.0000 1.0000
-4.9650 -26.7750 0.0000 1.0000
-5.1450 -26.8050 0.0000 1.0000
-5.1150 -26.8050 0.0000 1.0000
-5.0550 -26.8050 0.0000 1.0000
-6.4050 -26.8350 0.0000 1.0000
-5.2350 -26.8350 0.0000 1.0000
-5.2050 -26.8350 0.0000 1.0000
-5.1750 -26.8350 0.0000 1.0000
-6.3150 -26.8650 0.0000 1.0000
-6.2850 -26.8650 0.0000 1.0000
-6.2250 -26.8650 0.0000 1.0000
-5.2650 -26.8650 0.0000 1.0000
-6.1950 -26.8950 0.0000 1.0000
-5.4150 -26.8950 0.0000 1.0000
-5.2950 -26.8950 0.0000 1.0000
-5.2650 -26.8950 0.0000 1.0000
-6.5850 -26.9250 0.0000 1.0000
-5.3550 -26.9250 0.0000 1.0000
-5.3250 -26.9250 0.0000 1.0000
-5.4450 -26.9550 0.0000 1.0000
-5.4150 -26.9550 0.0000 1.0000
-5.4750 -26.9850 0.0000 1.0000
-5.3850 -26.9850 0.0000 1.0000
-6.6750 -27.0150 0.0000 1.0000
-5.5350 -27.0150 0.0000 1.0000
-5.5650 -27.0450 0.0000 1.0000
-5.5050 -27.0450 0.0000 1.0000
-5.4450 -27.0450 0.0000 1.0000
-6.7350 -27.0750 0.0000 1.0000
-5.5950 -27.0750 0.0000 1.0000
-5.5350 -27.0750 0.0000 1.0000
-6.4650 -27.1050 0.0000 1.0000
-6.4050 -27.1050 0.0000 1.0000
-5.7150 -27.1050 0.0000 1.0000
-5.6550 -27.1050 0.0000 1.0000
-5.6250 -27.1050 0.0000 1.0000
-5.5950 -27.1050 0.0000 1.0000
-7.0650 -27.1350 0.0000 1.0000
-6.9450 -27.1350 0.0000 1.0000
-6.8550 -27.1350 0.0000 1.0000
-6.7950 -27.1350 0.0000 1.0000
-6.5550 -27.1350 0.0000 1.0000
-6.4950 -27.1350 0.0000 1.0000
-5.7150 -27.1350 0.0000 1.0000
-5.6250 -27.1350 0.0000 1.0000
-6.6150 -27.1650 0.0000 1.0000
-5.7750 -27.1650 0.0000 1.0000
-6.7650 -27.1950 0.0000 1.0000
-6.7050 -27.1950 0.0000 1.0000
-6.6750 -27.1950 0.0000 1.0000
-7.3650 -27.2250 0.0000 1.0000
-5.9250 -27.2250 0.0000 1.0000
-5.8650 -27.2250 0.0000 1.0000
-5.8050 -27.2250 0.0000 1.0000
-5.6550 -27.2250 0.0000 1.0000
-6.8550 -27.2550 0.0000 1.0000
-6.7950 -27.2550 0.0000 1.0000
-5.8050 -27.2550 0.0000 1.0000
-5.7750 -27.2550 0.0000 1.0000
-6.9150 -27.2850 0.0000 1.0000
-5.7150 -27.2850 0.0000 1.0000
-6.9750 -27.3150 0.0000 1.0000
-5.9550 -27.3150 0.0000 1.0000
-5.8950 -27.3150 0.0000 1.0000
-5.8350 -27.3150 0.0000 1.0000
-5.7450 -27.3150 0.0000 1.0000
-7.3050 -27.3450 0.0000 1.0000
-7.2450 -27.3450 0.0000 1.0000
-7.1850 -27.3450 0.0000 1.0000
-6.0450 -27.3450 0.0000 1.0000
-6.0150 -27.3450 0.0000 1.0000
-5.8650 -27.3450 0.0000 1.0000
-5.8050 -27.3450 0.0000 1.0000
-7.6650 -27.3750 0.0000 1.0000
-7.6050 -27.3750 0.0000 1.0000
-7.5450 -27.3750 0.0000 1.0000
-7.3050 -27.3750 0.0000 1.0000
-7.1250 -27.3750 0.0000 1.0000
-6.1050 -27.3750 0.0000 1.0000
-7.2750 -27.4050 0.0000 1.0000
-7.1550 -27.4050 0.0000 1.0000
-7.0950 -27.4050 0.0000 1.0000
-7.6350 -27.4350 0.0000 1.0000
-7.5750 -27.4350 0.0000 1.0000
-7.5450 -27.4350 0.0000 1.0000
-5.8950 -27.4350 0.0000 1.0000
-7.8150 -27.4650 0.0000 1.0000
-7.7250 -27.4650 0.0000 1.0000
-7.4850 -27.4650 0.0000 1.0000
-7.0650 -27.4650 0.0000 1.0000
-7.0050 -27.4650 0.0000 1.0000
-5.9550 -27.4650 0.0000 1.0000
-7.8150 -27.4950 0.0000 1.0000
-7.7550 -27.4950 0.0000 1.0000
-7.6950 -27.4950 0.0000 1.0000
-7.4550 -27.4950 0.0000 1.0000
-7.2750 -27.4950 0.0000 1.0000
-7.3950 -27.5250 0.0000 1.0000
-7.3350 -27.5250 0.0000 1.0000
-8.0250 -27.5550 0.0000 1.0000
-7.9650 -27.5550 0.0000 1.0000
-7.9350 -27.5550 0.0000 1.0000
-7.8750 -27.5550 0.0000 1.0000
-6.2550 -27.5550 0.0000 1.0000
-7.8750 -27.6150 0.0000 1.0000
